player_code,season_id,game_week,goals_scored,goals_conceded
2025-26-player-136,2025-26,1,1,0
2025-26-player-164,2025-26,1,1,0
2025-26-player-338,2025-26,1,1,0
2025-26-player-365,2025-26,1,1,0
2025-26-player-381,2025-26,1,1,0
2025-26-player-384,2025-26,1,1,0
2025-26-player-385,2025-26,1,1,0
2025-26-player-417,2025-26,1,1,0
2025-26-player-427,2025-26,1,1,0
2025-26-player-430,2025-26,1,2,0
2025-26-player-525,2025-26,1,2,0
2025-26-player-531,2025-26,1,1,0
2025-26-player-560,2025-26,1,1,0
2025-26-player-561,2025-26,1,1,0
2025-26-player-580,2025-26,1,1,0
2025-26-player-597,2025-26,1,2,0
2025-26-player-661,2025-26,1,1,0
2025-26-player-669,2025-26,1,1,0
2025-26-player-7,2025-26,1,1,0
2025-26-player-82,2025-26,1,2,0
2025-26-team-10,2025-26,1,0,1
2025-26-team-12,2025-26,1,0,2
2025-26-team-14,2025-26,1,0,1
2025-26-team-16,2025-26,1,0,1
2025-26-team-19,2025-26,1,0,3
2025-26-team-20,2025-26,1,0,4
2025-26-team-3,2025-26,1,0,3
2025-26-team-4,2025-26,1,0,4
2025-26-team-5,2025-26,1,0,3
2025-26-team-6,2025-26,1,0,1
2025-26-team-9,2025-26,1,0,1
2025-26-player-169,2025-26,10,2,0
2025-26-player-178,2025-26,10,1,0
2025-26-player-21,2025-26,10,1,0
2025-26-player-249,2025-26,10,1,0
2025-26-player-283,2025-26,10,1,0
2025-26-player-299,2025-26,10,1,0
2025-26-player-328,2025-26,10,1,0
2025-26-player-329,2025-26,10,1,0
2025-26-player-381,2025-26,10,1,0
2025-26-player-390,2025-26,10,1,0
2025-26-player-411,2025-26,10,1,0
2025-26-player-430,2025-26,10,2,0
2025-26-player-452,2025-26,10,1,0
2025-26-player-457,2025-26,10,1,0
2025-26-player-489,2025-26,10,1,0
2025-26-player-515,2025-26,10,1,0
2025-26-player-612,2025-26,10,1,0
2025-26-player-613,2025-26,10,1,0
2025-26-player-666,2025-26,10,1,0
2025-26-player-668,2025-26,10,1,0
2025-26-player-716,2025-26,10,1,0
2025-26-player-85,2025-26,10,1,0
2025-26-team-11,2025-26,10,0,3
2025-26-team-13,2025-26,10,0,1
2025-26-team-14,2025-26,10,0,2
2025-26-team-15,2025-26,10,0,3
2025-26-team-16,2025-26,10,0,2
2025-26-team-17,2025-26,10,0,1
2025-26-team-18,2025-26,10,0,1
2025-26-team-19,2025-26,10,0,1
2025-26-team-2,2025-26,10,0,2
2025-26-team-20,2025-26,10,0,3
2025-26-team-3,2025-26,10,0,2
2025-26-team-4,2025-26,10,0,3
2025-26-team-5,2025-26,10,0,2
2025-26-team-9,2025-26,10,0,1
2025-26-player-119,2025-26,11,1,0
2025-26-player-120,2025-26,11,1,0
2025-26-player-136,2025-26,11,2,0
2025-26-player-16,2025-26,11,1,0
2025-26-player-20,2025-26,11,1,0
2025-26-player-205,2025-26,11,1,0
2025-26-player-215,2025-26,11,1,0
2025-26-player-228,2025-26,11,1,0
2025-26-player-236,2025-26,11,1,0
2025-26-player-249,2025-26,11,1,0
2025-26-player-295,2025-26,11,1,0
2025-26-player-302,2025-26,11,1,0
2025-26-player-365,2025-26,11,1,0
2025-26-player-418,2025-26,11,1,0
2025-26-player-423,2025-26,11,1,0
2025-26-player-430,2025-26,11,1,0
2025-26-player-436,2025-26,11,1,0
2025-26-player-487,2025-26,11,1,0
2025-26-player-50,2025-26,11,1,0
2025-26-player-515,2025-26,11,1,0
2025-26-player-517,2025-26,11,1,0
2025-26-player-521,2025-26,11,1,0
2025-26-player-53,2025-26,11,1,0
2025-26-player-531,2025-26,11,1,0
2025-26-player-55,2025-26,11,1,0
2025-26-player-584,2025-26,11,1,0
2025-26-player-59,2025-26,11,1,0
2025-26-player-597,2025-26,11,1,0
2025-26-player-613,2025-26,11,1,0
2025-26-player-659,2025-26,11,1,0
2025-26-player-671,2025-26,11,1,0
2025-26-player-730,2025-26,11,1,0
2025-26-team-1,2025-26,11,0,2
2025-26-team-10,2025-26,11,0,2
2025-26-team-11,2025-26,11,0,3
2025-26-team-12,2025-26,11,0,3
2025-26-team-14,2025-26,11,0,2
2025-26-team-15,2025-26,11,0,3
2025-26-team-16,2025-26,11,0,1
2025-26-team-17,2025-26,11,0,2
2025-26-team-18,2025-26,11,0,2
2025-26-team-19,2025-26,11,0,2
2025-26-team-20,2025-26,11,0,3
2025-26-team-3,2025-26,11,0,3
2025-26-team-4,2025-26,11,0,4
2025-26-team-5,2025-26,11,0,1
2025-26-player-136,2025-26,12,1,0
2025-26-player-163,2025-26,12,1,0
2025-26-player-178,2025-26,12,1,0
2025-26-player-20,2025-26,12,1,0
2025-26-player-236,2025-26,12,1,0
2025-26-player-237,2025-26,12,1,0
2025-26-player-242,2025-26,12,1,0
2025-26-player-256,2025-26,12,1,0
2025-26-player-266,2025-26,12,3,0
2025-26-player-337,2025-26,12,1,0
2025-26-player-365,2025-26,12,1,0
2025-26-player-408,2025-26,12,1,0
2025-26-player-47,2025-26,12,2,0
2025-26-player-487,2025-26,12,2,0
2025-26-player-506,2025-26,12,1,0
2025-26-player-515,2025-26,12,1,0
2025-26-player-597,2025-26,12,1,0
2025-26-player-671,2025-26,12,2,0
2025-26-player-712,2025-26,12,1,0
2025-26-player-716,2025-26,12,1,0
2025-26-player-84,2025-26,12,1,0
2025-26-player-98,2025-26,12,1,0
2025-26-team-1,2025-26,12,0,1
2025-26-team-11,2025-26,12,0,2
2025-26-team-12,2025-26,12,0,3
2025-26-team-13,2025-26,12,0,2
2025-26-team-14,2025-26,12,0,1
2025-26-team-15,2025-26,12,0,1
2025-26-team-17,2025-26,12,0,1
2025-26-team-18,2025-26,12,0,4
2025-26-team-19,2025-26,12,0,2
2025-26-team-2,2025-26,12,0,1
2025-26-team-20,2025-26,12,0,2
2025-26-team-3,2025-26,12,0,2
2025-26-team-4,2025-26,12,0,2
2025-26-team-5,2025-26,12,0,2
2025-26-team-6,2025-26,12,0,1
2025-26-player-136,2025-26,13,2,0
2025-26-player-145,2025-26,13,1,0
2025-26-player-180,2025-26,13,1,0
2025-26-player-215,2025-26,13,1,0
2025-26-player-22,2025-26,13,1,0
2025-26-player-226,2025-26,13,1,0
2025-26-player-242,2025-26,13,1,0
2025-26-player-283,2025-26,13,1,0
2025-26-player-322,2025-26,13,1,0
2025-26-player-329,2025-26,13,1,0
2025-26-player-365,2025-26,13,1,0
2025-26-player-384,2025-26,13,1,0
2025-26-player-403,2025-26,13,1,0
2025-26-player-414,2025-26,13,2,0
2025-26-player-455,2025-26,13,1,0
2025-26-player-466,2025-26,13,1,0
2025-26-player-497,2025-26,13,1,0
2025-26-player-499,2025-26,13,1,0
2025-26-player-547,2025-26,13,1,0
2025-26-player-58,2025-26,13,1,0
2025-26-player-582,2025-26,13,1,0
2025-26-player-684,2025-26,13,2,0
2025-26-player-691,2025-26,13,1,0
2025-26-player-697,2025-26,13,1,0
2025-26-player-714,2025-26,13,1,0
2025-26-player-730,2025-26,13,1,0
2025-26-player-735,2025-26,13,1,0
2025-26-player-83,2025-26,13,1,0
2025-26-player-85,2025-26,13,1,0
2025-26-team-1,2025-26,13,0,1
2025-26-team-10,2025-26,13,0,1
2025-26-team-11,2025-26,13,0,3
2025-26-team-13,2025-26,13,0,2
2025-26-team-14,2025-26,13,0,1
2025-26-team-15,2025-26,13,0,1
2025-26-team-16,2025-26,13,0,2
2025-26-team-17,2025-26,13,0,2
2025-26-team-18,2025-26,13,0,2
2025-26-team-19,2025-26,13,0,2
2025-26-team-20,2025-26,13,0,1
2025-26-team-3,2025-26,13,0,3
2025-26-team-4,2025-26,13,0,3
2025-26-team-5,2025-26,13,0,1
2025-26-team-7,2025-26,13,0,1
2025-26-team-8,2025-26,13,0,2
2025-26-team-9,2025-26,13,0,4
2025-26-player-151,2025-26,14,2,0
2025-26-player-16,2025-26,14,1,0
2025-26-player-22,2025-26,14,1,0
2025-26-player-236,2025-26,14,1,0
2025-26-player-256,2025-26,14,1,0
2025-26-player-324,2025-26,14,1,0
2025-26-player-325,2025-26,14,1,0
2025-26-player-344,2025-26,14,1,0
2025-26-player-358,2025-26,14,1,0
2025-26-player-414,2025-26,14,2,0
2025-26-player-419,2025-26,14,1,0
2025-26-player-427,2025-26,14,1,0
2025-26-player-430,2025-26,14,1,0
2025-26-player-440,2025-26,14,1,0
2025-26-player-485,2025-26,14,1,0
2025-26-player-488,2025-26,14,1,0
2025-26-player-526,2025-26,14,1,0
2025-26-player-53,2025-26,14,1,0
2025-26-player-553,2025-26,14,1,0
2025-26-player-569,2025-26,14,2,0
2025-26-player-59,2025-26,14,1,0
2025-26-player-64,2025-26,14,2,0
2025-26-player-691,2025-26,14,1,0
2025-26-player-718,2025-26,14,1,0
2025-26-player-727,2025-26,14,2,0
2025-26-team-10,2025-26,14,0,5
2025-26-team-11,2025-26,14,0,1
2025-26-team-12,2025-26,14,0,1
2025-26-team-13,2025-26,14,0,4
2025-26-team-14,2025-26,14,0,1
2025-26-team-15,2025-26,14,0,2
2025-26-team-17,2025-26,14,0,1
2025-26-team-18,2025-26,14,0,2
2025-26-team-19,2025-26,14,0,1
2025-26-team-2,2025-26,14,0,3
2025-26-team-20,2025-26,14,0,1
2025-26-team-3,2025-26,14,0,1
2025-26-team-4,2025-26,14,0,1
2025-26-team-5,2025-26,14,0,2
2025-26-team-6,2025-26,14,0,4
2025-26-team-7,2025-26,14,0,3
2025-26-player-119,2025-26,15,1,0
2025-26-player-158,2025-26,15,1,0
2025-26-player-20,2025-26,15,1,0
2025-26-player-215,2025-26,15,1,0
2025-26-player-242,2025-26,15,1,0
2025-26-player-260,2025-26,15,1,0
2025-26-player-284,2025-26,15,1,0
2025-26-player-310,2025-26,15,1,0
2025-26-player-329,2025-26,15,1,0
2025-26-player-358,2025-26,15,1,0
2025-26-player-36,2025-26,15,1,0
2025-26-player-387,2025-26,15,1,0
2025-26-player-403,2025-26,15,1,0
2025-26-player-408,2025-26,15,1,0
2025-26-player-414,2025-26,15,1,0
2025-26-player-449,2025-26,15,2,0
2025-26-player-455,2025-26,15,1,0
2025-26-player-485,2025-26,15,1,0
2025-26-player-488,2025-26,15,1,0
2025-26-player-50,2025-26,15,1,0
2025-26-player-597,2025-26,15,1,0
2025-26-player-624,2025-26,15,1,0
2025-26-player-644,2025-26,15,1,0
2025-26-player-660,2025-26,15,1,0
2025-26-player-661,2025-26,15,2,0
2025-26-player-691,2025-26,15,1,0
2025-26-player-717,2025-26,15,1,0
2025-26-team-1,2025-26,15,0,2
2025-26-team-10,2025-26,15,0,2
2025-26-team-11,2025-26,15,0,3
2025-26-team-12,2025-26,15,0,3
2025-26-team-14,2025-26,15,0,1
2025-26-team-15,2025-26,15,0,1
2025-26-team-16,2025-26,15,0,3
2025-26-team-17,2025-26,15,0,3
2025-26-team-19,2025-26,15,0,1
2025-26-team-2,2025-26,15,0,1
2025-26-team-20,2025-26,15,0,4
2025-26-team-3,2025-26,15,0,2
2025-26-team-5,2025-26,15,0,2
2025-26-team-6,2025-26,15,0,1
2025-26-team-8,2025-26,15,0,1
2025-26-player-100,2025-26,16,1,0
2025-26-player-124,2025-26,16,1,0
2025-26-player-197,2025-26,16,1,0
2025-26-player-228,2025-26,16,1,0
2025-26-player-235,2025-26,16,1,0
2025-26-player-318,2025-26,16,1,0
2025-26-player-325,2025-26,16,1,0
2025-26-player-329,2025-26,16,1,0
2025-26-player-414,2025-26,16,1,0
2025-26-player-430,2025-26,16,2,0
2025-26-player-449,2025-26,16,1,0
2025-26-player-450,2025-26,16,1,0
2025-26-player-452,2025-26,16,1,0
2025-26-player-457,2025-26,16,1,0
2025-26-player-47,2025-26,16,2,0
2025-26-player-516,2025-26,16,2,0
2025-26-player-521,2025-26,16,1,0
2025-26-player-624,2025-26,16,1,0
2025-26-player-661,2025-26,16,2,0
2025-26-player-676,2025-26,16,1,0
2025-26-player-691,2025-26,16,1,0
2025-26-player-708,2025-26,16,1,0
2025-26-player-720,2025-26,16,1,0
2025-26-player-82,2025-26,16,1,0
2025-26-player-84,2025-26,16,1,0
2025-26-player-97,2025-26,16,1,0
2025-26-team-1,2025-26,16,0,1
2025-26-team-10,2025-26,16,0,2
2025-26-team-11,2025-26,16,0,1
2025-26-team-14,2025-26,16,0,4
2025-26-team-15,2025-26,16,0,1
2025-26-team-18,2025-26,16,0,3
2025-26-team-19,2025-26,16,0,3
2025-26-team-2,2025-26,16,0,2
2025-26-team-20,2025-26,16,0,2
2025-26-team-3,2025-26,16,0,3
2025-26-team-4,2025-26,16,0,4
2025-26-team-5,2025-26,16,0,1
2025-26-team-6,2025-26,16,0,2
2025-26-team-8,2025-26,16,0,3
2025-26-team-9,2025-26,16,0,2
2025-26-player-107,2025-26,17,2,0
2025-26-player-225,2025-26,17,1,0
2025-26-player-249,2025-26,17,1,0
2025-26-player-276,2025-26,17,1,0
2025-26-player-337,2025-26,17,1,0
2025-26-player-354,2025-26,17,1,0
2025-26-player-427,2025-26,17,1,0
2025-26-player-430,2025-26,17,2,0
2025-26-player-450,2025-26,17,1,0
2025-26-player-47,2025-26,17,2,0
2025-26-player-499,2025-26,17,1,0
2025-26-player-597,2025-26,17,1,0
2025-26-player-660,2025-26,17,1,0
2025-26-player-661,2025-26,17,1,0
2025-26-player-666,2025-26,17,1,0
2025-26-player-680,2025-26,17,1,0
2025-26-player-691,2025-26,17,2,0
2025-26-player-714,2025-26,17,2,0
2025-26-player-82,2025-26,17,1,0
2025-26-team-11,2025-26,17,0,1
2025-26-team-12,2025-26,17,0,1
2025-26-team-14,2025-26,17,0,2
2025-26-team-15,2025-26,17,0,2
2025-26-team-16,2025-26,17,0,1
2025-26-team-18,2025-26,17,0,2
2025-26-team-19,2025-26,17,0,3
2025-26-team-2,2025-26,17,0,1
2025-26-team-20,2025-26,17,0,2
2025-26-team-3,2025-26,17,0,1
2025-26-team-4,2025-26,17,0,1
2025-26-team-7,2025-26,17,0,2
2025-26-team-8,2025-26,17,0,4
2025-26-team-9,2025-26,17,0,1
2025-26-player-120,2025-26,18,3,0
2025-26-player-169,2025-26,18,1,0
2025-26-player-17,2025-26,18,1,0
2025-26-player-249,2025-26,18,1,0
2025-26-player-337,2025-26,18,1,0
2025-26-player-382,2025-26,18,1,0
2025-26-player-390,2025-26,18,1,0
2025-26-player-417,2025-26,18,1,0
2025-26-player-427,2025-26,18,1,0
2025-26-player-441,2025-26,18,1,0
2025-26-player-543,2025-26,18,1,0
2025-26-player-591,2025-26,18,1,0
2025-26-player-636,2025-26,18,1,0
2025-26-player-64,2025-26,18,2,0
2025-26-player-691,2025-26,18,1,0
2025-26-player-693,2025-26,18,1,0
2025-26-player-82,2025-26,18,1,0
2025-26-team-1,2025-26,18,0,1
2025-26-team-11,2025-26,18,0,1
2025-26-team-12,2025-26,18,0,1
2025-26-team-13,2025-26,18,0,1
2025-26-team-15,2025-26,18,0,1
2025-26-team-16,2025-26,18,0,2
2025-26-team-17,2025-26,18,0,1
2025-26-team-19,2025-26,18,0,1
2025-26-team-2,2025-26,18,0,1
2025-26-team-20,2025-26,18,0,2
2025-26-team-4,2025-26,18,0,4
2025-26-team-5,2025-26,18,0,1
2025-26-team-6,2025-26,18,0,2
2025-26-team-7,2025-26,18,0,2
2025-26-team-8,2025-26,18,0,1
2025-26-player-135,2025-26,19,1,0
2025-26-player-152,2025-26,19,1,0
2025-26-player-178,2025-26,19,1,0
2025-26-player-20,2025-26,19,1,0
2025-26-player-209,2025-26,19,1,0
2025-26-player-235,2025-26,19,1,0
2025-26-player-237,2025-26,19,1,0
2025-26-player-26,2025-26,19,1,0
2025-26-player-283,2025-26,19,1,0
2025-26-player-303,2025-26,19,1,0
2025-26-player-31,2025-26,19,1,0
2025-26-player-310,2025-26,19,1,0
2025-26-player-331,2025-26,19,1,0
2025-26-player-466,2025-26,19,1,0
2025-26-player-488,2025-26,19,1,0
2025-26-player-490,2025-26,19,1,0
2025-26-player-5,2025-26,19,1,0
2025-26-player-612,2025-26,19,1,0
2025-26-player-624,2025-26,19,1,0
2025-26-player-64,2025-26,19,1,0
2025-26-player-709,2025-26,19,1,0
2025-26-player-81,2025-26,19,1,0
2025-26-player-86,2025-26,19,1,0
2025-26-team-1,2025-26,19,0,1
2025-26-team-10,2025-26,19,0,1
2025-26-team-14,2025-26,19,0,1
2025-26-team-15,2025-26,19,0,1
2025-26-team-16,2025-26,19,0,2
2025-26-team-19,2025-26,19,0,2
2025-26-team-2,2025-26,19,0,4
2025-26-team-20,2025-26,19,0,1
2025-26-team-3,2025-26,19,0,3
2025-26-team-4,2025-26,19,0,2
2025-26-team-6,2025-26,19,0,2
2025-26-team-7,2025-26,19,0,2
2025-26-team-8,2025-26,19,0,1
2025-26-player-16,2025-26,2,1,0
2025-26-player-200,2025-26,2,1,0
2025-26-player-205,2025-26,2,1,0
2025-26-player-226,2025-26,2,1,0
2025-26-player-236,2025-26,2,1,0
2025-26-player-237,2025-26,2,1,0
2025-26-player-241,2025-26,2,1,0
2025-26-player-249,2025-26,2,1,0
2025-26-player-267,2025-26,2,1,0
2025-26-player-299,2025-26,2,1,0
2025-26-player-303,2025-26,2,1,0
2025-26-player-325,2025-26,2,1,0
2025-26-player-390,2025-26,2,1,0
2025-26-player-488,2025-26,2,1,0
2025-26-player-500,2025-26,2,1,0
2025-26-player-516,2025-26,2,1,0
2025-26-player-580,2025-26,2,1,0
2025-26-player-612,2025-26,2,1,0
2025-26-player-661,2025-26,2,1,0
2025-26-player-666,2025-26,2,2,0
2025-26-player-673,2025-26,2,1,0
2025-26-player-686,2025-26,2,1,0
2025-26-player-8,2025-26,2,2,0
2025-26-player-83,2025-26,2,1,0
2025-26-player-84,2025-26,2,1,0
2025-26-team-10,2025-26,2,0,1
2025-26-team-11,2025-26,2,0,5
2025-26-team-12,2025-26,2,0,2
2025-26-team-13,2025-26,2,0,2
2025-26-team-14,2025-26,2,0,1
2025-26-team-15,2025-26,2,0,3
2025-26-team-16,2025-26,2,0,1
2025-26-team-17,2025-26,2,0,2
2025-26-team-19,2025-26,2,0,5
2025-26-team-2,2025-26,2,0,1
2025-26-team-20,2025-26,2,0,1
2025-26-team-6,2025-26,2,0,2
2025-26-team-7,2025-26,2,0,1
2025-26-team-8,2025-26,2,0,1
2025-26-player-100,2025-26,20,1,0
2025-26-player-106,2025-26,20,1,0
2025-26-player-136,2025-26,20,3,0
2025-26-player-158,2025-26,20,1,0
2025-26-player-166,2025-26,20,1,0
2025-26-player-21,2025-26,20,2,0
2025-26-player-237,2025-26,20,1,0
2025-26-player-310,2025-26,20,1,0
2025-26-player-311,2025-26,20,1,0
2025-26-player-329,2025-26,20,1,0
2025-26-player-336,2025-26,20,1,0
2025-26-player-350,2025-26,20,1,0
2025-26-player-382,2025-26,20,1,0
2025-26-player-384,2025-26,20,1,0
2025-26-player-427,2025-26,20,1,0
2025-26-player-450,2025-26,20,1,0
2025-26-player-488,2025-26,20,1,0
2025-26-player-5,2025-26,20,1,0
2025-26-player-515,2025-26,20,1,0
2025-26-player-54,2025-26,20,2,0
2025-26-player-571,2025-26,20,1,0
2025-26-player-64,2025-26,20,1,0
2025-26-player-642,2025-26,20,1,0
2025-26-player-663,2025-26,20,1,0
2025-26-player-684,2025-26,20,1,0
2025-26-player-730,2025-26,20,1,0
2025-26-player-749,2025-26,20,1,0
2025-26-player-97,2025-26,20,1,0
2025-26-team-1,2025-26,20,0,2
2025-26-team-10,2025-26,20,0,2
2025-26-team-11,2025-26,20,0,1
2025-26-team-12,2025-26,20,0,2
2025-26-team-13,2025-26,20,0,1
2025-26-team-14,2025-26,20,0,1
2025-26-team-16,2025-26,20,0,3
2025-26-team-17,2025-26,20,0,1
2025-26-team-18,2025-26,20,0,1
2025-26-team-19,2025-26,20,0,3
2025-26-team-2,2025-26,20,0,1
2025-26-team-3,2025-26,20,0,2
2025-26-team-4,2025-26,20,0,3
2025-26-team-5,2025-26,20,0,2
2025-26-team-7,2025-26,20,0,1
2025-26-team-8,2025-26,20,0,2
2025-26-team-9,2025-26,20,0,4
2025-26-player-100,2025-26,21,1,0
2025-26-player-129,2025-26,21,1,0
2025-26-player-136,2025-26,21,2,0
2025-26-player-157,2025-26,21,1,0
2025-26-player-200,2025-26,21,1,0
2025-26-player-250,2025-26,21,1,0
2025-26-player-295,2025-26,21,1,0
2025-26-player-329,2025-26,21,1,0
2025-26-player-337,2025-26,21,1,0
2025-26-player-350,2025-26,21,2,0
2025-26-player-430,2025-26,21,1,0
2025-26-player-487,2025-26,21,2,0
2025-26-player-488,2025-26,21,1,0
2025-26-player-490,2025-26,21,1,0
2025-26-player-515,2025-26,21,1,0
2025-26-player-519,2025-26,21,1,0
2025-26-player-584,2025-26,21,1,0
2025-26-player-673,2025-26,21,1,0
2025-26-player-681,2025-26,21,2,0
2025-26-player-691,2025-26,21,1,0
2025-26-player-749,2025-26,21,1,0
2025-26-player-82,2025-26,21,1,0
2025-26-player-97,2025-26,21,1,0
2025-26-team-10,2025-26,21,0,1
2025-26-team-11,2025-26,21,0,4
2025-26-team-13,2025-26,21,0,1
2025-26-team-14,2025-26,21,0,2
2025-26-team-15,2025-26,21,0,3
2025-26-team-16,2025-26,21,0,1
2025-26-team-17,2025-26,21,0,3
2025-26-team-18,2025-26,21,0,3
2025-26-team-19,2025-26,21,0,2
2025-26-team-20,2025-26,21,0,1
2025-26-team-3,2025-26,21,0,2
2025-26-team-4,2025-26,21,0,2
2025-26-team-6,2025-26,21,0,1
2025-26-team-7,2025-26,21,0,2
2025-26-team-9,2025-26,21,0,1
2025-26-player-119,2025-26,22,1,0
2025-26-player-181,2025-26,22,1,0
2025-26-player-206,2025-26,22,1,0
2025-26-player-235,2025-26,22,1,0
2025-26-player-249,2025-26,22,1,0
2025-26-player-310,2025-26,22,1,0
2025-26-player-365,2025-26,22,1,0
2025-26-player-382,2025-26,22,1,0
2025-26-player-441,2025-26,22,1,0
2025-26-player-547,2025-26,22,1,0
2025-26-player-569,2025-26,22,1,0
2025-26-player-615,2025-26,22,1,0
2025-26-player-671,2025-26,22,1,0
2025-26-player-712,2025-26,22,1,0
2025-26-player-730,2025-26,22,1,0
2025-26-player-84,2025-26,22,1,0
2025-26-team-10,2025-26,22,0,1
2025-26-team-12,2025-26,22,0,1
2025-26-team-13,2025-26,22,0,2
2025-26-team-17,2025-26,22,0,1
2025-26-team-18,2025-26,22,0,2
2025-26-team-19,2025-26,22,0,1
2025-26-team-2,2025-26,22,0,1
2025-26-team-3,2025-26,22,0,1
2025-26-team-4,2025-26,22,0,1
2025-26-team-5,2025-26,22,0,2
2025-26-team-6,2025-26,22,0,1
2025-26-team-8,2025-26,22,0,2
2025-26-player-119,2025-26,23,1,0
2025-26-player-166,2025-26,23,1,0
2025-26-player-198,2025-26,23,1,0
2025-26-player-217,2025-26,23,1,0
2025-26-player-22,2025-26,23,1,0
2025-26-player-237,2025-26,23,1,0
2025-26-player-238,2025-26,23,1,0
2025-26-player-249,2025-26,23,1,0
2025-26-player-261,2025-26,23,1,0
2025-26-player-310,2025-26,23,1,0
2025-26-player-329,2025-26,23,1,0
2025-26-player-373,2025-26,23,1,0
2025-26-player-387,2025-26,23,1,0
2025-26-player-413,2025-26,23,1,0
2025-26-player-441,2025-26,23,1,0
2025-26-player-450,2025-26,23,1,0
2025-26-player-50,2025-26,23,1,0
2025-26-player-526,2025-26,23,1,0
2025-26-player-527,2025-26,23,1,0
2025-26-player-569,2025-26,23,1,0
2025-26-player-575,2025-26,23,1,0
2025-26-player-615,2025-26,23,1,0
2025-26-player-624,2025-26,23,1,0
2025-26-player-64,2025-26,23,1,0
2025-26-player-697,2025-26,23,1,0
2025-26-player-706,2025-26,23,1,0
2025-26-player-708,2025-26,23,1,0
2025-26-player-713,2025-26,23,1,0
2025-26-player-727,2025-26,23,1,0
2025-26-player-730,2025-26,23,1,0
2025-26-player-82,2025-26,23,1,0
2025-26-player-97,2025-26,23,1,0
2025-26-team-1,2025-26,23,0,3
2025-26-team-10,2025-26,23,0,1
2025-26-team-11,2025-26,23,0,1
2025-26-team-12,2025-26,23,0,3
2025-26-team-14,2025-26,23,0,2
2025-26-team-15,2025-26,23,0,2
2025-26-team-17,2025-26,23,0,3
2025-26-team-18,2025-26,23,0,2
2025-26-team-19,2025-26,23,0,1
2025-26-team-20,2025-26,23,0,2
2025-26-team-3,2025-26,23,0,2
2025-26-team-4,2025-26,23,0,2
2025-26-team-5,2025-26,23,0,2
2025-26-team-6,2025-26,23,0,2
2025-26-team-7,2025-26,23,0,1
2025-26-team-8,2025-26,23,0,3
2025-26-team-9,2025-26,23,0,1
2025-26-player-100,2025-26,24,1,0
2025-26-player-18,2025-26,24,1,0
2025-26-player-224,2025-26,24,1,0
2025-26-player-237,2025-26,24,1,0
2025-26-player-249,2025-26,24,1,0
2025-26-player-26,2025-26,24,1,0
2025-26-player-267,2025-26,24,1,0
2025-26-player-31,2025-26,24,1,0
2025-26-player-311,2025-26,24,1,0
2025-26-player-337,2025-26,24,1,0
2025-26-player-374,2025-26,24,1,0
2025-26-player-382,2025-26,24,1,0
2025-26-player-417,2025-26,24,1,0
2025-26-player-450,2025-26,24,1,0
2025-26-player-457,2025-26,24,1,0
2025-26-player-485,2025-26,24,1,0
2025-26-player-515,2025-26,24,1,0
2025-26-player-544,2025-26,24,1,0
2025-26-player-553,2025-26,24,1,0
2025-26-player-596,2025-26,24,2,0
2025-26-player-615,2025-26,24,1,0
2025-26-player-624,2025-26,24,1,0
2025-26-player-661,2025-26,24,2,0
2025-26-player-666,2025-26,24,1,0
2025-26-player-681,2025-26,24,1,0
2025-26-player-731,2025-26,24,1,0
2025-26-player-783,2025-26,24,1,0
2025-26-player-82,2025-26,24,1,0
2025-26-player-83,2025-26,24,1,0
2025-26-player-90,2025-26,24,1,0
2025-26-team-10,2025-26,24,0,3
2025-26-team-11,2025-26,24,0,4
2025-26-team-12,2025-26,24,0,1
2025-26-team-13,2025-26,24,0,2
2025-26-team-14,2025-26,24,0,2
2025-26-team-15,2025-26,24,0,4
2025-26-team-16,2025-26,24,0,1
2025-26-team-18,2025-26,24,0,2
2025-26-team-19,2025-26,24,0,3
2025-26-team-2,2025-26,24,0,1
2025-26-team-20,2025-26,24,0,2
2025-26-team-3,2025-26,24,0,3
2025-26-team-6,2025-26,24,0,1
2025-26-team-7,2025-26,24,0,2
2025-26-team-8,2025-26,24,0,1
2025-26-team-9,2025-26,24,0,1
2025-26-player-119,2025-26,25,1,0
2025-26-player-125,2025-26,25,1,0
2025-26-player-136,2025-26,25,1,0
2025-26-player-235,2025-26,25,3,0
2025-26-player-242,2025-26,25,1,0
2025-26-player-26,2025-26,25,1,0
2025-26-player-267,2025-26,25,1,0
2025-26-player-342,2025-26,25,1,0
2025-26-player-387,2025-26,25,1,0
2025-26-player-416,2025-26,25,1,0
2025-26-player-430,2025-26,25,1,0
2025-26-player-449,2025-26,25,1,0
2025-26-player-47,2025-26,25,1,0
2025-26-player-475,2025-26,25,1,0
2025-26-player-488,2025-26,25,1,0
2025-26-player-615,2025-26,25,1,0
2025-26-player-666,2025-26,25,2,0
2025-26-player-691,2025-26,25,1,0
2025-26-player-698,2025-26,25,1,0
2025-26-player-720,2025-26,25,1,0
2025-26-player-791,2025-26,25,1,0
2025-26-player-805,2025-26,25,1,0
2025-26-player-807,2025-26,25,1,0
2025-26-player-83,2025-26,25,1,0
2025-26-team-10,2025-26,25,0,2
2025-26-team-11,2025-26,25,0,1
2025-26-team-12,2025-26,25,0,2
2025-26-team-13,2025-26,25,0,1
2025-26-team-15,2025-26,25,0,3
2025-26-team-16,2025-26,25,0,3
2025-26-team-17,2025-26,25,0,3
2025-26-team-18,2025-26,25,0,2
2025-26-team-2,2025-26,25,0,1
2025-26-team-20,2025-26,25,0,3
2025-26-team-3,2025-26,25,0,2
2025-26-team-4,2025-26,25,0,1
2025-26-team-5,2025-26,25,0,2
2025-26-team-6,2025-26,25,0,1
2025-26-team-7,2025-26,25,0,1
2025-26-team-9,2025-26,25,0,1
2025-26-player-107,2025-26,26,1,0
2025-26-player-16,2025-26,26,1,0
2025-26-player-18,2025-26,26,1,0
2025-26-player-200,2025-26,26,1,0
2025-26-player-207,2025-26,26,1,0
2025-26-player-235,2025-26,26,1,0
2025-26-player-249,2025-26,26,1,0
2025-26-player-299,2025-26,26,1,0
2025-26-player-365,2025-26,26,1,0
2025-26-player-373,2025-26,26,1,0
2025-26-player-411,2025-26,26,1,0
2025-26-player-430,2025-26,26,1,0
2025-26-player-52,2025-26,26,1,0
2025-26-player-591,2025-26,26,1,0
2025-26-player-613,2025-26,26,1,0
2025-26-player-633,2025-26,26,1,0
2025-26-player-651,2025-26,26,1,0
2025-26-player-654,2025-26,26,2,0
2025-26-player-681,2025-26,26,1,0
2025-26-player-684,2025-26,26,1,0
2025-26-player-697,2025-26,26,1,0
2025-26-player-698,2025-26,26,1,0
2025-26-player-725,2025-26,26,1,0
2025-26-player-807,2025-26,26,1,0
2025-26-player-82,2025-26,26,1,0
2025-26-team-1,2025-26,26,0,3
2025-26-team-10,2025-26,26,0,3
2025-26-team-11,2025-26,26,0,2
2025-26-team-14,2025-26,26,0,1
2025-26-team-15,2025-26,26,0,1
2025-26-team-17,2025-26,26,0,1
2025-26-team-18,2025-26,26,0,2
2025-26-team-19,2025-26,26,0,1
2025-26-team-20,2025-26,26,0,2
2025-26-team-3,2025-26,26,0,2
2025-26-team-4,2025-26,26,0,1
2025-26-team-5,2025-26,26,0,1
2025-26-team-6,2025-26,26,0,1
2025-26-team-7,2025-26,26,0,2
2025-26-team-8,2025-26,26,0,3
2025-26-team-9,2025-26,26,0,2
2025-26-player-169,2025-26,27,1,0
2025-26-player-178,2025-26,27,1,0
2025-26-player-215,2025-26,27,1,0
2025-26-player-249,2025-26,27,1,0
2025-26-player-266,2025-26,27,2,0
2025-26-player-324,2025-26,27,1,0
2025-26-player-337,2025-26,27,2,0
2025-26-player-386,2025-26,27,1,0
2025-26-player-411,2025-26,27,2,0
2025-26-player-473,2025-26,27,1,0
2025-26-player-547,2025-26,27,1,0
2025-26-player-660,2025-26,27,1,0
2025-26-player-666,2025-26,27,2,0
2025-26-player-677,2025-26,27,1,0
2025-26-player-681,2025-26,27,1,0
2025-26-player-726,2025-26,27,1,0
2025-26-player-808,2025-26,27,1,0
2025-26-team-1,2025-26,27,0,1
2025-26-team-10,2025-26,27,0,1
2025-26-team-11,2025-26,27,0,1
2025-26-team-13,2025-26,27,0,1
2025-26-team-15,2025-26,27,0,2
2025-26-team-16,2025-26,27,0,1
2025-26-team-17,2025-26,27,0,3
2025-26-team-18,2025-26,27,0,4
2025-26-team-2,2025-26,27,0,1
2025-26-team-20,2025-26,27,0,1
2025-26-team-3,2025-26,27,0,1
2025-26-team-5,2025-26,27,0,2
2025-26-team-7,2025-26,27,0,1
2025-26-team-9,2025-26,27,0,1
2025-26-player-120,2025-26,28,1,0
2025-26-player-121,2025-26,28,2,0
2025-26-player-136,2025-26,28,1,0
2025-26-player-169,2025-26,28,1,0
2025-26-player-178,2025-26,28,1,0
2025-26-player-200,2025-26,28,1,0
2025-26-player-215,2025-26,28,1,0
2025-26-player-257,2025-26,28,1,0
2025-26-player-290,2025-26,28,1,0
2025-26-player-310,2025-26,28,1,0
2025-26-player-311,2025-26,28,1,0
2025-26-player-324,2025-26,28,1,0
2025-26-player-329,2025-26,28,1,0
2025-26-player-373,2025-26,28,1,0
2025-26-player-384,2025-26,28,1,0
2025-26-player-386,2025-26,28,1,0
2025-26-player-449,2025-26,28,1,0
2025-26-player-489,2025-26,28,1,0
2025-26-player-515,2025-26,28,1,0
2025-26-player-52,2025-26,28,1,0
2025-26-player-561,2025-26,28,1,0
2025-26-player-597,2025-26,28,1,0
2025-26-player-6,2025-26,28,1,0
2025-26-player-613,2025-26,28,1,0
2025-26-player-635,2025-26,28,1,0
2025-26-player-646,2025-26,28,1,0
2025-26-player-661,2025-26,28,1,0
2025-26-player-681,2025-26,28,1,0
2025-26-player-791,2025-26,28,1,0
2025-26-player-8,2025-26,28,1,0
2025-26-player-82,2025-26,28,1,0
2025-26-player-97,2025-26,28,1,0
2025-26-team-1,2025-26,28,0,1
2025-26-team-10,2025-26,28,0,1
2025-26-team-11,2025-26,28,0,1
2025-26-team-12,2025-26,28,0,2
2025-26-team-14,2025-26,28,0,1
2025-26-team-15,2025-26,28,0,3
2025-26-team-16,2025-26,28,0,2
2025-26-team-17,2025-26,28,0,1
2025-26-team-18,2025-26,28,0,2
2025-26-team-19,2025-26,28,0,5
2025-26-team-2,2025-26,28,0,2
2025-26-team-3,2025-26,28,0,4
2025-26-team-4,2025-26,28,0,1
2025-26-team-5,2025-26,28,0,3
2025-26-team-6,2025-26,28,0,1
2025-26-team-7,2025-26,28,0,2
2025-26-team-8,2025-26,28,0,2
2025-26-team-9,2025-26,28,0,2
2025-26-player-16,2025-26,29,1,0
2025-26-player-235,2025-26,29,1,0
2025-26-player-242,2025-26,29,1,0
2025-26-player-249,2025-26,29,3,0
2025-26-player-267,2025-26,29,2,0
2025-26-player-291,2025-26,29,1,0
2025-26-player-381,2025-26,29,1,0
2025-26-player-421,2025-26,29,1,0
2025-26-player-457,2025-26,29,1,0
2025-26-player-485,2025-26,29,1,0
2025-26-player-500,2025-26,29,1,0
2025-26-player-515,2025-26,29,1,0
2025-26-player-517,2025-26,29,1,0
2025-26-player-544,2025-26,29,1,0
2025-26-player-596,2025-26,29,1,0
2025-26-player-615,2025-26,29,1,0
2025-26-player-635,2025-26,29,1,0
2025-26-player-643,2025-26,29,1,0
2025-26-player-654,2025-26,29,1,0
2025-26-player-699,2025-26,29,1,0
2025-26-player-82,2025-26,29,1,0
2025-26-team-10,2025-26,29,0,1
2025-26-team-11,2025-26,29,0,1
2025-26-team-12,2025-26,29,0,2
2025-26-team-13,2025-26,29,0,2
2025-26-team-14,2025-26,29,0,2
2025-26-team-15,2025-26,29,0,1
2025-26-team-16,2025-26,29,0,2
2025-26-team-18,2025-26,29,0,3
2025-26-team-2,2025-26,29,0,4
2025-26-team-20,2025-26,29,0,1
2025-26-team-3,2025-26,29,0,2
2025-26-team-6,2025-26,29,0,1
2025-26-team-7,2025-26,29,0,1
2025-26-team-8,2025-26,29,0,1
2025-26-player-119,2025-26,3,1,0
2025-26-player-136,2025-26,3,1,0
2025-26-player-162,2025-26,3,1,0
2025-26-player-170,2025-26,3,1,0
2025-26-player-200,2025-26,3,1,0
2025-26-player-217,2025-26,3,1,0
2025-26-player-237,2025-26,3,1,0
2025-26-player-242,2025-26,3,1,0
2025-26-player-249,2025-26,3,1,0
2025-26-player-260,2025-26,3,1,0
2025-26-player-267,2025-26,3,1,0
2025-26-player-283,2025-26,3,1,0
2025-26-player-299,2025-26,3,1,0
2025-26-player-311,2025-26,3,1,0
2025-26-player-387,2025-26,3,1,0
2025-26-player-430,2025-26,3,1,0
2025-26-player-449,2025-26,3,1,0
2025-26-player-547,2025-26,3,1,0
2025-26-player-560,2025-26,3,1,0
2025-26-player-612,2025-26,3,1,0
2025-26-player-624,2025-26,3,1,0
2025-26-player-635,2025-26,3,1,0
2025-26-player-642,2025-26,3,1,0
2025-26-player-671,2025-26,3,1,0
2025-26-player-97,2025-26,3,1,0
2025-26-team-1,2025-26,3,0,1
2025-26-team-10,2025-26,3,0,2
2025-26-team-13,2025-26,3,0,2
2025-26-team-14,2025-26,3,0,2
2025-26-team-16,2025-26,3,0,3
2025-26-team-17,2025-26,3,0,1
2025-26-team-18,2025-26,3,0,1
2025-26-team-2,2025-26,3,0,3
2025-26-team-20,2025-26,3,0,3
2025-26-team-3,2025-26,3,0,3
2025-26-team-5,2025-26,3,0,2
2025-26-team-6,2025-26,3,0,1
2025-26-team-9,2025-26,3,0,2
2025-26-player-110,2025-26,30,1,0
2025-26-player-136,2025-26,30,1,0
2025-26-player-160,2025-26,30,1,0
2025-26-player-387,2025-26,30,1,0
2025-26-player-416,2025-26,30,1,0
2025-26-player-450,2025-26,30,1,0
2025-26-player-457,2025-26,30,1,0
2025-26-player-485,2025-26,30,1,0
2025-26-player-55,2025-26,30,1,0
2025-26-player-597,2025-26,30,1,0
2025-26-player-606,2025-26,30,1,0
2025-26-player-666,2025-26,30,1,0
2025-26-player-681,2025-26,30,1,0
2025-26-player-700,2025-26,30,1,0
2025-26-player-720,2025-26,30,1,0
2025-26-player-817,2025-26,30,1,0
2025-26-team-12,2025-26,30,0,1
2025-26-team-13,2025-26,30,0,1
2025-26-team-14,2025-26,30,0,1
2025-26-team-17,2025-26,30,0,1
2025-26-team-18,2025-26,30,0,1
2025-26-team-19,2025-26,30,0,1
2025-26-team-2,2025-26,30,0,3
2025-26-team-20,2025-26,30,0,2
2025-26-team-5,2025-26,30,0,2
2025-26-team-7,2025-26,30,0,1
2025-26-team-9,2025-26,30,0,2
2025-26-player-100,2025-26,31,1,0
2025-26-player-178,2025-26,31,2,0
2025-26-player-215,2025-26,31,1,0
2025-26-player-299,2025-26,31,1,0
2025-26-player-311,2025-26,31,2,0
2025-26-player-329,2025-26,31,1,0
2025-26-player-335,2025-26,31,1,0
2025-26-player-337,2025-26,31,1,0
2025-26-player-371,2025-26,31,1,0
2025-26-player-449,2025-26,31,1,0
2025-26-player-485,2025-26,31,1,0
2025-26-player-515,2025-26,31,1,0
2025-26-player-526,2025-26,31,1,0
2025-26-player-527,2025-26,31,1,0
2025-26-player-54,2025-26,31,1,0
2025-26-player-553,2025-26,31,1,0
2025-26-player-64,2025-26,31,1,0
2025-26-player-730,2025-26,31,1,0
2025-26-player-87,2025-26,31,1,0
2025-26-team-10,2025-26,31,0,1
2025-26-team-12,2025-26,31,0,2
2025-26-team-14,2025-26,31,0,2
2025-26-team-15,2025-26,31,0,2
2025-26-team-17,2025-26,31,0,1
2025-26-team-18,2025-26,31,0,3
2025-26-team-19,2025-26,31,0,2
2025-26-team-3,2025-26,31,0,3
2025-26-team-4,2025-26,31,0,2
2025-26-team-6,2025-26,31,0,1
2025-26-team-7,2025-26,31,0,3
2025-26-player-100,2025-26,32,1,0
2025-26-player-136,2025-26,32,2,0
2025-26-player-173,2025-26,32,2,0
2025-26-player-242,2025-26,32,1,0
2025-26-player-260,2025-26,32,1,0
2025-26-player-283,2025-26,32,2,0
2025-26-player-311,2025-26,32,1,0
2025-26-player-381,2025-26,32,1,0
2025-26-player-411,2025-26,32,1,0
2025-26-player-418,2025-26,32,1,0
2025-26-player-457,2025-26,32,1,0
2025-26-player-500,2025-26,32,1,0
2025-26-player-508,2025-26,32,1,0
2025-26-player-606,2025-26,32,2,0
2025-26-player-666,2025-26,32,1,0
2025-26-player-686,2025-26,32,1,0
2025-26-player-694,2025-26,32,1,0
2025-26-player-698,2025-26,32,2,0
2025-26-player-791,2025-26,32,2,0
2025-26-player-90,2025-26,32,1,0
2025-26-team-1,2025-26,32,0,2
2025-26-team-10,2025-26,32,0,2
2025-26-team-11,2025-26,32,0,1
2025-26-team-14,2025-26,32,0,2
2025-26-team-15,2025-26,32,0,2
2025-26-team-16,2025-26,32,0,1
2025-26-team-18,2025-26,32,0,1
2025-26-team-2,2025-26,32,0,1
2025-26-team-20,2025-26,32,0,4
2025-26-team-3,2025-26,32,0,2
2025-26-team-4,2025-26,32,0,1
2025-26-team-5,2025-26,32,0,2
2025-26-team-7,2025-26,32,0,3
2025-26-team-8,2025-26,32,0,1
2025-26-team-9,2025-26,32,0,2
2025-26-player-100,2025-26,33,1,0
2025-26-player-148,2025-26,33,1,0
2025-26-player-157,2025-26,33,1,0
2025-26-player-158,2025-26,33,1,0
2025-26-player-163,2025-26,33,1,0
2025-26-player-178,2025-26,33,1,0
2025-26-player-215,2025-26,33,1,0
2025-26-player-30,2025-26,33,1,0
2025-26-player-311,2025-26,33,1,0
2025-26-player-373,2025-26,33,1,0
2025-26-player-381,2025-26,33,1,0
2025-26-player-417,2025-26,33,1,0
2025-26-player-430,2025-26,33,1,0
2025-26-player-430,2025-26,33,1,0
2025-26-player-450,2025-26,33,1,0
2025-26-player-47,2025-26,33,1,0
2025-26-player-493,2025-26,33,1,0
2025-26-player-500,2025-26,33,1,0
2025-26-player-515,2025-26,33,3,0
2025-26-player-526,2025-26,33,1,0
2025-26-player-532,2025-26,33,1,0
2025-26-player-551,2025-26,33,1,0
2025-26-player-560,2025-26,33,1,0
2025-26-player-568,2025-26,33,1,0
2025-26-player-64,2025-26,33,2,0
2025-26-player-691,2025-26,33,1,0
2025-26-player-698,2025-26,33,1,0
2025-26-player-706,2025-26,33,1,0
2025-26-player-717,2025-26,33,1,0
2025-26-player-74,2025-26,33,1,0
2025-26-player-807,2025-26,33,1,0
2025-26-player-808,2025-26,33,1,0
2025-26-player-84,2025-26,33,1,0
2025-26-team-1,2025-26,33,0,2
2025-26-team-11,2025-26,33,0,2
2025-26-team-12,2025-26,33,0,1
2025-26-team-13,2025-26,33,0,1
2025-26-team-15,2025-26,33,0,2
2025-26-team-16,2025-26,33,0,1
2025-26-team-17,2025-26,33,0,4
2025-26-team-18,2025-26,33,0,2
2025-26-team-2,2025-26,33,0,3
2025-26-team-20,2025-26,33,0,3
2025-26-team-3,2025-26,33,0,5
2025-26-team-4,2025-26,33,0,3
2025-26-team-6,2025-26,33,0,2
2025-26-team-7,2025-26,33,0,4
2025-26-team-9,2025-26,33,0,2
2025-26-player-126,2025-26,34,1,0
2025-26-player-242,2025-26,34,1,0
2025-26-player-256,2025-26,34,1,0
2025-26-player-266,2025-26,34,1,0
2025-26-player-328,2025-26,34,1,0
2025-26-player-372,2025-26,34,1,0
2025-26-player-382,2025-26,34,1,0
2025-26-player-457,2025-26,34,1,0
2025-26-player-499,2025-26,34,1,0
2025-26-player-515,2025-26,34,1,0
2025-26-player-517,2025-26,34,1,0
2025-26-player-525,2025-26,34,1,0
2025-26-player-526,2025-26,34,1,0
2025-26-player-613,2025-26,34,1,0
2025-26-player-671,2025-26,34,1,0
2025-26-player-673,2025-26,34,1,0
2025-26-player-681,2025-26,34,1,0
2025-26-team-12,2025-26,34,0,1
2025-26-team-14,2025-26,34,0,1
2025-26-team-15,2025-26,34,0,1
2025-26-team-17,2025-26,34,0,5
2025-26-team-19,2025-26,34,0,1
2025-26-team-2,2025-26,34,0,1
2025-26-team-20,2025-26,34,0,1
2025-26-team-5,2025-26,34,0,2
2025-26-team-8,2025-26,34,0,3
2025-26-team-9,2025-26,34,0,2
2025-26-player-100,2025-26,35,1,0
2025-26-player-121,2025-26,35,1,0
2025-26-player-136,2025-26,35,1,0
2025-26-player-16,2025-26,35,1,0
2025-26-player-163,2025-26,35,1,0
2025-26-player-210,2025-26,35,1,0
2025-26-player-249,2025-26,35,1,0
2025-26-player-293,2025-26,35,1,0
2025-26-player-310,2025-26,35,2,0
2025-26-player-384,2025-26,35,1,0
2025-26-player-387,2025-26,35,1,0
2025-26-player-418,2025-26,35,2,0
2025-26-player-430,2025-26,35,1,0
2025-26-player-450,2025-26,35,1,0
2025-26-player-458,2025-26,35,1,0
2025-26-player-476,2025-26,35,1,0
2025-26-player-487,2025-26,35,1,0
2025-26-player-50,2025-26,35,1,0
2025-26-player-500,2025-26,35,1,0
2025-26-player-526,2025-26,35,1,0
2025-26-player-527,2025-26,35,2,0
2025-26-player-597,2025-26,35,1,0
2025-26-player-636,2025-26,35,1,0
2025-26-player-660,2025-26,35,1,0
2025-26-player-666,2025-26,35,2,0
2025-26-player-681,2025-26,35,1,0
2025-26-player-691,2025-26,35,1,0
2025-26-player-694,2025-26,35,1,0
2025-26-player-698,2025-26,35,1,0
2025-26-player-796,2025-26,35,1,0
2025-26-player-807,2025-26,35,1,0
2025-26-team-10,2025-26,35,0,3
2025-26-team-11,2025-26,35,0,1
2025-26-team-12,2025-26,35,0,3
2025-26-team-13,2025-26,35,0,3
2025-26-team-14,2025-26,35,0,2
2025-26-team-15,2025-26,35,0,1
2025-26-team-16,2025-26,35,0,1
2025-26-team-17,2025-26,35,0,1
2025-26-team-18,2025-26,35,0,1
2025-26-team-19,2025-26,35,0,3
2025-26-team-2,2025-26,35,0,2
2025-26-team-20,2025-26,35,0,1
2025-26-team-3,2025-26,35,0,3
2025-26-team-6,2025-26,35,0,3
2025-26-team-7,2025-26,35,0,3
2025-26-team-8,2025-26,35,0,3
2025-26-team-9,2025-26,35,0,3
2025-26-player-146,2025-26,36,1,0
2025-26-player-160,2025-26,36,1,0
2025-26-player-163,2025-26,36,1,0
2025-26-player-20,2025-26,36,1,0
2025-26-player-200,2025-26,36,1,0
2025-26-player-215,2025-26,36,1,0
2025-26-player-237,2025-26,36,1,0
2025-26-player-267,2025-26,36,1,0
2025-26-player-283,2025-26,36,1,0
2025-26-player-291,2025-26,36,1,0
2025-26-player-311,2025-26,36,1,0
2025-26-player-390,2025-26,36,1,0
2025-26-player-413,2025-26,36,1,0
2025-26-player-413,2025-26,36,1,0
2025-26-player-415,2025-26,36,1,0
2025-26-player-418,2025-26,36,1,0
2025-26-player-430,2025-26,36,1,0
2025-26-player-487,2025-26,36,1,0
2025-26-player-517,2025-26,36,1,0
2025-26-player-55,2025-26,36,1,0
2025-26-player-584,2025-26,36,1,0
2025-26-player-64,2025-26,36,1,0
2025-26-player-691,2025-26,36,1,0
2025-26-player-807,2025-26,36,1,0
2025-26-player-82,2025-26,36,1,0
2025-26-team-10,2025-26,36,0,1
2025-26-team-11,2025-26,36,0,1
2025-26-team-12,2025-26,36,0,1
2025-26-team-15,2025-26,36,0,1
2025-26-team-16,2025-26,36,0,1
2025-26-team-18,2025-26,36,0,1
2025-26-team-19,2025-26,36,0,1
2025-26-team-2,2025-26,36,0,2
2025-26-team-20,2025-26,36,0,3
2025-26-team-3,2025-26,36,0,2
2025-26-team-5,2025-26,36,0,3
2025-26-team-7,2025-26,36,0,1
2025-26-team-8,2025-26,36,0,5
2025-26-team-9,2025-26,36,0,2
2025-26-player-100,2025-26,37,1,0
2025-26-player-119,2025-26,37,1,0
2025-26-player-237,2025-26,37,1,0
2025-26-player-246,2025-26,37,1,0
2025-26-player-267,2025-26,37,1,0
2025-26-player-273,2025-26,37,1,0
2025-26-player-30,2025-26,37,1,0
2025-26-player-316,2025-26,37,1,0
2025-26-player-373,2025-26,37,2,0
2025-26-player-430,2025-26,37,1,0
2025-26-player-443,2025-26,37,1,0
2025-26-player-450,2025-26,37,1,0
2025-26-player-47,2025-26,37,1,0
2025-26-player-500,2025-26,37,2,0
2025-26-player-511,2025-26,37,1,0
2025-26-player-515,2025-26,37,1,0
2025-26-player-54,2025-26,37,1,0
2025-26-player-547,2025-26,37,1,0
2025-26-player-560,2025-26,37,1,0
2025-26-player-597,2025-26,37,1,0
2025-26-player-64,2025-26,37,2,0
2025-26-player-691,2025-26,37,1,0
2025-26-player-714,2025-26,37,1,0
2025-26-player-728,2025-26,37,1,0
2025-26-player-730,2025-26,37,1,0
2025-26-player-749,2025-26,37,1,0
2025-26-player-791,2025-26,37,1,0
2025-26-player-83,2025-26,37,2,0
2025-26-team-10,2025-26,37,0,1
2025-26-team-12,2025-26,37,0,4
2025-26-team-13,2025-26,37,0,1
2025-26-team-14,2025-26,37,0,2
2025-26-team-15,2025-26,37,0,1
2025-26-team-16,2025-26,37,0,3
2025-26-team-17,2025-26,37,0,1
2025-26-team-18,2025-26,37,0,2
2025-26-team-19,2025-26,37,0,3
2025-26-team-2,2025-26,37,0,2
2025-26-team-20,2025-26,37,0,1
2025-26-team-3,2025-26,37,0,1
2025-26-team-4,2025-26,37,0,1
2025-26-team-5,2025-26,37,0,2
2025-26-team-6,2025-26,37,0,1
2025-26-team-7,2025-26,37,0,1
2025-26-team-8,2025-26,37,0,2
2025-26-team-9,2025-26,37,0,3
2025-26-player-119,2025-26,38,1,0
2025-26-player-120,2025-26,38,1,0
2025-26-player-18,2025-26,38,1,0
2025-26-player-215,2025-26,38,1,0
2025-26-player-235,2025-26,38,1,0
2025-26-player-283,2025-26,38,1,0
2025-26-player-31,2025-26,38,1,0
2025-26-player-320,2025-26,38,1,0
2025-26-player-331,2025-26,38,1,0
2025-26-player-388,2025-26,38,1,0
2025-26-player-441,2025-26,38,1,0
2025-26-player-449,2025-26,38,1,0
2025-26-player-515,2025-26,38,1,0
2025-26-player-532,2025-26,38,1,0
2025-26-player-624,2025-26,38,1,0
2025-26-player-64,2025-26,38,2,0
2025-26-player-671,2025-26,38,1,0
2025-26-player-673,2025-26,38,1,0
2025-26-player-791,2025-26,38,1,0
2025-26-player-817,2025-26,38,1,0
2025-26-player-82,2025-26,38,1,0
2025-26-player-84,2025-26,38,1,0
2025-26-team-1,2025-26,38,0,1
2025-26-team-11,2025-26,38,0,3
2025-26-team-12,2025-26,38,0,1
2025-26-team-13,2025-26,38,0,2
2025-26-team-15,2025-26,38,0,2
2025-26-team-16,2025-26,38,0,1
2025-26-team-17,2025-26,38,0,1
2025-26-team-2,2025-26,38,0,1
2025-26-team-20,2025-26,38,0,1
2025-26-team-3,2025-26,38,0,1
2025-26-team-4,2025-26,38,0,1
2025-26-team-5,2025-26,38,0,1
2025-26-team-6,2025-26,38,0,3
2025-26-team-7,2025-26,38,0,2
2025-26-team-8,2025-26,38,0,2
2025-26-team-9,2025-26,38,0,1
2025-26-player-120,2025-26,4,1,0
2025-26-player-123,2025-26,4,1,0
2025-26-player-157,2025-26,4,1,0
2025-26-player-235,2025-26,4,1,0
2025-26-player-241,2025-26,4,1,0
2025-26-player-26,2025-26,4,2,0
2025-26-player-381,2025-26,4,1,0
2025-26-player-414,2025-26,4,1,0
2025-26-player-430,2025-26,4,2,0
2025-26-player-575,2025-26,4,1,0
2025-26-player-586,2025-26,4,1,0
2025-26-player-593,2025-26,4,1,0
2025-26-player-666,2025-26,4,1,0
2025-26-player-714,2025-26,4,1,0
2025-26-player-82,2025-26,4,1,0
2025-26-player-90,2025-26,4,1,0
2025-26-team-11,2025-26,4,0,1
2025-26-team-14,2025-26,4,0,3
2025-26-team-16,2025-26,4,0,3
2025-26-team-19,2025-26,4,0,3
2025-26-team-20,2025-26,4,0,1
2025-26-team-3,2025-26,4,0,1
2025-26-team-4,2025-26,4,0,1
2025-26-team-5,2025-26,4,0,2
2025-26-team-6,2025-26,4,0,2
2025-26-team-7,2025-26,4,0,2
2025-26-player-121,2025-26,5,1,0
2025-26-player-160,2025-26,5,1,0
2025-26-player-166,2025-26,5,1,0
2025-26-player-19,2025-26,5,1,0
2025-26-player-200,2025-26,5,1,0
2025-26-player-226,2025-26,5,1,0
2025-26-player-258,2025-26,5,1,0
2025-26-player-283,2025-26,5,1,0
2025-26-player-302,2025-26,5,1,0
2025-26-player-324,2025-26,5,1,0
2025-26-player-329,2025-26,5,1,0
2025-26-player-36,2025-26,5,1,0
2025-26-player-390,2025-26,5,1,0
2025-26-player-430,2025-26,5,1,0
2025-26-player-449,2025-26,5,1,0
2025-26-player-457,2025-26,5,1,0
2025-26-player-508,2025-26,5,1,0
2025-26-player-560,2025-26,5,1,0
2025-26-player-597,2025-26,5,1,0
2025-26-player-624,2025-26,5,1,0
2025-26-player-660,2025-26,5,1,0
2025-26-player-661,2025-26,5,1,0
2025-26-player-691,2025-26,5,1,0
2025-26-player-698,2025-26,5,1,0
2025-26-player-709,2025-26,5,1,0
2025-26-team-1,2025-26,5,0,1
2025-26-team-10,2025-26,5,0,1
2025-26-team-11,2025-26,5,0,1
2025-26-team-12,2025-26,5,0,1
2025-26-team-13,2025-26,5,0,1
2025-26-team-14,2025-26,5,0,1
2025-26-team-16,2025-26,5,0,1
2025-26-team-17,2025-26,5,0,1
2025-26-team-18,2025-26,5,0,2
2025-26-team-19,2025-26,5,0,2
2025-26-team-2,2025-26,5,0,1
2025-26-team-20,2025-26,5,0,3
2025-26-team-3,2025-26,5,0,1
2025-26-team-5,2025-26,5,0,3
2025-26-team-6,2025-26,5,0,2
2025-26-team-7,2025-26,5,0,2
2025-26-team-8,2025-26,5,0,1
2025-26-team-9,2025-26,5,0,2
2025-26-player-100,2025-26,6,1,0
2025-26-player-126,2025-26,6,1,0
2025-26-player-136,2025-26,6,2,0
2025-26-player-145,2025-26,6,1,0
2025-26-player-178,2025-26,6,2,0
2025-26-player-200,2025-26,6,1,0
2025-26-player-22,2025-26,6,1,0
2025-26-player-237,2025-26,6,1,0
2025-26-player-267,2025-26,6,1,0
2025-26-player-284,2025-26,6,1,0
2025-26-player-295,2025-26,6,1,0
2025-26-player-337,2025-26,6,1,0
2025-26-player-348,2025-26,6,1,0
2025-26-player-385,2025-26,6,1,0
2025-26-player-407,2025-26,6,1,0
2025-26-player-430,2025-26,6,2,0
2025-26-player-493,2025-26,6,1,0
2025-26-player-5,2025-26,6,1,0
2025-26-player-50,2025-26,6,1,0
2025-26-player-54,2025-26,6,1,0
2025-26-player-624,2025-26,6,1,0
2025-26-player-636,2025-26,6,1,0
2025-26-player-64,2025-26,6,1,0
2025-26-player-673,2025-26,6,1,0
2025-26-player-681,2025-26,6,1,0
2025-26-player-683,2025-26,6,1,0
2025-26-player-714,2025-26,6,1,0
2025-26-player-82,2025-26,6,1,0
2025-26-team-1,2025-26,6,0,1
2025-26-team-10,2025-26,6,0,3
2025-26-team-11,2025-26,6,0,2
2025-26-team-12,2025-26,6,0,2
2025-26-team-13,2025-26,6,0,1
2025-26-team-14,2025-26,6,0,3
2025-26-team-15,2025-26,6,0,2
2025-26-team-16,2025-26,6,0,1
2025-26-team-18,2025-26,6,0,1
2025-26-team-19,2025-26,6,0,1
2025-26-team-2,2025-26,6,0,1
2025-26-team-20,2025-26,6,0,1
2025-26-team-3,2025-26,6,0,5
2025-26-team-4,2025-26,6,0,2
2025-26-team-5,2025-26,6,0,1
2025-26-team-6,2025-26,6,0,1
2025-26-team-7,2025-26,6,0,3
2025-26-team-8,2025-26,6,0,1
2025-26-team-9,2025-26,6,0,1
2025-26-player-151,2025-26,7,1,0
2025-26-player-16,2025-26,7,1,0
2025-26-player-21,2025-26,7,1,0
2025-26-player-238,2025-26,7,1,0
2025-26-player-241,2025-26,7,1,0
2025-26-player-256,2025-26,7,1,0
2025-26-player-299,2025-26,7,1,0
2025-26-player-328,2025-26,7,1,0
2025-26-player-384,2025-26,7,1,0
2025-26-player-419,2025-26,7,1,0
2025-26-player-430,2025-26,7,1,0
2025-26-player-455,2025-26,7,1,0
2025-26-player-488,2025-26,7,1,0
2025-26-player-53,2025-26,7,2,0
2025-26-player-582,2025-26,7,1,0
2025-26-player-584,2025-26,7,1,0
2025-26-player-676,2025-26,7,1,0
2025-26-player-681,2025-26,7,1,0
2025-26-player-698,2025-26,7,1,0
2025-26-player-714,2025-26,7,1,0
2025-26-player-81,2025-26,7,1,0
2025-26-player-82,2025-26,7,2,0
2025-26-team-10,2025-26,7,0,3
2025-26-team-11,2025-26,7,0,2
2025-26-team-12,2025-26,7,0,2
2025-26-team-16,2025-26,7,0,2
2025-26-team-17,2025-26,7,0,2
2025-26-team-18,2025-26,7,0,1
2025-26-team-19,2025-26,7,0,2
2025-26-team-2,2025-26,7,0,1
2025-26-team-20,2025-26,7,0,1
2025-26-team-3,2025-26,7,0,2
2025-26-team-4,2025-26,7,0,1
2025-26-team-5,2025-26,7,0,1
2025-26-team-6,2025-26,7,0,1
2025-26-team-7,2025-26,7,0,1
2025-26-team-8,2025-26,7,0,2
2025-26-team-9,2025-26,7,0,1
2025-26-player-100,2025-26,8,2,0
2025-26-player-119,2025-26,8,1,0
2025-26-player-126,2025-26,8,1,0
2025-26-player-136,2025-26,8,1,0
2025-26-player-178,2025-26,8,2,0
2025-26-player-20,2025-26,8,1,0
2025-26-player-210,2025-26,8,1,0
2025-26-player-225,2025-26,8,1,0
2025-26-player-233,2025-26,8,1,0
2025-26-player-236,2025-26,8,1,0
2025-26-player-283,2025-26,8,3,0
2025-26-player-384,2025-26,8,1,0
2025-26-player-430,2025-26,8,2,0
2025-26-player-442,2025-26,8,1,0
2025-26-player-47,2025-26,8,1,0
2025-26-player-50,2025-26,8,1,0
2025-26-player-585,2025-26,8,1,0
2025-26-player-676,2025-26,8,1,0
2025-26-player-694,2025-26,8,1,0
2025-26-player-714,2025-26,8,1,0
2025-26-player-87,2025-26,8,1,0
2025-26-team-10,2025-26,8,0,1
2025-26-team-11,2025-26,8,0,2
2025-26-team-12,2025-26,8,0,2
2025-26-team-14,2025-26,8,0,1
2025-26-team-15,2025-26,8,0,2
2025-26-team-16,2025-26,8,0,3
2025-26-team-18,2025-26,8,0,2
2025-26-team-19,2025-26,8,0,2
2025-26-team-2,2025-26,8,0,1
2025-26-team-20,2025-26,8,0,2
2025-26-team-4,2025-26,8,0,3
2025-26-team-6,2025-26,8,0,1
2025-26-team-8,2025-26,8,0,3
2025-26-team-9,2025-26,8,0,2
2025-26-player-100,2025-26,9,1,0
2025-26-player-119,2025-26,9,2,0
2025-26-player-120,2025-26,9,1,0
2025-26-player-136,2025-26,9,1,0
2025-26-player-178,2025-26,9,1,0
2025-26-player-181,2025-26,9,1,0
2025-26-player-215,2025-26,9,2,0
2025-26-player-217,2025-26,9,1,0
2025-26-player-266,2025-26,9,1,0
2025-26-player-332,2025-26,9,1,0
2025-26-player-348,2025-26,9,1,0
2025-26-player-350,2025-26,9,1,0
2025-26-player-36,2025-26,9,1,0
2025-26-player-371,2025-26,9,1,0
2025-26-player-381,2025-26,9,1,0
2025-26-player-450,2025-26,9,1,0
2025-26-player-453,2025-26,9,1,0
2025-26-player-457,2025-26,9,1,0
2025-26-player-488,2025-26,9,1,0
2025-26-player-489,2025-26,9,1,0
2025-26-player-553,2025-26,9,1,0
2025-26-player-560,2025-26,9,1,0
2025-26-player-575,2025-26,9,2,0
2025-26-player-593,2025-26,9,1,0
2025-26-player-648,2025-26,9,1,0
2025-26-player-654,2025-26,9,1,0
2025-26-player-708,2025-26,9,1,0
2025-26-player-83,2025-26,9,1,0
2025-26-player-84,2025-26,9,1,0
2025-26-team-10,2025-26,9,0,2
2025-26-team-11,2025-26,9,0,1
2025-26-team-12,2025-26,9,0,3
2025-26-team-13,2025-26,9,0,1
2025-26-team-14,2025-26,9,0,2
2025-26-team-15,2025-26,9,0,1
2025-26-team-16,2025-26,9,0,2
2025-26-team-17,2025-26,9,0,1
2025-26-team-19,2025-26,9,0,2
2025-26-team-20,2025-26,9,0,3
2025-26-team-3,2025-26,9,0,2
2025-26-team-5,2025-26,9,0,2
2025-26-team-6,2025-26,9,0,4
2025-26-team-7,2025-26,9,0,2
2025-26-team-8,2025-26,9,0,1
2025-26-team-9,2025-26,9,0,3
2018-19-player-365,2018-19,1,1,0
2018-19-player-276,2018-19,1,1,0
2018-19-player-43,2018-19,1,1,0
2018-19-player-472,2018-19,1,1,0
2018-19-player-234,2018-19,1,1,0
2018-19-player-355,2018-19,1,1,0
2018-19-player-141,2018-19,1,1,0
2018-19-player-459,2018-19,1,1,0
2018-19-player-327,2018-19,1,1,0
2018-19-player-286,2018-19,1,1,0
2018-19-player-253,2018-19,1,1,0
2018-19-player-126,2018-19,1,1,0
2018-19-player-302,2018-19,1,1,0
2018-19-player-125,2018-19,1,1,0
2018-19-player-270,2018-19,1,1,0
2018-19-player-437,2018-19,1,1,0
2018-19-player-393,2018-19,1,2,0
2018-19-player-391,2018-19,1,2,0
2018-19-player-40,2018-19,1,1,0
2018-19-player-433,2018-19,1,1,0
2018-19-player-251,2018-19,1,2,0
2018-19-player-151,2018-19,1,1,0
2018-19-player-480,2018-19,2,1,0
2018-19-player-15,2018-19,2,1,0
2018-19-player-395,2018-19,2,1,0
2018-19-player-43,2018-19,2,1,0
2018-19-player-258,2018-19,2,1,0
2018-19-player-271,2018-19,2,1,0
2018-19-player-281,2018-19,2,1,0
2018-19-player-62,2018-19,2,1,0
2018-19-player-372,2018-19,2,1,0
2018-19-player-18,2018-19,2,1,0
2018-19-player-233,2018-19,2,1,0
2018-19-player-254,2018-19,2,1,0
2018-19-player-72,2018-19,2,1,0
2018-19-player-522,2018-19,2,1,0
2018-19-player-357,2018-19,2,1,0
2018-19-player-370,2018-19,2,1,0
2018-19-player-115,2018-19,2,1,0
2018-19-player-417,2018-19,2,1,0
2018-19-player-59,2018-19,2,1,0
2018-19-player-302,2018-19,2,1,0
2018-19-player-125,2018-19,2,1,0
2018-19-player-393,2018-19,2,1,0
2018-19-player-306,2018-19,2,1,0
2018-19-player-251,2018-19,2,1,0
2018-19-player-280,2018-19,2,3,0
2018-19-player-49,2018-19,2,1,0
2018-19-player-27,2018-19,2,1,0
2018-19-player-164,2018-19,2,1,0
2018-19-player-396,2018-19,2,1,0
2018-19-player-392,2018-19,2,1,0
2018-19-player-134,2018-19,2,1,0
2018-19-player-480,2018-19,3,2,0
2018-19-player-478,2018-19,3,1,0
2018-19-player-268,2018-19,3,1,0
2018-19-player-21,2018-19,3,1,0
2018-19-player-225,2018-19,3,1,0
2018-19-player-122,2018-19,3,1,0
2018-19-player-372,2018-19,3,1,0
2018-19-player-220,2018-19,3,1,0
2018-19-player-72,2018-19,3,1,0
2018-19-player-456,2018-19,3,1,0
2018-19-player-78,2018-19,3,1,0
2018-19-player-327,2018-19,3,1,0
2018-19-player-45,2018-19,3,1,0
2018-19-player-378,2018-19,3,1,0
2018-19-player-370,2018-19,3,2,0
2018-19-player-417,2018-19,3,1,0
2018-19-player-162,2018-19,3,1,0
2018-19-player-253,2018-19,3,1,0
2018-19-player-5,2018-19,3,1,0
2018-19-player-31,2018-19,3,1,0
2018-19-player-391,2018-19,3,1,0
2018-19-player-330,2018-19,3,1,0
2018-19-player-164,2018-19,3,1,0
2018-19-player-151,2018-19,3,1,0
2018-19-player-423,2018-19,3,1,0
2018-19-player-500,2018-19,4,1,0
2018-19-player-480,2018-19,4,1,0
2018-19-player-22,2018-19,4,1,0
2018-19-player-478,2018-19,4,1,0
2018-19-player-376,2018-19,4,1,0
2018-19-player-258,2018-19,4,1,0
2018-19-player-105,2018-19,4,1,0
2018-19-player-310,2018-19,4,1,0
2018-19-player-175,2018-19,4,1,0
2018-19-player-122,2018-19,4,1,0
2018-19-player-62,2018-19,4,2,0
2018-19-player-265,2018-19,4,1,0
2018-19-player-125,2018-19,4,1,0
2018-19-player-202,2018-19,4,1,0
2018-19-player-23,2018-19,4,1,0
2018-19-player-340,2018-19,4,1,0
2018-19-player-492,2018-19,4,1,0
2018-19-player-270,2018-19,4,1,0
2018-19-player-257,2018-19,4,1,0
2018-19-player-306,2018-19,4,2,0
2018-19-player-251,2018-19,4,1,0
2018-19-player-7,2018-19,4,1,0
2018-19-player-396,2018-19,4,1,0
2018-19-player-504,2018-19,4,1,0
2018-19-player-29,2018-19,5,1,0
2018-19-player-395,2018-19,5,1,0
2018-19-player-453,2018-19,5,2,0
2018-19-player-284,2018-19,5,1,0
2018-19-player-311,2018-19,5,1,0
2018-19-player-258,2018-19,5,1,0
2018-19-player-271,2018-19,5,1,0
2018-19-player-122,2018-19,5,3,0
2018-19-player-363,2018-19,5,1,0
2018-19-player-252,2018-19,5,1,0
2018-19-player-62,2018-19,5,1,0
2018-19-player-17,2018-19,5,1,0
2018-19-player-172,2018-19,5,1,0
2018-19-player-233,2018-19,5,1,0
2018-19-player-45,2018-19,5,1,0
2018-19-player-275,2018-19,5,1,0
2018-19-player-224,2018-19,5,1,0
2018-19-player-417,2018-19,5,1,0
2018-19-player-13,2018-19,5,1,0
2018-19-player-340,2018-19,5,1,0
2018-19-player-270,2018-19,5,1,0
2018-19-player-437,2018-19,5,1,0
2018-19-player-257,2018-19,5,1,0
2018-19-player-306,2018-19,5,1,0
2018-19-player-40,2018-19,5,2,0
2018-19-player-49,2018-19,5,1,0
2018-19-player-91,2018-19,5,1,0
2018-19-player-151,2018-19,5,1,0
2018-19-player-124,2018-19,5,1,0
2018-19-player-83,2018-19,6,1,0
2018-19-player-480,2018-19,6,1,0
2018-19-player-22,2018-19,6,1,0
2018-19-player-395,2018-19,6,1,0
2018-19-player-55,2018-19,6,1,0
2018-19-player-85,2018-19,6,2,0
2018-19-player-276,2018-19,6,1,0
2018-19-player-363,2018-19,6,1,0
2018-19-player-304,2018-19,6,1,0
2018-19-player-372,2018-19,6,1,0
2018-19-player-274,2018-19,6,1,0
2018-19-player-233,2018-19,6,1,0
2018-19-player-234,2018-19,6,1,0
2018-19-player-243,2018-19,6,1,0
2018-19-player-475,2018-19,6,1,0
2018-19-player-236,2018-19,6,1,0
2018-19-player-495,2018-19,6,1,0
2018-19-player-195,2018-19,6,1,0
2018-19-player-253,2018-19,6,1,0
2018-19-player-23,2018-19,6,1,0
2018-19-player-223,2018-19,6,2,0
2018-19-player-280,2018-19,6,1,0
2018-19-player-177,2018-19,7,1,0
2018-19-player-472,2018-19,7,1,0
2018-19-player-42,2018-19,7,1,0
2018-19-player-122,2018-19,7,1,0
2018-19-player-465,2018-19,7,1,0
2018-19-player-172,2018-19,7,2,0
2018-19-player-372,2018-19,7,2,0
2018-19-player-220,2018-19,7,1,0
2018-19-player-434,2018-19,7,1,0
2018-19-player-234,2018-19,7,1,0
2018-19-player-76,2018-19,7,1,0
2018-19-player-483,2018-19,7,1,0
2018-19-player-106,2018-19,7,1,0
2018-19-player-36,2018-19,7,1,0
2018-19-player-305,2018-19,7,1,0
2018-19-player-417,2018-19,7,1,0
2018-19-player-13,2018-19,7,1,0
2018-19-player-142,2018-19,7,1,0
2018-19-player-270,2018-19,7,1,0
2018-19-player-84,2018-19,7,1,0
2018-19-player-280,2018-19,7,1,0
2018-19-player-14,2018-19,8,1,0
2018-19-player-22,2018-19,8,2,0
2018-19-player-295,2018-19,8,1,0
2018-19-player-478,2018-19,8,1,0
2018-19-player-301,2018-19,8,1,0
2018-19-player-43,2018-19,8,1,0
2018-19-player-192,2018-19,8,1,0
2018-19-player-42,2018-19,8,1,0
2018-19-player-122,2018-19,8,1,0
2018-19-player-361,2018-19,8,1,0
2018-19-player-62,2018-19,8,1,0
2018-19-player-172,2018-19,8,1,0
2018-19-player-45,2018-19,8,2,0
2018-19-player-297,2018-19,8,1,0
2018-19-player-425,2018-19,8,1,0
2018-19-player-23,2018-19,8,2,0
2018-19-player-221,2018-19,8,1,0
2018-19-player-393,2018-19,8,1,0
2018-19-player-458,2018-19,8,1,0
2018-19-player-127,2018-19,8,1,0
2018-19-player-84,2018-19,8,1,0
2018-19-player-488,2018-19,8,1,0
2018-19-player-134,2018-19,8,1,0
2018-19-player-478,2018-19,9,1,0
2018-19-player-301,2018-19,9,2,0
2018-19-player-118,2018-19,9,1,0
2018-19-player-57,2018-19,9,1,0
2018-19-player-276,2018-19,9,1,0
2018-19-player-110,2018-19,9,1,0
2018-19-player-101,2018-19,9,1,0
2018-19-player-177,2018-19,9,1,0
2018-19-player-175,2018-19,9,1,0
2018-19-player-363,2018-19,9,1,0
2018-19-player-389,2018-19,9,1,0
2018-19-player-272,2018-19,9,1,0
2018-19-player-106,2018-19,9,1,0
2018-19-player-535,2018-19,9,1,0
2018-19-player-275,2018-19,9,1,0
2018-19-player-13,2018-19,9,1,0
2018-19-player-253,2018-19,9,1,0
2018-19-player-23,2018-19,9,2,0
2018-19-player-223,2018-19,9,1,0
2018-19-player-391,2018-19,9,1,0
2018-19-player-127,2018-19,9,1,0
2018-19-player-184,2018-19,9,1,0
2018-19-player-280,2018-19,9,1,0
2018-19-player-301,2018-19,10,1,0
2018-19-player-101,2018-19,10,1,0
2018-19-player-43,2018-19,10,2,0
2018-19-player-42,2018-19,10,1,0
2018-19-player-464,2018-19,10,1,0
2018-19-player-394,2018-19,10,1,0
2018-19-player-62,2018-19,10,1,0
2018-19-player-17,2018-19,10,1,0
2018-19-player-172,2018-19,10,1,0
2018-19-player-524,2018-19,10,1,0
2018-19-player-150,2018-19,10,2,0
2018-19-player-253,2018-19,10,1,0
2018-19-player-302,2018-19,10,1,0
2018-19-player-23,2018-19,10,1,0
2018-19-player-223,2018-19,10,1,0
2018-19-player-391,2018-19,10,1,0
2018-19-player-127,2018-19,10,1,0
2018-19-player-132,2018-19,10,1,0
2018-19-player-251,2018-19,10,2,0
2018-19-player-227,2018-19,10,1,0
2018-19-player-124,2018-19,10,1,0
2018-19-player-462,2018-19,10,1,0
2018-19-player-134,2018-19,10,1,0
2018-19-player-22,2018-19,11,1,0
2018-19-player-149,2018-19,11,1,0
2018-19-player-301,2018-19,11,1,0
2018-19-player-326,2018-19,11,1,0
2018-19-player-43,2018-19,11,1,0
2018-19-player-87,2018-19,11,1,0
2018-19-player-258,2018-19,11,1,0
2018-19-player-271,2018-19,11,1,0
2018-19-player-225,2018-19,11,1,0
2018-19-player-363,2018-19,11,1,0
2018-19-player-465,2018-19,11,2,0
2018-19-player-372,2018-19,11,1,0
2018-19-player-254,2018-19,11,1,0
2018-19-player-419,2018-19,11,1,0
2018-19-player-76,2018-19,11,1,0
2018-19-player-275,2018-19,11,1,0
2018-19-player-48,2018-19,11,1,0
2018-19-player-370,2018-19,11,1,0
2018-19-player-305,2018-19,11,1,0
2018-19-player-417,2018-19,11,1,0
2018-19-player-125,2018-19,11,1,0
2018-19-player-270,2018-19,11,2,0
2018-19-player-437,2018-19,11,1,0
2018-19-player-393,2018-19,11,2,0
2018-19-player-433,2018-19,11,1,0
2018-19-player-157,2018-19,11,1,0
2018-19-player-280,2018-19,11,1,0
2018-19-player-134,2018-19,11,2,0
2018-19-player-206,2018-19,12,1,0
2018-19-player-301,2018-19,12,1,0
2018-19-player-101,2018-19,12,1,0
2018-19-player-271,2018-19,12,1,0
2018-19-player-465,2018-19,12,1,0
2018-19-player-18,2018-19,12,1,0
2018-19-player-274,2018-19,12,1,0
2018-19-player-434,2018-19,12,1,0
2018-19-player-494,2018-19,12,1,0
2018-19-player-378,2018-19,12,1,0
2018-19-player-549,2018-19,12,1,0
2018-19-player-48,2018-19,12,1,0
2018-19-player-349,2018-19,12,1,0
2018-19-player-253,2018-19,12,1,0
2018-19-player-493,2018-19,12,2,0
2018-19-player-280,2018-19,12,1,0
2018-19-player-91,2018-19,12,1,0
2018-19-player-462,2018-19,12,1,0
2018-19-player-199,2018-19,13,2,0
2018-19-player-480,2018-19,13,2,0
2018-19-player-478,2018-19,13,1,0
2018-19-player-365,2018-19,13,1,0
2018-19-player-311,2018-19,13,1,0
2018-19-player-271,2018-19,13,1,0
2018-19-player-62,2018-19,13,1,0
2018-19-player-172,2018-19,13,1,0
2018-19-player-372,2018-19,13,1,0
2018-19-player-367,2018-19,13,1,0
2018-19-player-234,2018-19,13,1,0
2018-19-player-45,2018-19,13,1,0
2018-19-player-275,2018-19,13,2,0
2018-19-player-253,2018-19,13,1,0
2018-19-player-133,2018-19,13,1,0
2018-19-player-23,2018-19,13,1,0
2018-19-player-270,2018-19,13,1,0
2018-19-player-257,2018-19,13,1,0
2018-19-player-84,2018-19,13,1,0
2018-19-player-345,2018-19,13,2,0
2018-19-player-245,2018-19,13,1,0
2018-19-player-22,2018-19,14,1,0
2018-19-player-299,2018-19,14,1,0
2018-19-player-149,2018-19,14,1,0
2018-19-player-102,2018-19,14,1,0
2018-19-player-276,2018-19,14,1,0
2018-19-player-43,2018-19,14,1,0
2018-19-player-332,2018-19,14,1,0
2018-19-player-99,2018-19,14,1,0
2018-19-player-543,2018-19,14,1,0
2018-19-player-361,2018-19,14,1,0
2018-19-player-465,2018-19,14,1,0
2018-19-player-66,2018-19,14,1,0
2018-19-player-372,2018-19,14,1,0
2018-19-player-274,2018-19,14,1,0
2018-19-player-233,2018-19,14,1,0
2018-19-player-147,2018-19,14,1,0
2018-19-player-234,2018-19,14,1,0
2018-19-player-419,2018-19,14,2,0
2018-19-player-450,2018-19,14,1,0
2018-19-player-195,2018-19,14,1,0
2018-19-player-425,2018-19,14,1,0
2018-19-player-125,2018-19,14,1,0
2018-19-player-23,2018-19,14,2,0
2018-19-player-270,2018-19,14,1,0
2018-19-player-306,2018-19,14,1,0
2018-19-player-132,2018-19,14,1,0
2018-19-player-49,2018-19,14,1,0
2018-19-player-345,2018-19,14,1,0
2018-19-player-390,2018-19,15,1,0
2018-19-player-189,2018-19,15,1,0
2018-19-player-301,2018-19,15,1,0
2018-19-player-43,2018-19,15,1,0
2018-19-player-348,2018-19,15,1,0
2018-19-player-432,2018-19,15,1,0
2018-19-player-66,2018-19,15,1,0
2018-19-player-62,2018-19,15,1,0
2018-19-player-372,2018-19,15,1,0
2018-19-player-367,2018-19,15,1,0
2018-19-player-82,2018-19,15,1,0
2018-19-player-233,2018-19,15,1,0
2018-19-player-254,2018-19,15,1,0
2018-19-player-300,2018-19,15,1,0
2018-19-player-106,2018-19,15,1,0
2018-19-player-54,2018-19,15,1,0
2018-19-player-275,2018-19,15,1,0
2018-19-player-502,2018-19,15,2,0
2018-19-player-370,2018-19,15,1,0
2018-19-player-150,2018-19,15,1,0
2018-19-player-415,2018-19,15,1,0
2018-19-player-437,2018-19,15,1,0
2018-19-player-393,2018-19,15,1,0
2018-19-player-223,2018-19,15,1,0
2018-19-player-257,2018-19,15,1,0
2018-19-player-132,2018-19,15,1,0
2018-19-player-40,2018-19,15,1,0
2018-19-player-493,2018-19,15,1,0
2018-19-player-7,2018-19,15,1,0
2018-19-player-198,2018-19,15,1,0
2018-19-player-462,2018-19,15,1,0
2018-19-player-390,2018-19,16,1,0
2018-19-player-189,2018-19,16,1,0
2018-19-player-293,2018-19,16,1,0
2018-19-player-326,2018-19,16,1,0
2018-19-player-365,2018-19,16,1,0
2018-19-player-101,2018-19,16,1,0
2018-19-player-116,2018-19,16,1,0
2018-19-player-432,2018-19,16,1,0
2018-19-player-465,2018-19,16,1,0
2018-19-player-367,2018-19,16,1,0
2018-19-player-147,2018-19,16,1,0
2018-19-player-72,2018-19,16,1,0
2018-19-player-419,2018-19,16,1,0
2018-19-player-141,2018-19,16,1,0
2018-19-player-297,2018-19,16,1,0
2018-19-player-484,2018-19,16,1,0
2018-19-player-450,2018-19,16,1,0
2018-19-player-305,2018-19,16,1,0
2018-19-player-425,2018-19,16,1,0
2018-19-player-253,2018-19,16,3,0
2018-19-player-126,2018-19,16,1,0
2018-19-player-393,2018-19,16,1,0
2018-19-player-489,2018-19,16,1,0
2018-19-player-306,2018-19,16,1,0
2018-19-player-110,2018-19,17,1,0
2018-19-player-348,2018-19,17,1,0
2018-19-player-364,2018-19,17,1,0
2018-19-player-258,2018-19,17,2,0
2018-19-player-99,2018-19,17,1,0
2018-19-player-517,2018-19,17,1,0
2018-19-player-175,2018-19,17,1,0
2018-19-player-122,2018-19,17,1,0
2018-19-player-281,2018-19,17,2,0
2018-19-player-394,2018-19,17,1,0
2018-19-player-18,2018-19,17,2,0
2018-19-player-434,2018-19,17,1,0
2018-19-player-300,2018-19,17,1,0
2018-19-player-378,2018-19,17,1,0
2018-19-player-150,2018-19,17,1,0
2018-19-player-415,2018-19,17,1,0
2018-19-player-125,2018-19,17,1,0
2018-19-player-270,2018-19,17,1,0
2018-19-player-437,2018-19,17,1,0
2018-19-player-489,2018-19,17,1,0
2018-19-player-251,2018-19,17,1,0
2018-19-player-493,2018-19,17,1,0
2018-19-player-58,2018-19,17,1,0
2018-19-player-462,2018-19,17,2,0
2018-19-player-15,2018-19,18,1,0
2018-19-player-299,2018-19,18,1,0
2018-19-player-149,2018-19,18,1,0
2018-19-player-301,2018-19,18,1,0
2018-19-player-85,2018-19,18,1,0
2018-19-player-365,2018-19,18,1,0
2018-19-player-364,2018-19,18,1,0
2018-19-player-258,2018-19,18,1,0
2018-19-player-42,2018-19,18,2,0
2018-19-player-394,2018-19,18,1,0
2018-19-player-172,2018-19,18,1,0
2018-19-player-372,2018-19,18,2,0
2018-19-player-367,2018-19,18,2,0
2018-19-player-274,2018-19,18,1,0
2018-19-player-234,2018-19,18,1,0
2018-19-player-141,2018-19,18,1,0
2018-19-player-300,2018-19,18,2,0
2018-19-player-273,2018-19,18,1,0
2018-19-player-150,2018-19,18,1,0
2018-19-player-305,2018-19,18,1,0
2018-19-player-550,2018-19,18,1,0
2018-19-player-253,2018-19,18,1,0
2018-19-player-343,2018-19,18,1,0
2018-19-player-202,2018-19,18,1,0
2018-19-player-23,2018-19,18,2,0
2018-19-player-164,2018-19,18,1,0
2018-19-player-396,2018-19,18,1,0
2018-19-player-246,2018-19,18,1,0
2018-19-player-504,2018-19,18,1,0
2018-19-player-491,2018-19,19,1,0
2018-19-player-276,2018-19,19,1,0
2018-19-player-364,2018-19,19,1,0
2018-19-player-239,2018-19,19,1,0
2018-19-player-122,2018-19,19,2,0
2018-19-player-255,2018-19,19,1,0
2018-19-player-465,2018-19,19,2,0
2018-19-player-172,2018-19,19,1,0
2018-19-player-372,2018-19,19,1,0
2018-19-player-367,2018-19,19,2,0
2018-19-player-65,2018-19,19,1,0
2018-19-player-484,2018-19,19,2,0
2018-19-player-370,2018-19,19,1,0
2018-19-player-224,2018-19,19,1,0
2018-19-player-195,2018-19,19,1,0
2018-19-player-253,2018-19,19,1,0
2018-19-player-343,2018-19,19,1,0
2018-19-player-296,2018-19,19,1,0
2018-19-player-302,2018-19,19,2,0
2018-19-player-23,2018-19,19,1,0
2018-19-player-221,2018-19,19,1,0
2018-19-player-393,2018-19,19,1,0
2018-19-player-391,2018-19,19,1,0
2018-19-player-426,2018-19,19,1,0
2018-19-player-184,2018-19,19,1,0
2018-19-player-462,2018-19,19,1,0
2018-19-player-506,2018-19,19,1,0
2018-19-player-390,2018-19,20,1,0
2018-19-player-20,2018-19,20,1,0
2018-19-player-480,2018-19,20,1,0
2018-19-player-87,2018-19,20,1,0
2018-19-player-271,2018-19,20,1,0
2018-19-player-534,2018-19,20,1,0
2018-19-player-372,2018-19,20,1,0
2018-19-player-435,2018-19,20,1,0
2018-19-player-65,2018-19,20,1,0
2018-19-player-305,2018-19,20,1,0
2018-19-player-253,2018-19,20,1,0
2018-19-player-126,2018-19,20,1,0
2018-19-player-31,2018-19,20,1,0
2018-19-player-302,2018-19,20,2,0
2018-19-player-340,2018-19,20,1,0
2018-19-player-437,2018-19,20,1,0
2018-19-player-257,2018-19,20,3,0
2018-19-player-306,2018-19,20,1,0
2018-19-player-251,2018-19,20,1,0
2018-19-player-493,2018-19,20,1,0
2018-19-player-280,2018-19,20,1,0
2018-19-player-504,2018-19,20,1,0
2018-19-player-423,2018-19,20,1,0
2018-19-player-14,2018-19,21,1,0
2018-19-player-189,2018-19,21,1,0
2018-19-player-22,2018-19,21,1,0
2018-19-player-85,2018-19,21,1,0
2018-19-player-43,2018-19,21,1,0
2018-19-player-364,2018-19,21,1,0
2018-19-player-87,2018-19,21,1,0
2018-19-player-56,2018-19,21,1,0
2018-19-player-17,2018-19,21,1,0
2018-19-player-372,2018-19,21,1,0
2018-19-player-367,2018-19,21,1,0
2018-19-player-234,2018-19,21,1,0
2018-19-player-505,2018-19,21,1,0
2018-19-player-446,2018-19,21,1,0
2018-19-player-275,2018-19,21,1,0
2018-19-player-150,2018-19,21,1,0
2018-19-player-305,2018-19,21,1,0
2018-19-player-417,2018-19,21,2,0
2018-19-player-31,2018-19,21,1,0
2018-19-player-23,2018-19,21,1,0
2018-19-player-257,2018-19,21,1,0
2018-19-player-306,2018-19,21,1,0
2018-19-player-40,2018-19,21,1,0
2018-19-player-280,2018-19,21,1,0
2018-19-player-49,2018-19,21,1,0
2018-19-player-211,2018-19,21,1,0
2018-19-player-396,2018-19,21,2,0
2018-19-player-478,2018-19,22,1,0
2018-19-player-311,2018-19,22,1,0
2018-19-player-376,2018-19,22,1,0
2018-19-player-406,2018-19,22,1,0
2018-19-player-175,2018-19,22,1,0
2018-19-player-281,2018-19,22,2,0
2018-19-player-338,2018-19,22,1,0
2018-19-player-526,2018-19,22,1,0
2018-19-player-305,2018-19,22,1,0
2018-19-player-253,2018-19,22,1,0
2018-19-player-125,2018-19,22,1,0
2018-19-player-347,2018-19,22,1,0
2018-19-player-388,2018-19,22,1,0
2018-19-player-227,2018-19,22,1,0
2018-19-player-124,2018-19,22,1,0
2018-19-player-22,2018-19,23,1,0
2018-19-player-149,2018-19,23,1,0
2018-19-player-326,2018-19,23,1,0
2018-19-player-365,2018-19,23,1,0
2018-19-player-43,2018-19,23,1,0
2018-19-player-266,2018-19,23,1,0
2018-19-player-225,2018-19,23,1,0
2018-19-player-432,2018-19,23,3,0
2018-19-player-482,2018-19,23,2,0
2018-19-player-172,2018-19,23,1,0
2018-19-player-368,2018-19,23,1,0
2018-19-player-138,2018-19,23,1,0
2018-19-player-338,2018-19,23,1,0
2018-19-player-45,2018-19,23,1,0
2018-19-player-3,2018-19,23,1,0
2018-19-player-275,2018-19,23,1,0
2018-19-player-305,2018-19,23,1,0
2018-19-player-486,2018-19,23,1,0
2018-19-player-253,2018-19,23,2,0
2018-19-player-59,2018-19,23,1,0
2018-19-player-302,2018-19,23,1,0
2018-19-player-270,2018-19,23,1,0
2018-19-player-257,2018-19,23,1,0
2018-19-player-427,2018-19,23,1,0
2018-19-player-251,2018-19,23,1,0
2018-19-player-215,2018-19,23,1,0
2018-19-player-480,2018-19,24,2,0
2018-19-player-22,2018-19,24,1,0
2018-19-player-85,2018-19,24,1,0
2018-19-player-9,2018-19,24,1,0
2018-19-player-28,2018-19,24,1,0
2018-19-player-87,2018-19,24,1,0
2018-19-player-376,2018-19,24,1,0
2018-19-player-42,2018-19,24,1,0
2018-19-player-371,2018-19,24,1,0
2018-19-player-62,2018-19,24,2,0
2018-19-player-220,2018-19,24,1,0
2018-19-player-367,2018-19,24,1,0
2018-19-player-338,2018-19,24,1,0
2018-19-player-45,2018-19,24,2,0
2018-19-player-513,2018-19,24,1,0
2018-19-player-317,2018-19,24,1,0
2018-19-player-100,2018-19,24,1,0
2018-19-player-302,2018-19,24,1,0
2018-19-player-23,2018-19,24,1,0
2018-19-player-437,2018-19,24,2,0
2018-19-player-393,2018-19,24,1,0
2018-19-player-426,2018-19,24,1,0
2018-19-player-251,2018-19,24,1,0
2018-19-player-493,2018-19,24,1,0
2018-19-player-280,2018-19,24,1,0
2018-19-player-292,2018-19,24,1,0
2018-19-player-151,2018-19,24,1,0
2018-19-player-508,2018-19,25,1,0
2018-19-player-85,2018-19,25,1,0
2018-19-player-268,2018-19,25,1,0
2018-19-player-110,2018-19,25,2,0
2018-19-player-116,2018-19,25,1,0
2018-19-player-122,2018-19,25,2,0
2018-19-player-281,2018-19,25,1,0
2018-19-player-579,2018-19,25,2,0
2018-19-player-367,2018-19,25,1,0
2018-19-player-141,2018-19,25,1,0
2018-19-player-3,2018-19,25,1,0
2018-19-player-519,2018-19,25,1,0
2018-19-player-150,2018-19,25,1,0
2018-19-player-305,2018-19,25,1,0
2018-19-player-415,2018-19,25,1,0
2018-19-player-343,2018-19,25,1,0
2018-19-player-437,2018-19,25,1,0
2018-19-player-433,2018-19,25,1,0
2018-19-player-251,2018-19,25,1,0
2018-19-player-280,2018-19,25,3,0
2018-19-player-22,2018-19,26,1,0
2018-19-player-15,2018-19,26,1,0
2018-19-player-395,2018-19,26,1,0
2018-19-player-301,2018-19,26,1,0
2018-19-player-85,2018-19,26,1,0
2018-19-player-364,2018-19,26,1,0
2018-19-player-87,2018-19,26,2,0
2018-19-player-359,2018-19,26,1,0
2018-19-player-252,2018-19,26,1,0
2018-19-player-367,2018-19,26,1,0
2018-19-player-274,2018-19,26,1,0
2018-19-player-323,2018-19,26,1,0
2018-19-player-333,2018-19,26,1,0
2018-19-player-234,2018-19,26,1,0
2018-19-player-107,2018-19,26,1,0
2018-19-player-411,2018-19,26,1,0
2018-19-player-253,2018-19,26,1,0
2018-19-player-302,2018-19,26,2,0
2018-19-player-270,2018-19,26,2,0
2018-19-player-251,2018-19,26,1,0
2018-19-player-280,2018-19,26,3,0
2018-19-player-49,2018-19,26,1,0
2018-19-player-91,2018-19,26,1,0
2018-19-player-151,2018-19,26,1,0
2018-19-player-423,2018-19,26,1,0
2018-19-player-22,2018-19,27,1,0
2018-19-player-85,2018-19,27,1,0
2018-19-player-326,2018-19,27,1,0
2018-19-player-87,2018-19,27,1,0
2018-19-player-394,2018-19,27,3,0
2018-19-player-372,2018-19,27,1,0
2018-19-player-18,2018-19,27,1,0
2018-19-player-409,2018-19,27,1,0
2018-19-player-419,2018-19,27,1,0
2018-19-player-222,2018-19,27,1,0
2018-19-player-45,2018-19,27,1,0
2018-19-player-150,2018-19,27,1,0
2018-19-player-415,2018-19,27,1,0
2018-19-player-592,2018-19,27,1,0
2018-19-player-437,2018-19,27,1,0
2018-19-player-575,2018-19,27,1,0
2018-19-player-493,2018-19,27,1,0
2018-19-player-91,2018-19,27,1,0
2018-19-player-396,2018-19,27,2,0
2018-19-player-151,2018-19,27,2,0
2018-19-player-22,2018-19,28,1,0
2018-19-player-293,2018-19,28,1,0
2018-19-player-60,2018-19,28,1,0
2018-19-player-225,2018-19,28,1,0
2018-19-player-543,2018-19,28,1,0
2018-19-player-175,2018-19,28,1,0
2018-19-player-482,2018-19,28,1,0
2018-19-player-172,2018-19,28,2,0
2018-19-player-18,2018-19,28,1,0
2018-19-player-338,2018-19,28,1,0
2018-19-player-234,2018-19,28,1,0
2018-19-player-441,2018-19,28,1,0
2018-19-player-3,2018-19,28,1,0
2018-19-player-44,2018-19,28,1,0
2018-19-player-13,2018-19,28,1,0
2018-19-player-339,2018-19,28,1,0
2018-19-player-125,2018-19,28,1,0
2018-19-player-23,2018-19,28,1,0
2018-19-player-306,2018-19,28,2,0
2018-19-player-251,2018-19,28,2,0
2018-19-player-531,2018-19,28,1,0
2018-19-player-280,2018-19,28,1,0
2018-19-player-211,2018-19,28,1,0
2018-19-player-246,2018-19,28,2,0
2018-19-player-14,2018-19,29,1,0
2018-19-player-481,2018-19,29,1,0
2018-19-player-395,2018-19,29,1,0
2018-19-player-85,2018-19,29,1,0
2018-19-player-9,2018-19,29,1,0
2018-19-player-406,2018-19,29,1,0
2018-19-player-432,2018-19,29,1,0
2018-19-player-66,2018-19,29,1,0
2018-19-player-579,2018-19,29,1,0
2018-19-player-372,2018-19,29,1,0
2018-19-player-338,2018-19,29,1,0
2018-19-player-234,2018-19,29,1,0
2018-19-player-459,2018-19,29,1,0
2018-19-player-411,2018-19,29,1,0
2018-19-player-592,2018-19,29,1,0
2018-19-player-437,2018-19,29,1,0
2018-19-player-223,2018-19,29,1,0
2018-19-player-306,2018-19,29,2,0
2018-19-player-396,2018-19,29,1,0
2018-19-player-151,2018-19,29,1,0
2018-19-player-556,2018-19,29,1,0
2018-19-player-55,2018-19,30,1,0
2018-19-player-80,2018-19,30,1,0
2018-19-player-326,2018-19,30,2,0
2018-19-player-43,2018-19,30,1,0
2018-19-player-99,2018-19,30,1,0
2018-19-player-175,2018-19,30,1,0
2018-19-player-122,2018-19,30,1,0
2018-19-player-186,2018-19,30,1,0
2018-19-player-394,2018-19,30,1,0
2018-19-player-62,2018-19,30,1,0
2018-19-player-17,2018-19,30,1,0
2018-19-player-372,2018-19,30,1,0
2018-19-player-338,2018-19,30,1,0
2018-19-player-234,2018-19,30,2,0
2018-19-player-76,2018-19,30,1,0
2018-19-player-150,2018-19,30,1,0
2018-19-player-23,2018-19,30,1,0
2018-19-player-270,2018-19,30,3,0
2018-19-player-437,2018-19,30,1,0
2018-19-player-393,2018-19,30,1,0
2018-19-player-257,2018-19,30,2,0
2018-19-player-40,2018-19,30,1,0
2018-19-player-251,2018-19,30,2,0
2018-19-player-493,2018-19,30,1,0
2018-19-player-504,2018-19,30,1,0
2018-19-player-556,2018-19,30,1,0
2018-19-player-591,2018-19,30,1,0
2018-19-player-403,2018-19,31,1,0
2018-19-player-534,2018-19,31,1,0
2018-19-player-172,2018-19,31,1,0
2018-19-player-233,2018-19,31,1,0
2018-19-player-254,2018-19,31,1,0
2018-19-player-419,2018-19,31,2,0
2018-19-player-45,2018-19,31,2,0
2018-19-player-208,2018-19,31,1,0
2018-19-player-585,2018-19,31,2,0
2018-19-player-411,2018-19,31,1,0
2018-19-player-317,2018-19,31,1,0
2018-19-player-393,2018-19,31,1,0
2018-19-player-575,2018-19,31,1,0
2018-19-player-251,2018-19,31,1,0
2018-19-player-493,2018-19,31,1,0
2018-19-player-215,2018-19,31,1,0
2018-19-player-14,2018-19,32,1,0
2018-19-player-390,2018-19,32,2,0
2018-19-player-22,2018-19,32,1,0
2018-19-player-301,2018-19,32,1,0
2018-19-player-276,2018-19,32,1,0
2018-19-player-507,2018-19,32,1,0
2018-19-player-364,2018-19,32,1,0
2018-19-player-113,2018-19,32,1,0
2018-19-player-432,2018-19,32,1,0
2018-19-player-534,2018-19,32,1,0
2018-19-player-122,2018-19,32,1,0
2018-19-player-383,2018-19,32,1,0
2018-19-player-367,2018-19,32,1,0
2018-19-player-234,2018-19,32,1,0
2018-19-player-273,2018-19,32,1,0
2018-19-player-526,2018-19,32,1,0
2018-19-player-275,2018-19,32,1,0
2018-19-player-370,2018-19,32,1,0
2018-19-player-150,2018-19,32,1,0
2018-19-player-305,2018-19,32,1,0
2018-19-player-133,2018-19,32,1,0
2018-19-player-142,2018-19,32,1,0
2018-19-player-340,2018-19,32,1,0
2018-19-player-257,2018-19,32,1,0
2018-19-player-132,2018-19,32,2,0
2018-19-player-575,2018-19,32,1,0
2018-19-player-303,2018-19,32,1,0
2018-19-player-280,2018-19,32,1,0
2018-19-player-396,2018-19,32,1,0
2018-19-player-504,2018-19,32,1,0
2018-19-player-215,2018-19,32,1,0
2018-19-player-392,2018-19,32,1,0
2018-19-player-199,2018-19,33,1,0
2018-19-player-85,2018-19,33,1,0
2018-19-player-80,2018-19,33,1,0
2018-19-player-87,2018-19,33,1,0
2018-19-player-122,2018-19,33,2,0
2018-19-player-233,2018-19,33,1,0
2018-19-player-234,2018-19,33,2,0
2018-19-player-249,2018-19,33,1,0
2018-19-player-150,2018-19,33,1,0
2018-19-player-253,2018-19,33,1,0
2018-19-player-256,2018-19,33,1,0
2018-19-player-158,2018-19,33,1,0
2018-19-player-347,2018-19,33,1,0
2018-19-player-591,2018-19,33,1,0
2018-19-player-326,2018-19,34,1,0
2018-19-player-43,2018-19,34,1,0
2018-19-player-87,2018-19,34,2,0
2018-19-player-37,2018-19,34,1,0
2018-19-player-42,2018-19,34,1,0
2018-19-player-465,2018-19,34,1,0
2018-19-player-281,2018-19,34,1,0
2018-19-player-36,2018-19,34,1,0
2018-19-player-370,2018-19,34,3,0
2018-19-player-150,2018-19,34,1,0
2018-19-player-253,2018-19,34,1,0
2018-19-player-100,2018-19,34,1,0
2018-19-player-343,2018-19,34,2,0
2018-19-player-302,2018-19,34,2,0
2018-19-player-23,2018-19,34,1,0
2018-19-player-270,2018-19,34,2,0
2018-19-player-575,2018-19,34,1,0
2018-19-player-40,2018-19,34,1,0
2018-19-player-251,2018-19,34,1,0
2018-19-player-90,2018-19,34,1,0
2018-19-player-347,2018-19,34,1,0
2018-19-player-182,2018-19,34,1,0
2018-19-player-366,2018-19,34,1,0
2018-19-player-423,2018-19,34,1,0
2018-19-player-480,2018-19,35,1,0
2018-19-player-395,2018-19,35,1,0
2018-19-player-85,2018-19,35,1,0
2018-19-player-326,2018-19,35,3,0
2018-19-player-276,2018-19,35,1,0
2018-19-player-152,2018-19,35,1,0
2018-19-player-364,2018-19,35,1,0
2018-19-player-432,2018-19,35,1,0
2018-19-player-252,2018-19,35,1,0
2018-19-player-394,2018-19,35,2,0
2018-19-player-579,2018-19,35,1,0
2018-19-player-172,2018-19,35,1,0
2018-19-player-571,2018-19,35,1,0
2018-19-player-147,2018-19,35,1,0
2018-19-player-254,2018-19,35,1,0
2018-19-player-234,2018-19,35,1,0
2018-19-player-78,2018-19,35,1,0
2018-19-player-585,2018-19,35,1,0
2018-19-player-275,2018-19,35,1,0
2018-19-player-484,2018-19,35,1,0
2018-19-player-502,2018-19,35,1,0
2018-19-player-344,2018-19,35,1,0
2018-19-player-425,2018-19,35,1,0
2018-19-player-13,2018-19,35,1,0
2018-19-player-415,2018-19,35,1,0
2018-19-player-126,2018-19,35,1,0
2018-19-player-277,2018-19,35,1,0
2018-19-player-23,2018-19,35,1,0
2018-19-player-393,2018-19,35,1,0
2018-19-player-433,2018-19,35,1,0
2018-19-player-347,2018-19,35,1,0
2018-19-player-12,2018-19,35,1,0
2018-19-player-164,2018-19,35,1,0
2018-19-player-151,2018-19,35,1,0
2018-19-player-395,2018-19,36,1,0
2018-19-player-326,2018-19,36,1,0
2018-19-player-43,2018-19,36,2,0
2018-19-player-37,2018-19,36,1,0
2018-19-player-432,2018-19,36,1,0
2018-19-player-338,2018-19,36,1,0
2018-19-player-234,2018-19,36,2,0
2018-19-player-297,2018-19,36,1,0
2018-19-player-115,2018-19,36,1,0
2018-19-player-479,2018-19,36,1,0
2018-19-player-415,2018-19,36,1,0
2018-19-player-253,2018-19,36,2,0
2018-19-player-256,2018-19,36,1,0
2018-19-player-59,2018-19,36,1,0
2018-19-player-437,2018-19,36,1,0
2018-19-player-575,2018-19,36,1,0
2018-19-player-251,2018-19,36,2,0
2018-19-player-280,2018-19,36,1,0
2018-19-player-347,2018-19,36,1,0
2018-19-player-591,2018-19,36,1,0
2018-19-player-149,2018-19,37,1,0
2018-19-player-110,2018-19,37,1,0
2018-19-player-320,2018-19,37,1,0
2018-19-player-116,2018-19,37,1,0
2018-19-player-543,2018-19,37,1,0
2018-19-player-62,2018-19,37,1,0
2018-19-player-579,2018-19,37,1,0
2018-19-player-514,2018-19,37,1,0
2018-19-player-519,2018-19,37,1,0
2018-19-player-417,2018-19,37,2,0
2018-19-player-592,2018-19,37,1,0
2018-19-player-253,2018-19,37,1,0
2018-19-player-31,2018-19,37,1,0
2018-19-player-23,2018-19,37,1,0
2018-19-player-132,2018-19,37,1,0
2018-19-player-408,2018-19,37,1,0
2018-19-player-493,2018-19,37,1,0
2018-19-player-303,2018-19,37,1,0
2018-19-player-157,2018-19,37,1,0
2018-19-player-263,2018-19,37,1,0
2018-19-player-246,2018-19,37,1,0
2018-19-player-151,2018-19,37,1,0
2018-19-player-206,2018-19,38,1,0
2018-19-player-149,2018-19,38,1,0
2018-19-player-85,2018-19,38,1,0
2018-19-player-268,2018-19,38,1,0
2018-19-player-326,2018-19,38,1,0
2018-19-player-177,2018-19,38,1,0
2018-19-player-364,2018-19,38,1,0
2018-19-player-552,2018-19,38,1,0
2018-19-player-361,2018-19,38,1,0
2018-19-player-482,2018-19,38,1,0
2018-19-player-394,2018-19,38,1,0
2018-19-player-62,2018-19,38,1,0
2018-19-player-274,2018-19,38,1,0
2018-19-player-494,2018-19,38,1,0
2018-19-player-318,2018-19,38,1,0
2018-19-player-38,2018-19,38,1,0
2018-19-player-45,2018-19,38,1,0
2018-19-player-414,2018-19,38,1,0
2018-19-player-417,2018-19,38,1,0
2018-19-player-411,2018-19,38,2,0
2018-19-player-592,2018-19,38,2,0
2018-19-player-100,2018-19,38,2,0
2018-19-player-343,2018-19,38,1,0
2018-19-player-142,2018-19,38,1,0
2018-19-player-23,2018-19,38,2,0
2018-19-player-223,2018-19,38,1,0
2018-19-player-251,2018-19,38,2,0
2018-19-player-493,2018-19,38,1,0
2018-19-player-280,2018-19,38,1,0
2018-19-player-164,2018-19,38,1,0
2018-19-team-10,2018-19,1,0,3
2018-19-team-14,2018-19,1,0,1
2018-19-team-9,2018-19,1,0,2
2018-19-team-17,2018-19,1,0,1
2018-19-team-8,2018-19,1,0,2
2018-19-team-11,2018-19,1,0,2
2018-19-team-19,2018-19,1,0,4
2018-19-team-15,2018-19,1,0,2
2018-19-team-3,2018-19,1,0,2
2018-19-team-5,2018-19,1,0,2
2018-19-team-1,2018-19,1,0,2
2018-19-team-20,2018-19,1,0,2
2018-19-team-16,2018-19,2,0,2
2018-19-team-2,2018-19,2,0,1
2018-19-team-18,2018-19,2,0,1
2018-19-team-10,2018-19,2,0,6
2018-19-team-14,2018-19,2,0,3
2018-19-team-13,2018-19,2,0,1
2018-19-team-9,2018-19,2,0,3
2018-19-team-17,2018-19,2,0,1
2018-19-team-4,2018-19,2,0,3
2018-19-team-8,2018-19,2,0,1
2018-19-team-6,2018-19,2,0,2
2018-19-team-19,2018-19,2,0,2
2018-19-team-3,2018-19,2,0,2
2018-19-team-1,2018-19,2,0,3
2018-19-team-20,2018-19,2,0,2
2018-19-team-7,2018-19,2,0,2
2018-19-team-16,2018-19,3,0,2
2018-19-team-2,2018-19,3,0,2
2018-19-team-18,2018-19,3,0,1
2018-19-team-14,2018-19,3,0,3
2018-19-team-13,2018-19,3,0,1
2018-19-team-4,2018-19,3,0,4
2018-19-team-8,2018-19,3,0,2
2018-19-team-11,2018-19,3,0,1
2018-19-team-6,2018-19,3,0,1
2018-19-team-19,2018-19,3,0,3
2018-19-team-9,2018-19,3,0,2
2018-19-team-15,2018-19,3,0,2
2018-19-team-3,2018-19,3,0,1
2018-19-team-1,2018-19,3,0,1
2018-19-team-20,2018-19,3,0,1
2018-19-team-7,2018-19,3,0,2
2018-19-team-12,2018-19,4,0,1
2018-19-team-2,2018-19,4,0,2
2018-19-team-18,2018-19,4,0,1
2018-19-team-13,2018-19,4,0,1
2018-19-team-4,2018-19,4,0,2
2018-19-team-10,2018-19,4,0,1
2018-19-team-8,2018-19,4,0,1
2018-19-team-11,2018-19,4,0,2
2018-19-team-19,2018-19,4,0,1
2018-19-team-9,2018-19,4,0,2
2018-19-team-15,2018-19,4,0,2
2018-19-team-3,2018-19,4,0,2
2018-19-team-17,2018-19,4,0,2
2018-19-team-5,2018-19,4,0,3
2018-19-team-1,2018-19,4,0,2
2018-19-team-7,2018-19,4,0,2
2018-19-team-16,2018-19,5,0,2
2018-19-team-12,2018-19,5,0,1
2018-19-team-2,2018-19,5,0,2
2018-19-team-18,2018-19,5,0,2
2018-19-team-14,2018-19,5,0,1
2018-19-team-4,2018-19,5,0,1
2018-19-team-10,2018-19,5,0,1
2018-19-team-8,2018-19,5,0,3
2018-19-team-11,2018-19,5,0,4
2018-19-team-6,2018-19,5,0,1
2018-19-team-19,2018-19,5,0,1
2018-19-team-9,2018-19,5,0,3
2018-19-team-15,2018-19,5,0,2
2018-19-team-3,2018-19,5,0,2
2018-19-team-17,2018-19,5,0,2
2018-19-team-5,2018-19,5,0,4
2018-19-team-1,2018-19,5,0,1
2018-19-team-16,2018-19,6,0,3
2018-19-team-2,2018-19,6,0,4
2018-19-team-18,2018-19,6,0,1
2018-19-team-14,2018-19,6,0,1
2018-19-team-10,2018-19,6,0,3
2018-19-team-8,2018-19,6,0,2
2018-19-team-11,2018-19,6,0,1
2018-19-team-9,2018-19,6,0,1
2018-19-team-3,2018-19,6,0,2
2018-19-team-5,2018-19,6,0,5
2018-19-team-17,2018-19,6,0,1
2018-19-team-20,2018-19,6,0,1
2018-19-team-16,2018-19,7,0,2
2018-19-team-12,2018-19,7,0,1
2018-19-team-2,2018-19,7,0,1
2018-19-team-18,2018-19,7,0,2
2018-19-team-14,2018-19,7,0,3
2018-19-team-4,2018-19,7,0,1
2018-19-team-10,2018-19,7,0,2
2018-19-team-6,2018-19,7,0,1
2018-19-team-19,2018-19,7,0,1
2018-19-team-9,2018-19,7,0,3
2018-19-team-15,2018-19,7,0,2
2018-19-team-3,2018-19,7,0,2
2018-19-team-5,2018-19,7,0,2
2018-19-team-7,2018-19,7,0,2
2018-19-team-16,2018-19,8,0,3
2018-19-team-18,2018-19,8,0,4
2018-19-team-1,2018-19,8,0,1
2018-19-team-14,2018-19,8,0,2
2018-19-team-4,2018-19,8,0,1
2018-19-team-10,2018-19,8,0,1
2018-19-team-8,2018-19,8,0,1
2018-19-team-11,2018-19,8,0,2
2018-19-team-19,2018-19,8,0,1
2018-19-team-9,2018-19,8,0,5
2018-19-team-15,2018-19,8,0,3
2018-19-team-5,2018-19,8,0,1
2018-19-team-7,2018-19,8,0,1
2018-19-team-1,2018-19,9,0,1
2018-19-team-14,2018-19,9,0,2
2018-19-team-4,2018-19,9,0,5
2018-19-team-10,2018-19,9,0,1
2018-19-team-11,2018-19,9,0,3
2018-19-team-6,2018-19,9,0,2
2018-19-team-19,2018-19,9,0,1
2018-19-team-9,2018-19,9,0,4
2018-19-team-15,2018-19,9,0,1
2018-19-team-5,2018-19,9,0,2
2018-19-team-20,2018-19,9,0,2
2018-19-team-7,2018-19,9,0,2
2018-19-team-12,2018-19,10,0,1
2018-19-team-1,2018-19,10,0,2
2018-19-team-14,2018-19,10,0,1
2018-19-team-17,2018-19,10,0,1
2018-19-team-4,2018-19,10,0,4
2018-19-team-10,2018-19,10,0,3
2018-19-team-8,2018-19,10,0,2
2018-19-team-11,2018-19,10,0,1
2018-19-team-19,2018-19,10,0,1
2018-19-team-5,2018-19,10,0,4
2018-19-team-20,2018-19,10,0,1
2018-19-team-9,2018-19,10,0,3
2018-19-team-7,2018-19,10,0,2
2018-19-team-16,2018-19,11,0,6
2018-19-team-12,2018-19,11,0,1
2018-19-team-2,2018-19,11,0,2
2018-19-team-18,2018-19,11,0,1
2018-19-team-1,2018-19,11,0,1
2018-19-team-14,2018-19,11,0,1
2018-19-team-13,2018-19,11,0,1
2018-19-team-17,2018-19,11,0,2
2018-19-team-4,2018-19,11,0,4
2018-19-team-8,2018-19,11,0,1
2018-19-team-6,2018-19,11,0,1
2018-19-team-19,2018-19,11,0,2
2018-19-team-3,2018-19,11,0,3
2018-19-team-5,2018-19,11,0,1
2018-19-team-20,2018-19,11,0,3
2018-19-team-9,2018-19,11,0,1
2018-19-team-7,2018-19,11,0,3
2018-19-team-16,2018-19,12,0,1
2018-19-team-2,2018-19,12,0,2
2018-19-team-18,2018-19,12,0,1
2018-19-team-1,2018-19,12,0,1
2018-19-team-14,2018-19,12,0,3
2018-19-team-13,2018-19,12,0,1
2018-19-team-10,2018-19,12,0,1
2018-19-team-19,2018-19,12,0,1
2018-19-team-15,2018-19,12,0,1
2018-19-team-3,2018-19,12,0,2
2018-19-team-5,2018-19,12,0,1
2018-19-team-20,2018-19,12,0,1
2018-19-team-9,2018-19,12,0,2
2018-19-team-7,2018-19,12,0,1
2018-19-team-16,2018-19,13,0,3
2018-19-team-2,2018-19,13,0,2
2018-19-team-18,2018-19,13,0,3
2018-19-team-1,2018-19,13,0,1
2018-19-team-17,2018-19,13,0,1
2018-19-team-4,2018-19,13,0,2
2018-19-team-11,2018-19,13,0,1
2018-19-team-6,2018-19,13,0,3
2018-19-team-19,2018-19,13,0,4
2018-19-team-15,2018-19,13,0,1
2018-19-team-3,2018-19,13,0,1
2018-19-team-5,2018-19,13,0,1
2018-19-team-20,2018-19,13,0,2
2018-19-team-9,2018-19,13,0,2
2018-19-team-16,2018-19,14,0,2
2018-19-team-2,2018-19,14,0,3
2018-19-team-18,2018-19,14,0,2
2018-19-team-1,2018-19,14,0,2
2018-19-team-14,2018-19,14,0,2
2018-19-team-13,2018-19,14,0,1
2018-19-team-17,2018-19,14,0,4
2018-19-team-4,2018-19,14,0,2
2018-19-team-10,2018-19,14,0,2
2018-19-team-8,2018-19,14,0,1
2018-19-team-15,2018-19,14,0,3
2018-19-team-3,2018-19,14,0,1
2018-19-team-5,2018-19,14,0,1
2018-19-team-20,2018-19,14,0,2
2018-19-team-9,2018-19,14,0,2
2018-19-team-16,2018-19,15,0,3
2018-19-team-12,2018-19,15,0,1
2018-19-team-2,2018-19,15,0,1
2018-19-team-18,2018-19,15,0,2
2018-19-team-1,2018-19,15,0,2
2018-19-team-14,2018-19,15,0,2
2018-19-team-13,2018-19,15,0,1
2018-19-team-17,2018-19,15,0,1
2018-19-team-4,2018-19,15,0,3
2018-19-team-10,2018-19,15,0,2
2018-19-team-8,2018-19,15,0,1
2018-19-team-11,2018-19,15,0,1
2018-19-team-6,2018-19,15,0,2
2018-19-team-19,2018-19,15,0,1
2018-19-team-15,2018-19,15,0,1
2018-19-team-3,2018-19,15,0,1
2018-19-team-5,2018-19,15,0,3
2018-19-team-20,2018-19,15,0,1
2018-19-team-9,2018-19,15,0,1
2018-19-team-7,2018-19,15,0,3
2018-19-team-16,2018-19,16,0,1
2018-19-team-2,2018-19,16,0,4
2018-19-team-18,2018-19,16,0,2
2018-19-team-14,2018-19,16,0,1
2018-19-team-13,2018-19,16,0,2
2018-19-team-10,2018-19,16,0,1
2018-19-team-8,2018-19,16,0,2
2018-19-team-11,2018-19,16,0,2
2018-19-team-19,2018-19,16,0,2
2018-19-team-15,2018-19,16,0,2
2018-19-team-3,2018-19,16,0,1
2018-19-team-20,2018-19,16,0,1
2018-19-team-9,2018-19,16,0,4
2018-19-team-7,2018-19,16,0,3
2018-19-team-16,2018-19,17,0,2
2018-19-team-12,2018-19,17,0,1
2018-19-team-2,2018-19,17,0,2
2018-19-team-18,2018-19,17,0,2
2018-19-team-1,2018-19,17,0,3
2018-19-team-14,2018-19,17,0,3
2018-19-team-13,2018-19,17,0,1
2018-19-team-4,2018-19,17,0,1
2018-19-team-10,2018-19,17,0,1
2018-19-team-8,2018-19,17,0,3
2018-19-team-11,2018-19,17,0,1
2018-19-team-6,2018-19,17,0,1
2018-19-team-3,2018-19,17,0,2
2018-19-team-5,2018-19,17,0,3
2018-19-team-9,2018-19,17,0,2
2018-19-team-16,2018-19,18,0,1
2018-19-team-1,2018-19,18,0,1
2018-19-team-14,2018-19,18,0,1
2018-19-team-13,2018-19,18,0,3
2018-19-team-17,2018-19,18,0,2
2018-19-team-4,2018-19,18,0,3
2018-19-team-10,2018-19,18,0,3
2018-19-team-8,2018-19,18,0,6
2018-19-team-6,2018-19,18,0,1
2018-19-team-19,2018-19,18,0,2
2018-19-team-3,2018-19,18,0,2
2018-19-team-5,2018-19,18,0,5
2018-19-team-20,2018-19,18,0,2
2018-19-team-7,2018-19,18,0,2
2018-19-team-16,2018-19,19,0,2
2018-19-team-2,2018-19,19,0,5
2018-19-team-18,2018-19,19,0,2
2018-19-team-1,2018-19,19,0,1
2018-19-team-14,2018-19,19,0,1
2018-19-team-13,2018-19,19,0,2
2018-19-team-4,2018-19,19,0,5
2018-19-team-10,2018-19,19,0,3
2018-19-team-8,2018-19,19,0,1
2018-19-team-11,2018-19,19,0,1
2018-19-team-6,2018-19,19,0,1
2018-19-team-19,2018-19,19,0,1
2018-19-team-15,2018-19,19,0,4
2018-19-team-3,2018-19,19,0,1
2018-19-team-20,2018-19,19,0,1
2018-19-team-9,2018-19,19,0,1
2018-19-team-16,2018-19,20,0,3
2018-19-team-12,2018-19,20,0,1
2018-19-team-2,2018-19,20,0,4
2018-19-team-18,2018-19,20,0,1
2018-19-team-1,2018-19,20,0,5
2018-19-team-14,2018-19,20,0,1
2018-19-team-13,2018-19,20,0,1
2018-19-team-17,2018-19,20,0,3
2018-19-team-10,2018-19,20,0,1
2018-19-team-8,2018-19,20,0,1
2018-19-team-11,2018-19,20,0,1
2018-19-team-19,2018-19,20,0,2
2018-19-team-15,2018-19,20,0,1
2018-19-team-20,2018-19,20,0,1
2018-19-team-7,2018-19,20,0,1
2018-19-team-12,2018-19,21,0,2
2018-19-team-2,2018-19,21,0,3
2018-19-team-18,2018-19,21,0,3
2018-19-team-1,2018-19,21,0,1
2018-19-team-3,2018-19,21,0,2
2018-19-team-13,2018-19,21,0,1
2018-19-team-10,2018-19,21,0,2
2018-19-team-8,2018-19,21,0,1
2018-19-team-19,2018-19,21,0,2
2018-19-team-15,2018-19,21,0,2
2018-19-team-5,2018-19,21,0,3
2018-19-team-20,2018-19,21,0,2
2018-19-team-9,2018-19,21,0,4
2018-19-team-4,2018-19,21,0,1
2018-19-team-16,2018-19,22,0,1
2018-19-team-2,2018-19,22,0,2
2018-19-team-18,2018-19,22,0,1
2018-19-team-1,2018-19,22,0,1
2018-19-team-3,2018-19,22,0,1
2018-19-team-17,2018-19,22,0,1
2018-19-team-11,2018-19,22,0,2
2018-19-team-6,2018-19,22,0,1
2018-19-team-15,2018-19,22,0,2
2018-19-team-20,2018-19,22,0,3
2018-19-team-9,2018-19,22,0,2
2018-19-team-4,2018-19,22,0,1
2018-19-team-7,2018-19,22,0,2
2018-19-team-16,2018-19,23,0,1
2018-19-team-12,2018-19,23,0,3
2018-19-team-3,2018-19,23,0,2
2018-19-team-14,2018-19,23,0,1
2018-19-team-17,2018-19,23,0,1
2018-19-team-10,2018-19,23,0,3
2018-19-team-8,2018-19,23,0,2
2018-19-team-7,2018-19,23,0,4
2018-19-team-11,2018-19,23,0,4
2018-19-team-6,2018-19,23,0,2
2018-19-team-19,2018-19,23,0,2
2018-19-team-5,2018-19,23,0,3
2018-19-team-20,2018-19,23,0,3
2018-19-team-9,2018-19,23,0,2
2018-19-team-16,2018-19,24,0,1
2018-19-team-12,2018-19,24,0,1
2018-19-team-18,2018-19,24,0,2
2018-19-team-1,2018-19,24,0,1
2018-19-team-14,2018-19,24,0,2
2018-19-team-13,2018-19,24,0,2
2018-19-team-17,2018-19,24,0,1
2018-19-team-10,2018-19,24,0,1
2018-19-team-11,2018-19,24,0,1
2018-19-team-6,2018-19,24,0,4
2018-19-team-19,2018-19,24,0,3
2018-19-team-15,2018-19,24,0,1
2018-19-team-3,2018-19,24,0,4
2018-19-team-5,2018-19,24,0,2
2018-19-team-9,2018-19,24,0,2
2018-19-team-4,2018-19,24,0,2
2018-19-team-7,2018-19,24,0,1
2018-19-team-16,2018-19,25,0,1
2018-19-team-12,2018-19,25,0,1
2018-19-team-2,2018-19,25,0,2
2018-19-team-1,2018-19,25,0,3
2018-19-team-13,2018-19,25,0,1
2018-19-team-10,2018-19,25,0,5
2018-19-team-8,2018-19,25,0,5
2018-19-team-11,2018-19,25,0,1
2018-19-team-19,2018-19,25,0,1
2018-19-team-15,2018-19,25,0,1
2018-19-team-20,2018-19,25,0,1
2018-19-team-9,2018-19,25,0,2
2018-19-team-4,2018-19,25,0,1
2018-19-team-16,2018-19,26,0,2
2018-19-team-2,2018-19,26,0,3
2018-19-team-10,2018-19,26,0,2
2018-19-team-1,2018-19,26,0,1
2018-19-team-17,2018-19,26,0,1
2018-19-team-8,2018-19,26,0,1
2018-19-team-11,2018-19,26,0,3
2018-19-team-6,2018-19,26,0,6
2018-19-team-19,2018-19,26,0,1
2018-19-team-15,2018-19,26,0,1
2018-19-team-3,2018-19,26,0,3
2018-19-team-5,2018-19,26,0,1
2018-19-team-20,2018-19,26,0,1
2018-19-team-9,2018-19,26,0,3
2018-19-team-4,2018-19,26,0,1
2018-19-team-7,2018-19,26,0,1
2018-19-team-16,2018-19,27,0,2
2018-19-team-2,2018-19,27,0,1
2018-19-team-18,2018-19,27,0,1
2018-19-team-17,2018-19,27,0,2
2018-19-team-10,2018-19,27,0,2
2018-19-team-11,2018-19,27,0,4
2018-19-team-19,2018-19,27,0,1
2018-19-team-5,2018-19,27,0,5
2018-19-team-20,2018-19,27,0,1
2018-19-team-9,2018-19,27,0,3
2018-19-team-4,2018-19,27,0,1
2018-19-team-7,2018-19,27,0,1
2018-19-team-2,2018-19,28,0,5
2018-19-team-18,2018-19,28,0,5
2018-19-team-1,2018-19,28,0,1
2018-19-team-14,2018-19,28,0,1
2018-19-team-17,2018-19,28,0,2
2018-19-team-11,2018-19,28,0,1
2018-19-team-19,2018-19,28,0,1
2018-19-team-3,2018-19,28,0,2
2018-19-team-5,2018-19,28,0,3
2018-19-team-20,2018-19,28,0,1
2018-19-team-9,2018-19,28,0,2
2018-19-team-4,2018-19,28,0,2
2018-19-team-7,2018-19,28,0,3
2018-19-team-16,2018-19,29,0,3
2018-19-team-2,2018-19,29,0,1
2018-19-team-18,2018-19,29,0,1
2018-19-team-1,2018-19,29,0,1
2018-19-team-14,2018-19,29,0,2
2018-19-team-17,2018-19,29,0,1
2018-19-team-10,2018-19,29,0,1
2018-19-team-11,2018-19,29,0,2
2018-19-team-6,2018-19,29,0,1
2018-19-team-15,2018-19,29,0,2
2018-19-team-5,2018-19,29,0,2
2018-19-team-9,2018-19,29,0,2
2018-19-team-4,2018-19,29,0,3
2018-19-team-7,2018-19,29,0,1
2018-19-team-12,2018-19,30,0,2
2018-19-team-16,2018-19,30,0,1
2018-19-team-18,2018-19,30,0,3
2018-19-team-14,2018-19,30,0,2
2018-19-team-13,2018-19,30,0,1
2018-19-team-17,2018-19,30,0,2
2018-19-team-10,2018-19,30,0,2
2018-19-team-8,2018-19,30,0,3
2018-19-team-11,2018-19,30,0,1
2018-19-team-6,2018-19,30,0,1
2018-19-team-19,2018-19,30,0,2
2018-19-team-15,2018-19,30,0,2
2018-19-team-3,2018-19,30,0,1
2018-19-team-20,2018-19,30,0,1
2018-19-team-9,2018-19,30,0,3
2018-19-team-4,2018-19,30,0,4
2018-19-team-7,2018-19,30,0,2
2018-19-team-12,2018-19,31,0,1
2018-19-team-2,2018-19,31,0,2
2018-19-team-10,2018-19,31,0,4
2018-19-team-11,2018-19,31,0,1
2018-19-team-6,2018-19,31,0,2
2018-19-team-19,2018-19,31,0,3
2018-19-team-15,2018-19,31,0,2
2018-19-team-9,2018-19,31,0,2
2018-19-team-4,2018-19,31,0,2
2018-19-team-12,2018-19,32,0,1
2018-19-team-2,2018-19,32,0,2
2018-19-team-18,2018-19,32,0,3
2018-19-team-10,2018-19,32,0,2
2018-19-team-14,2018-19,32,0,3
2018-19-team-17,2018-19,32,0,2
2018-19-team-6,2018-19,32,0,1
2018-19-team-19,2018-19,32,0,2
2018-19-team-15,2018-19,32,0,2
2018-19-team-3,2018-19,32,0,4
2018-19-team-5,2018-19,32,0,4
2018-19-team-20,2018-19,32,0,3
2018-19-team-9,2018-19,32,0,6
2018-19-team-7,2018-19,32,0,2
2018-19-team-12,2018-19,33,0,1
2018-19-team-16,2018-19,33,0,3
2018-19-team-2,2018-19,33,0,3
2018-19-team-10,2018-19,33,0,4
2018-19-team-1,2018-19,33,0,1
2018-19-team-11,2018-19,33,0,1
2018-19-team-19,2018-19,33,0,2
2018-19-team-15,2018-19,33,0,1
2018-19-team-4,2018-19,33,0,1
2018-19-team-16,2018-19,34,0,1
2018-19-team-18,2018-19,34,0,1
2018-19-team-10,2018-19,34,0,4
2018-19-team-14,2018-19,34,0,1
2018-19-team-13,2018-19,34,0,1
2018-19-team-8,2018-19,34,0,2
2018-19-team-11,2018-19,34,0,1
2018-19-team-6,2018-19,34,0,2
2018-19-team-19,2018-19,34,0,2
2018-19-team-3,2018-19,34,0,7
2018-19-team-5,2018-19,34,0,2
2018-19-team-20,2018-19,34,0,3
2018-19-team-7,2018-19,34,0,3
2018-19-team-16,2018-19,35,0,4
2018-19-team-2,2018-19,35,0,1
2018-19-team-18,2018-19,35,0,2
2018-19-team-1,2018-19,35,0,6
2018-19-team-14,2018-19,35,0,6
2018-19-team-10,2018-19,35,0,2
2018-19-team-11,2018-19,35,0,2
2018-19-team-6,2018-19,35,0,2
2018-19-team-19,2018-19,35,0,2
2018-19-team-15,2018-19,35,0,1
2018-19-team-3,2018-19,35,0,1
2018-19-team-5,2018-19,35,0,2
2018-19-team-17,2018-19,35,0,1
2018-19-team-20,2018-19,35,0,1
2018-19-team-4,2018-19,35,0,2
2018-19-team-7,2018-19,35,0,2
2018-19-team-16,2018-19,36,0,3
2018-19-team-2,2018-19,36,0,3
2018-19-team-18,2018-19,36,0,2
2018-19-team-1,2018-19,36,0,3
2018-19-team-14,2018-19,36,0,1
2018-19-team-17,2018-19,36,0,1
2018-19-team-10,2018-19,36,0,5
2018-19-team-6,2018-19,36,0,1
2018-19-team-15,2018-19,36,0,1
2018-19-team-3,2018-19,36,0,1
2018-19-team-5,2018-19,36,0,1
2018-19-team-20,2018-19,36,0,1
2018-19-team-4,2018-19,36,0,1
2018-19-team-12,2018-19,37,0,2
2018-19-team-18,2018-19,37,0,3
2018-19-team-1,2018-19,37,0,1
2018-19-team-14,2018-19,37,0,1
2018-19-team-16,2018-19,37,0,3
2018-19-team-17,2018-19,37,0,1
2018-19-team-10,2018-19,37,0,1
2018-19-team-11,2018-19,37,0,1
2018-19-team-15,2018-19,37,0,3
2018-19-team-3,2018-19,37,0,1
2018-19-team-5,2018-19,37,0,3
2018-19-team-9,2018-19,37,0,1
2018-19-team-4,2018-19,37,0,2
2018-19-team-7,2018-19,37,0,2
2018-19-team-16,2018-19,38,0,1
2018-19-team-18,2018-19,38,0,4
2018-19-team-1,2018-19,38,0,1
2018-19-team-14,2018-19,38,0,2
2018-19-team-13,2018-19,38,0,1
2018-19-team-17,2018-19,38,0,2
2018-19-team-10,2018-19,38,0,1
2018-19-team-8,2018-19,38,0,2
2018-19-team-19,2018-19,38,0,1
2018-19-team-2,2018-19,38,0,5
2018-19-team-3,2018-19,38,0,4
2018-19-team-20,2018-19,38,0,2
2018-19-team-9,2018-19,38,0,4
2018-19-team-4,2018-19,38,0,3
2018-19-team-7,2018-19,38,0,3
2019-20-player-239,2019-20,1,1,0
2019-20-player-90,2019-20,1,2,0
2019-20-player-298,2019-20,1,1,0
2019-20-player-61,2019-20,1,1,0
2019-20-player-243,2019-20,1,1,0
2019-20-player-188,2019-20,1,1,0
2019-20-player-46,2019-20,1,1,0
2019-20-player-211,2019-20,1,1,0
2019-20-player-338,2019-20,1,2,0
2019-20-player-96,2019-20,1,1,0
2019-20-player-31,2019-20,1,1,0
2019-20-player-233,2019-20,1,2,0
2019-20-player-191,2019-20,1,1,0
2019-20-player-502,2019-20,1,1,0
2019-20-player-11,2019-20,1,1,0
2019-20-player-214,2019-20,1,3,0
2019-20-player-210,2019-20,1,1,0
2019-20-player-442,2019-20,1,1,0
2019-20-player-278,2019-20,1,1,0
2019-20-player-183,2019-20,1,1,0
2019-20-player-12,2019-20,2,1,0
2019-20-player-239,2019-20,2,1,0
2019-20-player-90,2019-20,2,1,0
2019-20-player-152,2019-20,2,1,0
2019-20-player-313,2019-20,2,1,0
2019-20-player-470,2019-20,2,1,0
2019-20-player-346,2019-20,2,1,0
2019-20-player-505,2019-20,2,1,0
2019-20-player-386,2019-20,2,1,0
2019-20-player-297,2019-20,2,1,0
2019-20-player-269,2019-20,2,1,0
2019-20-player-68,2019-20,2,1,0
2019-20-player-421,2019-20,2,1,0
2019-20-player-345,2019-20,2,1,0
2019-20-player-463,2019-20,2,1,0
2019-20-player-11,2019-20,2,1,0
2019-20-player-214,2019-20,2,1,0
2019-20-player-187,2019-20,2,1,0
2019-20-player-414,2019-20,2,1,0
2019-20-player-192,2019-20,2,1,0
2019-20-player-210,2019-20,2,1,0
2019-20-player-278,2019-20,2,3,0
2019-20-player-176,2019-20,2,1,0
2019-20-player-364,2019-20,3,1,0
2019-20-player-30,2019-20,3,1,0
2019-20-player-90,2019-20,3,1,0
2019-20-player-243,2019-20,3,1,0
2019-20-player-505,2019-20,3,1,0
2019-20-player-172,2019-20,3,1,0
2019-20-player-166,2019-20,3,1,0
2019-20-player-466,2019-20,3,1,0
2019-20-player-185,2019-20,3,1,0
2019-20-player-468,2019-20,3,1,0
2019-20-player-19,2019-20,3,1,0
2019-20-player-396,2019-20,3,1,0
2019-20-player-463,2019-20,3,1,0
2019-20-player-191,2019-20,3,2,0
2019-20-player-438,2019-20,3,1,0
2019-20-player-320,2019-20,3,1,0
2019-20-player-501,2019-20,3,1,0
2019-20-player-123,2019-20,3,1,0
2019-20-player-214,2019-20,3,1,0
2019-20-player-409,2019-20,3,1,0
2019-20-player-210,2019-20,3,2,0
2019-20-player-457,2019-20,3,2,0
2019-20-player-460,2019-20,3,2,0
2019-20-player-278,2019-20,3,1,0
2019-20-player-287,2019-20,3,1,0
2019-20-player-428,2019-20,3,1,0
2019-20-player-12,2019-20,4,1,0
2019-20-player-17,2019-20,4,1,0
2019-20-player-392,2019-20,4,1,0
2019-20-player-218,2019-20,4,1,0
2019-20-player-453,2019-20,4,1,0
2019-20-player-67,2019-20,4,1,0
2019-20-player-343,2019-20,4,1,0
2019-20-player-243,2019-20,4,1,0
2019-20-player-252,2019-20,4,1,0
2019-20-player-338,2019-20,4,1,0
2019-20-player-166,2019-20,4,2,0
2019-20-player-304,2019-20,4,1,0
2019-20-player-468,2019-20,4,1,0
2019-20-player-215,2019-20,4,1,0
2019-20-player-11,2019-20,4,1,0
2019-20-player-409,2019-20,4,1,0
2019-20-player-150,2019-20,4,2,0
2019-20-player-187,2019-20,4,1,0
2019-20-player-407,2019-20,4,1,0
2019-20-player-192,2019-20,4,1,0
2019-20-player-210,2019-20,4,2,0
2019-20-player-457,2019-20,4,1,0
2019-20-player-460,2019-20,4,2,0
2019-20-player-370,2019-20,4,1,0
2019-20-player-448,2019-20,4,1,0
2019-20-player-67,2019-20,5,2,0
2019-20-player-147,2019-20,5,1,0
2019-20-player-346,2019-20,5,1,0
2019-20-player-529,2019-20,5,1,0
2019-20-player-342,2019-20,5,2,0
2019-20-player-100,2019-20,5,1,0
2019-20-player-498,2019-20,5,1,0
2019-20-player-286,2019-20,5,1,0
2019-20-player-233,2019-20,5,1,0
2019-20-player-463,2019-20,5,1,0
2019-20-player-191,2019-20,5,1,0
2019-20-player-438,2019-20,5,1,0
2019-20-player-502,2019-20,5,1,0
2019-20-player-487,2019-20,5,1,0
2019-20-player-11,2019-20,5,2,0
2019-20-player-369,2019-20,5,1,0
2019-20-player-443,2019-20,5,1,0
2019-20-player-75,2019-20,5,1,0
2019-20-player-192,2019-20,5,2,0
2019-20-player-210,2019-20,5,1,0
2019-20-player-460,2019-20,5,3,0
2019-20-player-278,2019-20,5,1,0
2019-20-player-287,2019-20,5,1,0
2019-20-player-371,2019-20,5,1,0
2019-20-player-376,2019-20,6,1,0
2019-20-player-392,2019-20,6,1,0
2019-20-player-218,2019-20,6,3,0
2019-20-player-67,2019-20,6,1,0
2019-20-player-467,2019-20,6,1,0
2019-20-player-91,2019-20,6,2,0
2019-20-player-219,2019-20,6,1,0
2019-20-player-410,2019-20,6,1,0
2019-20-player-338,2019-20,6,1,0
2019-20-player-505,2019-20,6,1,0
2019-20-player-171,2019-20,6,1,0
2019-20-player-321,2019-20,6,1,0
2019-20-player-31,2019-20,6,1,0
2019-20-player-215,2019-20,6,1,0
2019-20-player-70,2019-20,6,1,0
2019-20-player-119,2019-20,6,1,0
2019-20-player-59,2019-20,6,1,0
2019-20-player-488,2019-20,6,1,0
2019-20-player-208,2019-20,6,1,0
2019-20-player-11,2019-20,6,1,0
2019-20-player-159,2019-20,6,1,0
2019-20-player-217,2019-20,6,1,0
2019-20-player-187,2019-20,6,1,0
2019-20-player-210,2019-20,6,1,0
2019-20-player-182,2019-20,6,1,0
2019-20-player-428,2019-20,6,1,0
2019-20-player-376,2019-20,7,1,0
2019-20-player-392,2019-20,7,1,0
2019-20-player-135,2019-20,7,1,0
2019-20-player-30,2019-20,7,1,0
2019-20-player-67,2019-20,7,1,0
2019-20-player-91,2019-20,7,1,0
2019-20-player-313,2019-20,7,1,0
2019-20-player-147,2019-20,7,1,0
2019-20-player-211,2019-20,7,1,0
2019-20-player-199,2019-20,7,1,0
2019-20-player-338,2019-20,7,1,0
2019-20-player-166,2019-20,7,2,0
2019-20-player-451,2019-20,7,1,0
2019-20-player-31,2019-20,7,1,0
2019-20-player-118,2019-20,7,1,0
2019-20-player-68,2019-20,7,1,0
2019-20-player-134,2019-20,7,1,0
2019-20-player-401,2019-20,7,1,0
2019-20-player-11,2019-20,7,1,0
2019-20-player-214,2019-20,7,1,0
2019-20-player-159,2019-20,7,1,0
2019-20-player-217,2019-20,7,1,0
2019-20-player-248,2019-20,7,1,0
2019-20-player-442,2019-20,7,1,0
2019-20-player-176,2019-20,7,1,0
2019-20-player-113,2019-20,7,1,0
2019-20-player-534,2019-20,8,2,0
2019-20-player-417,2019-20,8,2,0
2019-20-player-28,2019-20,8,1,0
2019-20-player-313,2019-20,8,1,0
2019-20-player-106,2019-20,8,1,0
2019-20-player-470,2019-20,8,1,0
2019-20-player-29,2019-20,8,1,0
2019-20-player-171,2019-20,8,1,0
2019-20-player-200,2019-20,8,1,0
2019-20-player-100,2019-20,8,1,0
2019-20-player-468,2019-20,8,1,0
2019-20-player-434,2019-20,8,1,0
2019-20-player-463,2019-20,8,1,0
2019-20-player-540,2019-20,8,1,0
2019-20-player-461,2019-20,8,1,0
2019-20-player-119,2019-20,8,1,0
2019-20-player-502,2019-20,8,1,0
2019-20-player-123,2019-20,8,1,0
2019-20-player-192,2019-20,8,1,0
2019-20-player-457,2019-20,8,1,0
2019-20-player-460,2019-20,8,1,0
2019-20-player-428,2019-20,8,2,0
2019-20-player-368,2019-20,9,1,0
2019-20-player-195,2019-20,9,1,0
2019-20-player-493,2019-20,9,1,0
2019-20-player-344,2019-20,9,1,0
2019-20-player-152,2019-20,9,1,0
2019-20-player-91,2019-20,9,1,0
2019-20-player-313,2019-20,9,1,0
2019-20-player-219,2019-20,9,1,0
2019-20-player-211,2019-20,9,1,0
2019-20-player-151,2019-20,9,1,0
2019-20-player-29,2019-20,9,1,0
2019-20-player-166,2019-20,9,1,0
2019-20-player-70,2019-20,9,1,0
2019-20-player-103,2019-20,9,1,0
2019-20-player-233,2019-20,9,1,0
2019-20-player-309,2019-20,9,1,0
2019-20-player-409,2019-20,9,1,0
2019-20-player-448,2019-20,9,1,0
2019-20-player-239,2019-20,10,1,0
2019-20-player-265,2019-20,10,3,0
2019-20-player-161,2019-20,10,1,0
2019-20-player-431,2019-20,10,3,0
2019-20-player-106,2019-20,10,1,0
2019-20-player-219,2019-20,10,1,0
2019-20-player-147,2019-20,10,1,0
2019-20-player-97,2019-20,10,1,0
2019-20-player-338,2019-20,10,1,0
2019-20-player-222,2019-20,10,1,0
2019-20-player-258,2019-20,10,1,0
2019-20-player-171,2019-20,10,1,0
2019-20-player-166,2019-20,10,3,0
2019-20-player-451,2019-20,10,1,0
2019-20-player-402,2019-20,10,1,0
2019-20-player-468,2019-20,10,1,0
2019-20-player-198,2019-20,10,1,0
2019-20-player-134,2019-20,10,1,0
2019-20-player-70,2019-20,10,1,0
2019-20-player-233,2019-20,10,1,0
2019-20-player-191,2019-20,10,1,0
2019-20-player-502,2019-20,10,1,0
2019-20-player-284,2019-20,10,1,0
2019-20-player-49,2019-20,10,1,0
2019-20-player-214,2019-20,10,1,0
2019-20-player-393,2019-20,10,1,0
2019-20-player-248,2019-20,10,1,0
2019-20-player-5,2019-20,10,1,0
2019-20-player-113,2019-20,10,1,0
2019-20-player-448,2019-20,10,1,0
2019-20-player-181,2019-20,11,1,0
2019-20-player-344,2019-20,11,1,0
2019-20-player-146,2019-20,11,1,0
2019-20-player-431,2019-20,11,1,0
2019-20-player-259,2019-20,11,1,0
2019-20-player-382,2019-20,11,1,0
2019-20-player-254,2019-20,11,1,0
2019-20-player-363,2019-20,11,1,0
2019-20-player-321,2019-20,11,1,0
2019-20-player-166,2019-20,11,1,0
2019-20-player-301,2019-20,11,1,0
2019-20-player-297,2019-20,11,2,0
2019-20-player-269,2019-20,11,1,0
2019-20-player-68,2019-20,11,1,0
2019-20-player-203,2019-20,11,1,0
2019-20-player-421,2019-20,11,1,0
2019-20-player-465,2019-20,11,1,0
2019-20-player-11,2019-20,11,1,0
2019-20-player-409,2019-20,11,1,0
2019-20-player-393,2019-20,11,1,0
2019-20-player-192,2019-20,11,1,0
2019-20-player-210,2019-20,11,1,0
2019-20-player-37,2019-20,11,1,0
2019-20-player-460,2019-20,11,1,0
2019-20-player-164,2019-20,11,1,0
2019-20-player-246,2019-20,12,1,0
2019-20-player-364,2019-20,12,1,0
2019-20-player-90,2019-20,12,1,0
2019-20-player-218,2019-20,12,1,0
2019-20-player-431,2019-20,12,1,0
2019-20-player-91,2019-20,12,1,0
2019-20-player-259,2019-20,12,1,0
2019-20-player-313,2019-20,12,1,0
2019-20-player-253,2019-20,12,1,0
2019-20-player-197,2019-20,12,1,0
2019-20-player-294,2019-20,12,1,0
2019-20-player-363,2019-20,12,1,0
2019-20-player-505,2019-20,12,1,0
2019-20-player-342,2019-20,12,1,0
2019-20-player-171,2019-20,12,1,0
2019-20-player-166,2019-20,12,1,0
2019-20-player-42,2019-20,12,1,0
2019-20-player-465,2019-20,12,1,0
2019-20-player-233,2019-20,12,1,0
2019-20-player-191,2019-20,12,1,0
2019-20-player-409,2019-20,12,1,0
2019-20-player-150,2019-20,12,1,0
2019-20-player-414,2019-20,12,1,0
2019-20-player-192,2019-20,12,1,0
2019-20-player-460,2019-20,12,1,0
2019-20-player-154,2019-20,12,1,0
2019-20-player-12,2019-20,13,2,0
2019-20-player-377,2019-20,13,1,0
2019-20-player-30,2019-20,13,1,0
2019-20-player-90,2019-20,13,1,0
2019-20-player-265,2019-20,13,1,0
2019-20-player-549,2019-20,13,1,0
2019-20-player-91,2019-20,13,1,0
2019-20-player-28,2019-20,13,1,0
2019-20-player-313,2019-20,13,1,0
2019-20-player-279,2019-20,13,1,0
2019-20-player-338,2019-20,13,1,0
2019-20-player-342,2019-20,13,1,0
2019-20-player-84,2019-20,13,1,0
2019-20-player-321,2019-20,13,1,0
2019-20-player-166,2019-20,13,1,0
2019-20-player-301,2019-20,13,1,0
2019-20-player-415,2019-20,13,1,0
2019-20-player-215,2019-20,13,1,0
2019-20-player-345,2019-20,13,1,0
2019-20-player-70,2019-20,13,1,0
2019-20-player-233,2019-20,13,1,0
2019-20-player-234,2019-20,13,1,0
2019-20-player-389,2019-20,13,1,0
2019-20-player-119,2019-20,13,1,0
2019-20-player-501,2019-20,13,1,0
2019-20-player-409,2019-20,13,1,0
2019-20-player-217,2019-20,13,1,0
2019-20-player-187,2019-20,13,1,0
2019-20-player-192,2019-20,13,1,0
2019-20-player-58,2019-20,13,1,0
2019-20-player-287,2019-20,13,1,0
2019-20-player-133,2019-20,13,1,0
2019-20-player-376,2019-20,14,1,0
2019-20-player-344,2019-20,14,2,0
2019-20-player-313,2019-20,14,1,0
2019-20-player-505,2019-20,14,2,0
2019-20-player-525,2019-20,14,1,0
2019-20-player-29,2019-20,14,1,0
2019-20-player-321,2019-20,14,1,0
2019-20-player-166,2019-20,14,1,0
2019-20-player-137,2019-20,14,1,0
2019-20-player-498,2019-20,14,1,0
2019-20-player-269,2019-20,14,1,0
2019-20-player-167,2019-20,14,1,0
2019-20-player-215,2019-20,14,1,0
2019-20-player-42,2019-20,14,1,0
2019-20-player-70,2019-20,14,1,0
2019-20-player-401,2019-20,14,1,0
2019-20-player-349,2019-20,14,1,0
2019-20-player-11,2019-20,14,2,0
2019-20-player-214,2019-20,14,1,0
2019-20-player-150,2019-20,14,1,0
2019-20-player-278,2019-20,14,1,0
2019-20-player-287,2019-20,14,1,0
2019-20-player-445,2019-20,14,1,0
2019-20-player-225,2019-20,14,1,0
2019-20-player-183,2019-20,14,2,0
2019-20-player-133,2019-20,14,1,0
2019-20-player-493,2019-20,15,1,0
2019-20-player-12,2019-20,15,1,0
2019-20-player-500,2019-20,15,1,0
2019-20-player-344,2019-20,15,1,0
2019-20-player-313,2019-20,15,1,0
2019-20-player-188,2019-20,15,2,0
2019-20-player-211,2019-20,15,2,0
2019-20-player-199,2019-20,15,1,0
2019-20-player-171,2019-20,15,1,0
2019-20-player-166,2019-20,15,1,0
2019-20-player-137,2019-20,15,1,0
2019-20-player-269,2019-20,15,1,0
2019-20-player-420,2019-20,15,1,0
2019-20-player-465,2019-20,15,1,0
2019-20-player-233,2019-20,15,2,0
2019-20-player-463,2019-20,15,1,0
2019-20-player-143,2019-20,15,1,0
2019-20-player-502,2019-20,15,1,0
2019-20-player-487,2019-20,15,1,0
2019-20-player-150,2019-20,15,1,0
2019-20-player-217,2019-20,15,1,0
2019-20-player-98,2019-20,15,1,0
2019-20-player-443,2019-20,15,1,0
2019-20-player-305,2019-20,15,1,0
2019-20-player-192,2019-20,15,1,0
2019-20-player-460,2019-20,15,1,0
2019-20-player-278,2019-20,15,1,0
2019-20-player-194,2019-20,15,1,0
2019-20-player-313,2019-20,16,1,0
2019-20-player-349,2019-20,16,1,0
2019-20-player-432,2019-20,16,1,0
2019-20-player-167,2019-20,16,1,0
2019-20-player-239,2019-20,16,1,0
2019-20-player-289,2019-20,16,1,0
2019-20-player-166,2019-20,16,2,0
2019-20-player-488,2019-20,16,1,0
2019-20-player-377,2019-20,16,1,0
2019-20-player-294,2019-20,16,1,0
2019-20-player-345,2019-20,16,1,0
2019-20-player-208,2019-20,16,1,0
2019-20-player-338,2019-20,16,2,0
2019-20-player-233,2019-20,16,1,0
2019-20-player-196,2019-20,16,1,0
2019-20-player-147,2019-20,16,2,0
2019-20-player-150,2019-20,16,1,0
2019-20-player-291,2019-20,16,1,0
2019-20-player-504,2019-20,16,1,0
2019-20-player-193,2019-20,16,1,0
2019-20-player-29,2019-20,16,1,0
2019-20-player-162,2019-20,16,1,0
2019-20-player-254,2019-20,16,1,0
2019-20-player-342,2019-20,16,1,0
2019-20-player-11,2019-20,16,1,0
2019-20-player-269,2019-20,16,1,0
2019-20-player-410,2019-20,16,2,0
2019-20-player-502,2019-20,16,1,0
2019-20-player-54,2019-20,16,1,0
2019-20-player-191,2019-20,16,1,0
2019-20-player-502,2019-20,17,1,0
2019-20-player-330,2019-20,17,1,0
2019-20-player-278,2019-20,17,1,0
2019-20-player-301,2019-20,17,2,0
2019-20-player-457,2019-20,17,1,0
2019-20-player-91,2019-20,17,1,0
2019-20-player-214,2019-20,17,1,0
2019-20-player-234,2019-20,17,1,0
2019-20-player-191,2019-20,17,2,0
2019-20-player-345,2019-20,17,1,0
2019-20-player-215,2019-20,17,2,0
2019-20-player-417,2019-20,17,1,0
2019-20-player-81,2019-20,17,1,0
2019-20-player-133,2019-20,17,1,0
2019-20-player-407,2019-20,18,1,0
2019-20-player-313,2019-20,18,2,0
2019-20-player-525,2019-20,18,1,0
2019-20-player-29,2019-20,18,1,0
2019-20-player-222,2019-20,18,1,0
2019-20-player-451,2019-20,18,1,0
2019-20-player-287,2019-20,18,1,0
2019-20-player-166,2019-20,18,1,0
2019-20-player-501,2019-20,18,1,0
2019-20-player-362,2019-20,18,1,0
2019-20-player-113,2019-20,18,2,0
2019-20-player-308,2019-20,18,1,0
2019-20-player-217,2019-20,18,1,0
2019-20-player-211,2019-20,18,1,0
2019-20-player-266,2019-20,18,1,0
2019-20-player-409,2019-20,18,1,0
2019-20-player-540,2019-20,19,1,0
2019-20-player-81,2019-20,19,1,0
2019-20-player-11,2019-20,19,1,0
2019-20-player-338,2019-20,19,1,0
2019-20-player-417,2019-20,19,1,0
2019-20-player-239,2019-20,19,2,0
2019-20-player-187,2019-20,19,2,0
2019-20-player-401,2019-20,19,1,0
2019-20-player-468,2019-20,19,1,0
2019-20-player-363,2019-20,19,1,0
2019-20-player-302,2019-20,19,1,0
2019-20-player-493,2019-20,19,1,0
2019-20-player-28,2019-20,19,1,0
2019-20-player-314,2019-20,19,1,0
2019-20-player-234,2019-20,19,1,0
2019-20-player-344,2019-20,19,1,0
2019-20-player-320,2019-20,19,1,0
2019-20-player-182,2019-20,19,1,0
2019-20-player-233,2019-20,19,1,0
2019-20-player-147,2019-20,19,1,0
2019-20-player-393,2019-20,19,1,0
2019-20-player-214,2019-20,19,2,0
2019-20-player-409,2019-20,19,1,0
2019-20-player-200,2019-20,19,1,0
2019-20-player-139,2019-20,19,1,0
2019-20-player-118,2019-20,20,1,0
2019-20-player-175,2019-20,20,1,0
2019-20-player-210,2019-20,20,1,0
2019-20-player-11,2019-20,20,1,0
2019-20-player-50,2019-20,20,1,0
2019-20-player-313,2019-20,20,1,0
2019-20-player-343,2019-20,20,1,0
2019-20-player-338,2019-20,20,1,0
2019-20-player-525,2019-20,20,1,0
2019-20-player-124,2019-20,20,1,0
2019-20-player-239,2019-20,20,1,0
2019-20-player-460,2019-20,20,1,0
2019-20-player-282,2019-20,20,1,0
2019-20-player-516,2019-20,20,1,0
2019-20-player-192,2019-20,20,1,0
2019-20-player-362,2019-20,20,2,0
2019-20-player-215,2019-20,20,1,0
2019-20-player-399,2019-20,20,1,0
2019-20-player-233,2019-20,20,1,0
2019-20-player-147,2019-20,20,2,0
2019-20-player-252,2019-20,20,1,0
2019-20-player-167,2019-20,20,1,0
2019-20-player-265,2019-20,21,1,0
2019-20-player-457,2019-20,21,1,0
2019-20-player-130,2019-20,21,1,0
2019-20-player-390,2019-20,21,1,0
2019-20-player-50,2019-20,21,1,0
2019-20-player-313,2019-20,21,1,0
2019-20-player-29,2019-20,21,1,0
2019-20-player-105,2019-20,21,1,0
2019-20-player-363,2019-20,21,1,0
2019-20-player-368,2019-20,21,1,0
2019-20-player-287,2019-20,21,1,0
2019-20-player-180,2019-20,21,1,0
2019-20-player-91,2019-20,21,1,0
2019-20-player-488,2019-20,21,1,0
2019-20-player-192,2019-20,21,1,0
2019-20-player-396,2019-20,21,2,0
2019-20-player-191,2019-20,21,1,0
2019-20-player-5,2019-20,21,1,0
2019-20-player-528,2019-20,21,1,0
2019-20-player-428,2019-20,21,1,0
2019-20-player-211,2019-20,21,2,0
2019-20-player-171,2019-20,21,1,0
2019-20-player-150,2019-20,21,1,0
2019-20-player-118,2019-20,22,1,0
2019-20-player-116,2019-20,22,1,0
2019-20-player-210,2019-20,22,3,0
2019-20-player-11,2019-20,22,1,0
2019-20-player-313,2019-20,22,1,0
2019-20-player-239,2019-20,22,1,0
2019-20-player-187,2019-20,22,1,0
2019-20-player-468,2019-20,22,1,0
2019-20-player-460,2019-20,22,1,0
2019-20-player-368,2019-20,22,1,0
2019-20-player-501,2019-20,22,1,0
2019-20-player-234,2019-20,22,1,0
2019-20-player-30,2019-20,22,1,0
2019-20-player-362,2019-20,22,1,0
2019-20-player-233,2019-20,22,2,0
2019-20-player-420,2019-20,22,1,0
2019-20-player-217,2019-20,22,2,0
2019-20-player-517,2019-20,22,1,0
2019-20-player-211,2019-20,22,1,0
2019-20-player-266,2019-20,22,1,0
2019-20-player-150,2019-20,22,1,0
2019-20-player-369,2019-20,22,1,0
2019-20-player-323,2019-20,22,1,0
2019-20-player-278,2019-20,23,1,0
2019-20-player-409,2019-20,23,2,0
2019-20-player-307,2019-20,23,1,0
2019-20-player-210,2019-20,23,2,0
2019-20-player-504,2019-20,23,1,0
2019-20-player-147,2019-20,23,1,0
2019-20-player-381,2019-20,23,1,0
2019-20-player-301,2019-20,23,1,0
2019-20-player-421,2019-20,23,1,0
2019-20-player-271,2019-20,23,1,0
2019-20-player-315,2019-20,23,1,0
2019-20-player-172,2019-20,23,1,0
2019-20-player-528,2019-20,23,1,0
2019-20-player-29,2019-20,23,1,0
2019-20-player-183,2019-20,23,1,0
2019-20-player-146,2019-20,23,1,0
2019-20-player-91,2019-20,23,1,0
2019-20-player-101,2019-20,23,1,0
2019-20-player-191,2019-20,23,1,0
2019-20-player-516,2019-20,24,1,0
2019-20-player-193,2019-20,24,1,0
2019-20-player-265,2019-20,24,2,0
2019-20-player-344,2019-20,24,1,0
2019-20-player-67,2019-20,24,1,0
2019-20-player-91,2019-20,24,1,0
2019-20-player-105,2019-20,24,1,0
2019-20-player-147,2019-20,24,1,0
2019-20-player-470,2019-20,24,1,0
2019-20-player-257,2019-20,24,2,0
2019-20-player-504,2019-20,24,1,0
2019-20-player-505,2019-20,24,1,0
2019-20-player-172,2019-20,24,1,0
2019-20-player-342,2019-20,24,1,0
2019-20-player-2,2019-20,24,1,0
2019-20-player-451,2019-20,24,1,0
2019-20-player-198,2019-20,24,1,0
2019-20-player-118,2019-20,24,1,0
2019-20-player-396,2019-20,24,1,0
2019-20-player-191,2019-20,24,1,0
2019-20-player-496,2019-20,24,1,0
2019-20-player-320,2019-20,24,1,0
2019-20-player-409,2019-20,24,1,0
2019-20-player-159,2019-20,24,1,0
2019-20-player-187,2019-20,24,1,0
2019-20-player-210,2019-20,24,1,0
2019-20-player-323,2019-20,24,1,0
2019-20-player-278,2019-20,24,1,0
2019-20-player-362,2019-20,24,1,0
2019-20-player-445,2019-20,24,1,0
2019-20-player-355,2019-20,25,1,0
2019-20-player-193,2019-20,25,1,0
2019-20-player-104,2019-20,25,2,0
2019-20-player-161,2019-20,25,1,0
2019-20-player-44,2019-20,25,1,0
2019-20-player-172,2019-20,25,1,0
2019-20-player-342,2019-20,25,1,0
2019-20-player-381,2019-20,25,1,0
2019-20-player-198,2019-20,25,1,0
2019-20-player-613,2019-20,25,1,0
2019-20-player-191,2019-20,25,2,0
2019-20-player-59,2019-20,25,1,0
2019-20-player-49,2019-20,25,1,0
2019-20-player-476,2019-20,25,1,0
2019-20-player-369,2019-20,25,1,0
2019-20-player-393,2019-20,25,2,0
2019-20-player-615,2019-20,25,1,0
2019-20-player-153,2019-20,25,1,0
2019-20-player-142,2019-20,25,2,0
2019-20-player-92,2019-20,26,1,0
2019-20-player-239,2019-20,26,1,0
2019-20-player-192,2019-20,26,1,0
2019-20-player-101,2019-20,26,1,0
2019-20-player-368,2019-20,26,1,0
2019-20-player-160,2019-20,26,1,0
2019-20-player-215,2019-20,26,1,0
2019-20-player-298,2019-20,26,1,0
2019-20-player-313,2019-20,26,1,0
2019-20-player-331,2019-20,26,1,0
2019-20-player-12,2019-20,26,1,0
2019-20-player-455,2019-20,26,1,0
2019-20-player-67,2019-20,26,1,0
2019-20-player-488,2019-20,26,1,0
2019-20-player-152,2019-20,26,1,0
2019-20-player-342,2019-20,26,2,0
2019-20-player-129,2019-20,26,1,0
2019-20-player-443,2019-20,26,1,0
2019-20-player-297,2019-20,26,1,0
2019-20-player-150,2019-20,26,1,0
2019-20-player-11,2019-20,26,1,0
2019-20-player-15,2019-20,26,1,0
2019-20-player-147,2019-20,26,1,0
2019-20-player-239,2019-20,27,1,0
2019-20-player-618,2019-20,27,1,0
2019-20-player-410,2019-20,27,2,0
2019-20-player-147,2019-20,27,1,0
2019-20-player-97,2019-20,27,1,0
2019-20-player-13,2019-20,27,1,0
2019-20-player-291,2019-20,27,1,0
2019-20-player-211,2019-20,27,1,0
2019-20-player-199,2019-20,27,1,0
2019-20-player-381,2019-20,27,1,0
2019-20-player-451,2019-20,27,1,0
2019-20-player-103,2019-20,27,1,0
2019-20-player-234,2019-20,27,1,0
2019-20-player-92,2019-20,27,1,0
2019-20-player-191,2019-20,27,1,0
2019-20-player-502,2019-20,27,1,0
2019-20-player-110,2019-20,27,1,0
2019-20-player-399,2019-20,27,1,0
2019-20-player-123,2019-20,27,1,0
2019-20-player-11,2019-20,27,2,0
2019-20-player-409,2019-20,27,1,0
2019-20-player-150,2019-20,27,1,0
2019-20-player-192,2019-20,27,1,0
2019-20-player-315,2019-20,27,1,0
2019-20-player-323,2019-20,27,1,0
2019-20-player-468,2019-20,28,1,0
2019-20-player-68,2019-20,28,1,0
2019-20-player-336,2019-20,28,1,0
2019-20-player-626,2019-20,28,1,0
2019-20-player-409,2019-20,28,1,0
2019-20-player-401,2019-20,28,1,0
2019-20-player-147,2019-20,28,1,0
2019-20-player-618,2019-20,28,1,0
2019-20-player-525,2019-20,28,2,0
2019-20-player-457,2019-20,28,1,0
2019-20-player-276,2019-20,28,1,0
2019-20-player-410,2019-20,28,1,0
2019-20-player-389,2019-20,28,1,0
2019-20-player-615,2019-20,28,1,0
2019-20-player-103,2019-20,28,2,0
2019-20-player-362,2019-20,28,1,0
2019-20-player-82,2019-20,28,1,0
2019-20-player-314,2019-20,28,1,0
2019-20-player-192,2019-20,29,1,0
2019-20-player-468,2019-20,29,1,0
2019-20-player-500,2019-20,29,1,0
2019-20-player-191,2019-20,29,1,0
2019-20-player-172,2019-20,29,2,0
2019-20-player-110,2019-20,29,1,0
2019-20-player-67,2019-20,29,1,0
2019-20-player-166,2019-20,29,2,0
2019-20-player-344,2019-20,29,1,0
2019-20-player-463,2019-20,29,1,0
2019-20-player-12,2019-20,29,1,0
2019-20-player-113,2019-20,29,1,0
2019-20-player-298,2019-20,29,1,0
2019-20-player-239,2019-20,29,1,0
2019-20-player-91,2019-20,29,1,0
2019-20-player-114,2019-20,29,1,0
2019-20-player-248,2019-20,29,1,0
2019-20-player-500,2019-20,39,1,0
2019-20-player-161,2019-20,39,1,0
2019-20-player-618,2019-20,39,1,0
2019-20-player-431,2019-20,39,1,0
2019-20-player-439,2019-20,39,1,0
2019-20-player-313,2019-20,39,1,0
2019-20-player-219,2019-20,39,1,0
2019-20-player-466,2019-20,39,1,0
2019-20-player-468,2019-20,39,1,0
2019-20-player-215,2019-20,39,1,0
2019-20-player-25,2019-20,39,1,0
2019-20-player-42,2019-20,39,1,0
2019-20-player-134,2019-20,39,1,0
2019-20-player-251,2019-20,39,1,0
2019-20-player-320,2019-20,39,1,0
2019-20-player-502,2019-20,39,1,0
2019-20-player-488,2019-20,39,1,0
2019-20-player-110,2019-20,39,1,0
2019-20-player-528,2019-20,39,1,0
2019-20-player-220,2019-20,39,3,0
2019-20-player-214,2019-20,39,1,0
2019-20-player-409,2019-20,39,1,0
2019-20-player-217,2019-20,39,2,0
2019-20-player-615,2019-20,39,1,0
2019-20-player-323,2019-20,39,1,0
2019-20-player-22,2019-20,40,1,0
2019-20-player-239,2019-20,40,3,0
2019-20-player-431,2019-20,40,1,0
2019-20-player-554,2019-20,40,1,0
2019-20-player-13,2019-20,40,1,0
2019-20-player-197,2019-20,40,1,0
2019-20-player-338,2019-20,40,1,0
2019-20-player-451,2019-20,40,1,0
2019-20-player-490,2019-20,40,1,0
2019-20-player-215,2019-20,40,1,0
2019-20-player-143,2019-20,40,1,0
2019-20-player-191,2019-20,40,1,0
2019-20-player-409,2019-20,40,1,0
2019-20-player-192,2019-20,40,1,0
2019-20-player-182,2019-20,40,1,0
2019-20-player-113,2019-20,40,1,0
2019-20-player-392,2019-20,41,1,0
2019-20-player-83,2019-20,41,1,0
2019-20-player-618,2019-20,41,2,0
2019-20-player-486,2019-20,41,1,0
2019-20-player-313,2019-20,41,2,0
2019-20-player-81,2019-20,41,1,0
2019-20-player-554,2019-20,41,1,0
2019-20-player-18,2019-20,41,1,0
2019-20-player-151,2019-20,41,1,0
2019-20-player-338,2019-20,41,1,0
2019-20-player-321,2019-20,41,1,0
2019-20-player-167,2019-20,41,1,0
2019-20-player-215,2019-20,41,1,0
2019-20-player-420,2019-20,41,1,0
2019-20-player-70,2019-20,41,1,0
2019-20-player-234,2019-20,41,1,0
2019-20-player-389,2019-20,41,1,0
2019-20-player-266,2019-20,41,1,0
2019-20-player-501,2019-20,41,1,0
2019-20-player-220,2019-20,41,1,0
2019-20-player-11,2019-20,41,2,0
2019-20-player-214,2019-20,41,1,0
2019-20-player-150,2019-20,41,1,0
2019-20-player-621,2019-20,41,1,0
2019-20-player-270,2019-20,41,1,0
2019-20-player-616,2019-20,41,1,0
2019-20-player-614,2019-20,41,1,0
2019-20-player-113,2019-20,41,2,0
2019-20-player-12,2019-20,42,1,0
2019-20-player-239,2019-20,42,1,0
2019-20-player-618,2019-20,42,1,0
2019-20-player-541,2019-20,42,1,0
2019-20-player-437,2019-20,42,1,0
2019-20-player-569,2019-20,42,1,0
2019-20-player-84,2019-20,42,1,0
2019-20-player-166,2019-20,42,2,0
2019-20-player-295,2019-20,42,1,0
2019-20-player-269,2019-20,42,1,0
2019-20-player-68,2019-20,42,1,0
2019-20-player-77,2019-20,42,1,0
2019-20-player-167,2019-20,42,1,0
2019-20-player-421,2019-20,42,1,0
2019-20-player-233,2019-20,42,1,0
2019-20-player-234,2019-20,42,2,0
2019-20-player-389,2019-20,42,1,0
2019-20-player-266,2019-20,42,1,0
2019-20-player-110,2019-20,42,1,0
2019-20-player-117,2019-20,42,1,0
2019-20-player-192,2019-20,42,1,0
2019-20-player-616,2019-20,42,1,0
2019-20-player-113,2019-20,42,1,0
2019-20-player-618,2019-20,43,1,0
2019-20-player-129,2019-20,43,1,0
2019-20-player-431,2019-20,43,1,0
2019-20-player-439,2019-20,43,1,0
2019-20-player-313,2019-20,43,1,0
2019-20-player-512,2019-20,43,1,0
2019-20-player-219,2019-20,43,1,0
2019-20-player-283,2019-20,43,1,0
2019-20-player-211,2019-20,43,1,0
2019-20-player-166,2019-20,43,1,0
2019-20-player-451,2019-20,43,1,0
2019-20-player-295,2019-20,43,1,0
2019-20-player-198,2019-20,43,1,0
2019-20-player-421,2019-20,43,1,0
2019-20-player-234,2019-20,43,1,0
2019-20-player-191,2019-20,43,2,0
2019-20-player-110,2019-20,43,1,0
2019-20-player-238,2019-20,43,1,0
2019-20-player-11,2019-20,43,1,0
2019-20-player-214,2019-20,43,1,0
2019-20-player-150,2019-20,43,1,0
2019-20-player-217,2019-20,43,1,0
2019-20-player-460,2019-20,43,1,0
2019-20-player-133,2019-20,43,1,0
2019-20-player-12,2019-20,44,1,0
2019-20-player-181,2019-20,44,1,0
2019-20-player-239,2019-20,44,1,0
2019-20-player-218,2019-20,44,1,0
2019-20-player-303,2019-20,44,2,0
2019-20-player-410,2019-20,44,1,0
2019-20-player-69,2019-20,44,2,0
2019-20-player-554,2019-20,44,1,0
2019-20-player-211,2019-20,44,1,0
2019-20-player-342,2019-20,44,1,0
2019-20-player-166,2019-20,44,1,0
2019-20-player-451,2019-20,44,1,0
2019-20-player-77,2019-20,44,1,0
2019-20-player-420,2019-20,44,1,0
2019-20-player-465,2019-20,44,2,0
2019-20-player-233,2019-20,44,1,0
2019-20-player-314,2019-20,44,1,0
2019-20-player-389,2019-20,44,4,0
2019-20-player-501,2019-20,44,1,0
2019-20-player-214,2019-20,44,3,0
2019-20-player-409,2019-20,44,1,0
2019-20-player-323,2019-20,44,1,0
2019-20-player-331,2019-20,44,1,0
2019-20-player-362,2019-20,44,2,0
2019-20-player-12,2019-20,45,1,0
2019-20-player-239,2019-20,45,1,0
2019-20-player-265,2019-20,45,1,0
2019-20-player-91,2019-20,45,1,0
2019-20-player-313,2019-20,45,1,0
2019-20-player-76,2019-20,45,1,0
2019-20-player-219,2019-20,45,1,0
2019-20-player-395,2019-20,45,1,0
2019-20-player-175,2019-20,45,1,0
2019-20-player-452,2019-20,45,1,0
2019-20-player-211,2019-20,45,1,0
2019-20-player-338,2019-20,45,2,0
2019-20-player-342,2019-20,45,1,0
2019-20-player-233,2019-20,45,1,0
2019-20-player-251,2019-20,45,1,0
2019-20-player-389,2019-20,45,1,0
2019-20-player-502,2019-20,45,1,0
2019-20-player-110,2019-20,45,1,0
2019-20-player-409,2019-20,45,1,0
2019-20-player-489,2019-20,45,1,0
2019-20-player-192,2019-20,45,1,0
2019-20-player-153,2019-20,45,1,0
2019-20-player-616,2019-20,45,1,0
2019-20-player-362,2019-20,45,1,0
2019-20-player-193,2019-20,46,1,0
2019-20-player-202,2019-20,46,1,0
2019-20-player-437,2019-20,46,1,0
2019-20-player-431,2019-20,46,1,0
2019-20-player-91,2019-20,46,1,0
2019-20-player-619,2019-20,46,1,0
2019-20-player-313,2019-20,46,1,0
2019-20-player-199,2019-20,46,1,0
2019-20-player-338,2019-20,46,2,0
2019-20-player-402,2019-20,46,1,0
2019-20-player-465,2019-20,46,1,0
2019-20-player-234,2019-20,46,1,0
2019-20-player-389,2019-20,46,1,0
2019-20-player-196,2019-20,46,1,0
2019-20-player-110,2019-20,46,1,0
2019-20-player-220,2019-20,46,1,0
2019-20-player-214,2019-20,46,2,0
2019-20-player-150,2019-20,46,1,0
2019-20-player-187,2019-20,46,1,0
2019-20-player-460,2019-20,46,1,0
2019-20-player-182,2019-20,46,1,0
2019-20-player-534,2019-20,47,1,0
2019-20-player-392,2019-20,47,1,0
2019-20-player-618,2019-20,47,1,0
2019-20-player-437,2019-20,47,2,0
2019-20-player-91,2019-20,47,1,0
2019-20-player-313,2019-20,47,1,0
2019-20-player-512,2019-20,47,1,0
2019-20-player-188,2019-20,47,1,0
2019-20-player-69,2019-20,47,1,0
2019-20-player-554,2019-20,47,1,0
2019-20-player-211,2019-20,47,1,0
2019-20-player-338,2019-20,47,1,0
2019-20-player-29,2019-20,47,1,0
2019-20-player-137,2019-20,47,1,0
2019-20-player-241,2019-20,47,1,0
2019-20-player-297,2019-20,47,1,0
2019-20-player-68,2019-20,47,1,0
2019-20-player-77,2019-20,47,1,0
2019-20-player-215,2019-20,47,2,0
2019-20-player-515,2019-20,47,1,0
2019-20-player-463,2019-20,47,1,0
2019-20-player-496,2019-20,47,1,0
2019-20-player-110,2019-20,47,1,0
2019-20-player-11,2019-20,47,2,0
2019-20-player-214,2019-20,47,1,0
2019-20-player-217,2019-20,47,1,0
2019-20-player-192,2019-20,47,1,0
2019-20-player-362,2019-20,47,1,0
2019-20-player-183,2019-20,47,1,0
2019-20-player-53,2019-20,47,1,0
2019-20-team-3,2019-20,1,0,1
2019-20-team-10,2019-20,1,0,1
2019-20-team-16,2019-20,1,0,3
2019-20-team-18,2019-20,1,0,3
2019-20-team-15,2019-20,1,0,1
2019-20-team-17,2019-20,1,0,1
2019-20-team-6,2019-20,1,0,4
2019-20-team-19,2019-20,1,0,5
2019-20-team-13,2019-20,1,0,1
2019-20-team-14,2019-20,1,0,4
2019-20-team-2,2019-20,1,0,3
2019-20-team-3,2019-20,2,0,1
2019-20-team-10,2019-20,2,0,1
2019-20-team-16,2019-20,2,0,2
2019-20-team-18,2019-20,2,0,1
2019-20-team-1,2019-20,2,0,1
2019-20-team-12,2019-20,2,0,1
2019-20-team-11,2019-20,2,0,2
2019-20-team-17,2019-20,2,0,2
2019-20-team-9,2019-20,2,0,1
2019-20-team-6,2019-20,2,0,1
2019-20-team-19,2019-20,2,0,1
2019-20-team-13,2019-20,2,0,3
2019-20-team-4,2019-20,2,0,1
2019-20-team-5,2019-20,2,0,2
2019-20-team-20,2019-20,2,0,1
2019-20-team-14,2019-20,2,0,1
2019-20-team-2,2019-20,2,0,2
2019-20-team-7,2019-20,2,0,1
2019-20-team-3,2019-20,3,0,3
2019-20-team-10,2019-20,3,0,1
2019-20-team-18,2019-20,3,0,3
2019-20-team-1,2019-20,3,0,3
2019-20-team-12,2019-20,3,0,2
2019-20-team-15,2019-20,3,0,2
2019-20-team-11,2019-20,3,0,1
2019-20-team-17,2019-20,3,0,1
2019-20-team-8,2019-20,3,0,2
2019-20-team-9,2019-20,3,0,1
2019-20-team-6,2019-20,3,0,2
2019-20-team-19,2019-20,3,0,1
2019-20-team-4,2019-20,3,0,2
2019-20-team-5,2019-20,3,0,1
2019-20-team-20,2019-20,3,0,1
2019-20-team-14,2019-20,3,0,3
2019-20-team-7,2019-20,3,0,1
2019-20-team-3,2019-20,4,0,3
2019-20-team-16,2019-20,4,0,1
2019-20-team-18,2019-20,4,0,1
2019-20-team-1,2019-20,4,0,2
2019-20-team-12,2019-20,4,0,1
2019-20-team-15,2019-20,4,0,2
2019-20-team-17,2019-20,4,0,2
2019-20-team-8,2019-20,4,0,2
2019-20-team-9,2019-20,4,0,1
2019-20-team-6,2019-20,4,0,2
2019-20-team-13,2019-20,4,0,1
2019-20-team-4,2019-20,4,0,4
2019-20-team-5,2019-20,4,0,3
2019-20-team-20,2019-20,4,0,3
2019-20-team-14,2019-20,4,0,2
2019-20-team-2,2019-20,4,0,1
2019-20-team-3,2019-20,5,0,1
2019-20-team-10,2019-20,5,0,1
2019-20-team-18,2019-20,5,0,2
2019-20-team-1,2019-20,5,0,2
2019-20-team-15,2019-20,5,0,1
2019-20-team-11,2019-20,5,0,3
2019-20-team-8,2019-20,5,0,3
2019-20-team-9,2019-20,5,0,1
2019-20-team-6,2019-20,5,0,2
2019-20-team-13,2019-20,5,0,3
2019-20-team-4,2019-20,5,0,1
2019-20-team-5,2019-20,5,0,1
2019-20-team-20,2019-20,5,0,5
2019-20-team-14,2019-20,5,0,2
2019-20-team-7,2019-20,5,0,4
2019-20-team-3,2019-20,6,0,1
2019-20-team-10,2019-20,6,0,1
2019-20-team-16,2019-20,6,0,3
2019-20-team-18,2019-20,6,0,8
2019-20-team-1,2019-20,6,0,2
2019-20-team-12,2019-20,6,0,2
2019-20-team-8,2019-20,6,0,2
2019-20-team-9,2019-20,6,0,1
2019-20-team-6,2019-20,6,0,2
2019-20-team-17,2019-20,6,0,2
2019-20-team-20,2019-20,6,0,1
2019-20-team-14,2019-20,6,0,2
2019-20-team-2,2019-20,6,0,3
2019-20-team-7,2019-20,6,0,1
2019-20-team-3,2019-20,7,0,2
2019-20-team-16,2019-20,7,0,2
2019-20-team-18,2019-20,7,0,2
2019-20-team-1,2019-20,7,0,1
2019-20-team-12,2019-20,7,0,1
2019-20-team-15,2019-20,7,0,1
2019-20-team-11,2019-20,7,0,1
2019-20-team-17,2019-20,7,0,1
2019-20-team-8,2019-20,7,0,3
2019-20-team-19,2019-20,7,0,2
2019-20-team-13,2019-20,7,0,5
2019-20-team-4,2019-20,7,0,2
2019-20-team-14,2019-20,7,0,2
2019-20-team-5,2019-20,7,0,2
2019-20-team-2,2019-20,7,0,2
2019-20-team-3,2019-20,8,0,1
2019-20-team-10,2019-20,8,0,1
2019-20-team-16,2019-20,8,0,4
2019-20-team-12,2019-20,8,0,1
2019-20-team-11,2019-20,8,0,2
2019-20-team-17,2019-20,8,0,3
2019-20-team-8,2019-20,8,0,1
2019-20-team-9,2019-20,8,0,2
2019-20-team-6,2019-20,8,0,1
2019-20-team-14,2019-20,8,0,5
2019-20-team-19,2019-20,8,0,2
2019-20-team-2,2019-20,8,0,1
2019-20-team-7,2019-20,8,0,1
2019-20-team-10,2019-20,9,0,1
2019-20-team-16,2019-20,9,0,1
2019-20-team-18,2019-20,9,0,1
2019-20-team-1,2019-20,9,0,1
2019-20-team-12,2019-20,9,0,1
2019-20-team-9,2019-20,9,0,1
2019-20-team-13,2019-20,9,0,1
2019-20-team-4,2019-20,9,0,2
2019-20-team-5,2019-20,9,0,2
2019-20-team-17,2019-20,9,0,1
2019-20-team-19,2019-20,9,0,2
2019-20-team-20,2019-20,9,0,1
2019-20-team-2,2019-20,9,0,1
2019-20-team-7,2019-20,9,0,2
2019-20-team-10,2019-20,10,0,1
2019-20-team-16,2019-20,10,0,9
2019-20-team-1,2019-20,10,0,2
2019-20-team-12,2019-20,10,0,1
2019-20-team-15,2019-20,10,0,1
2019-20-team-8,2019-20,10,0,3
2019-20-team-6,2019-20,10,0,2
2019-20-team-13,2019-20,10,0,1
2019-20-team-4,2019-20,10,0,2
2019-20-team-5,2019-20,10,0,4
2019-20-team-17,2019-20,10,0,2
2019-20-team-19,2019-20,10,0,1
2019-20-team-20,2019-20,10,0,1
2019-20-team-14,2019-20,10,0,3
2019-20-team-2,2019-20,10,0,3
2019-20-team-7,2019-20,10,0,2
2019-20-team-16,2019-20,11,0,2
2019-20-team-10,2019-20,11,0,1
2019-20-team-18,2019-20,11,0,2
2019-20-team-1,2019-20,11,0,1
2019-20-team-12,2019-20,11,0,1
2019-20-team-11,2019-20,11,0,1
2019-20-team-8,2019-20,11,0,1
2019-20-team-6,2019-20,11,0,1
2019-20-team-13,2019-20,11,0,2
2019-20-team-5,2019-20,11,0,3
2019-20-team-17,2019-20,11,0,1
2019-20-team-19,2019-20,11,0,3
2019-20-team-20,2019-20,11,0,1
2019-20-team-14,2019-20,11,0,2
2019-20-team-2,2019-20,11,0,2
2019-20-team-7,2019-20,11,0,2
2019-20-team-3,2019-20,12,0,2
2019-20-team-16,2019-20,12,0,2
2019-20-team-10,2019-20,12,0,1
2019-20-team-1,2019-20,12,0,2
2019-20-team-11,2019-20,12,0,3
2019-20-team-12,2019-20,12,0,1
2019-20-team-15,2019-20,12,0,1
2019-20-team-8,2019-20,12,0,1
2019-20-team-13,2019-20,12,0,1
2019-20-team-4,2019-20,12,0,3
2019-20-team-17,2019-20,12,0,1
2019-20-team-19,2019-20,12,0,3
2019-20-team-20,2019-20,12,0,1
2019-20-team-14,2019-20,12,0,2
2019-20-team-7,2019-20,12,0,2
2019-20-team-2,2019-20,12,0,2
2019-20-team-3,2019-20,13,0,2
2019-20-team-16,2019-20,13,0,2
2019-20-team-10,2019-20,13,0,1
2019-20-team-18,2019-20,13,0,3
2019-20-team-1,2019-20,13,0,2
2019-20-team-12,2019-20,13,0,3
2019-20-team-11,2019-20,13,0,1
2019-20-team-8,2019-20,13,0,2
2019-20-team-6,2019-20,13,0,2
2019-20-team-13,2019-20,13,0,2
2019-20-team-4,2019-20,13,0,2
2019-20-team-17,2019-20,13,0,2
2019-20-team-19,2019-20,13,0,3
2019-20-team-20,2019-20,13,0,1
2019-20-team-15,2019-20,13,0,3
2019-20-team-7,2019-20,13,0,2
2019-20-team-3,2019-20,14,0,3
2019-20-team-10,2019-20,14,0,2
2019-20-team-16,2019-20,14,0,1
2019-20-team-18,2019-20,14,0,2
2019-20-team-1,2019-20,14,0,2
2019-20-team-12,2019-20,14,0,2
2019-20-team-15,2019-20,14,0,1
2019-20-team-11,2019-20,14,0,2
2019-20-team-8,2019-20,14,0,2
2019-20-team-9,2019-20,14,0,1
2019-20-team-6,2019-20,14,0,1
2019-20-team-13,2019-20,14,0,2
2019-20-team-4,2019-20,14,0,2
2019-20-team-5,2019-20,14,0,2
2019-20-team-17,2019-20,14,0,2
2019-20-team-20,2019-20,14,0,1
2019-20-team-14,2019-20,14,0,2
2019-20-team-2,2019-20,14,0,2
2019-20-team-3,2019-20,15,0,1
2019-20-team-10,2019-20,15,0,2
2019-20-team-16,2019-20,15,0,1
2019-20-team-18,2019-20,15,0,2
2019-20-team-1,2019-20,15,0,2
2019-20-team-12,2019-20,15,0,1
2019-20-team-19,2019-20,15,0,2
2019-20-team-15,2019-20,15,0,2
2019-20-team-11,2019-20,15,0,1
2019-20-team-8,2019-20,15,0,5
2019-20-team-6,2019-20,15,0,1
2019-20-team-4,2019-20,15,0,1
2019-20-team-5,2019-20,15,0,4
2019-20-team-17,2019-20,15,0,2
2019-20-team-14,2019-20,15,0,2
2019-20-team-2,2019-20,15,0,2
2019-20-team-4,2019-20,16,0,2
2019-20-team-2,2019-20,16,0,4
2019-20-team-16,2019-20,16,0,2
2019-20-team-15,2019-20,16,0,1
2019-20-team-8,2019-20,16,0,1
2019-20-team-20,2019-20,16,0,2
2019-20-team-5,2019-20,16,0,5
2019-20-team-14,2019-20,16,0,2
2019-20-team-6,2019-20,16,0,3
2019-20-team-9,2019-20,16,0,1
2019-20-team-13,2019-20,16,0,1
2019-20-team-3,2019-20,16,0,3
2019-20-team-12,2019-20,16,0,1
2019-20-team-19,2019-20,16,0,3
2019-20-team-11,2019-20,16,0,2
2019-20-team-1,2019-20,16,0,1
2019-20-team-16,2019-20,17,0,1
2019-20-team-20,2019-20,17,0,2
2019-20-team-2,2019-20,17,0,2
2019-20-team-4,2019-20,17,0,1
2019-20-team-8,2019-20,17,0,1
2019-20-team-12,2019-20,17,0,1
2019-20-team-13,2019-20,17,0,1
2019-20-team-14,2019-20,17,0,1
2019-20-team-7,2019-20,17,0,1
2019-20-team-18,2019-20,17,0,2
2019-20-team-6,2019-20,17,0,1
2019-20-team-9,2019-20,17,0,1
2019-20-team-17,2019-20,17,0,1
2019-20-team-1,2019-20,17,0,3
2019-20-team-11,2019-20,18,0,1
2019-20-team-17,2019-20,18,0,2
2019-20-team-20,2019-20,18,0,1
2019-20-team-3,2019-20,18,0,1
2019-20-team-7,2019-20,18,0,1
2019-20-team-2,2019-20,18,0,3
2019-20-team-16,2019-20,18,0,1
2019-20-team-4,2019-20,18,0,1
2019-20-team-12,2019-20,18,0,2
2019-20-team-9,2019-20,18,0,3
2019-20-team-14,2019-20,18,0,2
2019-20-team-11,2019-20,19,0,6
2019-20-team-17,2019-20,19,0,1
2019-20-team-18,2019-20,19,0,1
2019-20-team-5,2019-20,19,0,1
2019-20-team-20,2019-20,19,0,2
2019-20-team-6,2019-20,19,0,2
2019-20-team-19,2019-20,19,0,2
2019-20-team-15,2019-20,19,0,1
2019-20-team-3,2019-20,19,0,1
2019-20-team-7,2019-20,19,0,1
2019-20-team-4,2019-20,19,0,2
2019-20-team-13,2019-20,19,0,4
2019-20-team-1,2019-20,19,0,1
2019-20-team-12,2019-20,19,0,1
2019-20-team-9,2019-20,19,0,4
2019-20-team-14,2019-20,19,0,1
2019-20-team-17,2019-20,20,0,2
2019-20-team-5,2019-20,20,0,2
2019-20-team-20,2019-20,20,0,1
2019-20-team-6,2019-20,20,0,1
2019-20-team-15,2019-20,20,0,2
2019-20-team-3,2019-20,20,0,2
2019-20-team-7,2019-20,20,0,1
2019-20-team-2,2019-20,20,0,3
2019-20-team-16,2019-20,20,0,1
2019-20-team-13,2019-20,20,0,2
2019-20-team-19,2019-20,20,0,2
2019-20-team-1,2019-20,20,0,2
2019-20-team-8,2019-20,20,0,1
2019-20-team-9,2019-20,20,0,1
2019-20-team-14,2019-20,20,0,2
2019-20-team-17,2019-20,21,0,1
2019-20-team-18,2019-20,21,0,1
2019-20-team-5,2019-20,21,0,2
2019-20-team-20,2019-20,21,0,2
2019-20-team-6,2019-20,21,0,1
2019-20-team-15,2019-20,21,0,2
2019-20-team-3,2019-20,21,0,4
2019-20-team-7,2019-20,21,0,1
2019-20-team-2,2019-20,21,0,1
2019-20-team-4,2019-20,21,0,1
2019-20-team-13,2019-20,21,0,3
2019-20-team-8,2019-20,21,0,2
2019-20-team-11,2019-20,21,0,1
2019-20-team-12,2019-20,21,0,2
2019-20-team-14,2019-20,21,0,1
2019-20-team-11,2019-20,22,0,1
2019-20-team-17,2019-20,22,0,1
2019-20-team-5,2019-20,22,0,3
2019-20-team-20,2019-20,22,0,1
2019-20-team-7,2019-20,22,0,1
2019-20-team-2,2019-20,22,0,6
2019-20-team-3,2019-20,22,0,3
2019-20-team-16,2019-20,22,0,1
2019-20-team-19,2019-20,22,0,1
2019-20-team-4,2019-20,22,0,1
2019-20-team-13,2019-20,22,0,1
2019-20-team-1,2019-20,22,0,1
2019-20-team-9,2019-20,22,0,2
2019-20-team-14,2019-20,22,0,4
2019-20-team-3,2019-20,23,0,1
2019-20-team-8,2019-20,23,0,1
2019-20-team-1,2019-20,23,0,1
2019-20-team-9,2019-20,23,0,2
2019-20-team-7,2019-20,23,0,2
2019-20-team-2,2019-20,23,0,1
2019-20-team-16,2019-20,23,0,3
2019-20-team-19,2019-20,23,0,1
2019-20-team-15,2019-20,23,0,1
2019-20-team-5,2019-20,23,0,1
2019-20-team-6,2019-20,23,0,1
2019-20-team-12,2019-20,23,0,2
2019-20-team-4,2019-20,23,0,1
2019-20-team-11,2019-20,23,0,2
2019-20-team-20,2019-20,23,0,2
2019-20-team-3,2019-20,24,0,1
2019-20-team-10,2019-20,24,0,1
2019-20-team-18,2019-20,24,0,2
2019-20-team-1,2019-20,24,0,2
2019-20-team-19,2019-20,24,0,6
2019-20-team-12,2019-20,24,0,2
2019-20-team-15,2019-20,24,0,1
2019-20-team-17,2019-20,24,0,1
2019-20-team-8,2019-20,24,0,2
2019-20-team-2,2019-20,24,0,1
2019-20-team-9,2019-20,24,0,1
2019-20-team-6,2019-20,24,0,2
2019-20-team-13,2019-20,24,0,2
2019-20-team-4,2019-20,24,0,3
2019-20-team-20,2019-20,24,0,2
2019-20-team-14,2019-20,24,0,2
2019-20-team-7,2019-20,24,0,2
2019-20-team-3,2019-20,25,0,1
2019-20-team-16,2019-20,25,0,4
2019-20-team-18,2019-20,25,0,3
2019-20-team-11,2019-20,25,0,2
2019-20-team-8,2019-20,25,0,2
2019-20-team-2,2019-20,25,0,2
2019-20-team-9,2019-20,25,0,2
2019-20-team-19,2019-20,25,0,3
2019-20-team-4,2019-20,25,0,3
2019-20-team-7,2019-20,25,0,1
2019-20-team-6,2019-20,25,0,2
2019-20-team-16,2019-20,26,0,2
2019-20-team-5,2019-20,26,0,1
2019-20-team-7,2019-20,26,0,3
2019-20-team-3,2019-20,26,0,2
2019-20-team-6,2019-20,26,0,2
2019-20-team-13,2019-20,26,0,4
2019-20-team-15,2019-20,26,0,1
2019-20-team-18,2019-20,26,0,1
2019-20-team-2,2019-20,26,0,3
2019-20-team-4,2019-20,26,0,1
2019-20-team-8,2019-20,26,0,1
2019-20-team-19,2019-20,26,0,2
2019-20-team-17,2019-20,26,0,2
2019-20-team-14,2019-20,26,0,1
2019-20-team-3,2019-20,27,0,3
2019-20-team-10,2019-20,27,0,2
2019-20-team-18,2019-20,27,0,3
2019-20-team-1,2019-20,27,0,2
2019-20-team-15,2019-20,27,0,1
2019-20-team-17,2019-20,27,0,2
2019-20-team-8,2019-20,27,0,3
2019-20-team-2,2019-20,27,0,2
2019-20-team-9,2019-20,27,0,1
2019-20-team-19,2019-20,27,0,3
2019-20-team-13,2019-20,27,0,1
2019-20-team-4,2019-20,27,0,1
2019-20-team-14,2019-20,27,0,3
2019-20-team-6,2019-20,27,0,1
2019-20-team-16,2019-20,28,0,3
2019-20-team-4,2019-20,28,0,1
2019-20-team-3,2019-20,28,0,2
2019-20-team-20,2019-20,28,0,2
2019-20-team-10,2019-20,28,0,3
2019-20-team-6,2019-20,28,0,2
2019-20-team-12,2019-20,28,0,1
2019-20-team-19,2019-20,28,0,1
2019-20-team-8,2019-20,28,0,1
2019-20-team-9,2019-20,28,0,1
2019-20-team-17,2019-20,28,0,3
2019-20-team-2,2019-20,29,0,4
2019-20-team-16,2019-20,29,0,1
2019-20-team-10,2019-20,29,0,1
2019-20-team-3,2019-20,29,0,2
2019-20-team-5,2019-20,29,0,1
2019-20-team-14,2019-20,29,0,1
2019-20-team-17,2019-20,29,0,1
2019-20-team-19,2019-20,29,0,1
2019-20-team-8,2019-20,29,0,4
2019-20-team-11,2019-20,29,0,2
2019-20-team-18,2019-20,29,0,1
2019-20-team-3,2019-20,39,0,2
2019-20-team-18,2019-20,39,0,1
2019-20-team-1,2019-20,39,0,5
2019-20-team-12,2019-20,39,0,1
2019-20-team-15,2019-20,39,0,3
2019-20-team-17,2019-20,39,0,1
2019-20-team-9,2019-20,39,0,1
2019-20-team-6,2019-20,39,0,1
2019-20-team-19,2019-20,39,0,2
2019-20-team-4,2019-20,39,0,1
2019-20-team-5,2019-20,39,0,5
2019-20-team-14,2019-20,39,0,3
2019-20-team-2,2019-20,39,0,2
2019-20-team-3,2019-20,40,0,1
2019-20-team-16,2019-20,40,0,2
2019-20-team-18,2019-20,40,0,1
2019-20-team-11,2019-20,40,0,2
2019-20-team-6,2019-20,40,0,1
2019-20-team-19,2019-20,40,0,2
2019-20-team-13,2019-20,40,0,1
2019-20-team-15,2019-20,40,0,3
2019-20-team-14,2019-20,40,0,1
2019-20-team-7,2019-20,40,0,4
2019-20-team-2,2019-20,40,0,1
2019-20-team-3,2019-20,41,0,4
2019-20-team-16,2019-20,41,0,1
2019-20-team-10,2019-20,41,0,4
2019-20-team-18,2019-20,41,0,3
2019-20-team-15,2019-20,41,0,1
2019-20-team-17,2019-20,41,0,3
2019-20-team-8,2019-20,41,0,1
2019-20-team-9,2019-20,41,0,2
2019-20-team-6,2019-20,41,0,3
2019-20-team-19,2019-20,41,0,2
2019-20-team-13,2019-20,41,0,1
2019-20-team-4,2019-20,41,0,3
2019-20-team-14,2019-20,41,0,4
2019-20-team-7,2019-20,41,0,1
2019-20-team-2,2019-20,41,0,1
2019-20-team-3,2019-20,42,0,5
2019-20-team-18,2019-20,42,0,3
2019-20-team-12,2019-20,42,0,2
2019-20-team-15,2019-20,42,0,1
2019-20-team-11,2019-20,42,0,1
2019-20-team-8,2019-20,42,0,1
2019-20-team-2,2019-20,42,0,2
2019-20-team-19,2019-20,42,0,2
2019-20-team-13,2019-20,42,0,2
2019-20-team-5,2019-20,42,0,1
2019-20-team-20,2019-20,42,0,2
2019-20-team-14,2019-20,42,0,1
2019-20-team-7,2019-20,42,0,3
2019-20-team-16,2019-20,43,0,1
2019-20-team-10,2019-20,43,0,1
2019-20-team-18,2019-20,43,0,1
2019-20-team-1,2019-20,43,0,1
2019-20-team-8,2019-20,43,0,1
2019-20-team-2,2019-20,43,0,3
2019-20-team-9,2019-20,43,0,1
2019-20-team-6,2019-20,43,0,2
2019-20-team-19,2019-20,43,0,1
2019-20-team-13,2019-20,43,0,5
2019-20-team-4,2019-20,43,0,3
2019-20-team-20,2019-20,43,0,1
2019-20-team-14,2019-20,43,0,2
2019-20-team-7,2019-20,43,0,3
2019-20-team-3,2019-20,44,0,1
2019-20-team-16,2019-20,44,0,2
2019-20-team-10,2019-20,44,0,1
2019-20-team-18,2019-20,44,0,1
2019-20-team-12,2019-20,44,0,2
2019-20-team-1,2019-20,44,0,2
2019-20-team-17,2019-20,44,0,1
2019-20-team-8,2019-20,44,0,3
2019-20-team-9,2019-20,44,0,4
2019-20-team-6,2019-20,44,0,3
2019-20-team-13,2019-20,44,0,2
2019-20-team-4,2019-20,44,0,5
2019-20-team-5,2019-20,44,0,1
2019-20-team-14,2019-20,44,0,4
2019-20-team-7,2019-20,44,0,2
2019-20-team-3,2019-20,45,0,2
2019-20-team-16,2019-20,45,0,1
2019-20-team-10,2019-20,45,0,2
2019-20-team-18,2019-20,45,0,3
2019-20-team-15,2019-20,45,0,2
2019-20-team-11,2019-20,45,0,1
2019-20-team-1,2019-20,45,0,1
2019-20-team-17,2019-20,45,0,1
2019-20-team-8,2019-20,45,0,1
2019-20-team-2,2019-20,45,0,1
2019-20-team-19,2019-20,45,0,1
2019-20-team-13,2019-20,45,0,3
2019-20-team-4,2019-20,45,0,1
2019-20-team-5,2019-20,45,0,1
2019-20-team-20,2019-20,45,0,1
2019-20-team-14,2019-20,45,0,1
2019-20-team-7,2019-20,45,0,2
2019-20-team-3,2019-20,46,0,2
2019-20-team-10,2019-20,46,0,3
2019-20-team-18,2019-20,46,0,4
2019-20-team-12,2019-20,46,0,1
2019-20-team-15,2019-20,46,0,1
2019-20-team-1,2019-20,46,0,1
2019-20-team-9,2019-20,46,0,3
2019-20-team-6,2019-20,46,0,5
2019-20-team-19,2019-20,46,0,1
2019-20-team-14,2019-20,46,0,2
2019-20-team-7,2019-20,46,0,2
2019-20-team-3,2019-20,47,0,1
2019-20-team-16,2019-20,47,0,1
2019-20-team-10,2019-20,47,0,1
2019-20-team-18,2019-20,47,0,3
2019-20-team-15,2019-20,47,0,3
2019-20-team-1,2019-20,47,0,2
2019-20-team-17,2019-20,47,0,1
2019-20-team-8,2019-20,47,0,3
2019-20-team-2,2019-20,47,0,1
2019-20-team-9,2019-20,47,0,2
2019-20-team-19,2019-20,47,0,1
2019-20-team-13,2019-20,47,0,3
2019-20-team-4,2019-20,47,0,1
2019-20-team-5,2019-20,47,0,2
2019-20-team-20,2019-20,47,0,2
2019-20-team-14,2019-20,47,0,5
2019-20-team-7,2019-20,47,0,1
2022-23-player-366,2022-23,1,1,0
2022-23-player-210,2022-23,1,2,0
2022-23-player-225,2022-23,1,1,0
2022-23-player-318,2022-23,1,2,0
2022-23-player-80,2022-23,1,1,0
2022-23-player-266,2022-23,1,1,0
2022-23-player-283,2022-23,1,1,0
2022-23-player-64,2022-23,1,1,0
2022-23-player-83,2022-23,1,1,0
2022-23-player-130,2022-23,1,1,0
2022-23-player-483,2022-23,1,1,0
2022-23-player-62,2022-23,1,1,0
2022-23-player-430,2022-23,1,1,0
2022-23-player-19,2022-23,1,1,0
2022-23-player-258,2022-23,1,1,0
2022-23-player-356,2022-23,1,1,0
2022-23-player-104,2022-23,1,2,0
2022-23-player-407,2022-23,1,1,0
2022-23-player-446,2022-23,1,1,0
2022-23-player-297,2022-23,1,1,0
2022-23-player-436,2022-23,1,1,0
2022-23-player-512,2022-23,2,1,0
2022-23-player-225,2022-23,2,2,0
2022-23-player-314,2022-23,2,1,0
2022-23-player-301,2022-23,2,1,0
2022-23-player-526,2022-23,2,1,0
2022-23-player-397,2022-23,2,1,0
2022-23-player-433,2022-23,2,1,0
2022-23-player-95,2022-23,2,1,0
2022-23-player-42,2022-23,2,1,0
2022-23-player-83,2022-23,2,1,0
2022-23-player-409,2022-23,2,1,0
2022-23-player-160,2022-23,2,1,0
2022-23-player-3,2022-23,2,1,0
2022-23-player-19,2022-23,2,1,0
2022-23-player-146,2022-23,2,1,0
2022-23-player-300,2022-23,2,1,0
2022-23-player-427,2022-23,2,1,0
2022-23-player-28,2022-23,2,2,0
2022-23-player-520,2022-23,2,1,0
2022-23-player-88,2022-23,2,1,0
2022-23-player-261,2022-23,2,1,0
2022-23-player-30,2022-23,2,1,0
2022-23-player-293,2022-23,2,1,0
2022-23-player-394,2022-23,3,1,0
2022-23-player-411,2022-23,3,2,0
2022-23-player-210,2022-23,3,1,0
2022-23-player-233,2022-23,3,1,0
2022-23-player-225,2022-23,3,1,0
2022-23-player-168,2022-23,3,1,0
2022-23-player-318,2022-23,3,1,0
2022-23-player-80,2022-23,3,1,0
2022-23-player-311,2022-23,3,1,0
2022-23-player-246,2022-23,3,1,0
2022-23-player-335,2022-23,3,1,0
2022-23-player-283,2022-23,3,1,0
2022-23-player-26,2022-23,3,1,0
2022-23-player-220,2022-23,3,1,0
2022-23-player-357,2022-23,3,1,0
2022-23-player-160,2022-23,3,2,0
2022-23-player-40,2022-23,3,1,0
2022-23-player-111,2022-23,3,1,0
2022-23-player-356,2022-23,3,1,0
2022-23-player-300,2022-23,3,1,0
2022-23-player-189,2022-23,3,1,0
2022-23-player-79,2022-23,3,1,0
2022-23-player-427,2022-23,3,1,0
2022-23-player-340,2022-23,3,1,0
2022-23-player-261,2022-23,3,1,0
2022-23-player-369,2022-23,3,1,0
2022-23-player-116,2022-23,3,1,0
2022-23-player-205,2022-23,3,1,0
2022-23-player-7,2022-23,3,2,0
2022-23-player-210,2022-23,4,1,0
2022-23-player-318,2022-23,4,3,0
2022-23-player-333,2022-23,4,1,0
2022-23-player-311,2022-23,4,1,0
2022-23-player-86,2022-23,4,1,0
2022-23-player-195,2022-23,4,1,0
2022-23-player-165,2022-23,4,1,0
2022-23-player-285,2022-23,4,1,0
2022-23-player-279,2022-23,4,2,0
2022-23-player-264,2022-23,4,1,0
2022-23-player-368,2022-23,4,1,0
2022-23-player-294,2022-23,4,1,0
2022-23-player-104,2022-23,4,1,0
2022-23-player-480,2022-23,4,1,0
2022-23-player-469,2022-23,4,1,0
2022-23-player-427,2022-23,4,2,0
2022-23-player-280,2022-23,4,1,0
2022-23-player-304,2022-23,4,2,0
2022-23-player-296,2022-23,4,1,0
2022-23-player-293,2022-23,4,2,0
2022-23-player-16,2022-23,4,1,0
2022-23-player-7,2022-23,4,1,0
2022-23-player-210,2022-23,5,1,0
2022-23-player-321,2022-23,5,1,0
2022-23-player-508,2022-23,5,1,0
2022-23-player-594,2022-23,5,1,0
2022-23-player-318,2022-23,5,3,0
2022-23-player-306,2022-23,5,1,0
2022-23-player-195,2022-23,5,1,0
2022-23-player-319,2022-23,5,2,0
2022-23-player-279,2022-23,5,1,0
2022-23-player-468,2022-23,5,1,0
2022-23-player-160,2022-23,5,1,0
2022-23-player-408,2022-23,5,1,0
2022-23-player-89,2022-23,5,1,0
2022-23-player-19,2022-23,5,1,0
2022-23-player-46,2022-23,5,1,0
2022-23-player-28,2022-23,5,1,0
2022-23-player-340,2022-23,5,1,0
2022-23-player-304,2022-23,5,1,0
2022-23-player-296,2022-23,5,1,0
2022-23-player-116,2022-23,5,1,0
2022-23-player-394,2022-23,6,1,0
2022-23-player-210,2022-23,6,1,0
2022-23-player-508,2022-23,6,1,0
2022-23-player-318,2022-23,6,1,0
2022-23-player-80,2022-23,6,3,0
2022-23-player-583,2022-23,6,1,0
2022-23-player-66,2022-23,6,1,0
2022-23-player-433,2022-23,6,1,0
2022-23-player-95,2022-23,6,1,0
2022-23-player-335,2022-23,6,2,0
2022-23-player-13,2022-23,6,1,0
2022-23-player-139,2022-23,6,1,0
2022-23-player-609,2022-23,6,1,0
2022-23-player-458,2022-23,6,1,0
2022-23-player-145,2022-23,6,1,0
2022-23-player-483,2022-23,6,1,0
2022-23-player-111,2022-23,6,1,0
2022-23-player-262,2022-23,6,1,0
2022-23-player-89,2022-23,6,1,0
2022-23-player-271,2022-23,6,1,0
2022-23-player-120,2022-23,6,1,0
2022-23-player-427,2022-23,6,1,0
2022-23-player-45,2022-23,6,1,0
2022-23-player-75,2022-23,6,1,0
2022-23-player-245,2022-23,6,1,0
2022-23-player-116,2022-23,6,2,0
2022-23-player-70,2022-23,6,1,0
2022-23-player-209,2022-23,8,1,0
2022-23-player-305,2022-23,8,1,0
2022-23-player-594,2022-23,8,1,0
2022-23-player-318,2022-23,8,1,0
2022-23-player-314,2022-23,8,1,0
2022-23-player-25,2022-23,8,1,0
2022-23-player-397,2022-23,8,1,0
2022-23-player-26,2022-23,8,1,0
2022-23-player-428,2022-23,8,3,0
2022-23-player-220,2022-23,8,1,0
2022-23-player-440,2022-23,8,1,0
2022-23-player-47,2022-23,8,1,0
2022-23-player-430,2022-23,8,1,0
2022-23-player-110,2022-23,8,1,0
2022-23-player-524,2022-23,8,1,0
2022-23-player-427,2022-23,8,1,0
2022-23-player-28,2022-23,8,1,0
2022-23-player-261,2022-23,8,1,0
2022-23-player-259,2022-23,8,1,0
2022-23-player-211,2022-23,8,1,0
2022-23-player-70,2022-23,8,1,0
2022-23-player-529,2022-23,9,1,0
2022-23-player-512,2022-23,9,1,0
2022-23-player-318,2022-23,9,3,0
2022-23-player-314,2022-23,9,3,0
2022-23-player-465,2022-23,9,1,0
2022-23-player-345,2022-23,9,2,0
2022-23-player-6,2022-23,9,1,0
2022-23-player-534,2022-23,9,1,0
2022-23-player-279,2022-23,9,2,0
2022-23-player-609,2022-23,9,1,0
2022-23-player-370,2022-23,9,1,0
2022-23-player-3,2022-23,9,1,0
2022-23-player-264,2022-23,9,1,0
2022-23-player-111,2022-23,9,3,0
2022-23-player-617,2022-23,9,1,0
2022-23-player-271,2022-23,9,1,0
2022-23-player-356,2022-23,9,1,0
2022-23-player-475,2022-23,9,1,0
2022-23-player-427,2022-23,9,1,0
2022-23-player-28,2022-23,9,1,0
2022-23-player-148,2022-23,9,1,0
2022-23-player-261,2022-23,9,2,0
2022-23-player-369,2022-23,9,2,0
2022-23-player-166,2022-23,9,1,0
2022-23-player-205,2022-23,9,1,0
2022-23-player-150,2022-23,10,1,0
2022-23-player-529,2022-23,10,1,0
2022-23-player-326,2022-23,10,1,0
2022-23-player-585,2022-23,10,1,0
2022-23-player-318,2022-23,10,1,0
2022-23-player-314,2022-23,10,1,0
2022-23-player-306,2022-23,10,1,0
2022-23-player-80,2022-23,10,1,0
2022-23-player-69,2022-23,10,1,0
2022-23-player-465,2022-23,10,1,0
2022-23-player-13,2022-23,10,2,0
2022-23-player-279,2022-23,10,1,0
2022-23-player-609,2022-23,10,1,0
2022-23-player-186,2022-23,10,1,0
2022-23-player-458,2022-23,10,1,0
2022-23-player-145,2022-23,10,1,0
2022-23-player-346,2022-23,10,1,0
2022-23-player-365,2022-23,10,1,0
2022-23-player-19,2022-23,10,1,0
2022-23-player-271,2022-23,10,1,0
2022-23-player-427,2022-23,10,1,0
2022-23-player-140,2022-23,10,1,0
2022-23-player-235,2022-23,10,1,0
2022-23-player-297,2022-23,10,1,0
2022-23-player-303,2022-23,10,1,0
2022-23-player-369,2022-23,10,1,0
2022-23-player-166,2022-23,10,1,0
2022-23-player-169,2022-23,10,1,0
2022-23-player-374,2022-23,10,2,0
2022-23-player-538,2022-23,10,1,0
2022-23-player-70,2022-23,10,1,0
2022-23-player-210,2022-23,11,1,0
2022-23-player-80,2022-23,11,2,0
2022-23-player-66,2022-23,11,1,0
2022-23-player-433,2022-23,11,1,0
2022-23-player-467,2022-23,11,1,0
2022-23-player-13,2022-23,11,1,0
2022-23-player-283,2022-23,11,1,0
2022-23-player-64,2022-23,11,1,0
2022-23-player-142,2022-23,11,2,0
2022-23-player-470,2022-23,11,1,0
2022-23-player-480,2022-23,11,1,0
2022-23-player-427,2022-23,11,1,0
2022-23-player-417,2022-23,11,1,0
2022-23-player-411,2022-23,12,1,0
2022-23-player-210,2022-23,12,1,0
2022-23-player-331,2022-23,12,1,0
2022-23-player-333,2022-23,12,1,0
2022-23-player-160,2022-23,12,1,0
2022-23-player-264,2022-23,12,1,0
2022-23-player-491,2022-23,12,1,0
2022-23-player-297,2022-23,12,1,0
2022-23-player-369,2022-23,12,1,0
2022-23-player-211,2022-23,12,1,0
2022-23-player-169,2022-23,12,1,0
2022-23-player-210,2022-23,13,1,0
2022-23-player-405,2022-23,13,1,0
2022-23-player-225,2022-23,13,1,0
2022-23-player-318,2022-23,13,2,0
2022-23-player-301,2022-23,13,1,0
2022-23-player-461,2022-23,13,1,0
2022-23-player-397,2022-23,13,1,0
2022-23-player-195,2022-23,13,1,0
2022-23-player-614,2022-23,13,1,0
2022-23-player-534,2022-23,13,1,0
2022-23-player-464,2022-23,13,1,0
2022-23-player-3,2022-23,13,1,0
2022-23-player-264,2022-23,13,1,0
2022-23-player-130,2022-23,13,1,0
2022-23-player-40,2022-23,13,1,0
2022-23-player-111,2022-23,13,1,0
2022-23-player-255,2022-23,13,1,0
2022-23-player-191,2022-23,13,1,0
2022-23-player-356,2022-23,13,1,0
2022-23-player-427,2022-23,13,1,0
2022-23-player-240,2022-23,13,1,0
2022-23-player-45,2022-23,13,1,0
2022-23-player-261,2022-23,13,1,0
2022-23-player-593,2022-23,13,1,0
2022-23-player-30,2022-23,13,2,0
2022-23-player-369,2022-23,13,1,0
2022-23-player-259,2022-23,13,1,0
2022-23-player-205,2022-23,13,1,0
2022-23-player-225,2022-23,14,1,0
2022-23-player-301,2022-23,14,1,0
2022-23-player-526,2022-23,14,1,0
2022-23-player-335,2022-23,14,1,0
2022-23-player-283,2022-23,14,1,0
2022-23-player-6,2022-23,14,1,0
2022-23-player-371,2022-23,14,1,0
2022-23-player-440,2022-23,14,1,0
2022-23-player-145,2022-23,14,1,0
2022-23-player-111,2022-23,14,1,0
2022-23-player-62,2022-23,14,2,0
2022-23-player-19,2022-23,14,1,0
2022-23-player-356,2022-23,14,2,0
2022-23-player-432,2022-23,14,1,0
2022-23-player-104,2022-23,14,1,0
2022-23-player-480,2022-23,14,1,0
2022-23-player-240,2022-23,14,1,0
2022-23-player-369,2022-23,14,1,0
2022-23-player-166,2022-23,14,1,0
2022-23-player-7,2022-23,14,1,0
2022-23-player-23,2022-23,14,2,0
2022-23-player-436,2022-23,14,1,0
2022-23-player-237,2022-23,15,1,0
2022-23-player-354,2022-23,15,1,0
2022-23-player-373,2022-23,15,1,0
2022-23-player-225,2022-23,15,1,0
2022-23-player-221,2022-23,15,1,0
2022-23-player-318,2022-23,15,1,0
2022-23-player-493,2022-23,15,1,0
2022-23-player-66,2022-23,15,1,0
2022-23-player-95,2022-23,15,1,0
2022-23-player-319,2022-23,15,1,0
2022-23-player-33,2022-23,15,1,0
2022-23-player-283,2022-23,15,2,0
2022-23-player-464,2022-23,15,1,0
2022-23-player-160,2022-23,15,1,0
2022-23-player-264,2022-23,15,1,0
2022-23-player-346,2022-23,15,1,0
2022-23-player-171,2022-23,15,1,0
2022-23-player-47,2022-23,15,1,0
2022-23-player-124,2022-23,15,1,0
2022-23-player-89,2022-23,15,1,0
2022-23-player-101,2022-23,15,1,0
2022-23-player-104,2022-23,15,1,0
2022-23-player-480,2022-23,15,1,0
2022-23-player-427,2022-23,15,1,0
2022-23-player-240,2022-23,15,1,0
2022-23-player-45,2022-23,15,1,0
2022-23-player-535,2022-23,15,1,0
2022-23-player-369,2022-23,15,1,0
2022-23-player-259,2022-23,15,1,0
2022-23-player-417,2022-23,15,1,0
2022-23-player-374,2022-23,15,1,0
2022-23-player-16,2022-23,15,1,0
2022-23-player-579,2022-23,15,1,0
2022-23-player-70,2022-23,15,1,0
2022-23-player-411,2022-23,16,1,0
2022-23-player-519,2022-23,16,1,0
2022-23-player-373,2022-23,16,1,0
2022-23-player-225,2022-23,16,2,0
2022-23-player-314,2022-23,16,1,0
2022-23-player-231,2022-23,16,1,0
2022-23-player-80,2022-23,16,2,0
2022-23-player-493,2022-23,16,1,0
2022-23-player-279,2022-23,16,1,0
2022-23-player-264,2022-23,16,1,0
2022-23-player-440,2022-23,16,2,0
2022-23-player-62,2022-23,16,1,0
2022-23-player-432,2022-23,16,1,0
2022-23-player-427,2022-23,16,1,0
2022-23-player-569,2022-23,16,1,0
2022-23-player-240,2022-23,16,1,0
2022-23-player-261,2022-23,16,1,0
2022-23-player-75,2022-23,16,1,0
2022-23-player-297,2022-23,16,2,0
2022-23-player-30,2022-23,16,2,0
2022-23-player-535,2022-23,16,1,0
2022-23-player-116,2022-23,16,1,0
2022-23-player-7,2022-23,16,2,0
2022-23-player-315,2022-23,17,1,0
2022-23-player-354,2022-23,17,1,0
2022-23-player-210,2022-23,17,1,0
2022-23-player-331,2022-23,17,1,0
2022-23-player-318,2022-23,17,2,0
2022-23-player-80,2022-23,17,1,0
2022-23-player-86,2022-23,17,1,0
2022-23-player-433,2022-23,17,1,0
2022-23-player-107,2022-23,17,1,0
2022-23-player-345,2022-23,17,1,0
2022-23-player-335,2022-23,17,1,0
2022-23-player-13,2022-23,17,1,0
2022-23-player-283,2022-23,17,1,0
2022-23-player-371,2022-23,17,1,0
2022-23-player-464,2022-23,17,1,0
2022-23-player-142,2022-23,17,1,0
2022-23-player-145,2022-23,17,1,0
2022-23-player-483,2022-23,17,1,0
2022-23-player-40,2022-23,17,1,0
2022-23-player-201,2022-23,17,1,0
2022-23-player-487,2022-23,17,1,0
2022-23-player-564,2022-23,17,1,0
2022-23-player-101,2022-23,17,1,0
2022-23-player-19,2022-23,17,1,0
2022-23-player-427,2022-23,17,1,0
2022-23-player-407,2022-23,17,1,0
2022-23-player-11,2022-23,17,1,0
2022-23-player-280,2022-23,17,1,0
2022-23-player-188,2022-23,17,1,0
2022-23-player-235,2022-23,17,1,0
2022-23-player-369,2022-23,17,1,0
2022-23-player-205,2022-23,17,1,0
2022-23-player-318,2022-23,18,1,0
2022-23-player-80,2022-23,18,1,0
2022-23-player-335,2022-23,18,1,0
2022-23-player-13,2022-23,18,1,0
2022-23-player-266,2022-23,18,1,0
2022-23-player-42,2022-23,18,1,0
2022-23-player-83,2022-23,18,1,0
2022-23-player-220,2022-23,18,1,0
2022-23-player-124,2022-23,18,1,0
2022-23-player-19,2022-23,18,1,0
2022-23-player-596,2022-23,18,1,0
2022-23-player-189,2022-23,18,1,0
2022-23-player-628,2022-23,18,1,0
2022-23-player-46,2022-23,18,1,0
2022-23-player-159,2022-23,18,1,0
2022-23-player-407,2022-23,18,1,0
2022-23-player-11,2022-23,18,1,0
2022-23-player-304,2022-23,18,1,0
2022-23-player-169,2022-23,18,1,0
2022-23-player-7,2022-23,18,1,0
2022-23-player-529,2022-23,19,1,0
2022-23-player-278,2022-23,19,1,0
2022-23-player-210,2022-23,19,1,0
2022-23-player-225,2022-23,19,1,0
2022-23-player-603,2022-23,19,1,0
2022-23-player-397,2022-23,19,1,0
2022-23-player-107,2022-23,19,1,0
2022-23-player-95,2022-23,19,1,0
2022-23-player-335,2022-23,19,1,0
2022-23-player-614,2022-23,19,1,0
2022-23-player-428,2022-23,19,1,0
2022-23-player-483,2022-23,19,1,0
2022-23-player-124,2022-23,19,1,0
2022-23-player-89,2022-23,19,1,0
2022-23-player-429,2022-23,19,1,0
2022-23-player-596,2022-23,19,1,0
2022-23-player-332,2022-23,19,1,0
2022-23-player-189,2022-23,19,1,0
2022-23-player-104,2022-23,19,1,0
2022-23-player-427,2022-23,19,2,0
2022-23-player-520,2022-23,19,1,0
2022-23-player-303,2022-23,19,1,0
2022-23-player-593,2022-23,19,1,0
2022-23-player-618,2022-23,19,1,0
2022-23-player-30,2022-23,19,1,0
2022-23-player-619,2022-23,19,1,0
2022-23-player-394,2022-23,20,2,0
2022-23-player-305,2022-23,20,1,0
2022-23-player-594,2022-23,20,1,0
2022-23-player-318,2022-23,20,1,0
2022-23-player-333,2022-23,20,2,0
2022-23-player-80,2022-23,20,1,0
2022-23-player-107,2022-23,20,2,0
2022-23-player-577,2022-23,20,1,0
2022-23-player-335,2022-23,20,1,0
2022-23-player-319,2022-23,20,1,0
2022-23-player-42,2022-23,20,1,0
2022-23-player-145,2022-23,20,1,0
2022-23-player-103,2022-23,20,1,0
2022-23-player-445,2022-23,20,1,0
2022-23-player-483,2022-23,20,1,0
2022-23-player-171,2022-23,20,1,0
2022-23-player-227,2022-23,20,1,0
2022-23-player-407,2022-23,20,2,0
2022-23-player-88,2022-23,20,1,0
2022-23-player-446,2022-23,20,1,0
2022-23-player-45,2022-23,20,1,0
2022-23-player-303,2022-23,20,2,0
2022-23-player-7,2022-23,20,1,0
2022-23-player-318,2022-23,21,3,0
2022-23-player-465,2022-23,21,2,0
2022-23-player-335,2022-23,21,1,0
2022-23-player-13,2022-23,21,1,0
2022-23-player-533,2022-23,21,1,0
2022-23-player-264,2022-23,21,1,0
2022-23-player-40,2022-23,21,1,0
2022-23-player-391,2022-23,21,1,0
2022-23-player-124,2022-23,21,1,0
2022-23-player-251,2022-23,21,1,0
2022-23-player-596,2022-23,21,1,0
2022-23-player-427,2022-23,21,1,0
2022-23-player-11,2022-23,21,2,0
2022-23-player-75,2022-23,21,1,0
2022-23-player-394,2022-23,22,1,0
2022-23-player-603,2022-23,22,1,0
2022-23-player-526,2022-23,22,1,0
2022-23-player-333,2022-23,22,1,0
2022-23-player-95,2022-23,22,1,0
2022-23-player-335,2022-23,22,2,0
2022-23-player-549,2022-23,22,1,0
2022-23-player-459,2022-23,22,1,0
2022-23-player-715,2022-23,22,1,0
2022-23-player-40,2022-23,22,1,0
2022-23-player-124,2022-23,22,1,0
2022-23-player-262,2022-23,22,1,0
2022-23-player-199,2022-23,22,1,0
2022-23-player-356,2022-23,22,1,0
2022-23-player-480,2022-23,22,1,0
2022-23-player-161,2022-23,22,1,0
2022-23-player-427,2022-23,22,1,0
2022-23-player-340,2022-23,22,1,0
2022-23-player-88,2022-23,22,1,0
2022-23-player-261,2022-23,22,1,0
2022-23-player-619,2022-23,22,1,0
2022-23-player-315,2022-23,23,1,0
2022-23-player-305,2022-23,23,1,0
2022-23-player-318,2022-23,23,1,0
2022-23-player-301,2022-23,23,1,0
2022-23-player-690,2022-23,23,1,0
2022-23-player-80,2022-23,23,1,0
2022-23-player-252,2022-23,23,1,0
2022-23-player-721,2022-23,23,1,0
2022-23-player-107,2022-23,23,1,0
2022-23-player-335,2022-23,23,1,0
2022-23-player-13,2022-23,23,1,0
2022-23-player-283,2022-23,23,1,0
2022-23-player-693,2022-23,23,1,0
2022-23-player-614,2022-23,23,1,0
2022-23-player-264,2022-23,23,1,0
2022-23-player-440,2022-23,23,1,0
2022-23-player-562,2022-23,23,1,0
2022-23-player-40,2022-23,23,1,0
2022-23-player-111,2022-23,23,1,0
2022-23-player-153,2022-23,23,1,0
2022-23-player-262,2022-23,23,1,0
2022-23-player-300,2022-23,23,1,0
2022-23-player-569,2022-23,23,1,0
2022-23-player-680,2022-23,23,1,0
2022-23-player-261,2022-23,23,1,0
2022-23-player-303,2022-23,23,1,0
2022-23-player-369,2022-23,23,1,0
2022-23-player-576,2022-23,23,1,0
2022-23-player-545,2022-23,23,1,0
2022-23-player-354,2022-23,24,1,0
2022-23-player-311,2022-23,24,1,0
2022-23-player-86,2022-23,24,1,0
2022-23-player-335,2022-23,24,2,0
2022-23-player-13,2022-23,24,1,0
2022-23-player-428,2022-23,24,1,0
2022-23-player-562,2022-23,24,1,0
2022-23-player-313,2022-23,24,1,0
2022-23-player-445,2022-23,24,1,0
2022-23-player-40,2022-23,24,1,0
2022-23-player-19,2022-23,24,1,0
2022-23-player-680,2022-23,24,1,0
2022-23-player-29,2022-23,24,1,0
2022-23-player-407,2022-23,24,1,0
2022-23-player-340,2022-23,24,1,0
2022-23-player-297,2022-23,24,1,0
2022-23-player-178,2022-23,24,1,0
2022-23-player-535,2022-23,24,1,0
2022-23-player-169,2022-23,24,1,0
2022-23-player-318,2022-23,25,1,0
2022-23-player-314,2022-23,25,1,0
2022-23-player-467,2022-23,25,1,0
2022-23-player-319,2022-23,25,1,0
2022-23-player-13,2022-23,25,1,0
2022-23-player-283,2022-23,25,1,0
2022-23-player-42,2022-23,25,1,0
2022-23-player-64,2022-23,25,1,0
2022-23-player-239,2022-23,25,1,0
2022-23-player-458,2022-23,25,1,0
2022-23-player-562,2022-23,25,1,0
2022-23-player-40,2022-23,25,1,0
2022-23-player-19,2022-23,25,3,0
2022-23-player-704,2022-23,25,1,0
2022-23-player-427,2022-23,25,1,0
2022-23-player-280,2022-23,25,1,0
2022-23-player-30,2022-23,25,2,0
2022-23-player-7,2022-23,25,1,0
2022-23-player-441,2022-23,25,1,0
2022-23-player-394,2022-23,26,2,0
2022-23-player-272,2022-23,26,1,0
2022-23-player-314,2022-23,26,1,0
2022-23-player-80,2022-23,26,1,0
2022-23-player-311,2022-23,26,1,0
2022-23-player-283,2022-23,26,2,0
2022-23-player-6,2022-23,26,1,0
2022-23-player-693,2022-23,26,1,0
2022-23-player-279,2022-23,26,1,0
2022-23-player-562,2022-23,26,1,0
2022-23-player-103,2022-23,26,1,0
2022-23-player-10,2022-23,26,1,0
2022-23-player-124,2022-23,26,1,0
2022-23-player-491,2022-23,26,1,0
2022-23-player-185,2022-23,26,1,0
2022-23-player-189,2022-23,26,1,0
2022-23-player-680,2022-23,26,2,0
2022-23-player-109,2022-23,26,1,0
2022-23-player-88,2022-23,26,1,0
2022-23-player-297,2022-23,26,2,0
2022-23-player-618,2022-23,26,1,0
2022-23-player-576,2022-23,26,1,0
2022-23-player-116,2022-23,26,1,0
2022-23-player-92,2022-23,26,1,0
2022-23-player-23,2022-23,26,1,0
2022-23-player-70,2022-23,26,1,0
2022-23-player-233,2022-23,27,1,0
2022-23-player-594,2022-23,27,1,0
2022-23-player-318,2022-23,27,1,0
2022-23-player-80,2022-23,27,1,0
2022-23-player-107,2022-23,27,1,0
2022-23-player-139,2022-23,27,1,0
2022-23-player-428,2022-23,27,1,0
2022-23-player-534,2022-23,27,1,0
2022-23-player-464,2022-23,27,1,0
2022-23-player-145,2022-23,27,1,0
2022-23-player-388,2022-23,27,1,0
2022-23-player-40,2022-23,27,1,0
2022-23-player-481,2022-23,27,1,0
2022-23-player-89,2022-23,27,1,0
2022-23-player-19,2022-23,27,1,0
2022-23-player-271,2022-23,27,1,0
2022-23-player-227,2022-23,27,1,0
2022-23-player-427,2022-23,27,2,0
2022-23-player-132,2022-23,27,1,0
2022-23-player-369,2022-23,27,1,0
2022-23-player-116,2022-23,27,1,0
2022-23-player-16,2022-23,27,1,0
2022-23-player-7,2022-23,27,1,0
2022-23-player-70,2022-23,27,1,0
2022-23-player-411,2022-23,28,1,0
2022-23-player-686,2022-23,28,1,0
2022-23-player-585,2022-23,28,1,0
2022-23-player-233,2022-23,28,1,0
2022-23-player-225,2022-23,28,1,0
2022-23-player-594,2022-23,28,2,0
2022-23-player-690,2022-23,28,1,0
2022-23-player-222,2022-23,28,1,0
2022-23-player-13,2022-23,28,2,0
2022-23-player-42,2022-23,28,1,0
2022-23-player-3,2022-23,28,1,0
2022-23-player-264,2022-23,28,1,0
2022-23-player-145,2022-23,28,1,0
2022-23-player-47,2022-23,28,1,0
2022-23-player-19,2022-23,28,1,0
2022-23-player-185,2022-23,28,1,0
2022-23-player-161,2022-23,28,1,0
2022-23-player-46,2022-23,28,1,0
2022-23-player-427,2022-23,28,1,0
2022-23-player-407,2022-23,28,1,0
2022-23-player-88,2022-23,28,1,0
2022-23-player-448,2022-23,28,1,0
2022-23-player-682,2022-23,28,1,0
2022-23-player-400,2022-23,28,1,0
2022-23-player-244,2022-23,28,1,0
2022-23-player-733,2022-23,28,1,0
2022-23-player-477,2022-23,28,1,0
2022-23-player-394,2022-23,29,1,0
2022-23-player-305,2022-23,29,1,0
2022-23-player-373,2022-23,29,1,0
2022-23-player-536,2022-23,29,1,0
2022-23-player-233,2022-23,29,1,0
2022-23-player-508,2022-23,29,1,0
2022-23-player-168,2022-23,29,1,0
2022-23-player-594,2022-23,29,1,0
2022-23-player-301,2022-23,29,1,0
2022-23-player-80,2022-23,29,1,0
2022-23-player-78,2022-23,29,1,0
2022-23-player-461,2022-23,29,1,0
2022-23-player-256,2022-23,29,1,0
2022-23-player-34,2022-23,29,1,0
2022-23-player-66,2022-23,29,1,0
2022-23-player-335,2022-23,29,1,0
2022-23-player-319,2022-23,29,1,0
2022-23-player-283,2022-23,29,1,0
2022-23-player-371,2022-23,29,2,0
2022-23-player-3,2022-23,29,1,0
2022-23-player-264,2022-23,29,1,0
2022-23-player-472,2022-23,29,1,0
2022-23-player-103,2022-23,29,1,0
2022-23-player-346,2022-23,29,1,0
2022-23-player-483,2022-23,29,1,0
2022-23-player-40,2022-23,29,2,0
2022-23-player-10,2022-23,29,1,0
2022-23-player-124,2022-23,29,1,0
2022-23-player-180,2022-23,29,1,0
2022-23-player-596,2022-23,29,1,0
2022-23-player-37,2022-23,29,1,0
2022-23-player-356,2022-23,29,3,0
2022-23-player-300,2022-23,29,1,0
2022-23-player-427,2022-23,29,1,0
2022-23-player-125,2022-23,29,1,0
2022-23-player-28,2022-23,29,2,0
2022-23-player-244,2022-23,29,1,0
2022-23-player-535,2022-23,29,1,0
2022-23-player-116,2022-23,29,1,0
2022-23-player-92,2022-23,29,1,0
2022-23-player-305,2022-23,30,1,0
2022-23-player-594,2022-23,30,1,0
2022-23-player-318,2022-23,30,2,0
2022-23-player-528,2022-23,30,1,0
2022-23-player-338,2022-23,30,1,0
2022-23-player-80,2022-23,30,1,0
2022-23-player-34,2022-23,30,1,0
2022-23-player-345,2022-23,30,1,0
2022-23-player-319,2022-23,30,1,0
2022-23-player-283,2022-23,30,1,0
2022-23-player-106,2022-23,30,1,0
2022-23-player-428,2022-23,30,1,0
2022-23-player-279,2022-23,30,1,0
2022-23-player-40,2022-23,30,1,0
2022-23-player-19,2022-23,30,1,0
2022-23-player-227,2022-23,30,1,0
2022-23-player-589,2022-23,30,1,0
2022-23-player-159,2022-23,30,2,0
2022-23-player-427,2022-23,30,1,0
2022-23-player-28,2022-23,30,1,0
2022-23-player-167,2022-23,30,1,0
2022-23-player-166,2022-23,30,1,0
2022-23-player-169,2022-23,30,1,0
2022-23-player-70,2022-23,30,1,0
2022-23-player-508,2022-23,31,1,0
2022-23-player-288,2022-23,31,2,0
2022-23-player-713,2022-23,31,1,0
2022-23-player-318,2022-23,31,2,0
2022-23-player-718,2022-23,31,1,0
2022-23-player-231,2022-23,31,1,0
2022-23-player-66,2022-23,31,1,0
2022-23-player-465,2022-23,31,1,0
2022-23-player-302,2022-23,31,1,0
2022-23-player-283,2022-23,31,2,0
2022-23-player-428,2022-23,31,1,0
2022-23-player-534,2022-23,31,1,0
2022-23-player-609,2022-23,31,1,0
2022-23-player-464,2022-23,31,1,0
2022-23-player-103,2022-23,31,1,0
2022-23-player-40,2022-23,31,2,0
2022-23-player-47,2022-23,31,1,0
2022-23-player-212,2022-23,31,1,0
2022-23-player-481,2022-23,31,1,0
2022-23-player-262,2022-23,31,1,0
2022-23-player-625,2022-23,31,1,0
2022-23-player-125,2022-23,31,1,0
2022-23-player-28,2022-23,31,1,0
2022-23-player-705,2022-23,31,1,0
2022-23-player-342,2022-23,31,1,0
2022-23-player-680,2022-23,31,1,0
2022-23-player-148,2022-23,31,1,0
2022-23-player-297,2022-23,31,1,0
2022-23-player-211,2022-23,31,1,0
2022-23-player-169,2022-23,31,2,0
2022-23-player-7,2022-23,31,1,0
2022-23-player-288,2022-23,32,2,0
2022-23-player-603,2022-23,32,1,0
2022-23-player-594,2022-23,32,2,0
2022-23-player-80,2022-23,32,1,0
2022-23-player-493,2022-23,32,1,0
2022-23-player-467,2022-23,32,1,0
2022-23-player-13,2022-23,32,1,0
2022-23-player-283,2022-23,32,1,0
2022-23-player-693,2022-23,32,1,0
2022-23-player-371,2022-23,32,1,0
2022-23-player-458,2022-23,32,1,0
2022-23-player-346,2022-23,32,1,0
2022-23-player-365,2022-23,32,2,0
2022-23-player-212,2022-23,32,1,0
2022-23-player-262,2022-23,32,1,0
2022-23-player-19,2022-23,32,1,0
2022-23-player-295,2022-23,32,1,0
2022-23-player-623,2022-23,32,1,0
2022-23-player-258,2022-23,32,1,0
2022-23-player-356,2022-23,32,1,0
2022-23-player-46,2022-23,32,1,0
2022-23-player-469,2022-23,32,1,0
2022-23-player-427,2022-23,32,1,0
2022-23-player-682,2022-23,32,1,0
2022-23-player-400,2022-23,32,1,0
2022-23-player-7,2022-23,32,1,0
2022-23-player-508,2022-23,33,1,0
2022-23-player-603,2022-23,33,1,0
2022-23-player-318,2022-23,33,1,0
2022-23-player-703,2022-23,33,1,0
2022-23-player-301,2022-23,33,2,0
2022-23-player-5,2022-23,33,1,0
2022-23-player-493,2022-23,33,1,0
2022-23-player-95,2022-23,33,1,0
2022-23-player-335,2022-23,33,1,0
2022-23-player-302,2022-23,33,1,0
2022-23-player-428,2022-23,33,1,0
2022-23-player-534,2022-23,33,1,0
2022-23-player-371,2022-23,33,1,0
2022-23-player-276,2022-23,33,1,0
2022-23-player-365,2022-23,33,1,0
2022-23-player-255,2022-23,33,1,0
2022-23-player-356,2022-23,33,2,0
2022-23-player-39,2022-23,33,1,0
2022-23-player-480,2022-23,33,1,0
2022-23-player-680,2022-23,33,1,0
2022-23-player-679,2022-23,33,1,0
2022-23-player-340,2022-23,33,1,0
2022-23-player-733,2022-23,33,1,0
2022-23-player-535,2022-23,33,1,0
2022-23-player-405,2022-23,34,1,0
2022-23-player-288,2022-23,34,1,0
2022-23-player-318,2022-23,34,2,0
2022-23-player-314,2022-23,34,1,0
2022-23-player-703,2022-23,34,1,0
2022-23-player-333,2022-23,34,1,0
2022-23-player-80,2022-23,34,1,0
2022-23-player-66,2022-23,34,1,0
2022-23-player-708,2022-23,34,1,0
2022-23-player-319,2022-23,34,1,0
2022-23-player-308,2022-23,34,1,0
2022-23-player-283,2022-23,34,2,0
2022-23-player-428,2022-23,34,1,0
2022-23-player-64,2022-23,34,2,0
2022-23-player-83,2022-23,34,1,0
2022-23-player-186,2022-23,34,1,0
2022-23-player-468,2022-23,34,1,0
2022-23-player-160,2022-23,34,1,0
2022-23-player-458,2022-23,34,1,0
2022-23-player-472,2022-23,34,1,0
2022-23-player-103,2022-23,34,2,0
2022-23-player-255,2022-23,34,1,0
2022-23-player-714,2022-23,34,1,0
2022-23-player-191,2022-23,34,1,0
2022-23-player-291,2022-23,34,1,0
2022-23-player-454,2022-23,34,1,0
2022-23-player-356,2022-23,34,2,0
2022-23-player-227,2022-23,34,1,0
2022-23-player-104,2022-23,34,2,0
2022-23-player-161,2022-23,34,1,0
2022-23-player-159,2022-23,34,1,0
2022-23-player-427,2022-23,34,1,0
2022-23-player-28,2022-23,34,1,0
2022-23-player-618,2022-23,34,1,0
2022-23-player-123,2022-23,34,2,0
2022-23-player-116,2022-23,34,1,0
2022-23-player-169,2022-23,34,1,0
2022-23-player-293,2022-23,34,1,0
2022-23-player-7,2022-23,34,2,0
2022-23-player-267,2022-23,34,1,0
2022-23-player-225,2022-23,35,1,0
2022-23-player-703,2022-23,35,1,0
2022-23-player-718,2022-23,35,1,0
2022-23-player-690,2022-23,35,1,0
2022-23-player-397,2022-23,35,2,0
2022-23-player-493,2022-23,35,1,0
2022-23-player-283,2022-23,35,1,0
2022-23-player-693,2022-23,35,1,0
2022-23-player-413,2022-23,35,1,0
2022-23-player-614,2022-23,35,2,0
2022-23-player-534,2022-23,35,2,0
2022-23-player-689,2022-23,35,1,0
2022-23-player-464,2022-23,35,1,0
2022-23-player-264,2022-23,35,2,0
2022-23-player-489,2022-23,35,1,0
2022-23-player-185,2022-23,35,2,0
2022-23-player-300,2022-23,35,2,0
2022-23-player-427,2022-23,35,1,0
2022-23-player-148,2022-23,35,1,0
2022-23-player-407,2022-23,35,1,0
2022-23-player-261,2022-23,35,1,0
2022-23-player-618,2022-23,35,1,0
2022-23-player-200,2022-23,35,2,0
2022-23-player-116,2022-23,35,1,0
2022-23-player-7,2022-23,35,1,0
2022-23-player-210,2022-23,36,1,0
2022-23-player-318,2022-23,36,1,0
2022-23-player-397,2022-23,36,2,0
2022-23-player-586,2022-23,36,1,0
2022-23-player-222,2022-23,36,1,0
2022-23-player-345,2022-23,36,1,0
2022-23-player-95,2022-23,36,1,0
2022-23-player-285,2022-23,36,1,0
2022-23-player-47,2022-23,36,1,0
2022-23-player-89,2022-23,36,1,0
2022-23-player-291,2022-23,36,2,0
2022-23-player-356,2022-23,36,3,0
2022-23-player-300,2022-23,36,2,0
2022-23-player-46,2022-23,36,1,0
2022-23-player-427,2022-23,36,1,0
2022-23-player-125,2022-23,36,1,0
2022-23-player-569,2022-23,36,1,0
2022-23-player-358,2022-23,36,1,0
2022-23-player-304,2022-23,36,2,0
2022-23-player-244,2022-23,36,1,0
2022-23-player-618,2022-23,36,1,0
2022-23-player-123,2022-23,36,2,0
2022-23-player-169,2022-23,36,2,0
2022-23-player-374,2022-23,36,1,0
2022-23-player-210,2022-23,37,2,0
2022-23-player-225,2022-23,37,1,0
2022-23-player-314,2022-23,37,1,0
2022-23-player-690,2022-23,37,1,0
2022-23-player-333,2022-23,37,1,0
2022-23-player-397,2022-23,37,1,0
2022-23-player-467,2022-23,37,1,0
2022-23-player-465,2022-23,37,1,0
2022-23-player-345,2022-23,37,1,0
2022-23-player-95,2022-23,37,2,0
2022-23-player-335,2022-23,37,1,0
2022-23-player-319,2022-23,37,1,0
2022-23-player-279,2022-23,37,1,0
2022-23-player-406,2022-23,37,1,0
2022-23-player-47,2022-23,37,1,0
2022-23-player-156,2022-23,37,1,0
2022-23-player-481,2022-23,37,1,0
2022-23-player-89,2022-23,37,1,0
2022-23-player-460,2022-23,37,1,0
2022-23-player-596,2022-23,37,2,0
2022-23-player-104,2022-23,37,1,0
2022-23-player-427,2022-23,37,1,0
2022-23-player-125,2022-23,37,1,0
2022-23-player-188,2022-23,37,1,0
2022-23-player-593,2022-23,37,2,0
2022-23-player-166,2022-23,37,1,0
2022-23-player-163,2022-23,38,1,0
2022-23-player-233,2022-23,38,1,0
2022-23-player-288,2022-23,38,2,0
2022-23-player-431,2022-23,38,1,0
2022-23-player-333,2022-23,38,1,0
2022-23-player-397,2022-23,38,1,0
2022-23-player-731,2022-23,38,2,0
2022-23-player-195,2022-23,38,1,0
2022-23-player-13,2022-23,38,1,0
2022-23-player-612,2022-23,38,1,0
2022-23-player-710,2022-23,38,1,0
2022-23-player-279,2022-23,38,1,0
2022-23-player-3,2022-23,38,2,0
2022-23-player-264,2022-23,38,1,0
2022-23-player-408,2022-23,38,1,0
2022-23-player-40,2022-23,38,1,0
2022-23-player-185,2022-23,38,1,0
2022-23-player-215,2022-23,38,1,0
2022-23-player-46,2022-23,38,1,0
2022-23-player-469,2022-23,38,1,0
2022-23-player-427,2022-23,38,2,0
2022-23-player-28,2022-23,38,1,0
2022-23-player-680,2022-23,38,1,0
2022-23-player-407,2022-23,38,1,0
2022-23-player-340,2022-23,38,1,0
2022-23-player-733,2022-23,38,1,0
2022-23-player-123,2022-23,38,1,0
2022-23-player-92,2022-23,38,1,0
2022-23-team-12,2022-23,1,0,2
2022-23-team-9,2022-23,1,0,2
2022-23-team-16,2022-23,1,0,2
2022-23-team-5,2022-23,1,0,1
2022-23-team-4,2022-23,1,0,2
2022-23-team-10,2022-23,1,0,2
2022-23-team-17,2022-23,1,0,4
2022-23-team-19,2022-23,1,0,2
2022-23-team-11,2022-23,1,0,1
2022-23-team-14,2022-23,1,0,2
2022-23-team-20,2022-23,1,0,2
2022-23-team-8,2022-23,1,0,1
2022-23-team-2,2022-23,1,0,2
2022-23-team-7,2022-23,1,0,2
2022-23-team-18,2022-23,1,0,1
2022-23-team-12,2022-23,2,0,1
2022-23-team-3,2022-23,2,0,4
2022-23-team-6,2022-23,2,0,2
2022-23-team-10,2022-23,2,0,4
2022-23-team-17,2022-23,2,0,2
2022-23-team-1,2022-23,2,0,2
2022-23-team-11,2022-23,2,0,2
2022-23-team-14,2022-23,2,0,4
2022-23-team-19,2022-23,2,0,1
2022-23-team-8,2022-23,2,0,2
2022-23-team-2,2022-23,2,0,1
2022-23-team-7,2022-23,2,0,1
2022-23-team-18,2022-23,2,0,2
2022-23-team-12,2022-23,3,0,2
2022-23-team-16,2022-23,3,0,1
2022-23-team-3,2022-23,3,0,3
2022-23-team-6,2022-23,3,0,3
2022-23-team-4,2022-23,3,0,3
2022-23-team-10,2022-23,3,0,2
2022-23-team-13,2022-23,3,0,3
2022-23-team-17,2022-23,3,0,1
2022-23-team-9,2022-23,3,0,2
2022-23-team-14,2022-23,3,0,1
2022-23-team-19,2022-23,3,0,2
2022-23-team-20,2022-23,3,0,1
2022-23-team-8,2022-23,3,0,1
2022-23-team-2,2022-23,3,0,3
2022-23-team-7,2022-23,3,0,1
2022-23-team-15,2022-23,3,0,3
2022-23-team-16,2022-23,4,0,2
2022-23-team-3,2022-23,4,0,9
2022-23-team-6,2022-23,4,0,1
2022-23-team-4,2022-23,4,0,1
2022-23-team-10,2022-23,4,0,2
2022-23-team-13,2022-23,4,0,2
2022-23-team-17,2022-23,4,0,1
2022-23-team-1,2022-23,4,0,1
2022-23-team-9,2022-23,4,0,2
2022-23-team-11,2022-23,4,0,1
2022-23-team-20,2022-23,4,0,1
2022-23-team-8,2022-23,4,0,1
2022-23-team-2,2022-23,4,0,1
2022-23-team-7,2022-23,4,0,4
2022-23-team-15,2022-23,4,0,1
2022-23-team-12,2022-23,5,0,1
2022-23-team-16,2022-23,5,0,6
2022-23-team-5,2022-23,5,0,2
2022-23-team-6,2022-23,5,0,2
2022-23-team-4,2022-23,5,0,1
2022-23-team-10,2022-23,5,0,1
2022-23-team-17,2022-23,5,0,1
2022-23-team-1,2022-23,5,0,1
2022-23-team-9,2022-23,5,0,1
2022-23-team-11,2022-23,5,0,1
2022-23-team-19,2022-23,5,0,1
2022-23-team-8,2022-23,5,0,1
2022-23-team-2,2022-23,5,0,2
2022-23-team-7,2022-23,5,0,1
2022-23-team-18,2022-23,5,0,1
2022-23-team-15,2022-23,5,0,2
2022-23-team-16,2022-23,6,0,3
2022-23-team-5,2022-23,6,0,2
2022-23-team-6,2022-23,6,0,1
2022-23-team-4,2022-23,6,0,2
2022-23-team-10,2022-23,6,0,5
2022-23-team-13,2022-23,6,0,1
2022-23-team-17,2022-23,6,0,1
2022-23-team-1,2022-23,6,0,3
2022-23-team-9,2022-23,6,0,2
2022-23-team-3,2022-23,6,0,2
2022-23-team-11,2022-23,6,0,5
2022-23-team-14,2022-23,6,0,1
2022-23-team-19,2022-23,6,0,2
2022-23-team-2,2022-23,6,0,1
2022-23-team-18,2022-23,6,0,1
2022-23-team-16,2022-23,8,0,3
2022-23-team-4,2022-23,8,0,3
2022-23-team-10,2022-23,8,0,6
2022-23-team-17,2022-23,8,0,1
2022-23-team-9,2022-23,8,0,2
2022-23-team-3,2022-23,8,0,1
2022-23-team-19,2022-23,8,0,1
2022-23-team-20,2022-23,8,0,3
2022-23-team-18,2022-23,8,0,2
2022-23-team-15,2022-23,8,0,1
2022-23-team-12,2022-23,9,0,3
2022-23-team-16,2022-23,9,0,4
2022-23-team-5,2022-23,9,0,3
2022-23-team-13,2022-23,9,0,3
2022-23-team-17,2022-23,9,0,2
2022-23-team-1,2022-23,9,0,1
2022-23-team-9,2022-23,9,0,4
2022-23-team-6,2022-23,9,0,1
2022-23-team-14,2022-23,9,0,6
2022-23-team-20,2022-23,9,0,2
2022-23-team-8,2022-23,9,0,1
2022-23-team-7,2022-23,9,0,2
2022-23-team-18,2022-23,9,0,3
2022-23-team-15,2022-23,9,0,1
2022-23-team-12,2022-23,10,0,3
2022-23-team-16,2022-23,10,0,1
2022-23-team-5,2022-23,10,0,1
2022-23-team-4,2022-23,10,0,5
2022-23-team-10,2022-23,10,0,2
2022-23-team-17,2022-23,10,0,4
2022-23-team-1,2022-23,10,0,2
2022-23-team-9,2022-23,10,0,3
2022-23-team-3,2022-23,10,0,1
2022-23-team-11,2022-23,10,0,2
2022-23-team-14,2022-23,10,0,1
2022-23-team-19,2022-23,10,0,1
2022-23-team-20,2022-23,10,0,3
2022-23-team-8,2022-23,10,0,2
2022-23-team-2,2022-23,10,0,1
2022-23-team-7,2022-23,10,0,1
2022-23-team-15,2022-23,10,0,1
2022-23-team-16,2022-23,11,0,1
2022-23-team-5,2022-23,11,0,2
2022-23-team-13,2022-23,11,0,1
2022-23-team-17,2022-23,11,0,1
2022-23-team-9,2022-23,11,0,2
2022-23-team-3,2022-23,11,0,2
2022-23-team-11,2022-23,11,0,1
2022-23-team-19,2022-23,11,0,1
2022-23-team-8,2022-23,11,0,2
2022-23-team-2,2022-23,11,0,2
2022-23-team-3,2022-23,12,0,1
2022-23-team-11,2022-23,12,0,2
2022-23-team-19,2022-23,12,0,1
2022-23-team-20,2022-23,12,0,2
2022-23-team-8,2022-23,12,0,1
2022-23-team-2,2022-23,12,0,3
2022-23-team-7,2022-23,12,0,1
2022-23-team-18,2022-23,12,0,2
2022-23-team-12,2022-23,13,0,1
2022-23-team-3,2022-23,13,0,2
2022-23-team-5,2022-23,13,0,3
2022-23-team-4,2022-23,13,0,4
2022-23-team-13,2022-23,13,0,1
2022-23-team-17,2022-23,13,0,1
2022-23-team-1,2022-23,13,0,1
2022-23-team-9,2022-23,13,0,2
2022-23-team-6,2022-23,13,0,1
2022-23-team-11,2022-23,13,0,3
2022-23-team-14,2022-23,13,0,1
2022-23-team-20,2022-23,13,0,4
2022-23-team-7,2022-23,13,0,3
2022-23-team-18,2022-23,13,0,2
2022-23-team-15,2022-23,13,0,1
2022-23-team-12,2022-23,14,0,2
2022-23-team-16,2022-23,14,0,5
2022-23-team-3,2022-23,14,0,3
2022-23-team-5,2022-23,14,0,1
2022-23-team-6,2022-23,14,0,4
2022-23-team-4,2022-23,14,0,1
2022-23-team-10,2022-23,14,0,1
2022-23-team-17,2022-23,14,0,1
2022-23-team-2,2022-23,14,0,4
2022-23-team-11,2022-23,14,0,1
2022-23-team-19,2022-23,14,0,1
2022-23-team-20,2022-23,14,0,1
2022-23-team-18,2022-23,14,0,2
2022-23-team-12,2022-23,15,0,1
2022-23-team-16,2022-23,15,0,2
2022-23-team-3,2022-23,15,0,4
2022-23-team-5,2022-23,15,0,2
2022-23-team-6,2022-23,15,0,1
2022-23-team-4,2022-23,15,0,2
2022-23-team-13,2022-23,15,0,1
2022-23-team-17,2022-23,15,0,4
2022-23-team-9,2022-23,15,0,2
2022-23-team-11,2022-23,15,0,3
2022-23-team-14,2022-23,15,0,3
2022-23-team-19,2022-23,15,0,2
2022-23-team-20,2022-23,15,0,3
2022-23-team-8,2022-23,15,0,2
2022-23-team-2,2022-23,15,0,1
2022-23-team-7,2022-23,15,0,1
2022-23-team-18,2022-23,15,0,2
2022-23-team-15,2022-23,15,0,1
2022-23-team-12,2022-23,16,0,1
2022-23-team-5,2022-23,16,0,2
2022-23-team-6,2022-23,16,0,1
2022-23-team-4,2022-23,16,0,1
2022-23-team-13,2022-23,16,0,2
2022-23-team-17,2022-23,16,0,3
2022-23-team-9,2022-23,16,0,2
2022-23-team-11,2022-23,16,0,4
2022-23-team-14,2022-23,16,0,1
2022-23-team-19,2022-23,16,0,2
2022-23-team-20,2022-23,16,0,2
2022-23-team-8,2022-23,16,0,3
2022-23-team-2,2022-23,16,0,1
2022-23-team-7,2022-23,16,0,1
2022-23-team-18,2022-23,16,0,3
2022-23-team-12,2022-23,17,0,1
2022-23-team-18,2022-23,17,0,2
2022-23-team-3,2022-23,17,0,2
2022-23-team-5,2022-23,17,0,1
2022-23-team-4,2022-23,17,0,2
2022-23-team-10,2022-23,17,0,3
2022-23-team-13,2022-23,17,0,1
2022-23-team-17,2022-23,17,0,3
2022-23-team-1,2022-23,17,0,1
2022-23-team-2,2022-23,17,0,3
2022-23-team-16,2022-23,17,0,3
2022-23-team-11,2022-23,17,0,3
2022-23-team-19,2022-23,17,0,3
2022-23-team-20,2022-23,17,0,1
2022-23-team-8,2022-23,17,0,2
2022-23-team-7,2022-23,17,0,3
2022-23-team-12,2022-23,18,0,1
2022-23-team-16,2022-23,18,0,1
2022-23-team-3,2022-23,18,0,2
2022-23-team-5,2022-23,18,0,4
2022-23-team-10,2022-23,18,0,2
2022-23-team-13,2022-23,18,0,1
2022-23-team-17,2022-23,18,0,2
2022-23-team-1,2022-23,18,0,2
2022-23-team-9,2022-23,18,0,1
2022-23-team-6,2022-23,18,0,1
2022-23-team-19,2022-23,18,0,2
2022-23-team-20,2022-23,18,0,1
2022-23-team-8,2022-23,18,0,1
2022-23-team-18,2022-23,18,0,2
2022-23-team-12,2022-23,19,0,3
2022-23-team-3,2022-23,19,0,3
2022-23-team-5,2022-23,19,0,1
2022-23-team-4,2022-23,19,0,1
2022-23-team-10,2022-23,19,0,1
2022-23-team-17,2022-23,19,0,1
2022-23-team-9,2022-23,19,0,1
2022-23-team-6,2022-23,19,0,3
2022-23-team-11,2022-23,19,0,2
2022-23-team-19,2022-23,19,0,2
2022-23-team-20,2022-23,19,0,1
2022-23-team-8,2022-23,19,0,4
2022-23-team-2,2022-23,19,0,1
2022-23-team-7,2022-23,19,0,4
2022-23-team-12,2022-23,20,0,3
2022-23-team-10,2022-23,20,0,2
2022-23-team-13,2022-23,20,0,4
2022-23-team-17,2022-23,20,0,1
2022-23-team-9,2022-23,20,0,1
2022-23-team-3,2022-23,20,0,2
2022-23-team-11,2022-23,20,0,2
2022-23-team-14,2022-23,20,0,2
2022-23-team-19,2022-23,20,0,1
2022-23-team-8,2022-23,20,0,2
2022-23-team-2,2022-23,20,0,1
2022-23-team-7,2022-23,20,0,2
2022-23-team-18,2022-23,20,0,6
2022-23-team-5,2022-23,21,0,2
2022-23-team-10,2022-23,21,0,2
2022-23-team-17,2022-23,21,0,1
2022-23-team-1,2022-23,21,0,2
2022-23-team-9,2022-23,21,0,1
2022-23-team-16,2022-23,21,0,1
2022-23-team-3,2022-23,21,0,1
2022-23-team-14,2022-23,21,0,3
2022-23-team-20,2022-23,21,0,3
2022-23-team-8,2022-23,21,0,2
2022-23-team-12,2022-23,22,0,3
2022-23-team-10,2022-23,22,0,2
2022-23-team-13,2022-23,22,0,1
2022-23-team-17,2022-23,22,0,3
2022-23-team-1,2022-23,22,0,1
2022-23-team-3,2022-23,22,0,1
2022-23-team-11,2022-23,22,0,3
2022-23-team-14,2022-23,22,0,3
2022-23-team-19,2022-23,22,0,1
2022-23-team-2,2022-23,22,0,4
2022-23-team-7,2022-23,22,0,2
2022-23-team-15,2022-23,22,0,1
2022-23-team-18,2022-23,23,0,4
2022-23-team-16,2022-23,23,0,2
2022-23-team-5,2022-23,23,0,1
2022-23-team-4,2022-23,23,0,1
2022-23-team-10,2022-23,23,0,1
2022-23-team-13,2022-23,23,0,2
2022-23-team-17,2022-23,23,0,2
2022-23-team-1,2022-23,23,0,4
2022-23-team-3,2022-23,23,0,1
2022-23-team-6,2022-23,23,0,1
2022-23-team-11,2022-23,23,0,2
2022-23-team-19,2022-23,23,0,1
2022-23-team-20,2022-23,23,0,1
2022-23-team-8,2022-23,23,0,2
2022-23-team-2,2022-23,23,0,3
2022-23-team-7,2022-23,23,0,1
2022-23-team-15,2022-23,23,0,1
2022-23-team-16,2022-23,24,0,1
2022-23-team-5,2022-23,24,0,1
2022-23-team-4,2022-23,24,0,1
2022-23-team-10,2022-23,24,0,3
2022-23-team-13,2022-23,24,0,1
2022-23-team-1,2022-23,24,0,2
2022-23-team-6,2022-23,24,0,1
2022-23-team-11,2022-23,24,0,1
2022-23-team-19,2022-23,24,0,2
2022-23-team-20,2022-23,24,0,1
2022-23-team-2,2022-23,24,0,4
2022-23-team-7,2022-23,24,0,1
2022-23-team-15,2022-23,24,0,2
2022-23-team-16,2022-23,25,0,4
2022-23-team-10,2022-23,25,0,1
2022-23-team-13,2022-23,25,0,1
2022-23-team-17,2022-23,25,0,1
2022-23-team-9,2022-23,25,0,1
2022-23-team-3,2022-23,25,0,4
2022-23-team-6,2022-23,25,0,2
2022-23-team-20,2022-23,25,0,3
2022-23-team-8,2022-23,25,0,6
2022-23-team-18,2022-23,26,0,1
2022-23-team-16,2022-23,26,0,2
2022-23-team-4,2022-23,26,0,2
2022-23-team-10,2022-23,26,0,1
2022-23-team-1,2022-23,26,0,2
2022-23-team-9,2022-23,26,0,3
2022-23-team-3,2022-23,26,0,3
2022-23-team-19,2022-23,26,0,4
2022-23-team-11,2022-23,26,0,1
2022-23-team-14,2022-23,26,0,7
2022-23-team-8,2022-23,26,0,2
2022-23-team-7,2022-23,26,0,1
2022-23-team-15,2022-23,26,0,2
2022-23-team-12,2022-23,27,0,1
2022-23-team-5,2022-23,27,0,2
2022-23-team-18,2022-23,27,0,1
2022-23-team-16,2022-23,27,0,3
2022-23-team-4,2022-23,27,0,1
2022-23-team-10,2022-23,27,0,3
2022-23-team-17,2022-23,27,0,2
2022-23-team-9,2022-23,27,0,3
2022-23-team-6,2022-23,27,0,1
2022-23-team-19,2022-23,27,0,1
2022-23-team-11,2022-23,27,0,2
2022-23-team-20,2022-23,27,0,2
2022-23-team-2,2022-23,27,0,1
2022-23-team-7,2022-23,27,0,2
2022-23-team-15,2022-23,27,0,1
2022-23-team-18,2022-23,28,0,3
2022-23-team-16,2022-23,28,0,2
2022-23-team-4,2022-23,28,0,1
2022-23-team-17,2022-23,28,0,3
2022-23-team-1,2022-23,28,0,1
2022-23-team-10,2022-23,28,0,1
2022-23-team-3,2022-23,28,0,3
2022-23-team-6,2022-23,28,0,2
2022-23-team-11,2022-23,28,0,2
2022-23-team-20,2022-23,28,0,4
2022-23-team-8,2022-23,28,0,2
2022-23-team-7,2022-23,28,0,4
2022-23-team-15,2022-23,28,0,1
2022-23-team-12,2022-23,29,0,4
2022-23-team-5,2022-23,29,0,3
2022-23-team-16,2022-23,29,0,3
2022-23-team-4,2022-23,29,0,4
2022-23-team-13,2022-23,29,0,1
2022-23-team-17,2022-23,29,0,1
2022-23-team-1,2022-23,29,0,1
2022-23-team-9,2022-23,29,0,2
2022-23-team-10,2022-23,29,0,4
2022-23-team-3,2022-23,29,0,3
2022-23-team-6,2022-23,29,0,2
2022-23-team-11,2022-23,29,0,5
2022-23-team-14,2022-23,29,0,2
2022-23-team-19,2022-23,29,0,5
2022-23-team-20,2022-23,29,0,1
2022-23-team-8,2022-23,29,0,1
2022-23-team-2,2022-23,29,0,1
2022-23-team-7,2022-23,29,0,1
2022-23-team-18,2022-23,29,0,1
2022-23-team-15,2022-23,29,0,1
2022-23-team-12,2022-23,30,0,2
2022-23-team-5,2022-23,30,0,2
2022-23-team-16,2022-23,30,0,2
2022-23-team-4,2022-23,30,0,2
2022-23-team-13,2022-23,30,0,1
2022-23-team-17,2022-23,30,0,4
2022-23-team-1,2022-23,30,0,2
2022-23-team-9,2022-23,30,0,1
2022-23-team-10,2022-23,30,0,1
2022-23-team-6,2022-23,30,0,1
2022-23-team-7,2022-23,30,0,1
2022-23-team-11,2022-23,30,0,5
2022-23-team-8,2022-23,30,0,2
2022-23-team-18,2022-23,30,0,1
2022-23-team-15,2022-23,30,0,1
2022-23-team-12,2022-23,31,0,1
2022-23-team-16,2022-23,31,0,2
2022-23-team-5,2022-23,31,0,1
2022-23-team-4,2022-23,31,0,2
2022-23-team-13,2022-23,31,0,1
2022-23-team-17,2022-23,31,0,2
2022-23-team-1,2022-23,31,0,2
2022-23-team-9,2022-23,31,0,1
2022-23-team-10,2022-23,31,0,3
2022-23-team-3,2022-23,31,0,2
2022-23-team-6,2022-23,31,0,2
2022-23-team-11,2022-23,31,0,6
2022-23-team-19,2022-23,31,0,2
2022-23-team-8,2022-23,31,0,3
2022-23-team-18,2022-23,31,0,3
2022-23-team-15,2022-23,31,0,3
2022-23-team-12,2022-23,32,0,2
2022-23-team-18,2022-23,32,0,6
2022-23-team-16,2022-23,32,0,3
2022-23-team-4,2022-23,32,0,1
2022-23-team-17,2022-23,32,0,3
2022-23-team-1,2022-23,32,0,3
2022-23-team-2,2022-23,32,0,1
2022-23-team-9,2022-23,32,0,1
2022-23-team-10,2022-23,32,0,1
2022-23-team-3,2022-23,32,0,4
2022-23-team-11,2022-23,32,0,2
2022-23-team-20,2022-23,32,0,2
2022-23-team-15,2022-23,32,0,1
2022-23-team-12,2022-23,33,0,1
2022-23-team-5,2022-23,33,0,3
2022-23-team-18,2022-23,33,0,2
2022-23-team-16,2022-23,33,0,1
2022-23-team-13,2022-23,33,0,1
2022-23-team-1,2022-23,33,0,4
2022-23-team-9,2022-23,33,0,1
2022-23-team-10,2022-23,33,0,1
2022-23-team-6,2022-23,33,0,2
2022-23-team-7,2022-23,33,0,2
2022-23-team-11,2022-23,33,0,1
2022-23-team-14,2022-23,33,0,2
2022-23-team-19,2022-23,33,0,2
2022-23-team-8,2022-23,33,0,4
2022-23-team-17,2022-23,33,0,1
2022-23-team-15,2022-23,33,0,1
2022-23-team-12,2022-23,34,0,3
2022-23-team-18,2022-23,34,0,4
2022-23-team-16,2022-23,34,0,2
2022-23-team-4,2022-23,34,0,1
2022-23-team-13,2022-23,34,0,1
2022-23-team-1,2022-23,34,0,1
2022-23-team-9,2022-23,34,0,3
2022-23-team-10,2022-23,34,0,2
2022-23-team-3,2022-23,34,0,1
2022-23-team-6,2022-23,34,0,3
2022-23-team-7,2022-23,34,0,3
2022-23-team-11,2022-23,34,0,4
2022-23-team-14,2022-23,34,0,1
2022-23-team-19,2022-23,34,0,7
2022-23-team-20,2022-23,34,0,6
2022-23-team-8,2022-23,34,0,2
2022-23-team-2,2022-23,34,0,1
2022-23-team-17,2022-23,34,0,3
2022-23-team-15,2022-23,34,0,1
2022-23-team-5,2022-23,35,0,5
2022-23-team-16,2022-23,35,0,3
2022-23-team-4,2022-23,35,0,1
2022-23-team-13,2022-23,35,0,1
2022-23-team-9,2022-23,35,0,3
2022-23-team-10,2022-23,35,0,5
2022-23-team-3,2022-23,35,0,3
2022-23-team-6,2022-23,35,0,1
2022-23-team-7,2022-23,35,0,1
2022-23-team-14,2022-23,35,0,1
2022-23-team-8,2022-23,35,0,1
2022-23-team-11,2022-23,35,0,2
2022-23-team-2,2022-23,35,0,1
2022-23-team-17,2022-23,35,0,4
2022-23-team-15,2022-23,35,0,2
2022-23-team-5,2022-23,36,0,4
2022-23-team-18,2022-23,36,0,2
2022-23-team-16,2022-23,36,0,2
2022-23-team-6,2022-23,36,0,2
2022-23-team-1,2022-23,36,0,3
2022-23-team-10,2022-23,36,0,3
2022-23-team-3,2022-23,36,0,2
2022-23-team-19,2022-23,36,0,2
2022-23-team-8,2022-23,36,0,3
2022-23-team-11,2022-23,36,0,2
2022-23-team-2,2022-23,36,0,1
2022-23-team-20,2022-23,36,0,2
2022-23-team-17,2022-23,36,0,2
2022-23-team-15,2022-23,36,0,3
2022-23-team-12,2022-23,37,0,1
2022-23-team-5,2022-23,37,0,2
2022-23-team-18,2022-23,37,0,3
2022-23-team-4,2022-23,37,0,1
2022-23-team-1,2022-23,37,0,1
2022-23-team-9,2022-23,37,0,2
2022-23-team-3,2022-23,37,0,1
2022-23-team-6,2022-23,37,0,5
2022-23-team-7,2022-23,37,0,2
2022-23-team-14,2022-23,37,0,1
2022-23-team-19,2022-23,37,0,1
2022-23-team-8,2022-23,37,0,1
2022-23-team-11,2022-23,37,0,3
2022-23-team-13,2022-23,37,0,1
2022-23-team-2,2022-23,37,0,1
2022-23-team-20,2022-23,37,0,1
2022-23-team-17,2022-23,37,0,3
2022-23-team-5,2022-23,38,0,2
2022-23-team-18,2022-23,38,0,1
2022-23-team-15,2022-23,38,0,1
2022-23-team-3,2022-23,38,0,1
2022-23-team-13,2022-23,38,0,1
2022-23-team-9,2022-23,38,0,2
2022-23-team-10,2022-23,38,0,1
2022-23-team-16,2022-23,38,0,1
2022-23-team-6,2022-23,38,0,1
2022-23-team-7,2022-23,38,0,1
2022-23-team-14,2022-23,38,0,1
2022-23-team-19,2022-23,38,0,2
2022-23-team-20,2022-23,38,0,5
2022-23-team-11,2022-23,38,0,4
2022-23-team-2,2022-23,38,0,1
2022-23-team-12,2022-23,38,0,4
2022-23-team-17,2022-23,38,0,4
2023-24-player-13,2023-24,1,1,0
2023-24-player-303,2023-24,1,1,0
2023-24-player-122,2023-24,1,1,0
2023-24-player-135,2023-24,1,1,0
2023-24-player-119,2023-24,1,1,0
2023-24-player-108,2023-24,1,1,0
2023-24-player-132,2023-24,1,1,0
2023-24-player-497,2023-24,1,1,0
2023-24-player-437,2023-24,1,1,0
2023-24-player-433,2023-24,1,1,0
2023-24-player-603,2023-24,1,1,0
2023-24-player-395,2023-24,1,1,0
2023-24-player-19,2023-24,1,1,0
2023-24-player-415,2023-24,1,2,0
2023-24-player-355,2023-24,1,2,0
2023-24-player-365,2023-24,1,1,0
2023-24-player-140,2023-24,1,1,0
2023-24-player-599,2023-24,1,1,0
2023-24-player-270,2023-24,1,1,0
2023-24-player-511,2023-24,1,1,0
2023-24-player-326,2023-24,1,1,0
2023-24-player-611,2023-24,1,1,0
2023-24-player-429,2023-24,1,1,0
2023-24-player-225,2023-24,1,1,0
2023-24-player-526,2023-24,1,1,0
2023-24-player-85,2023-24,1,1,0
2023-24-player-539,2023-24,2,1,0
2023-24-player-303,2023-24,2,1,0
2023-24-player-34,2023-24,2,1,0
2023-24-player-143,2023-24,2,1,0
2023-24-player-43,2023-24,2,1,0
2023-24-player-50,2023-24,2,1,0
2023-24-player-119,2023-24,2,1,0
2023-24-player-131,2023-24,2,1,0
2023-24-player-44,2023-24,2,1,0
2023-24-player-523,2023-24,2,1,0
2023-24-player-108,2023-24,2,2,0
2023-24-player-663,2023-24,2,1,0
2023-24-player-513,2023-24,2,1,0
2023-24-player-437,2023-24,2,1,0
2023-24-player-343,2023-24,2,1,0
2023-24-player-522,2023-24,2,1,0
2023-24-player-294,2023-24,2,1,0
2023-24-player-140,2023-24,2,2,0
2023-24-player-557,2023-24,2,1,0
2023-24-player-14,2023-24,2,1,0
2023-24-player-196,2023-24,2,1,0
2023-24-player-308,2023-24,2,1,0
2023-24-player-82,2023-24,2,1,0
2023-24-player-468,2023-24,2,1,0
2023-24-player-13,2023-24,3,1,0
2023-24-player-379,2023-24,3,1,0
2023-24-player-267,2023-24,3,1,0
2023-24-player-280,2023-24,3,1,0
2023-24-player-134,2023-24,3,1,0
2023-24-player-115,2023-24,3,1,0
2023-24-player-523,2023-24,3,1,0
2023-24-player-220,2023-24,3,1,0
2023-24-player-476,2023-24,3,1,0
2023-24-player-439,2023-24,3,1,0
2023-24-player-412,2023-24,3,1,0
2023-24-player-211,2023-24,3,1,0
2023-24-player-437,2023-24,3,1,0
2023-24-player-664,2023-24,3,1,0
2023-24-player-373,2023-24,3,1,0
2023-24-player-19,2023-24,3,1,0
2023-24-player-355,2023-24,3,1,0
2023-24-player-365,2023-24,3,1,0
2023-24-player-501,2023-24,3,1,0
2023-24-player-599,2023-24,3,1,0
2023-24-player-376,2023-24,3,1,0
2023-24-player-504,2023-24,3,1,0
2023-24-player-293,2023-24,3,2,0
2023-24-player-168,2023-24,3,1,0
2023-24-player-562,2023-24,3,1,0
2023-24-player-526,2023-24,3,1,0
2023-24-player-216,2023-24,3,2,0
2023-24-player-36,2023-24,3,2,0
2023-24-player-378,2023-24,4,1,0
2023-24-player-601,2023-24,4,1,0
2023-24-player-281,2023-24,4,1,0
2023-24-player-516,2023-24,4,3,0
2023-24-player-544,2023-24,4,1,0
2023-24-player-309,2023-24,4,1,0
2023-24-player-64,2023-24,4,1,0
2023-24-player-108,2023-24,4,1,0
2023-24-player-396,2023-24,4,1,0
2023-24-player-132,2023-24,4,3,0
2023-24-player-249,2023-24,4,1,0
2023-24-player-433,2023-24,4,1,0
2023-24-player-8,2023-24,4,1,0
2023-24-player-343,2023-24,4,1,0
2023-24-player-355,2023-24,4,3,0
2023-24-player-540,2023-24,4,1,0
2023-24-player-106,2023-24,4,1,0
2023-24-player-342,2023-24,4,1,0
2023-24-player-226,2023-24,4,1,0
2023-24-player-557,2023-24,4,1,0
2023-24-player-590,2023-24,4,1,0
2023-24-player-14,2023-24,4,1,0
2023-24-player-33,2023-24,4,1,0
2023-24-player-511,2023-24,4,1,0
2023-24-player-504,2023-24,4,1,0
2023-24-player-308,2023-24,4,1,0
2023-24-player-161,2023-24,4,1,0
2023-24-player-225,2023-24,4,2,0
2023-24-player-168,2023-24,4,1,0
2023-24-player-526,2023-24,4,1,0
2023-24-player-315,2023-24,4,1,0
2023-24-player-85,2023-24,4,1,0
2023-24-player-344,2023-24,5,1,0
2023-24-player-34,2023-24,5,1,0
2023-24-player-205,2023-24,5,1,0
2023-24-player-43,2023-24,5,1,0
2023-24-player-135,2023-24,5,1,0
2023-24-player-134,2023-24,5,1,0
2023-24-player-44,2023-24,5,1,0
2023-24-player-663,2023-24,5,1,0
2023-24-player-26,2023-24,5,1,0
2023-24-player-509,2023-24,5,1,0
2023-24-player-307,2023-24,5,1,0
2023-24-player-297,2023-24,5,1,0
2023-24-player-664,2023-24,5,1,0
2023-24-player-383,2023-24,5,1,0
2023-24-player-433,2023-24,5,1,0
2023-24-player-594,2023-24,5,1,0
2023-24-player-355,2023-24,5,1,0
2023-24-player-154,2023-24,5,1,0
2023-24-player-287,2023-24,5,1,0
2023-24-player-501,2023-24,5,1,0
2023-24-player-678,2023-24,5,1,0
2023-24-player-557,2023-24,5,1,0
2023-24-player-225,2023-24,5,1,0
2023-24-player-265,2023-24,6,1,0
2023-24-player-353,2023-24,6,1,0
2023-24-player-60,2023-24,6,1,0
2023-24-player-421,2023-24,6,1,0
2023-24-player-143,2023-24,6,2,0
2023-24-player-516,2023-24,6,2,0
2023-24-player-246,2023-24,6,1,0
2023-24-player-405,2023-24,6,1,0
2023-24-player-407,2023-24,6,1,0
2023-24-player-567,2023-24,6,1,0
2023-24-player-249,2023-24,6,1,0
2023-24-player-412,2023-24,6,1,0
2023-24-player-402,2023-24,6,1,0
2023-24-player-433,2023-24,6,1,0
2023-24-player-373,2023-24,6,1,0
2023-24-player-19,2023-24,6,1,0
2023-24-player-415,2023-24,6,1,0
2023-24-player-294,2023-24,6,1,0
2023-24-player-355,2023-24,6,1,0
2023-24-player-106,2023-24,6,1,0
2023-24-player-406,2023-24,6,1,0
2023-24-player-326,2023-24,6,1,0
2023-24-player-308,2023-24,6,1,0
2023-24-player-293,2023-24,6,1,0
2023-24-player-526,2023-24,6,1,0
2023-24-player-85,2023-24,6,1,0
2023-24-player-700,2023-24,7,1,0
2023-24-player-29,2023-24,7,1,0
2023-24-player-60,2023-24,7,3,0
2023-24-player-110,2023-24,7,1,0
2023-24-player-43,2023-24,7,1,0
2023-24-player-516,2023-24,7,1,0
2023-24-player-314,2023-24,7,1,0
2023-24-player-246,2023-24,7,1,0
2023-24-player-220,2023-24,7,1,0
2023-24-player-6,2023-24,7,1,0
2023-24-player-402,2023-24,7,1,0
2023-24-player-297,2023-24,7,1,0
2023-24-player-343,2023-24,7,1,0
2023-24-player-19,2023-24,7,1,0
2023-24-player-415,2023-24,7,1,0
2023-24-player-210,2023-24,7,1,0
2023-24-player-557,2023-24,7,1,0
2023-24-player-575,2023-24,7,1,0
2023-24-player-608,2023-24,7,1,0
2023-24-player-14,2023-24,7,1,0
2023-24-player-542,2023-24,7,1,0
2023-24-player-326,2023-24,7,1,0
2023-24-player-712,2023-24,7,1,0
2023-24-player-55,2023-24,7,1,0
2023-24-player-168,2023-24,7,1,0
2023-24-player-526,2023-24,7,1,0
2023-24-player-193,2023-24,7,1,0
2023-24-player-660,2023-24,8,1,0
2023-24-player-122,2023-24,8,1,0
2023-24-player-12,2023-24,8,1,0
2023-24-player-639,2023-24,8,1,0
2023-24-player-249,2023-24,8,1,0
2023-24-player-689,2023-24,8,1,0
2023-24-player-392,2023-24,8,2,0
2023-24-player-211,2023-24,8,1,0
2023-24-player-415,2023-24,8,2,0
2023-24-player-106,2023-24,8,1,0
2023-24-player-557,2023-24,8,1,0
2023-24-player-591,2023-24,8,1,0
2023-24-player-584,2023-24,8,1,0
2023-24-player-270,2023-24,8,1,0
2023-24-player-542,2023-24,8,1,0
2023-24-player-362,2023-24,8,1,0
2023-24-player-308,2023-24,8,2,0
2023-24-player-129,2023-24,8,1,0
2023-24-player-661,2023-24,8,1,0
2023-24-player-250,2023-24,8,1,0
2023-24-player-216,2023-24,8,1,0
2023-24-player-700,2023-24,9,1,0
2023-24-player-34,2023-24,9,1,0
2023-24-player-60,2023-24,9,1,0
2023-24-player-421,2023-24,9,1,0
2023-24-player-423,2023-24,9,1,0
2023-24-player-43,2023-24,9,2,0
2023-24-player-516,2023-24,9,1,0
2023-24-player-314,2023-24,9,1,0
2023-24-player-119,2023-24,9,1,0
2023-24-player-328,2023-24,9,1,0
2023-24-player-108,2023-24,9,1,0
2023-24-player-701,2023-24,9,1,0
2023-24-player-26,2023-24,9,1,0
2023-24-player-392,2023-24,9,1,0
2023-24-player-412,2023-24,9,1,0
2023-24-player-433,2023-24,9,1,0
2023-24-player-343,2023-24,9,1,0
2023-24-player-377,2023-24,9,1,0
2023-24-player-355,2023-24,9,1,0
2023-24-player-540,2023-24,9,1,0
2023-24-player-485,2023-24,9,1,0
2023-24-player-210,2023-24,9,1,0
2023-24-player-590,2023-24,9,1,0
2023-24-player-362,2023-24,9,1,0
2023-24-player-504,2023-24,9,1,0
2023-24-player-308,2023-24,9,2,0
2023-24-player-562,2023-24,9,1,0
2023-24-player-526,2023-24,9,1,0
2023-24-player-85,2023-24,9,1,0
2023-24-player-468,2023-24,9,2,0
2023-24-player-178,2023-24,10,1,0
2023-24-player-13,2023-24,10,3,0
2023-24-player-565,2023-24,10,1,0
2023-24-player-353,2023-24,10,1,0
2023-24-player-25,2023-24,10,1,0
2023-24-player-280,2023-24,10,1,0
2023-24-player-516,2023-24,10,1,0
2023-24-player-246,2023-24,10,1,0
2023-24-player-221,2023-24,10,1,0
2023-24-player-50,2023-24,10,1,0
2023-24-player-108,2023-24,10,1,0
2023-24-player-132,2023-24,10,1,0
2023-24-player-433,2023-24,10,2,0
2023-24-player-4,2023-24,10,1,0
2023-24-player-112,2023-24,10,1,0
2023-24-player-63,2023-24,10,1,0
2023-24-player-294,2023-24,10,1,0
2023-24-player-355,2023-24,10,2,0
2023-24-player-557,2023-24,10,1,0
2023-24-player-599,2023-24,10,1,0
2023-24-player-308,2023-24,10,1,0
2023-24-player-82,2023-24,10,1,0
2023-24-player-293,2023-24,10,1,0
2023-24-player-488,2023-24,11,1,0
2023-24-player-344,2023-24,11,2,0
2023-24-player-341,2023-24,11,1,0
2023-24-player-303,2023-24,11,1,0
2023-24-player-705,2023-24,11,1,0
2023-24-player-353,2023-24,11,1,0
2023-24-player-258,2023-24,11,1,0
2023-24-player-96,2023-24,11,1,0
2023-24-player-689,2023-24,11,1,0
2023-24-player-715,2023-24,11,1,0
2023-24-player-412,2023-24,11,1,0
2023-24-player-260,2023-24,11,1,0
2023-24-player-240,2023-24,11,1,0
2023-24-player-211,2023-24,11,3,0
2023-24-player-586,2023-24,11,1,0
2023-24-player-373,2023-24,11,1,0
2023-24-player-453,2023-24,11,1,0
2023-24-player-604,2023-24,11,1,0
2023-24-player-342,2023-24,11,1,0
2023-24-player-501,2023-24,11,1,0
2023-24-player-678,2023-24,11,1,0
2023-24-player-33,2023-24,11,1,0
2023-24-player-362,2023-24,11,1,0
2023-24-player-234,2023-24,11,1,0
2023-24-player-526,2023-24,11,1,0
2023-24-player-378,2023-24,12,1,0
2023-24-player-570,2023-24,12,1,0
2023-24-player-341,2023-24,12,1,0
2023-24-player-539,2023-24,12,1,0
2023-24-player-254,2023-24,12,1,0
2023-24-player-565,2023-24,12,1,0
2023-24-player-450,2023-24,12,1,0
2023-24-player-60,2023-24,12,1,0
2023-24-player-122,2023-24,12,1,0
2023-24-player-20,2023-24,12,1,0
2023-24-player-50,2023-24,12,1,0
2023-24-player-26,2023-24,12,1,0
2023-24-player-249,2023-24,12,1,0
2023-24-player-260,2023-24,12,1,0
2023-24-player-211,2023-24,12,1,0
2023-24-player-437,2023-24,12,1,0
2023-24-player-31,2023-24,12,1,0
2023-24-player-294,2023-24,12,1,0
2023-24-player-355,2023-24,12,2,0
2023-24-player-365,2023-24,12,1,0
2023-24-player-386,2023-24,12,1,0
2023-24-player-226,2023-24,12,1,0
2023-24-player-558,2023-24,12,1,0
2023-24-player-542,2023-24,12,1,0
2023-24-player-362,2023-24,12,1,0
2023-24-player-308,2023-24,12,2,0
2023-24-player-161,2023-24,12,1,0
2023-24-player-217,2023-24,12,1,0
2023-24-player-225,2023-24,12,1,0
2023-24-player-526,2023-24,12,1,0
2023-24-player-216,2023-24,12,1,0
2023-24-player-85,2023-24,12,2,0
2023-24-player-378,2023-24,13,1,0
2023-24-player-416,2023-24,13,1,0
2023-24-player-86,2023-24,13,2,0
2023-24-player-393,2023-24,13,1,0
2023-24-player-72,2023-24,13,1,0
2023-24-player-60,2023-24,13,1,0
2023-24-player-135,2023-24,13,2,0
2023-24-player-290,2023-24,13,1,0
2023-24-player-177,2023-24,13,1,0
2023-24-player-6,2023-24,13,1,0
2023-24-player-396,2023-24,13,1,0
2023-24-player-132,2023-24,13,1,0
2023-24-player-382,2023-24,13,1,0
2023-24-player-412,2023-24,13,1,0
2023-24-player-419,2023-24,13,1,0
2023-24-player-503,2023-24,13,1,0
2023-24-player-256,2023-24,13,1,0
2023-24-player-447,2023-24,13,1,0
2023-24-player-415,2023-24,13,1,0
2023-24-player-355,2023-24,13,1,0
2023-24-player-390,2023-24,13,1,0
2023-24-player-485,2023-24,13,1,0
2023-24-player-557,2023-24,13,1,0
2023-24-player-591,2023-24,13,2,0
2023-24-player-590,2023-24,13,1,0
2023-24-player-584,2023-24,13,1,0
2023-24-player-542,2023-24,13,1,0
2023-24-player-236,2023-24,13,1,0
2023-24-player-216,2023-24,13,1,0
2023-24-player-631,2023-24,13,1,0
2023-24-player-354,2023-24,14,1,0
2023-24-player-605,2023-24,14,1,0
2023-24-player-288,2023-24,14,1,0
2023-24-player-34,2023-24,14,1,0
2023-24-player-353,2023-24,14,1,0
2023-24-player-60,2023-24,14,1,0
2023-24-player-668,2023-24,14,1,0
2023-24-player-516,2023-24,14,1,0
2023-24-player-197,2023-24,14,1,0
2023-24-player-135,2023-24,14,1,0
2023-24-player-258,2023-24,14,1,0
2023-24-player-290,2023-24,14,1,0
2023-24-player-304,2023-24,14,1,0
2023-24-player-177,2023-24,14,1,0
2023-24-player-199,2023-24,14,2,0
2023-24-player-689,2023-24,14,1,0
2023-24-player-412,2023-24,14,1,0
2023-24-player-503,2023-24,14,1,0
2023-24-player-594,2023-24,14,1,0
2023-24-player-92,2023-24,14,1,0
2023-24-player-125,2023-24,14,1,0
2023-24-player-19,2023-24,14,1,0
2023-24-player-109,2023-24,14,1,0
2023-24-player-501,2023-24,14,1,0
2023-24-player-590,2023-24,14,1,0
2023-24-player-608,2023-24,14,1,0
2023-24-player-14,2023-24,14,1,0
2023-24-player-270,2023-24,14,1,0
2023-24-player-82,2023-24,14,1,0
2023-24-player-161,2023-24,14,1,0
2023-24-player-259,2023-24,14,1,0
2023-24-player-285,2023-24,14,1,0
2023-24-player-225,2023-24,14,1,0
2023-24-player-85,2023-24,14,1,0
2023-24-player-631,2023-24,14,1,0
2023-24-player-621,2023-24,15,1,0
2023-24-player-76,2023-24,15,1,0
2023-24-player-34,2023-24,15,1,0
2023-24-player-314,2023-24,15,1,0
2023-24-player-330,2023-24,15,1,0
2023-24-player-309,2023-24,15,1,0
2023-24-player-134,2023-24,15,1,0
2023-24-player-12,2023-24,15,1,0
2023-24-player-108,2023-24,15,1,0
2023-24-player-83,2023-24,15,1,0
2023-24-player-691,2023-24,15,1,0
2023-24-player-6,2023-24,15,1,0
2023-24-player-249,2023-24,15,1,0
2023-24-player-313,2023-24,15,1,0
2023-24-player-392,2023-24,15,2,0
2023-24-player-256,2023-24,15,2,0
2023-24-player-664,2023-24,15,1,0
2023-24-player-8,2023-24,15,1,0
2023-24-player-540,2023-24,15,1,0
2023-24-player-558,2023-24,15,2,0
2023-24-player-557,2023-24,15,1,0
2023-24-player-630,2023-24,15,1,0
2023-24-player-362,2023-24,15,1,0
2023-24-player-511,2023-24,15,1,0
2023-24-player-259,2023-24,15,1,0
2023-24-player-268,2023-24,15,1,0
2023-24-player-526,2023-24,15,1,0
2023-24-player-354,2023-24,16,1,0
2023-24-player-465,2023-24,16,1,0
2023-24-player-344,2023-24,16,1,0
2023-24-player-416,2023-24,16,1,0
2023-24-player-288,2023-24,16,1,0
2023-24-player-660,2023-24,16,1,0
2023-24-player-122,2023-24,16,1,0
2023-24-player-232,2023-24,16,1,0
2023-24-player-519,2023-24,16,1,0
2023-24-player-516,2023-24,16,1,0
2023-24-player-314,2023-24,16,1,0
2023-24-player-50,2023-24,16,1,0
2023-24-player-286,2023-24,16,1,0
2023-24-player-295,2023-24,16,1,0
2023-24-player-83,2023-24,16,1,0
2023-24-player-509,2023-24,16,2,0
2023-24-player-249,2023-24,16,1,0
2023-24-player-624,2023-24,16,1,0
2023-24-player-63,2023-24,16,1,0
2023-24-player-360,2023-24,16,1,0
2023-24-player-287,2023-24,16,1,0
2023-24-player-558,2023-24,16,1,0
2023-24-player-591,2023-24,16,1,0
2023-24-player-590,2023-24,16,1,0
2023-24-player-308,2023-24,16,1,0
2023-24-player-85,2023-24,16,1,0
2023-24-player-354,2023-24,17,1,0
2023-24-player-60,2023-24,17,1,0
2023-24-player-232,2023-24,17,1,0
2023-24-player-407,2023-24,17,1,0
2023-24-player-32,2023-24,17,1,0
2023-24-player-509,2023-24,17,1,0
2023-24-player-6,2023-24,17,1,0
2023-24-player-689,2023-24,17,2,0
2023-24-player-358,2023-24,17,1,0
2023-24-player-402,2023-24,17,1,0
2023-24-player-211,2023-24,17,1,0
2023-24-player-8,2023-24,17,1,0
2023-24-player-261,2023-24,17,1,0
2023-24-player-635,2023-24,17,1,0
2023-24-player-501,2023-24,17,1,0
2023-24-player-362,2023-24,17,1,0
2023-24-player-107,2023-24,17,1,0
2023-24-player-236,2023-24,17,1,0
2023-24-player-257,2023-24,17,1,0
2023-24-player-526,2023-24,17,1,0
2023-24-player-378,2023-24,18,1,0
2023-24-player-565,2023-24,18,1,0
2023-24-player-5,2023-24,18,1,0
2023-24-player-660,2023-24,18,1,0
2023-24-player-244,2023-24,18,1,0
2023-24-player-516,2023-24,18,1,0
2023-24-player-221,2023-24,18,1,0
2023-24-player-509,2023-24,18,1,0
2023-24-player-689,2023-24,18,1,0
2023-24-player-598,2023-24,18,1,0
2023-24-player-672,2023-24,18,1,0
2023-24-player-154,2023-24,18,1,0
2023-24-player-475,2023-24,18,1,0
2023-24-player-33,2023-24,18,1,0
2023-24-player-308,2023-24,18,1,0
2023-24-player-212,2023-24,18,1,0
2023-24-player-526,2023-24,18,1,0
2023-24-player-85,2023-24,18,3,0
2023-24-player-468,2023-24,18,1,0
2023-24-player-727,2023-24,18,1,0
2023-24-player-621,2023-24,19,1,0
2023-24-player-344,2023-24,19,1,0
2023-24-player-617,2023-24,19,1,0
2023-24-player-495,2023-24,19,1,0
2023-24-player-705,2023-24,19,1,0
2023-24-player-565,2023-24,19,1,0
2023-24-player-72,2023-24,19,1,0
2023-24-player-353,2023-24,19,1,0
2023-24-player-135,2023-24,19,2,0
2023-24-player-50,2023-24,19,1,0
2023-24-player-119,2023-24,19,1,0
2023-24-player-131,2023-24,19,1,0
2023-24-player-382,2023-24,19,2,0
2023-24-player-715,2023-24,19,1,0
2023-24-player-641,2023-24,19,1,0
2023-24-player-343,2023-24,19,1,0
2023-24-player-208,2023-24,19,1,0
2023-24-player-415,2023-24,19,1,0
2023-24-player-294,2023-24,19,1,0
2023-24-player-485,2023-24,19,1,0
2023-24-player-210,2023-24,19,1,0
2023-24-player-557,2023-24,19,2,0
2023-24-player-321,2023-24,19,1,0
2023-24-player-542,2023-24,19,1,0
2023-24-player-471,2023-24,19,1,0
2023-24-player-293,2023-24,19,1,0
2023-24-player-661,2023-24,19,1,0
2023-24-player-676,2023-24,19,1,0
2023-24-player-236,2023-24,19,1,0
2023-24-player-40,2023-24,19,1,0
2023-24-player-85,2023-24,19,1,0
2023-24-player-468,2023-24,19,3,0
2023-24-player-300,2023-24,20,1,0
2023-24-player-34,2023-24,20,1,0
2023-24-player-43,2023-24,20,1,0
2023-24-player-516,2023-24,20,1,0
2023-24-player-314,2023-24,20,1,0
2023-24-player-405,2023-24,20,1,0
2023-24-player-509,2023-24,20,1,0
2023-24-player-396,2023-24,20,1,0
2023-24-player-297,2023-24,20,1,0
2023-24-player-513,2023-24,20,1,0
2023-24-player-594,2023-24,20,1,0
2023-24-player-447,2023-24,20,1,0
2023-24-player-343,2023-24,20,1,0
2023-24-player-551,2023-24,20,1,0
2023-24-player-19,2023-24,20,1,0
2023-24-player-208,2023-24,20,1,0
2023-24-player-415,2023-24,20,1,0
2023-24-player-365,2023-24,20,1,0
2023-24-player-563,2023-24,20,1,0
2023-24-player-226,2023-24,20,1,0
2023-24-player-558,2023-24,20,1,0
2023-24-player-590,2023-24,20,1,0
2023-24-player-599,2023-24,20,1,0
2023-24-player-270,2023-24,20,1,0
2023-24-player-630,2023-24,20,1,0
2023-24-player-362,2023-24,20,2,0
2023-24-player-308,2023-24,20,2,0
2023-24-player-712,2023-24,20,1,0
2023-24-player-107,2023-24,20,1,0
2023-24-player-168,2023-24,20,1,0
2023-24-player-236,2023-24,20,2,0
2023-24-player-644,2023-24,20,1,0
2023-24-player-344,2023-24,21,1,0
2023-24-player-117,2023-24,21,1,0
2023-24-player-617,2023-24,21,1,0
2023-24-player-5,2023-24,21,2,0
2023-24-player-442,2023-24,21,1,0
2023-24-player-258,2023-24,21,1,0
2023-24-player-12,2023-24,21,2,0
2023-24-player-345,2023-24,21,1,0
2023-24-player-775,2023-24,21,1,0
2023-24-player-26,2023-24,21,1,0
2023-24-player-509,2023-24,21,1,0
2023-24-player-396,2023-24,21,1,0
2023-24-player-412,2023-24,21,1,0
2023-24-player-664,2023-24,21,1,0
2023-24-player-594,2023-24,21,1,0
2023-24-player-527,2023-24,21,1,0
2023-24-player-109,2023-24,21,1,0
2023-24-player-415,2023-24,21,1,0
2023-24-player-294,2023-24,21,2,0
2023-24-player-349,2023-24,21,1,0
2023-24-player-485,2023-24,21,1,0
2023-24-player-362,2023-24,21,1,0
2023-24-player-326,2023-24,21,1,0
2023-24-player-293,2023-24,21,2,0
2023-24-player-468,2023-24,21,1,0
2023-24-player-492,2023-24,21,1,0
2023-24-player-117,2023-24,22,1,0
2023-24-player-570,2023-24,22,1,0
2023-24-player-617,2023-24,22,1,0
2023-24-player-303,2023-24,22,1,0
2023-24-player-450,2023-24,22,1,0
2023-24-player-60,2023-24,22,1,0
2023-24-player-519,2023-24,22,1,0
2023-24-player-314,2023-24,22,3,0
2023-24-player-388,2023-24,22,1,0
2023-24-player-258,2023-24,22,1,0
2023-24-player-309,2023-24,22,1,0
2023-24-player-328,2023-24,22,1,0
2023-24-player-567,2023-24,22,1,0
2023-24-player-775,2023-24,22,1,0
2023-24-player-509,2023-24,22,1,0
2023-24-player-396,2023-24,22,1,0
2023-24-player-392,2023-24,22,1,0
2023-24-player-437,2023-24,22,1,0
2023-24-player-664,2023-24,22,1,0
2023-24-player-8,2023-24,22,1,0
2023-24-player-427,2023-24,22,2,0
2023-24-player-343,2023-24,22,2,0
2023-24-player-19,2023-24,22,1,0
2023-24-player-294,2023-24,22,1,0
2023-24-player-360,2023-24,22,1,0
2023-24-player-757,2023-24,22,1,0
2023-24-player-365,2023-24,22,1,0
2023-24-player-563,2023-24,22,1,0
2023-24-player-226,2023-24,22,2,0
2023-24-player-157,2023-24,22,1,0
2023-24-player-212,2023-24,22,1,0
2023-24-player-236,2023-24,22,1,0
2023-24-player-85,2023-24,22,1,0
2023-24-player-621,2023-24,23,1,0
2023-24-player-617,2023-24,23,1,0
2023-24-player-34,2023-24,23,1,0
2023-24-player-72,2023-24,23,1,0
2023-24-player-205,2023-24,23,1,0
2023-24-player-353,2023-24,23,3,0
2023-24-player-60,2023-24,23,1,0
2023-24-player-421,2023-24,23,2,0
2023-24-player-232,2023-24,23,1,0
2023-24-player-280,2023-24,23,1,0
2023-24-player-314,2023-24,23,1,0
2023-24-player-330,2023-24,23,1,0
2023-24-player-135,2023-24,23,1,0
2023-24-player-258,2023-24,23,1,0
2023-24-player-50,2023-24,23,1,0
2023-24-player-12,2023-24,23,1,0
2023-24-player-58,2023-24,23,1,0
2023-24-player-32,2023-24,23,1,0
2023-24-player-26,2023-24,23,1,0
2023-24-player-430,2023-24,23,1,0
2023-24-player-509,2023-24,23,2,0
2023-24-player-382,2023-24,23,2,0
2023-24-player-603,2023-24,23,1,0
2023-24-player-125,2023-24,23,1,0
2023-24-player-279,2023-24,23,1,0
2023-24-player-19,2023-24,23,1,0
2023-24-player-200,2023-24,23,2,0
2023-24-player-590,2023-24,23,3,0
2023-24-player-245,2023-24,23,1,0
2023-24-player-630,2023-24,23,1,0
2023-24-player-362,2023-24,23,1,0
2023-24-player-326,2023-24,23,1,0
2023-24-player-129,2023-24,23,1,0
2023-24-player-661,2023-24,23,1,0
2023-24-player-217,2023-24,23,1,0
2023-24-player-378,2023-24,24,1,0
2023-24-player-117,2023-24,24,1,0
2023-24-player-617,2023-24,24,1,0
2023-24-player-303,2023-24,24,1,0
2023-24-player-450,2023-24,24,1,0
2023-24-player-205,2023-24,24,1,0
2023-24-player-5,2023-24,24,1,0
2023-24-player-110,2023-24,24,1,0
2023-24-player-20,2023-24,24,1,0
2023-24-player-43,2023-24,24,1,0
2023-24-player-134,2023-24,24,1,0
2023-24-player-83,2023-24,24,1,0
2023-24-player-199,2023-24,24,1,0
2023-24-player-26,2023-24,24,1,0
2023-24-player-392,2023-24,24,1,0
2023-24-player-513,2023-24,24,1,0
2023-24-player-173,2023-24,24,1,0
2023-24-player-427,2023-24,24,1,0
2023-24-player-279,2023-24,24,2,0
2023-24-player-19,2023-24,24,2,0
2023-24-player-294,2023-24,24,1,0
2023-24-player-360,2023-24,24,1,0
2023-24-player-355,2023-24,24,2,0
2023-24-player-540,2023-24,24,1,0
2023-24-player-638,2023-24,24,1,0
2023-24-player-202,2023-24,24,2,0
2023-24-player-406,2023-24,24,2,0
2023-24-player-33,2023-24,24,1,0
2023-24-player-270,2023-24,24,1,0
2023-24-player-326,2023-24,24,1,0
2023-24-player-293,2023-24,24,1,0
2023-24-player-231,2023-24,24,1,0
2023-24-player-117,2023-24,25,1,0
2023-24-player-617,2023-24,25,2,0
2023-24-player-303,2023-24,25,1,0
2023-24-player-205,2023-24,25,1,0
2023-24-player-60,2023-24,25,2,0
2023-24-player-122,2023-24,25,2,0
2023-24-player-221,2023-24,25,1,0
2023-24-player-328,2023-24,25,1,0
2023-24-player-295,2023-24,25,1,0
2023-24-player-304,2023-24,25,1,0
2023-24-player-26,2023-24,25,1,0
2023-24-player-6,2023-24,25,1,0
2023-24-player-559,2023-24,25,2,0
2023-24-player-313,2023-24,25,1,0
2023-24-player-412,2023-24,25,1,0
2023-24-player-297,2023-24,25,2,0
2023-24-player-437,2023-24,25,1,0
2023-24-player-125,2023-24,25,1,0
2023-24-player-279,2023-24,25,1,0
2023-24-player-261,2023-24,25,1,0
2023-24-player-19,2023-24,25,2,0
2023-24-player-355,2023-24,25,1,0
2023-24-player-154,2023-24,25,1,0
2023-24-player-365,2023-24,25,1,0
2023-24-player-501,2023-24,25,1,0
2023-24-player-14,2023-24,25,1,0
2023-24-player-326,2023-24,25,1,0
2023-24-player-308,2023-24,25,1,0
2023-24-player-82,2023-24,25,1,0
2023-24-player-293,2023-24,25,1,0
2023-24-player-425,2023-24,25,1,0
2023-24-player-216,2023-24,25,1,0
2023-24-player-85,2023-24,25,1,0
2023-24-player-570,2023-24,26,1,0
2023-24-player-532,2023-24,26,1,0
2023-24-player-34,2023-24,26,1,0
2023-24-player-353,2023-24,26,1,0
2023-24-player-60,2023-24,26,1,0
2023-24-player-232,2023-24,26,1,0
2023-24-player-43,2023-24,26,2,0
2023-24-player-432,2023-24,26,1,0
2023-24-player-258,2023-24,26,1,0
2023-24-player-221,2023-24,26,1,0
2023-24-player-119,2023-24,26,1,0
2023-24-player-457,2023-24,26,1,0
2023-24-player-6,2023-24,26,1,0
2023-24-player-10,2023-24,26,1,0
2023-24-player-256,2023-24,26,1,0
2023-24-player-610,2023-24,26,1,0
2023-24-player-447,2023-24,26,1,0
2023-24-player-19,2023-24,26,1,0
2023-24-player-387,2023-24,26,1,0
2023-24-player-245,2023-24,26,1,0
2023-24-player-129,2023-24,26,1,0
2023-24-player-526,2023-24,26,3,0
2023-24-player-238,2023-24,26,1,0
2023-24-player-288,2023-24,27,1,0
2023-24-player-29,2023-24,27,1,0
2023-24-player-72,2023-24,27,1,0
2023-24-player-353,2023-24,27,2,0
2023-24-player-60,2023-24,27,2,0
2023-24-player-516,2023-24,27,1,0
2023-24-player-544,2023-24,27,1,0
2023-24-player-119,2023-24,27,1,0
2023-24-player-12,2023-24,27,1,0
2023-24-player-662,2023-24,27,1,0
2023-24-player-42,2023-24,27,1,0
2023-24-player-633,2023-24,27,1,0
2023-24-player-691,2023-24,27,1,0
2023-24-player-6,2023-24,27,1,0
2023-24-player-396,2023-24,27,1,0
2023-24-player-412,2023-24,27,1,0
2023-24-player-776,2023-24,27,1,0
2023-24-player-642,2023-24,27,1,0
2023-24-player-211,2023-24,27,1,0
2023-24-player-114,2023-24,27,1,0
2023-24-player-586,2023-24,27,1,0
2023-24-player-279,2023-24,27,1,0
2023-24-player-415,2023-24,27,1,0
2023-24-player-355,2023-24,27,1,0
2023-24-player-540,2023-24,27,1,0
2023-24-player-226,2023-24,27,1,0
2023-24-player-14,2023-24,27,1,0
2023-24-player-542,2023-24,27,1,0
2023-24-player-511,2023-24,27,1,0
2023-24-player-326,2023-24,27,1,0
2023-24-player-82,2023-24,27,1,0
2023-24-player-293,2023-24,27,1,0
2023-24-player-611,2023-24,27,1,0
2023-24-player-539,2023-24,28,1,0
2023-24-player-545,2023-24,28,1,0
2023-24-player-368,2023-24,28,1,0
2023-24-player-450,2023-24,28,1,0
2023-24-player-535,2023-24,28,1,0
2023-24-player-78,2023-24,28,1,0
2023-24-player-423,2023-24,28,1,0
2023-24-player-232,2023-24,28,1,0
2023-24-player-516,2023-24,28,1,0
2023-24-player-119,2023-24,28,1,0
2023-24-player-328,2023-24,28,1,0
2023-24-player-576,2023-24,28,1,0
2023-24-player-304,2023-24,28,1,0
2023-24-player-89,2023-24,28,1,0
2023-24-player-663,2023-24,28,1,0
2023-24-player-6,2023-24,28,1,0
2023-24-player-396,2023-24,28,1,0
2023-24-player-804,2023-24,28,1,0
2023-24-player-776,2023-24,28,1,0
2023-24-player-256,2023-24,28,1,0
2023-24-player-211,2023-24,28,1,0
2023-24-player-586,2023-24,28,1,0
2023-24-player-373,2023-24,28,1,0
2023-24-player-415,2023-24,28,1,0
2023-24-player-200,2023-24,28,1,0
2023-24-player-540,2023-24,28,1,0
2023-24-player-210,2023-24,28,1,0
2023-24-player-630,2023-24,28,1,0
2023-24-player-362,2023-24,28,1,0
2023-24-player-504,2023-24,28,1,0
2023-24-player-340,2023-24,28,1,0
2023-24-player-82,2023-24,28,2,0
2023-24-player-85,2023-24,28,1,0
2023-24-player-90,2023-24,29,1,0
2023-24-player-523,2023-24,29,1,0
2023-24-player-279,2023-24,29,2,0
2023-24-player-317,2023-24,29,1,0
2023-24-player-672,2023-24,29,1,0
2023-24-player-200,2023-24,29,1,0
2023-24-player-608,2023-24,29,1,0
2023-24-player-276,2023-24,29,1,0
2023-24-player-468,2023-24,29,1,0
2023-24-player-303,2023-24,30,1,0
2023-24-player-48,2023-24,30,1,0
2023-24-player-90,2023-24,30,1,0
2023-24-player-232,2023-24,30,1,0
2023-24-player-280,2023-24,30,1,0
2023-24-player-516,2023-24,30,1,0
2023-24-player-209,2023-24,30,1,0
2023-24-player-523,2023-24,30,1,0
2023-24-player-775,2023-24,30,2,0
2023-24-player-691,2023-24,30,1,0
2023-24-player-689,2023-24,30,1,0
2023-24-player-586,2023-24,30,1,0
2023-24-player-173,2023-24,30,1,0
2023-24-player-603,2023-24,30,2,0
2023-24-player-279,2023-24,30,1,0
2023-24-player-165,2023-24,30,1,0
2023-24-player-415,2023-24,30,2,0
2023-24-player-154,2023-24,30,1,0
2023-24-player-485,2023-24,30,1,0
2023-24-player-599,2023-24,30,1,0
2023-24-player-270,2023-24,30,1,0
2023-24-player-362,2023-24,30,2,0
2023-24-player-308,2023-24,30,1,0
2023-24-player-526,2023-24,30,1,0
2023-24-player-85,2023-24,30,1,0
2023-24-player-468,2023-24,30,1,0
2023-24-player-545,2023-24,31,1,0
2023-24-player-450,2023-24,31,1,0
2023-24-player-72,2023-24,31,1,0
2023-24-player-205,2023-24,31,1,0
2023-24-player-353,2023-24,31,3,0
2023-24-player-246,2023-24,31,1,0
2023-24-player-544,2023-24,31,1,0
2023-24-player-286,2023-24,31,1,0
2023-24-player-44,2023-24,31,1,0
2023-24-player-304,2023-24,31,1,0
2023-24-player-382,2023-24,31,2,0
2023-24-player-297,2023-24,31,1,0
2023-24-player-373,2023-24,31,1,0
2023-24-player-447,2023-24,31,1,0
2023-24-player-415,2023-24,31,1,0
2023-24-player-365,2023-24,31,1,0
2023-24-player-202,2023-24,31,1,0
2023-24-player-608,2023-24,31,1,0
2023-24-player-14,2023-24,31,1,0
2023-24-player-362,2023-24,31,3,0
2023-24-player-293,2023-24,31,1,0
2023-24-player-468,2023-24,31,1,0
2023-24-player-570,2023-24,32,1,0
2023-24-player-86,2023-24,32,1,0
2023-24-player-539,2023-24,32,1,0
2023-24-player-303,2023-24,32,1,0
2023-24-player-60,2023-24,32,2,0
2023-24-player-232,2023-24,32,1,0
2023-24-player-506,2023-24,32,1,0
2023-24-player-388,2023-24,32,1,0
2023-24-player-246,2023-24,32,1,0
2023-24-player-320,2023-24,32,1,0
2023-24-player-119,2023-24,32,1,0
2023-24-player-639,2023-24,32,1,0
2023-24-player-108,2023-24,32,1,0
2023-24-player-26,2023-24,32,1,0
2023-24-player-476,2023-24,32,1,0
2023-24-player-6,2023-24,32,1,0
2023-24-player-803,2023-24,32,1,0
2023-24-player-358,2023-24,32,1,0
2023-24-player-664,2023-24,32,1,0
2023-24-player-373,2023-24,32,1,0
2023-24-player-19,2023-24,32,1,0
2023-24-player-208,2023-24,32,1,0
2023-24-player-355,2023-24,32,1,0
2023-24-player-349,2023-24,32,2,0
2023-24-player-485,2023-24,32,1,0
2023-24-player-406,2023-24,32,1,0
2023-24-player-326,2023-24,32,1,0
2023-24-player-308,2023-24,32,1,0
2023-24-player-217,2023-24,32,1,0
2023-24-player-225,2023-24,32,1,0
2023-24-player-121,2023-24,32,1,0
2023-24-player-468,2023-24,32,1,0
2023-24-player-34,2023-24,33,1,0
2023-24-player-72,2023-24,33,1,0
2023-24-player-60,2023-24,33,1,0
2023-24-player-442,2023-24,33,1,0
2023-24-player-267,2023-24,33,2,0
2023-24-player-716,2023-24,33,1,0
2023-24-player-412,2023-24,33,1,0
2023-24-player-211,2023-24,33,1,0
2023-24-player-373,2023-24,33,2,0
2023-24-player-356,2023-24,33,1,0
2023-24-player-447,2023-24,33,1,0
2023-24-player-427,2023-24,33,1,0
2023-24-player-415,2023-24,33,2,0
2023-24-player-111,2023-24,33,1,0
2023-24-player-355,2023-24,33,1,0
2023-24-player-226,2023-24,33,1,0
2023-24-player-678,2023-24,33,1,0
2023-24-player-590,2023-24,33,2,0
2023-24-player-630,2023-24,33,1,0
2023-24-player-616,2023-24,33,1,0
2023-24-player-362,2023-24,33,4,0
2023-24-player-161,2023-24,33,1,0
2023-24-player-85,2023-24,33,1,0
2023-24-player-617,2023-24,34,1,0
2023-24-player-254,2023-24,34,1,0
2023-24-player-29,2023-24,34,2,0
2023-24-player-34,2023-24,34,1,0
2023-24-player-353,2023-24,34,2,0
2023-24-player-232,2023-24,34,4,0
2023-24-player-246,2023-24,34,1,0
2023-24-player-119,2023-24,34,2,0
2023-24-player-115,2023-24,34,1,0
2023-24-player-290,2023-24,34,1,0
2023-24-player-523,2023-24,34,1,0
2023-24-player-663,2023-24,34,1,0
2023-24-player-775,2023-24,34,1,0
2023-24-player-26,2023-24,34,2,0
2023-24-player-476,2023-24,34,1,0
2023-24-player-6,2023-24,34,2,0
2023-24-player-803,2023-24,34,1,0
2023-24-player-708,2023-24,34,1,0
2023-24-player-170,2023-24,34,1,0
2023-24-player-373,2023-24,34,2,0
2023-24-player-343,2023-24,34,1,0
2023-24-player-317,2023-24,34,1,0
2023-24-player-112,2023-24,34,1,0
2023-24-player-294,2023-24,34,1,0
2023-24-player-349,2023-24,34,1,0
2023-24-player-226,2023-24,34,1,0
2023-24-player-387,2023-24,34,1,0
2023-24-player-608,2023-24,34,1,0
2023-24-player-599,2023-24,34,1,0
2023-24-player-245,2023-24,34,1,0
2023-24-player-14,2023-24,34,1,0
2023-24-player-82,2023-24,34,1,0
2023-24-player-805,2023-24,34,1,0
2023-24-player-107,2023-24,34,1,0
2023-24-player-259,2023-24,34,1,0
2023-24-player-688,2023-24,34,1,0
2023-24-player-168,2023-24,34,1,0
2023-24-player-236,2023-24,34,1,0
2023-24-player-85,2023-24,34,1,0
2023-24-player-254,2023-24,35,1,0
2023-24-player-72,2023-24,35,1,0
2023-24-player-516,2023-24,35,1,0
2023-24-player-523,2023-24,35,1,0
2023-24-player-83,2023-24,35,1,0
2023-24-player-372,2023-24,35,1,0
2023-24-player-194,2023-24,35,1,0
2023-24-player-6,2023-24,35,1,0
2023-24-player-804,2023-24,35,1,0
2023-24-player-803,2023-24,35,1,0
2023-24-player-307,2023-24,35,1,0
2023-24-player-240,2023-24,35,1,0
2023-24-player-211,2023-24,35,1,0
2023-24-player-433,2023-24,35,1,0
2023-24-player-594,2023-24,35,1,0
2023-24-player-279,2023-24,35,1,0
2023-24-player-573,2023-24,35,1,0
2023-24-player-19,2023-24,35,1,0
2023-24-player-208,2023-24,35,1,0
2023-24-player-415,2023-24,35,2,0
2023-24-player-355,2023-24,35,1,0
2023-24-player-202,2023-24,35,1,0
2023-24-player-557,2023-24,35,1,0
2023-24-player-406,2023-24,35,1,0
2023-24-player-616,2023-24,35,1,0
2023-24-player-471,2023-24,35,1,0
2023-24-player-511,2023-24,35,1,0
2023-24-player-326,2023-24,35,1,0
2023-24-player-526,2023-24,35,1,0
2023-24-player-205,2023-24,36,2,0
2023-24-player-421,2023-24,36,1,0
2023-24-player-232,2023-24,36,1,0
2023-24-player-516,2023-24,36,1,0
2023-24-player-314,2023-24,36,1,0
2023-24-player-246,2023-24,36,1,0
2023-24-player-135,2023-24,36,1,0
2023-24-player-295,2023-24,36,1,0
2023-24-player-775,2023-24,36,1,0
2023-24-player-26,2023-24,36,1,0
2023-24-player-509,2023-24,36,1,0
2023-24-player-307,2023-24,36,1,0
2023-24-player-297,2023-24,36,1,0
2023-24-player-211,2023-24,36,2,0
2023-24-player-433,2023-24,36,1,0
2023-24-player-173,2023-24,36,1,0
2023-24-player-343,2023-24,36,1,0
2023-24-player-19,2023-24,36,1,0
2023-24-player-208,2023-24,36,1,0
2023-24-player-415,2023-24,36,1,0
2023-24-player-470,2023-24,36,1,0
2023-24-player-355,2023-24,36,4,0
2023-24-player-540,2023-24,36,1,0
2023-24-player-202,2023-24,36,1,0
2023-24-player-557,2023-24,36,1,0
2023-24-player-406,2023-24,36,1,0
2023-24-player-362,2023-24,36,1,0
2023-24-player-234,2023-24,36,1,0
2023-24-player-308,2023-24,36,1,0
2023-24-player-236,2023-24,36,2,0
2023-24-player-371,2023-24,37,1,0
2023-24-player-626,2023-24,37,1,0
2023-24-player-617,2023-24,37,1,0
2023-24-player-205,2023-24,37,1,0
2023-24-player-353,2023-24,37,1,0
2023-24-player-421,2023-24,37,1,0
2023-24-player-21,2023-24,37,1,0
2023-24-player-232,2023-24,37,1,0
2023-24-player-506,2023-24,37,1,0
2023-24-player-388,2023-24,37,1,0
2023-24-player-119,2023-24,37,1,0
2023-24-player-44,2023-24,37,2,0
2023-24-player-639,2023-24,37,1,0
2023-24-player-108,2023-24,37,1,0
2023-24-player-58,2023-24,37,1,0
2023-24-player-26,2023-24,37,1,0
2023-24-player-249,2023-24,37,1,0
2023-24-player-439,2023-24,37,1,0
2023-24-player-412,2023-24,37,1,0
2023-24-player-151,2023-24,37,1,0
2023-24-player-297,2023-24,37,1,0
2023-24-player-211,2023-24,37,1,0
2023-24-player-664,2023-24,37,1,0
2023-24-player-343,2023-24,37,1,0
2023-24-player-355,2023-24,37,2,0
2023-24-player-154,2023-24,37,1,0
2023-24-player-204,2023-24,37,1,0
2023-24-player-210,2023-24,37,1,0
2023-24-player-226,2023-24,37,1,0
2023-24-player-590,2023-24,37,1,0
2023-24-player-608,2023-24,37,1,0
2023-24-player-542,2023-24,37,1,0
2023-24-player-616,2023-24,37,2,0
2023-24-player-362,2023-24,37,1,0
2023-24-player-829,2023-24,37,1,0
2023-24-player-212,2023-24,37,1,0
2023-24-player-236,2023-24,37,1,0
2023-24-player-216,2023-24,37,1,0
2023-24-player-85,2023-24,37,1,0
2023-24-player-105,2023-24,38,1,0
2023-24-player-626,2023-24,38,1,0
2023-24-player-617,2023-24,38,1,0
2023-24-player-254,2023-24,38,1,0
2023-24-player-288,2023-24,38,1,0
2023-24-player-353,2023-24,38,2,0
2023-24-player-25,2023-24,38,1,0
2023-24-player-423,2023-24,38,1,0
2023-24-player-232,2023-24,38,3,0
2023-24-player-506,2023-24,38,1,0
2023-24-player-119,2023-24,38,1,0
2023-24-player-662,2023-24,38,1,0
2023-24-player-304,2023-24,38,1,0
2023-24-player-6,2023-24,38,1,0
2023-24-player-689,2023-24,38,1,0
2023-24-player-603,2023-24,38,1,0
2023-24-player-165,2023-24,38,1,0
2023-24-player-377,2023-24,38,1,0
2023-24-player-415,2023-24,38,1,0
2023-24-player-365,2023-24,38,1,0
2023-24-player-501,2023-24,38,2,0
2023-24-player-226,2023-24,38,2,0
2023-24-player-558,2023-24,38,2,0
2023-24-player-406,2023-24,38,1,0
2023-24-player-321,2023-24,38,1,0
2023-24-player-326,2023-24,38,1,0
2023-24-player-126,2023-24,38,1,0
2023-24-player-216,2023-24,38,1,0
2023-24-player-468,2023-24,38,2,0
2023-24-team-12,2023-24,1,0,4
2023-24-team-4,2023-24,1,0,2
2023-24-team-1,2023-24,1,0,1
2023-24-team-6,2023-24,1,0,3
2023-24-team-5,2023-24,1,0,1
2023-24-team-15,2023-24,1,0,1
2023-24-team-18,2023-24,1,0,2
2023-24-team-19,2023-24,1,0,1
2023-24-team-11,2023-24,1,0,1
2023-24-team-3,2023-24,1,0,1
2023-24-team-9,2023-24,1,0,1
2023-24-team-2,2023-24,1,0,5
2023-24-team-20,2023-24,1,0,1
2023-24-team-17,2023-24,1,0,1
2023-24-team-16,2023-24,1,0,2
2023-24-team-7,2023-24,1,0,1
2023-24-team-8,2023-24,2,0,1
2023-24-team-5,2023-24,2,0,1
2023-24-team-15,2023-24,2,0,1
2023-24-team-19,2023-24,2,0,1
2023-24-team-11,2023-24,2,0,1
2023-24-team-10,2023-24,2,0,3
2023-24-team-14,2023-24,2,0,2
2023-24-team-3,2023-24,2,0,3
2023-24-team-9,2023-24,2,0,4
2023-24-team-20,2023-24,2,0,4
2023-24-team-17,2023-24,2,0,2
2023-24-team-16,2023-24,2,0,1
2023-24-team-7,2023-24,2,0,3
2023-24-team-2,2023-24,3,0,1
2023-24-team-12,2023-24,3,0,3
2023-24-team-4,2023-24,3,0,1
2023-24-team-1,2023-24,3,0,2
2023-24-team-6,2023-24,3,0,3
2023-24-team-8,2023-24,3,0,1
2023-24-team-15,2023-24,3,0,2
2023-24-team-13,2023-24,3,0,1
2023-24-team-19,2023-24,3,0,1
2023-24-team-11,2023-24,3,0,1
2023-24-team-5,2023-24,3,0,3
2023-24-team-10,2023-24,3,0,2
2023-24-team-14,2023-24,3,0,2
2023-24-team-3,2023-24,3,0,2
2023-24-team-9,2023-24,3,0,1
2023-24-team-17,2023-24,3,0,2
2023-24-team-16,2023-24,3,0,3
2023-24-team-12,2023-24,4,0,2
2023-24-team-4,2023-24,4,0,2
2023-24-team-1,2023-24,4,0,1
2023-24-team-6,2023-24,4,0,5
2023-24-team-8,2023-24,4,0,2
2023-24-team-15,2023-24,4,0,3
2023-24-team-13,2023-24,4,0,1
2023-24-team-18,2023-24,4,0,2
2023-24-team-19,2023-24,4,0,1
2023-24-team-5,2023-24,4,0,1
2023-24-team-10,2023-24,4,0,5
2023-24-team-14,2023-24,4,0,3
2023-24-team-3,2023-24,4,0,2
2023-24-team-9,2023-24,4,0,2
2023-24-team-2,2023-24,4,0,3
2023-24-team-20,2023-24,4,0,3
2023-24-team-17,2023-24,4,0,2
2023-24-team-7,2023-24,4,0,1
2023-24-team-12,2023-24,5,0,1
2023-24-team-4,2023-24,5,0,1
2023-24-team-6,2023-24,5,0,1
2023-24-team-8,2023-24,5,0,3
2023-24-team-5,2023-24,5,0,1
2023-24-team-13,2023-24,5,0,1
2023-24-team-18,2023-24,5,0,1
2023-24-team-19,2023-24,5,0,3
2023-24-team-11,2023-24,5,0,1
2023-24-team-14,2023-24,5,0,3
2023-24-team-9,2023-24,5,0,1
2023-24-team-2,2023-24,5,0,1
2023-24-team-20,2023-24,5,0,3
2023-24-team-17,2023-24,5,0,2
2023-24-team-16,2023-24,5,0,1
2023-24-team-1,2023-24,6,0,2
2023-24-team-12,2023-24,6,0,1
2023-24-team-4,2023-24,6,0,3
2023-24-team-6,2023-24,6,0,1
2023-24-team-18,2023-24,6,0,2
2023-24-team-19,2023-24,6,0,3
2023-24-team-11,2023-24,6,0,1
2023-24-team-5,2023-24,6,0,1
2023-24-team-3,2023-24,6,0,3
2023-24-team-9,2023-24,6,0,1
2023-24-team-20,2023-24,6,0,1
2023-24-team-17,2023-24,6,0,8
2023-24-team-16,2023-24,6,0,2
2023-24-team-7,2023-24,6,0,1
2023-24-team-12,2023-24,7,0,3
2023-24-team-4,2023-24,7,0,1
2023-24-team-6,2023-24,7,0,3
2023-24-team-5,2023-24,7,0,6
2023-24-team-13,2023-24,7,0,2
2023-24-team-18,2023-24,7,0,1
2023-24-team-11,2023-24,7,0,2
2023-24-team-10,2023-24,7,0,2
2023-24-team-14,2023-24,7,0,1
2023-24-team-3,2023-24,7,0,4
2023-24-team-9,2023-24,7,0,2
2023-24-team-2,2023-24,7,0,1
2023-24-team-20,2023-24,7,0,1
2023-24-team-17,2023-24,7,0,2
2023-24-team-16,2023-24,7,0,1
2023-24-team-12,2023-24,8,0,1
2023-24-team-6,2023-24,8,0,4
2023-24-team-15,2023-24,8,0,2
2023-24-team-13,2023-24,8,0,1
2023-24-team-19,2023-24,8,0,2
2023-24-team-11,2023-24,8,0,2
2023-24-team-5,2023-24,8,0,2
2023-24-team-10,2023-24,8,0,1
2023-24-team-14,2023-24,8,0,1
2023-24-team-4,2023-24,8,0,2
2023-24-team-3,2023-24,8,0,3
2023-24-team-2,2023-24,8,0,1
2023-24-team-20,2023-24,8,0,1
2023-24-team-17,2023-24,8,0,3
2023-24-team-7,2023-24,8,0,1
2023-24-team-1,2023-24,9,0,2
2023-24-team-12,2023-24,9,0,2
2023-24-team-6,2023-24,9,0,3
2023-24-team-13,2023-24,9,0,1
2023-24-team-8,2023-24,9,0,4
2023-24-team-5,2023-24,9,0,2
2023-24-team-19,2023-24,9,0,4
2023-24-team-10,2023-24,9,0,2
2023-24-team-14,2023-24,9,0,1
2023-24-team-3,2023-24,9,0,2
2023-24-team-9,2023-24,9,0,2
2023-24-team-2,2023-24,9,0,1
2023-24-team-20,2023-24,9,0,1
2023-24-team-17,2023-24,9,0,2
2023-24-team-16,2023-24,9,0,2
2023-24-team-7,2023-24,9,0,2
2023-24-team-3,2023-24,10,0,1
2023-24-team-12,2023-24,10,0,3
2023-24-team-6,2023-24,10,0,2
2023-24-team-8,2023-24,10,0,2
2023-24-team-5,2023-24,10,0,1
2023-24-team-15,2023-24,10,0,2
2023-24-team-18,2023-24,10,0,1
2023-24-team-19,2023-24,10,0,1
2023-24-team-10,2023-24,10,0,1
2023-24-team-14,2023-24,10,0,3
2023-24-team-2,2023-24,10,0,1
2023-24-team-20,2023-24,10,0,2
2023-24-team-17,2023-24,10,0,5
2023-24-team-16,2023-24,10,0,3
2023-24-team-7,2023-24,10,0,2
2023-24-team-3,2023-24,11,0,6
2023-24-team-1,2023-24,11,0,1
2023-24-team-12,2023-24,11,0,1
2023-24-team-4,2023-24,11,0,2
2023-24-team-6,2023-24,11,0,2
2023-24-team-13,2023-24,11,0,1
2023-24-team-18,2023-24,11,0,4
2023-24-team-19,2023-24,11,0,3
2023-24-team-11,2023-24,11,0,1
2023-24-team-5,2023-24,11,0,1
2023-24-team-10,2023-24,11,0,1
2023-24-team-9,2023-24,11,0,1
2023-24-team-2,2023-24,11,0,2
2023-24-team-20,2023-24,11,0,2
2023-24-team-17,2023-24,11,0,1
2023-24-team-7,2023-24,11,0,1
2023-24-team-1,2023-24,12,0,1
2023-24-team-12,2023-24,12,0,1
2023-24-team-4,2023-24,12,0,3
2023-24-team-6,2023-24,12,0,3
2023-24-team-8,2023-24,12,0,3
2023-24-team-5,2023-24,12,0,1
2023-24-team-15,2023-24,12,0,2
2023-24-team-13,2023-24,12,0,4
2023-24-team-18,2023-24,12,0,2
2023-24-team-19,2023-24,12,0,2
2023-24-team-10,2023-24,12,0,3
2023-24-team-9,2023-24,12,0,2
2023-24-team-2,2023-24,12,0,1
2023-24-team-16,2023-24,12,0,3
2023-24-team-20,2023-24,12,0,1
2023-24-team-17,2023-24,12,0,1
2023-24-team-7,2023-24,12,0,4
2023-24-team-12,2023-24,13,0,1
2023-24-team-4,2023-24,13,0,1
2023-24-team-6,2023-24,13,0,2
2023-24-team-8,2023-24,13,0,2
2023-24-team-15,2023-24,13,0,1
2023-24-team-13,2023-24,13,0,1
2023-24-team-18,2023-24,13,0,2
2023-24-team-19,2023-24,13,0,1
2023-24-team-11,2023-24,13,0,1
2023-24-team-5,2023-24,13,0,2
2023-24-team-10,2023-24,13,0,2
2023-24-team-3,2023-24,13,0,1
2023-24-team-9,2023-24,13,0,3
2023-24-team-2,2023-24,13,0,1
2023-24-team-16,2023-24,13,0,3
2023-24-team-20,2023-24,13,0,3
2023-24-team-17,2023-24,13,0,3
2023-24-team-7,2023-24,13,0,4
2023-24-team-1,2023-24,14,0,1
2023-24-team-12,2023-24,14,0,3
2023-24-team-4,2023-24,14,0,1
2023-24-team-8,2023-24,14,0,1
2023-24-team-5,2023-24,14,0,3
2023-24-team-13,2023-24,14,0,3
2023-24-team-18,2023-24,14,0,3
2023-24-team-19,2023-24,14,0,1
2023-24-team-10,2023-24,14,0,4
2023-24-team-14,2023-24,14,0,1
2023-24-team-11,2023-24,14,0,3
2023-24-team-3,2023-24,14,0,2
2023-24-team-2,2023-24,14,0,2
2023-24-team-16,2023-24,14,0,1
2023-24-team-20,2023-24,14,0,2
2023-24-team-17,2023-24,14,0,5
2023-24-team-7,2023-24,14,0,2
2023-24-team-1,2023-24,15,0,3
2023-24-team-12,2023-24,15,0,4
2023-24-team-4,2023-24,15,0,2
2023-24-team-15,2023-24,15,0,3
2023-24-team-6,2023-24,15,0,1
2023-24-team-8,2023-24,15,0,2
2023-24-team-19,2023-24,15,0,1
2023-24-team-5,2023-24,15,0,1
2023-24-team-13,2023-24,15,0,1
2023-24-team-18,2023-24,15,0,2
2023-24-team-14,2023-24,15,0,1
2023-24-team-16,2023-24,15,0,5
2023-24-team-17,2023-24,15,0,2
2023-24-team-7,2023-24,15,0,2
2023-24-team-8,2023-24,16,0,2
2023-24-team-1,2023-24,16,0,1
2023-24-team-12,2023-24,16,0,2
2023-24-team-4,2023-24,16,0,1
2023-24-team-15,2023-24,16,0,4
2023-24-team-6,2023-24,16,0,1
2023-24-team-7,2023-24,16,0,2
2023-24-team-19,2023-24,16,0,5
2023-24-team-13,2023-24,16,0,1
2023-24-team-18,2023-24,16,0,1
2023-24-team-11,2023-24,16,0,1
2023-24-team-5,2023-24,16,0,1
2023-24-team-14,2023-24,16,0,3
2023-24-team-20,2023-24,16,0,1
2023-24-team-16,2023-24,16,0,1
2023-24-team-4,2023-24,17,0,2
2023-24-team-8,2023-24,17,0,2
2023-24-team-6,2023-24,17,0,2
2023-24-team-13,2023-24,17,0,2
2023-24-team-5,2023-24,17,0,2
2023-24-team-10,2023-24,17,0,3
2023-24-team-2,2023-24,17,0,1
2023-24-team-20,2023-24,17,0,3
2023-24-team-17,2023-24,17,0,2
2023-24-team-16,2023-24,17,0,2
2023-24-team-1,2023-24,18,0,1
2023-24-team-15,2023-24,18,0,1
2023-24-team-8,2023-24,18,0,1
2023-24-team-7,2023-24,18,0,2
2023-24-team-18,2023-24,18,0,1
2023-24-team-11,2023-24,18,0,1
2023-24-team-5,2023-24,18,0,1
2023-24-team-10,2023-24,18,0,2
2023-24-team-14,2023-24,18,0,2
2023-24-team-3,2023-24,18,0,2
2023-24-team-9,2023-24,18,0,2
2023-24-team-2,2023-24,18,0,1
2023-24-team-20,2023-24,18,0,1
2023-24-team-17,2023-24,18,0,1
2023-24-team-16,2023-24,18,0,3
2023-24-team-1,2023-24,19,0,2
2023-24-team-12,2023-24,19,0,2
2023-24-team-4,2023-24,19,0,4
2023-24-team-15,2023-24,19,0,3
2023-24-team-8,2023-24,19,0,2
2023-24-team-6,2023-24,19,0,2
2023-24-team-7,2023-24,19,0,1
2023-24-team-5,2023-24,19,0,2
2023-24-team-13,2023-24,19,0,1
2023-24-team-18,2023-24,19,0,4
2023-24-team-10,2023-24,19,0,3
2023-24-team-14,2023-24,19,0,2
2023-24-team-9,2023-24,19,0,3
2023-24-team-2,2023-24,19,0,3
2023-24-team-20,2023-24,19,0,1
2023-24-team-17,2023-24,19,0,3
2023-24-team-16,2023-24,19,0,1
2023-24-team-1,2023-24,20,0,2
2023-24-team-12,2023-24,20,0,3
2023-24-team-4,2023-24,20,0,3
2023-24-team-15,2023-24,20,0,4
2023-24-team-8,2023-24,20,0,1
2023-24-team-6,2023-24,20,0,3
2023-24-team-7,2023-24,20,0,2
2023-24-team-18,2023-24,20,0,1
2023-24-team-11,2023-24,20,0,2
2023-24-team-10,2023-24,20,0,1
2023-24-team-14,2023-24,20,0,2
2023-24-team-3,2023-24,20,0,3
2023-24-team-9,2023-24,20,0,3
2023-24-team-2,2023-24,20,0,2
2023-24-team-17,2023-24,20,0,2
2023-24-team-16,2023-24,20,0,1
2023-24-team-12,2023-24,21,0,1
2023-24-team-4,2023-24,21,0,2
2023-24-team-15,2023-24,21,0,3
2023-24-team-8,2023-24,21,0,5
2023-24-team-6,2023-24,21,0,1
2023-24-team-13,2023-24,21,0,2
2023-24-team-19,2023-24,21,0,2
2023-24-team-18,2023-24,21,0,2
2023-24-team-10,2023-24,21,0,1
2023-24-team-14,2023-24,21,0,2
2023-24-team-3,2023-24,21,0,4
2023-24-team-17,2023-24,21,0,2
2023-24-team-16,2023-24,21,0,3
2023-24-team-17,2023-24,22,0,3
2023-24-team-1,2023-24,22,0,1
2023-24-team-4,2023-24,22,0,3
2023-24-team-15,2023-24,22,0,1
2023-24-team-8,2023-24,22,0,2
2023-24-team-6,2023-24,22,0,3
2023-24-team-5,2023-24,22,0,4
2023-24-team-13,2023-24,22,0,1
2023-24-team-18,2023-24,22,0,2
2023-24-team-19,2023-24,22,0,1
2023-24-team-11,2023-24,22,0,1
2023-24-team-14,2023-24,22,0,3
2023-24-team-3,2023-24,22,0,1
2023-24-team-2,2023-24,22,0,3
2023-24-team-20,2023-24,22,0,4
2023-24-team-16,2023-24,22,0,2
2023-24-team-7,2023-24,22,0,4
2023-24-team-1,2023-24,23,0,1
2023-24-team-12,2023-24,23,0,4
2023-24-team-4,2023-24,23,0,3
2023-24-team-15,2023-24,23,0,4
2023-24-team-8,2023-24,23,0,4
2023-24-team-6,2023-24,23,0,2
2023-24-team-19,2023-24,23,0,3
2023-24-team-13,2023-24,23,0,1
2023-24-team-18,2023-24,23,0,2
2023-24-team-11,2023-24,23,0,3
2023-24-team-5,2023-24,23,0,1
2023-24-team-10,2023-24,23,0,2
2023-24-team-16,2023-24,23,0,1
2023-24-team-3,2023-24,23,0,1
2023-24-team-9,2023-24,23,0,2
2023-24-team-20,2023-24,23,0,2
2023-24-team-17,2023-24,23,0,5
2023-24-team-7,2023-24,23,0,4
2023-24-team-12,2023-24,24,0,3
2023-24-team-15,2023-24,24,0,2
2023-24-team-8,2023-24,24,0,3
2023-24-team-6,2023-24,24,0,3
2023-24-team-5,2023-24,24,0,2
2023-24-team-18,2023-24,24,0,1
2023-24-team-19,2023-24,24,0,6
2023-24-team-10,2023-24,24,0,1
2023-24-team-14,2023-24,24,0,1
2023-24-team-11,2023-24,24,0,1
2023-24-team-16,2023-24,24,0,3
2023-24-team-3,2023-24,24,0,3
2023-24-team-9,2023-24,24,0,2
2023-24-team-2,2023-24,24,0,2
2023-24-team-20,2023-24,24,0,2
2023-24-team-17,2023-24,24,0,1
2023-24-team-7,2023-24,24,0,1
2023-24-team-12,2023-24,25,0,6
2023-24-team-4,2023-24,25,0,5
2023-24-team-15,2023-24,25,0,2
2023-24-team-6,2023-24,25,0,5
2023-24-team-8,2023-24,25,0,1
2023-24-team-13,2023-24,25,0,1
2023-24-team-18,2023-24,25,0,2
2023-24-team-19,2023-24,25,0,2
2023-24-team-10,2023-24,25,0,2
2023-24-team-14,2023-24,25,0,1
2023-24-team-11,2023-24,25,0,2
2023-24-team-3,2023-24,25,0,2
2023-24-team-9,2023-24,25,0,1
2023-24-team-2,2023-24,25,0,1
2023-24-team-20,2023-24,25,0,1
2023-24-team-17,2023-24,25,0,5
2023-24-team-7,2023-24,25,0,1
2023-24-team-17,2023-24,26,0,1
2023-24-team-1,2023-24,26,0,1
2023-24-team-4,2023-24,26,0,4
2023-24-team-6,2023-24,26,0,3
2023-24-team-19,2023-24,26,0,2
2023-24-team-15,2023-24,26,0,4
2023-24-team-5,2023-24,26,0,1
2023-24-team-10,2023-24,26,0,1
2023-24-team-14,2023-24,26,0,2
2023-24-team-16,2023-24,26,0,4
2023-24-team-3,2023-24,26,0,1
2023-24-team-9,2023-24,26,0,1
2023-24-team-2,2023-24,26,0,2
2023-24-team-17,2023-24,27,0,6
2023-24-team-12,2023-24,27,0,3
2023-24-team-4,2023-24,27,0,2
2023-24-team-6,2023-24,27,0,2
2023-24-team-8,2023-24,27,0,3
2023-24-team-5,2023-24,27,0,3
2023-24-team-13,2023-24,27,0,1
2023-24-team-18,2023-24,27,0,1
2023-24-team-19,2023-24,27,0,1
2023-24-team-14,2023-24,27,0,3
2023-24-team-16,2023-24,27,0,1
2023-24-team-9,2023-24,27,0,3
2023-24-team-2,2023-24,27,0,2
2023-24-team-20,2023-24,27,0,3
2023-24-team-7,2023-24,27,0,2
2023-24-team-17,2023-24,28,0,2
2023-24-team-12,2023-24,28,0,5
2023-24-team-4,2023-24,28,0,2
2023-24-team-15,2023-24,28,0,3
2023-24-team-1,2023-24,28,0,1
2023-24-team-6,2023-24,28,0,2
2023-24-team-8,2023-24,28,0,1
2023-24-team-13,2023-24,28,0,1
2023-24-team-19,2023-24,28,0,2
2023-24-team-10,2023-24,28,0,2
2023-24-team-11,2023-24,28,0,1
2023-24-team-16,2023-24,28,0,1
2023-24-team-3,2023-24,28,0,5
2023-24-team-9,2023-24,28,0,2
2023-24-team-2,2023-24,28,0,4
2023-24-team-20,2023-24,28,0,1
2023-24-team-7,2023-24,28,0,2
2023-24-team-12,2023-24,29,0,1
2023-24-team-4,2023-24,29,0,2
2023-24-team-18,2023-24,29,0,3
2023-24-team-19,2023-24,29,0,1
2023-24-team-6,2023-24,29,0,1
2023-24-team-16,2023-24,29,0,1
2023-24-team-2,2023-24,29,0,1
2023-24-team-17,2023-24,30,0,3
2023-24-team-12,2023-24,30,0,2
2023-24-team-4,2023-24,30,0,1
2023-24-team-15,2023-24,30,0,3
2023-24-team-8,2023-24,30,0,1
2023-24-team-19,2023-24,30,0,4
2023-24-team-18,2023-24,30,0,1
2023-24-team-5,2023-24,30,0,2
2023-24-team-10,2023-24,30,0,3
2023-24-team-14,2023-24,30,0,1
2023-24-team-11,2023-24,30,0,1
2023-24-team-6,2023-24,30,0,2
2023-24-team-16,2023-24,30,0,1
2023-24-team-3,2023-24,30,0,1
2023-24-team-9,2023-24,30,0,2
2023-24-team-20,2023-24,30,0,2
2023-24-team-7,2023-24,30,0,2
2023-24-team-2,2023-24,31,0,4
2023-24-team-17,2023-24,31,0,3
2023-24-team-12,2023-24,31,0,2
2023-24-team-15,2023-24,31,0,1
2023-24-team-8,2023-24,31,0,1
2023-24-team-13,2023-24,31,0,1
2023-24-team-19,2023-24,31,0,1
2023-24-team-18,2023-24,31,0,1
2023-24-team-10,2023-24,31,0,3
2023-24-team-14,2023-24,31,0,4
2023-24-team-11,2023-24,31,0,1
2023-24-team-6,2023-24,31,0,1
2023-24-team-16,2023-24,31,0,1
2023-24-team-9,2023-24,31,0,1
2023-24-team-20,2023-24,31,0,1
2023-24-team-7,2023-24,31,0,3
2023-24-team-17,2023-24,32,0,2
2023-24-team-12,2023-24,32,0,1
2023-24-team-4,2023-24,32,0,3
2023-24-team-8,2023-24,32,0,4
2023-24-team-13,2023-24,32,0,2
2023-24-team-19,2023-24,32,0,1
2023-24-team-18,2023-24,32,0,1
2023-24-team-5,2023-24,32,0,3
2023-24-team-10,2023-24,32,0,1
2023-24-team-14,2023-24,32,0,2
2023-24-team-11,2023-24,32,0,2
2023-24-team-6,2023-24,32,0,1
2023-24-team-16,2023-24,32,0,3
2023-24-team-3,2023-24,32,0,2
2023-24-team-2,2023-24,32,0,3
2023-24-team-20,2023-24,32,0,2
2023-24-team-7,2023-24,32,0,2
2023-24-team-17,2023-24,33,0,2
2023-24-team-1,2023-24,33,0,2
2023-24-team-12,2023-24,33,0,5
2023-24-team-19,2023-24,33,0,2
2023-24-team-13,2023-24,33,0,1
2023-24-team-18,2023-24,33,0,4
2023-24-team-11,2023-24,33,0,1
2023-24-team-5,2023-24,33,0,1
2023-24-team-14,2023-24,33,0,2
2023-24-team-6,2023-24,33,0,1
2023-24-team-16,2023-24,33,0,2
2023-24-team-3,2023-24,33,0,2
2023-24-team-9,2023-24,33,0,6
2023-24-team-20,2023-24,33,0,2
2023-24-team-17,2023-24,34,0,8
2023-24-team-12,2023-24,34,0,5
2023-24-team-4,2023-24,34,0,1
2023-24-team-15,2023-24,34,0,2
2023-24-team-8,2023-24,34,0,2
2023-24-team-19,2023-24,34,0,5
2023-24-team-5,2023-24,34,0,4
2023-24-team-11,2023-24,34,0,3
2023-24-team-10,2023-24,34,0,3
2023-24-team-14,2023-24,34,0,2
2023-24-team-6,2023-24,34,0,1
2023-24-team-16,2023-24,34,0,2
2023-24-team-3,2023-24,34,0,3
2023-24-team-2,2023-24,34,0,1
2023-24-team-20,2023-24,34,0,3
2023-24-team-7,2023-24,34,0,5
2023-24-team-2,2023-24,35,0,2
2023-24-team-1,2023-24,35,0,2
2023-24-team-12,2023-24,35,0,2
2023-24-team-4,2023-24,35,0,1
2023-24-team-15,2023-24,35,0,1
2023-24-team-8,2023-24,35,0,1
2023-24-team-18,2023-24,35,0,5
2023-24-team-19,2023-24,35,0,2
2023-24-team-11,2023-24,35,0,2
2023-24-team-5,2023-24,35,0,3
2023-24-team-10,2023-24,35,0,1
2023-24-team-14,2023-24,35,0,1
2023-24-team-6,2023-24,35,0,1
2023-24-team-16,2023-24,35,0,2
2023-24-team-20,2023-24,35,0,1
2023-24-team-17,2023-24,35,0,5
2023-24-team-7,2023-24,35,0,2
2023-24-team-2,2023-24,36,0,1
2023-24-team-12,2023-24,36,0,1
2023-24-team-15,2023-24,36,0,1
2023-24-team-13,2023-24,36,0,1
2023-24-team-3,2023-24,36,0,3
2023-24-team-18,2023-24,36,0,4
2023-24-team-19,2023-24,36,0,5
2023-24-team-11,2023-24,36,0,2
2023-24-team-14,2023-24,36,0,4
2023-24-team-6,2023-24,36,0,4
2023-24-team-16,2023-24,36,0,1
2023-24-team-9,2023-24,36,0,1
2023-24-team-20,2023-24,36,0,5
2023-24-team-17,2023-24,36,0,3
2023-24-team-12,2023-24,37,0,3
2023-24-team-4,2023-24,37,0,1
2023-24-team-15,2023-24,37,0,4
2023-24-team-8,2023-24,37,0,1
2023-24-team-3,2023-24,37,0,2
2023-24-team-18,2023-24,37,0,3
2023-24-team-19,2023-24,37,0,1
2023-24-team-11,2023-24,37,0,3
2023-24-team-5,2023-24,37,0,3
2023-24-team-10,2023-24,37,0,4
2023-24-team-14,2023-24,37,0,3
2023-24-team-6,2023-24,37,0,2
2023-24-team-16,2023-24,37,0,3
2023-24-team-2,2023-24,37,0,3
2023-24-team-20,2023-24,37,0,3
2023-24-team-17,2023-24,37,0,1
2023-24-team-7,2023-24,37,0,3
2023-24-team-2,2023-24,38,0,5
2023-24-team-1,2023-24,38,0,1
2023-24-team-12,2023-24,38,0,4
2023-24-team-4,2023-24,38,0,4
2023-24-team-13,2023-24,38,0,1
2023-24-team-5,2023-24,38,0,2
2023-24-team-15,2023-24,38,0,2
2023-24-team-19,2023-24,38,0,3
2023-24-team-10,2023-24,38,0,2
2023-24-team-6,2023-24,38,0,2
2023-24-team-16,2023-24,38,0,1
2023-24-team-3,2023-24,38,0,2
2023-24-team-9,2023-24,38,0,2
2023-24-team-20,2023-24,38,0,2
2023-24-team-17,2023-24,38,0,3
2023-24-team-7,2023-24,38,0,1
2024-25-player-136,2024-25,1,1,0
2024-25-player-447,2024-25,1,1,0
2024-25-player-38,2024-25,1,1,0
2024-25-player-354,2024-25,1,1,0
2024-25-player-4,2024-25,1,1,0
2024-25-player-110,2024-25,1,1,0
2024-25-player-328,2024-25,1,1,0
2024-25-player-306,2024-25,1,1,0
2024-25-player-495,2024-25,1,1,0
2024-25-player-351,2024-25,1,1,0
2024-25-player-389,2024-25,1,1,0
2024-25-player-17,2024-25,1,1,0
2024-25-player-78,2024-25,1,1,0
2024-25-player-527,2024-25,1,1,0
2024-25-player-148,2024-25,1,1,0
2024-25-player-113,2024-25,1,1,0
2024-25-player-317,2024-25,1,1,0
2024-25-player-99,2024-25,1,1,0
2024-25-player-403,2024-25,1,1,0
2024-25-player-233,2024-25,1,1,0
2024-25-player-182,2024-25,2,1,0
2024-25-player-20,2024-25,2,1,0
2024-25-player-482,2024-25,2,1,0
2024-25-player-530,2024-25,2,1,0
2024-25-player-433,2024-25,2,1,0
2024-25-player-177,2024-25,2,3,0
2024-25-player-514,2024-25,2,1,0
2024-25-player-328,2024-25,2,1,0
2024-25-player-23,2024-25,2,1,0
2024-25-player-180,2024-25,2,1,0
2024-25-player-83,2024-25,2,1,0
2024-25-player-351,2024-25,2,3,0
2024-25-player-398,2024-25,2,1,0
2024-25-player-566,2024-25,2,1,0
2024-25-player-345,2024-25,2,1,0
2024-25-player-621,2024-25,2,1,0
2024-25-player-19,2024-25,2,1,0
2024-25-player-247,2024-25,2,1,0
2024-25-player-148,2024-25,2,1,0
2024-25-player-129,2024-25,2,1,0
2024-25-player-291,2024-25,2,1,0
2024-25-player-498,2024-25,2,1,0
2024-25-player-327,2024-25,2,1,0
2024-25-player-503,2024-25,2,2,0
2024-25-player-541,2024-25,2,1,0
2024-25-player-364,2024-25,2,1,0
2024-25-player-611,2024-25,2,1,0
2024-25-player-447,2024-25,3,1,0
2024-25-player-401,2024-25,3,1,0
2024-25-player-38,2024-25,3,1,0
2024-25-player-535,2024-25,3,1,0
2024-25-player-117,2024-25,3,1,0
2024-25-player-4,2024-25,3,1,0
2024-25-player-110,2024-25,3,1,0
2024-25-player-328,2024-25,3,1,0
2024-25-player-180,2024-25,3,1,0
2024-25-player-474,2024-25,3,1,0
2024-25-player-351,2024-25,3,3,0
2024-25-player-80,2024-25,3,1,0
2024-25-player-228,2024-25,3,1,0
2024-25-player-78,2024-25,3,1,0
2024-25-player-220,2024-25,3,1,0
2024-25-player-239,2024-25,3,1,0
2024-25-player-64,2024-25,3,1,0
2024-25-player-129,2024-25,3,1,0
2024-25-player-327,2024-25,3,2,0
2024-25-player-268,2024-25,3,1,0
2024-25-player-99,2024-25,3,2,0
2024-25-player-233,2024-25,3,1,0
2024-25-player-392,2024-25,3,1,0
2024-25-player-199,2024-25,3,1,0
2024-25-player-38,2024-25,4,1,0
2024-25-player-523,2024-25,4,1,0
2024-25-player-110,2024-25,4,1,0
2024-25-player-415,2024-25,4,1,0
2024-25-player-306,2024-25,4,1,0
2024-25-player-434,2024-25,4,1,0
2024-25-player-351,2024-25,4,2,0
2024-25-player-557,2024-25,4,1,0
2024-25-player-298,2024-25,4,1,0
2024-25-player-593,2024-25,4,1,0
2024-25-player-230,2024-25,4,1,0
2024-25-player-220,2024-25,4,1,0
2024-25-player-3,2024-25,4,1,0
2024-25-player-181,2024-25,4,1,0
2024-25-player-372,2024-25,4,1,0
2024-25-player-385,2024-25,4,1,0
2024-25-player-207,2024-25,4,2,0
2024-25-player-58,2024-25,4,2,0
2024-25-player-392,2024-25,4,1,0
2024-25-player-252,2024-25,4,1,0
2024-25-player-182,2024-25,5,1,0
2024-25-player-447,2024-25,5,1,0
2024-25-player-38,2024-25,5,1,0
2024-25-player-180,2024-25,5,2,0
2024-25-player-608,2024-25,5,1,0
2024-25-player-316,2024-25,5,1,0
2024-25-player-44,2024-25,5,1,0
2024-25-player-351,2024-25,5,1,0
2024-25-player-82,2024-25,5,1,0
2024-25-player-298,2024-25,5,1,0
2024-25-player-578,2024-25,5,1,0
2024-25-player-126,2024-25,5,1,0
2024-25-player-3,2024-25,5,1,0
2024-25-player-19,2024-25,5,1,0
2024-25-player-232,2024-25,5,1,0
2024-25-player-148,2024-25,5,1,0
2024-25-player-327,2024-25,5,2,0
2024-25-player-494,2024-25,5,1,0
2024-25-player-99,2024-25,5,1,0
2024-25-player-362,2024-25,5,1,0
2024-25-player-278,2024-25,5,1,0
2024-25-player-541,2024-25,5,1,0
2024-25-player-10,2024-25,5,1,0
2024-25-player-58,2024-25,5,1,0
2024-25-player-392,2024-25,5,1,0
2024-25-player-491,2024-25,5,1,0
2024-25-player-620,2024-25,5,1,0
2024-25-player-252,2024-25,5,1,0
2024-25-player-182,2024-25,6,4,0
2024-25-player-530,2024-25,6,1,0
2024-25-player-461,2024-25,6,1,0
2024-25-player-350,2024-25,6,1,0
2024-25-player-9,2024-25,6,1,0
2024-25-player-4,2024-25,6,1,0
2024-25-player-328,2024-25,6,1,0
2024-25-player-23,2024-25,6,1,0
2024-25-player-115,2024-25,6,1,0
2024-25-player-74,2024-25,6,1,0
2024-25-player-82,2024-25,6,1,0
2024-25-player-533,2024-25,6,1,0
2024-25-player-295,2024-25,6,2,0
2024-25-player-398,2024-25,6,1,0
2024-25-player-78,2024-25,6,1,0
2024-25-player-230,2024-25,6,2,0
2024-25-player-326,2024-25,6,1,0
2024-25-player-492,2024-25,6,1,0
2024-25-player-617,2024-25,6,1,0
2024-25-player-618,2024-25,6,1,0
2024-25-player-268,2024-25,6,2,0
2024-25-player-99,2024-25,6,1,0
2024-25-player-200,2024-25,6,1,0
2024-25-player-54,2024-25,6,1,0
2024-25-player-58,2024-25,6,1,0
2024-25-player-491,2024-25,6,1,0
2024-25-player-252,2024-25,6,1,0
2024-25-player-447,2024-25,7,1,0
2024-25-player-177,2024-25,7,1,0
2024-25-player-354,2024-25,7,2,0
2024-25-player-9,2024-25,7,1,0
2024-25-player-117,2024-25,7,1,0
2024-25-player-4,2024-25,7,1,0
2024-25-player-514,2024-25,7,1,0
2024-25-player-27,2024-25,7,1,0
2024-25-player-104,2024-25,7,1,0
2024-25-player-533,2024-25,7,1,0
2024-25-player-566,2024-25,7,1,0
2024-25-player-17,2024-25,7,1,0
2024-25-player-527,2024-25,7,1,0
2024-25-player-101,2024-25,7,1,0
2024-25-player-525,2024-25,7,1,0
2024-25-player-148,2024-25,7,1,0
2024-25-player-135,2024-25,7,1,0
2024-25-player-314,2024-25,7,1,0
2024-25-player-346,2024-25,7,1,0
2024-25-player-618,2024-25,7,1,0
2024-25-player-317,2024-25,7,1,0
2024-25-player-268,2024-25,7,1,0
2024-25-player-494,2024-25,7,1,0
2024-25-player-99,2024-25,7,1,0
2024-25-player-88,2024-25,7,1,0
2024-25-player-240,2024-25,7,1,0
2024-25-player-541,2024-25,7,1,0
2024-25-player-512,2024-25,7,1,0
2024-25-player-251,2024-25,7,1,0
2024-25-player-491,2024-25,7,1,0
2024-25-player-447,2024-25,8,1,0
2024-25-player-324,2024-25,8,1,0
2024-25-player-482,2024-25,8,1,0
2024-25-player-192,2024-25,8,1,0
2024-25-player-375,2024-25,8,1,0
2024-25-player-350,2024-25,8,1,0
2024-25-player-63,2024-25,8,1,0
2024-25-player-117,2024-25,8,1,0
2024-25-player-328,2024-25,8,1,0
2024-25-player-180,2024-25,8,1,0
2024-25-player-306,2024-25,8,1,0
2024-25-player-27,2024-25,8,1,0
2024-25-player-104,2024-25,8,1,0
2024-25-player-228,2024-25,8,1,0
2024-25-player-566,2024-25,8,1,0
2024-25-player-452,2024-25,8,1,0
2024-25-player-492,2024-25,8,1,0
2024-25-player-525,2024-25,8,1,0
2024-25-player-232,2024-25,8,1,0
2024-25-player-148,2024-25,8,1,0
2024-25-player-71,2024-25,8,1,0
2024-25-player-372,2024-25,8,1,0
2024-25-player-503,2024-25,8,1,0
2024-25-player-362,2024-25,8,1,0
2024-25-player-54,2024-25,8,1,0
2024-25-player-58,2024-25,8,1,0
2024-25-player-252,2024-25,8,1,0
2024-25-player-182,2024-25,9,1,0
2024-25-player-447,2024-25,9,2,0
2024-25-player-401,2024-25,9,1,0
2024-25-player-587,2024-25,9,1,0
2024-25-player-368,2024-25,9,1,0
2024-25-player-123,2024-25,9,1,0
2024-25-player-633,2024-25,9,1,0
2024-25-player-110,2024-25,9,1,0
2024-25-player-514,2024-25,9,1,0
2024-25-player-328,2024-25,9,1,0
2024-25-player-180,2024-25,9,1,0
2024-25-player-306,2024-25,9,1,0
2024-25-player-272,2024-25,9,1,0
2024-25-player-351,2024-25,9,1,0
2024-25-player-339,2024-25,9,1,0
2024-25-player-533,2024-25,9,1,0
2024-25-player-17,2024-25,9,1,0
2024-25-player-617,2024-25,9,1,0
2024-25-player-247,2024-25,9,1,0
2024-25-player-218,2024-25,9,1,0
2024-25-player-148,2024-25,9,1,0
2024-25-player-268,2024-25,9,1,0
2024-25-player-99,2024-25,9,2,0
2024-25-player-207,2024-25,9,1,0
2024-25-player-541,2024-25,9,1,0
2024-25-player-449,2024-25,9,1,0
2024-25-player-611,2024-25,9,1,0
2024-25-player-29,2024-25,9,1,0
2024-25-player-553,2024-25,10,1,0
2024-25-player-447,2024-25,10,1,0
2024-25-player-259,2024-25,10,2,0
2024-25-player-401,2024-25,10,1,0
2024-25-player-192,2024-25,10,1,0
2024-25-player-366,2024-25,10,1,0
2024-25-player-350,2024-25,10,1,0
2024-25-player-157,2024-25,10,1,0
2024-25-player-159,2024-25,10,1,0
2024-25-player-328,2024-25,10,1,0
2024-25-player-422,2024-25,10,1,0
2024-25-player-628,2024-25,10,1,0
2024-25-player-434,2024-25,10,1,0
2024-25-player-267,2024-25,10,1,0
2024-25-player-82,2024-25,10,2,0
2024-25-player-566,2024-25,10,1,0
2024-25-player-78,2024-25,10,1,0
2024-25-player-321,2024-25,10,1,0
2024-25-player-94,2024-25,10,1,0
2024-25-player-617,2024-25,10,1,0
2024-25-player-494,2024-25,10,1,0
2024-25-player-200,2024-25,10,1,0
2024-25-player-54,2024-25,10,1,0
2024-25-player-491,2024-25,10,1,0
2024-25-player-453,2024-25,10,1,0
2024-25-player-259,2024-25,11,1,0
2024-25-player-401,2024-25,11,1,0
2024-25-player-366,2024-25,11,1,0
2024-25-player-9,2024-25,11,1,0
2024-25-player-110,2024-25,11,2,0
2024-25-player-328,2024-25,11,1,0
2024-25-player-316,2024-25,11,1,0
2024-25-player-351,2024-25,11,1,0
2024-25-player-480,2024-25,11,1,0
2024-25-player-629,2024-25,11,1,0
2024-25-player-19,2024-25,11,1,0
2024-25-player-617,2024-25,11,1,0
2024-25-player-129,2024-25,11,1,0
2024-25-player-71,2024-25,11,1,0
2024-25-player-372,2024-25,11,1,0
2024-25-player-560,2024-25,11,1,0
2024-25-player-89,2024-25,11,1,0
2024-25-player-565,2024-25,11,1,0
2024-25-player-268,2024-25,11,1,0
2024-25-player-403,2024-25,11,1,0
2024-25-player-541,2024-25,11,1,0
2024-25-player-436,2024-25,11,1,0
2024-25-player-611,2024-25,11,1,0
2024-25-player-392,2024-25,11,1,0
2024-25-player-553,2024-25,12,1,0
2024-25-player-136,2024-25,12,1,0
2024-25-player-20,2024-25,12,1,0
2024-25-player-548,2024-25,12,1,0
2024-25-player-645,2024-25,12,1,0
2024-25-player-192,2024-25,12,1,0
2024-25-player-530,2024-25,12,1,0
2024-25-player-585,2024-25,12,1,0
2024-25-player-328,2024-25,12,2,0
2024-25-player-180,2024-25,12,1,0
2024-25-player-388,2024-25,12,1,0
2024-25-player-495,2024-25,12,1,0
2024-25-player-17,2024-25,12,1,0
2024-25-player-274,2024-25,12,1,0
2024-25-player-247,2024-25,12,1,0
2024-25-player-12,2024-25,12,1,0
2024-25-player-129,2024-25,12,1,0
2024-25-player-168,2024-25,12,1,0
2024-25-player-385,2024-25,12,1,0
2024-25-player-494,2024-25,12,2,0
2024-25-player-62,2024-25,12,1,0
2024-25-player-541,2024-25,12,2,0
2024-25-player-58,2024-25,12,1,0
2024-25-player-623,2024-25,12,1,0
2024-25-player-336,2024-25,12,1,0
2024-25-player-491,2024-25,12,1,0
2024-25-player-29,2024-25,12,1,0
2024-25-player-453,2024-25,12,1,0
2024-25-player-182,2024-25,13,1,0
2024-25-player-136,2024-25,13,1,0
2024-25-player-447,2024-25,13,1,0
2024-25-player-70,2024-25,13,1,0
2024-25-player-520,2024-25,13,1,0
2024-25-player-117,2024-25,13,1,0
2024-25-player-4,2024-25,13,1,0
2024-25-player-110,2024-25,13,1,0
2024-25-player-328,2024-25,13,1,0
2024-25-player-23,2024-25,13,1,0
2024-25-player-180,2024-25,13,1,0
2024-25-player-388,2024-25,13,1,0
2024-25-player-389,2024-25,13,2,0
2024-25-player-13,2024-25,13,1,0
2024-25-player-566,2024-25,13,2,0
2024-25-player-17,2024-25,13,1,0
2024-25-player-3,2024-25,13,1,0
2024-25-player-321,2024-25,13,1,0
2024-25-player-243,2024-25,13,1,0
2024-25-player-106,2024-25,13,3,0
2024-25-player-71,2024-25,13,3,0
2024-25-player-518,2024-25,13,1,0
2024-25-player-168,2024-25,13,1,0
2024-25-player-385,2024-25,13,2,0
2024-25-player-211,2024-25,13,1,0
2024-25-player-491,2024-25,13,1,0
2024-25-player-182,2024-25,14,1,0
2024-25-player-324,2024-25,14,1,0
2024-25-player-401,2024-25,14,1,0
2024-25-player-177,2024-25,14,1,0
2024-25-player-386,2024-25,14,1,0
2024-25-player-328,2024-25,14,2,0
2024-25-player-415,2024-25,14,1,0
2024-25-player-306,2024-25,14,1,0
2024-25-player-115,2024-25,14,1,0
2024-25-player-651,2024-25,14,1,0
2024-25-player-635,2024-25,14,1,0
2024-25-player-18,2024-25,14,1,0
2024-25-player-398,2024-25,14,1,0
2024-25-player-452,2024-25,14,1,0
2024-25-player-345,2024-25,14,1,0
2024-25-player-181,2024-25,14,1,0
2024-25-player-247,2024-25,14,2,0
2024-25-player-167,2024-25,14,1,0
2024-25-player-289,2024-25,14,1,0
2024-25-player-6,2024-25,14,1,0
2024-25-player-89,2024-25,14,1,0
2024-25-player-346,2024-25,14,1,0
2024-25-player-32,2024-25,14,1,0
2024-25-player-207,2024-25,14,1,0
2024-25-player-342,2024-25,14,1,0
2024-25-player-54,2024-25,14,1,0
2024-25-player-58,2024-25,14,1,0
2024-25-player-580,2024-25,14,1,0
2024-25-player-589,2024-25,14,1,0
2024-25-player-238,2024-25,14,1,0
2024-25-player-182,2024-25,15,2,0
2024-25-player-447,2024-25,15,1,0
2024-25-player-401,2024-25,15,1,0
2024-25-player-366,2024-25,15,1,0
2024-25-player-375,2024-25,15,1,0
2024-25-player-530,2024-25,15,1,0
2024-25-player-38,2024-25,15,1,0
2024-25-player-433,2024-25,15,1,0
2024-25-player-110,2024-25,15,1,0
2024-25-player-514,2024-25,15,1,0
2024-25-player-386,2024-25,15,1,0
2024-25-player-131,2024-25,15,1,0
2024-25-player-306,2024-25,15,1,0
2024-25-player-74,2024-25,15,1,0
2024-25-player-290,2024-25,15,1,0
2024-25-player-573,2024-25,15,1,0
2024-25-player-351,2024-25,15,1,0
2024-25-player-18,2024-25,15,1,0
2024-25-player-82,2024-25,15,1,0
2024-25-player-492,2024-25,15,1,0
2024-25-player-65,2024-25,15,1,0
2024-25-player-543,2024-25,15,1,0
2024-25-player-135,2024-25,15,1,0
2024-25-player-106,2024-25,15,1,0
2024-25-player-168,2024-25,15,1,0
2024-25-player-650,2024-25,15,1,0
2024-25-player-265,2024-25,15,1,0
2024-25-player-211,2024-25,15,1,0
2024-25-player-99,2024-25,15,1,0
2024-25-player-88,2024-25,15,1,0
2024-25-player-503,2024-25,15,1,0
2024-25-player-355,2024-25,15,1,0
2024-25-player-392,2024-25,15,1,0
2024-25-player-252,2024-25,15,1,0
2024-25-player-401,2024-25,16,1,0
2024-25-player-366,2024-25,16,1,0
2024-25-player-350,2024-25,16,1,0
2024-25-player-38,2024-25,16,1,0
2024-25-player-402,2024-25,16,2,0
2024-25-player-159,2024-25,16,1,0
2024-25-player-585,2024-25,16,2,0
2024-25-player-180,2024-25,16,1,0
2024-25-player-573,2024-25,16,1,0
2024-25-player-527,2024-25,16,1,0
2024-25-player-492,2024-25,16,1,0
2024-25-player-321,2024-25,16,1,0
2024-25-player-65,2024-25,16,1,0
2024-25-player-499,2024-25,16,1,0
2024-25-player-281,2024-25,16,1,0
2024-25-player-432,2024-25,16,1,0
2024-25-player-163,2024-25,16,1,0
2024-25-player-317,2024-25,16,1,0
2024-25-player-494,2024-25,16,2,0
2024-25-player-394,2024-25,16,1,0
2024-25-player-99,2024-25,16,1,0
2024-25-player-503,2024-25,16,1,0
2024-25-player-240,2024-25,16,1,0
2024-25-player-541,2024-25,16,1,0
2024-25-player-364,2024-25,16,1,0
2024-25-player-251,2024-25,16,1,0
2024-25-player-401,2024-25,17,3,0
2024-25-player-548,2024-25,17,1,0
2024-25-player-38,2024-25,17,1,0
2024-25-player-402,2024-25,17,1,0
2024-25-player-348,2024-25,17,1,0
2024-25-player-9,2024-25,17,1,0
2024-25-player-4,2024-25,17,1,0
2024-25-player-585,2024-25,17,1,0
2024-25-player-328,2024-25,17,2,0
2024-25-player-422,2024-25,17,1,0
2024-25-player-149,2024-25,17,1,0
2024-25-player-563,2024-25,17,1,0
2024-25-player-82,2024-25,17,1,0
2024-25-player-78,2024-25,17,1,0
2024-25-player-16,2024-25,17,1,0
2024-25-player-492,2024-25,17,1,0
2024-25-player-525,2024-25,17,1,0
2024-25-player-329,2024-25,17,1,0
2024-25-player-2,2024-25,17,2,0
2024-25-player-71,2024-25,17,1,0
2024-25-player-432,2024-25,17,1,0
2024-25-player-327,2024-25,17,2,0
2024-25-player-494,2024-25,17,1,0
2024-25-player-541,2024-25,17,1,0
2024-25-player-54,2024-25,17,1,0
2024-25-player-580,2024-25,17,1,0
2024-25-player-336,2024-25,17,1,0
2024-25-player-550,2024-25,18,1,0
2024-25-player-182,2024-25,18,1,0
2024-25-player-259,2024-25,18,1,0
2024-25-player-324,2024-25,18,1,0
2024-25-player-401,2024-25,18,1,0
2024-25-player-192,2024-25,18,1,0
2024-25-player-4,2024-25,18,1,0
2024-25-player-514,2024-25,18,1,0
2024-25-player-328,2024-25,18,1,0
2024-25-player-398,2024-25,18,1,0
2024-25-player-321,2024-25,18,1,0
2024-25-player-232,2024-25,18,1,0
2024-25-player-432,2024-25,18,1,0
2024-25-player-403,2024-25,18,1,0
2024-25-player-342,2024-25,18,1,0
2024-25-player-541,2024-25,18,1,0
2024-25-player-251,2024-25,18,1,0
2024-25-player-550,2024-25,19,1,0
2024-25-player-447,2024-25,19,1,0
2024-25-player-259,2024-25,19,1,0
2024-25-player-571,2024-25,19,1,0
2024-25-player-401,2024-25,19,1,0
2024-25-player-159,2024-25,19,1,0
2024-25-player-433,2024-25,19,1,0
2024-25-player-9,2024-25,19,1,0
2024-25-player-633,2024-25,19,1,0
2024-25-player-328,2024-25,19,1,0
2024-25-player-131,2024-25,19,1,0
2024-25-player-74,2024-25,19,1,0
2024-25-player-608,2024-25,19,1,0
2024-25-player-351,2024-25,19,1,0
2024-25-player-480,2024-25,19,1,0
2024-25-player-311,2024-25,19,1,0
2024-25-player-566,2024-25,19,1,0
2024-25-player-274,2024-25,19,1,0
2024-25-player-321,2024-25,19,1,0
2024-25-player-617,2024-25,19,1,0
2024-25-player-2,2024-25,19,1,0
2024-25-player-113,2024-25,19,1,0
2024-25-player-327,2024-25,19,1,0
2024-25-player-317,2024-25,19,1,0
2024-25-player-268,2024-25,19,1,0
2024-25-player-99,2024-25,19,1,0
2024-25-player-403,2024-25,19,1,0
2024-25-player-54,2024-25,19,1,0
2024-25-player-58,2024-25,19,1,0
2024-25-player-491,2024-25,19,1,0
2024-25-player-199,2024-25,19,1,0
2024-25-player-252,2024-25,19,1,0
2024-25-player-182,2024-25,20,1,0
2024-25-player-447,2024-25,20,1,0
2024-25-player-401,2024-25,20,1,0
2024-25-player-380,2024-25,20,1,0
2024-25-player-433,2024-25,20,1,0
2024-25-player-348,2024-25,20,1,0
2024-25-player-110,2024-25,20,1,0
2024-25-player-328,2024-25,20,1,0
2024-25-player-424,2024-25,20,1,0
2024-25-player-351,2024-25,20,2,0
2024-25-player-82,2024-25,20,1,0
2024-25-player-298,2024-25,20,1,0
2024-25-player-398,2024-25,20,1,0
2024-25-player-321,2024-25,20,1,0
2024-25-player-98,2024-25,20,1,0
2024-25-player-12,2024-25,20,1,0
2024-25-player-106,2024-25,20,1,0
2024-25-player-129,2024-25,20,1,0
2024-25-player-268,2024-25,20,1,0
2024-25-player-99,2024-25,20,2,0
2024-25-player-207,2024-25,20,1,0
2024-25-player-62,2024-25,20,1,0
2024-25-player-364,2024-25,20,1,0
2024-25-player-611,2024-25,20,1,0
2024-25-player-28,2024-25,20,1,0
2024-25-player-589,2024-25,20,1,0
2024-25-player-29,2024-25,20,1,0
2024-25-player-252,2024-25,20,2,0
2024-25-player-182,2024-25,21,1,0
2024-25-player-136,2024-25,21,1,0
2024-25-player-447,2024-25,21,1,0
2024-25-player-401,2024-25,21,2,0
2024-25-player-530,2024-25,21,1,0
2024-25-player-348,2024-25,21,2,0
2024-25-player-110,2024-25,21,1,0
2024-25-player-23,2024-25,21,1,0
2024-25-player-398,2024-25,21,1,0
2024-25-player-78,2024-25,21,1,0
2024-25-player-527,2024-25,21,1,0
2024-25-player-101,2024-25,21,1,0
2024-25-player-247,2024-25,21,2,0
2024-25-player-654,2024-25,21,1,0
2024-25-player-71,2024-25,21,1,0
2024-25-player-172,2024-25,21,1,0
2024-25-player-618,2024-25,21,1,0
2024-25-player-317,2024-25,21,1,0
2024-25-player-200,2024-25,21,1,0
2024-25-player-207,2024-25,21,1,0
2024-25-player-503,2024-25,21,1,0
2024-25-player-58,2024-25,21,1,0
2024-25-player-364,2024-25,21,3,0
2024-25-player-136,2024-25,22,1,0
2024-25-player-447,2024-25,22,1,0
2024-25-player-70,2024-25,22,1,0
2024-25-player-366,2024-25,22,1,0
2024-25-player-497,2024-25,22,1,0
2024-25-player-177,2024-25,22,1,0
2024-25-player-354,2024-25,22,1,0
2024-25-player-348,2024-25,22,2,0
2024-25-player-9,2024-25,22,1,0
2024-25-player-4,2024-25,22,1,0
2024-25-player-470,2024-25,22,1,0
2024-25-player-316,2024-25,22,2,0
2024-25-player-434,2024-25,22,1,0
2024-25-player-351,2024-25,22,1,0
2024-25-player-455,2024-25,22,1,0
2024-25-player-220,2024-25,22,1,0
2024-25-player-492,2024-25,22,1,0
2024-25-player-239,2024-25,22,1,0
2024-25-player-19,2024-25,22,1,0
2024-25-player-232,2024-25,22,1,0
2024-25-player-543,2024-25,22,1,0
2024-25-player-357,2024-25,22,1,0
2024-25-player-57,2024-25,22,1,0
2024-25-player-135,2024-25,22,1,0
2024-25-player-71,2024-25,22,3,0
2024-25-player-163,2024-25,22,1,0
2024-25-player-346,2024-25,22,1,0
2024-25-player-618,2024-25,22,1,0
2024-25-player-394,2024-25,22,1,0
2024-25-player-423,2024-25,22,1,0
2024-25-player-207,2024-25,22,2,0
2024-25-player-187,2024-25,22,1,0
2024-25-player-58,2024-25,22,1,0
2024-25-player-520,2024-25,23,1,0
2024-25-player-401,2024-25,23,2,0
2024-25-player-380,2024-25,23,1,0
2024-25-player-497,2024-25,23,1,0
2024-25-player-350,2024-25,23,1,0
2024-25-player-177,2024-25,23,1,0
2024-25-player-348,2024-25,23,1,0
2024-25-player-328,2024-25,23,1,0
2024-25-player-270,2024-25,23,1,0
2024-25-player-306,2024-25,23,1,0
2024-25-player-74,2024-25,23,3,0
2024-25-player-351,2024-25,23,1,0
2024-25-player-635,2024-25,23,1,0
2024-25-player-578,2024-25,23,1,0
2024-25-player-455,2024-25,23,1,0
2024-25-player-78,2024-25,23,1,0
2024-25-player-321,2024-25,23,2,0
2024-25-player-232,2024-25,23,1,0
2024-25-player-53,2024-25,23,1,0
2024-25-player-106,2024-25,23,1,0
2024-25-player-71,2024-25,23,1,0
2024-25-player-99,2024-25,23,1,0
2024-25-player-417,2024-25,23,1,0
2024-25-player-336,2024-25,23,1,0
2024-25-player-730,2024-25,23,1,0
2024-25-player-447,2024-25,24,3,0
2024-25-player-20,2024-25,24,1,0
2024-25-player-217,2024-25,24,1,0
2024-25-player-402,2024-25,24,1,0
2024-25-player-433,2024-25,24,1,0
2024-25-player-535,2024-25,24,1,0
2024-25-player-4,2024-25,24,1,0
2024-25-player-514,2024-25,24,1,0
2024-25-player-328,2024-25,24,3,0
2024-25-player-470,2024-25,24,1,0
2024-25-player-351,2024-25,24,1,0
2024-25-player-13,2024-25,24,1,0
2024-25-player-452,2024-25,24,1,0
2024-25-player-329,2024-25,24,1,0
2024-25-player-596,2024-25,24,1,0
2024-25-player-232,2024-25,24,1,0
2024-25-player-12,2024-25,24,1,0
2024-25-player-218,2024-25,24,3,0
2024-25-player-499,2024-25,24,1,0
2024-25-player-560,2024-25,24,1,0
2024-25-player-268,2024-25,24,1,0
2024-25-player-207,2024-25,24,2,0
2024-25-player-541,2024-25,24,1,0
2024-25-player-236,2024-25,24,1,0
2024-25-player-251,2024-25,24,1,0
2024-25-player-437,2024-25,24,1,0
2024-25-player-252,2024-25,24,1,0
2024-25-player-597,2024-25,24,1,0
2024-25-player-136,2024-25,25,1,0
2024-25-player-447,2024-25,25,1,0
2024-25-player-63,2024-25,25,1,0
2024-25-player-633,2024-25,25,2,0
2024-25-player-328,2024-25,25,2,0
2024-25-player-83,2024-25,25,1,0
2024-25-player-74,2024-25,25,1,0
2024-25-player-755,2024-25,25,3,0
2024-25-player-311,2024-25,25,1,0
2024-25-player-19,2024-25,25,1,0
2024-25-player-357,2024-25,25,1,0
2024-25-player-57,2024-25,25,1,0
2024-25-player-218,2024-25,25,1,0
2024-25-player-135,2024-25,25,2,0
2024-25-player-106,2024-25,25,1,0
2024-25-player-327,2024-25,25,1,0
2024-25-player-268,2024-25,25,1,0
2024-25-player-494,2024-25,25,1,0
2024-25-player-207,2024-25,25,1,0
2024-25-player-241,2024-25,25,1,0
2024-25-player-541,2024-25,25,1,0
2024-25-player-58,2024-25,25,2,0
2024-25-player-462,2024-25,25,1,0
2024-25-player-450,2024-25,25,1,0
2024-25-player-136,2024-25,26,1,0
2024-25-player-217,2024-25,26,1,0
2024-25-player-401,2024-25,26,2,0
2024-25-player-366,2024-25,26,1,0
2024-25-player-402,2024-25,26,1,0
2024-25-player-110,2024-25,26,1,0
2024-25-player-514,2024-25,26,1,0
2024-25-player-328,2024-25,26,1,0
2024-25-player-652,2024-25,26,1,0
2024-25-player-573,2024-25,26,1,0
2024-25-player-434,2024-25,26,1,0
2024-25-player-504,2024-25,26,1,0
2024-25-player-126,2024-25,26,1,0
2024-25-player-274,2024-25,26,1,0
2024-25-player-101,2024-25,26,1,0
2024-25-player-492,2024-25,26,1,0
2024-25-player-218,2024-25,26,1,0
2024-25-player-129,2024-25,26,1,0
2024-25-player-168,2024-25,26,1,0
2024-25-player-314,2024-25,26,1,0
2024-25-player-762,2024-25,26,2,0
2024-25-player-618,2024-25,26,1,0
2024-25-player-211,2024-25,26,1,0
2024-25-player-99,2024-25,26,1,0
2024-25-player-541,2024-25,26,1,0
2024-25-player-449,2024-25,26,1,0
2024-25-player-411,2024-25,26,1,0
2024-25-player-336,2024-25,26,1,0
2024-25-player-491,2024-25,26,2,0
2024-25-player-553,2024-25,27,1,0
2024-25-player-530,2024-25,27,1,0
2024-25-player-110,2024-25,27,1,0
2024-25-player-585,2024-25,27,2,0
2024-25-player-579,2024-25,27,1,0
2024-25-player-582,2024-25,27,1,0
2024-25-player-351,2024-25,27,1,0
2024-25-player-569,2024-25,27,2,0
2024-25-player-593,2024-25,27,1,0
2024-25-player-162,2024-25,27,1,0
2024-25-player-329,2024-25,27,1,0
2024-25-player-181,2024-25,27,1,0
2024-25-player-148,2024-25,27,1,0
2024-25-player-129,2024-25,27,1,0
2024-25-player-71,2024-25,27,1,0
2024-25-player-560,2024-25,27,1,0
2024-25-player-163,2024-25,27,1,0
2024-25-player-207,2024-25,27,1,0
2024-25-player-11,2024-25,27,1,0
2024-25-player-54,2024-25,27,1,0
2024-25-player-251,2024-25,27,1,0
2024-25-player-336,2024-25,27,1,0
2024-25-player-377,2024-25,27,1,0
2024-25-player-366,2024-25,28,1,0
2024-25-player-585,2024-25,28,1,0
2024-25-player-328,2024-25,28,2,0
2024-25-player-83,2024-25,28,1,0
2024-25-player-316,2024-25,28,1,0
2024-25-player-434,2024-25,28,1,0
2024-25-player-224,2024-25,28,1,0
2024-25-player-770,2024-25,28,1,0
2024-25-player-16,2024-25,28,1,0
2024-25-player-617,2024-25,28,1,0
2024-25-player-499,2024-25,28,1,0
2024-25-player-129,2024-25,28,1,0
2024-25-player-163,2024-25,28,1,0
2024-25-player-394,2024-25,28,1,0
2024-25-player-503,2024-25,28,1,0
2024-25-player-144,2024-25,28,1,0
2024-25-player-58,2024-25,28,1,0
2024-25-player-471,2024-25,28,1,0
2024-25-player-252,2024-25,28,1,0
2024-25-player-366,2024-25,29,1,0
2024-25-player-375,2024-25,29,1,0
2024-25-player-530,2024-25,29,1,0
2024-25-player-633,2024-25,29,1,0
2024-25-player-110,2024-25,29,1,0
2024-25-player-579,2024-25,29,1,0
2024-25-player-470,2024-25,29,1,0
2024-25-player-582,2024-25,29,1,0
2024-25-player-573,2024-25,29,1,0
2024-25-player-272,2024-25,29,1,0
2024-25-player-351,2024-25,29,1,0
2024-25-player-755,2024-25,29,1,0
2024-25-player-566,2024-25,29,2,0
2024-25-player-101,2024-25,29,1,0
2024-25-player-619,2024-25,29,1,0
2024-25-player-596,2024-25,29,1,0
2024-25-player-372,2024-25,29,1,0
2024-25-player-432,2024-25,29,2,0
2024-25-player-122,2024-25,29,1,0
2024-25-player-251,2024-25,29,1,0
2024-25-player-401,2024-25,30,1,0
2024-25-player-633,2024-25,30,1,0
2024-25-player-470,2024-25,30,1,0
2024-25-player-262,2024-25,30,1,0
2024-25-player-755,2024-25,30,1,0
2024-25-player-566,2024-25,30,1,0
2024-25-player-17,2024-25,30,1,0
2024-25-player-617,2024-25,30,1,0
2024-25-player-725,2024-25,30,1,0
2024-25-player-349,2024-25,30,1,0
2024-25-player-432,2024-25,30,1,0
2024-25-player-168,2024-25,30,1,0
2024-25-player-762,2024-25,30,1,0
2024-25-player-317,2024-25,30,1,0
2024-25-player-268,2024-25,30,1,0
2024-25-player-385,2024-25,30,1,0
2024-25-player-99,2024-25,30,1,0
2024-25-player-417,2024-25,30,1,0
2024-25-player-208,2024-25,30,1,0
2024-25-player-251,2024-25,30,1,0
2024-25-player-402,2024-25,31,2,0
2024-25-player-514,2024-25,31,1,0
2024-25-player-579,2024-25,31,1,0
2024-25-player-23,2024-25,31,1,0
2024-25-player-768,2024-25,31,1,0
2024-25-player-566,2024-25,31,1,0
2024-25-player-329,2024-25,31,1,0
2024-25-player-596,2024-25,31,1,0
2024-25-player-617,2024-25,31,2,0
2024-25-player-232,2024-25,31,1,0
2024-25-player-247,2024-25,31,1,0
2024-25-player-725,2024-25,31,1,0
2024-25-player-148,2024-25,31,1,0
2024-25-player-327,2024-25,31,1,0
2024-25-player-565,2024-25,31,1,0
2024-25-player-268,2024-25,31,1,0
2024-25-player-211,2024-25,31,1,0
2024-25-player-207,2024-25,31,1,0
2024-25-player-54,2024-25,31,1,0
2024-25-player-623,2024-25,31,1,0
2024-25-player-251,2024-25,31,1,0
2024-25-player-589,2024-25,31,1,0
2024-25-player-392,2024-25,31,1,0
2024-25-player-491,2024-25,31,2,0
2024-25-player-20,2024-25,32,1,0
2024-25-player-217,2024-25,32,1,0
2024-25-player-401,2024-25,32,1,0
2024-25-player-497,2024-25,32,1,0
2024-25-player-402,2024-25,32,1,0
2024-25-player-354,2024-25,32,1,0
2024-25-player-110,2024-25,32,1,0
2024-25-player-386,2024-25,32,1,0
2024-25-player-415,2024-25,32,1,0
2024-25-player-768,2024-25,32,1,0
2024-25-player-607,2024-25,32,1,0
2024-25-player-339,2024-25,32,1,0
2024-25-player-194,2024-25,32,1,0
2024-25-player-533,2024-25,32,1,0
2024-25-player-755,2024-25,32,1,0
2024-25-player-298,2024-25,32,1,0
2024-25-player-566,2024-25,32,1,0
2024-25-player-78,2024-25,32,1,0
2024-25-player-345,2024-25,32,1,0
2024-25-player-275,2024-25,32,1,0
2024-25-player-725,2024-25,32,1,0
2024-25-player-357,2024-25,32,1,0
2024-25-player-129,2024-25,32,2,0
2024-25-player-372,2024-25,32,1,0
2024-25-player-121,2024-25,32,1,0
2024-25-player-327,2024-25,32,1,0
2024-25-player-301,2024-25,32,1,0
2024-25-player-394,2024-25,32,1,0
2024-25-player-417,2024-25,32,1,0
2024-25-player-48,2024-25,32,1,0
2024-25-player-541,2024-25,32,1,0
2024-25-player-58,2024-25,32,1,0
2024-25-player-392,2024-25,32,3,0
2024-25-player-199,2024-25,32,1,0
2024-25-player-136,2024-25,33,1,0
2024-25-player-447,2024-25,33,1,0
2024-25-player-497,2024-25,33,1,0
2024-25-player-188,2024-25,33,1,0
2024-25-player-696,2024-25,33,1,0
2024-25-player-354,2024-25,33,1,0
2024-25-player-9,2024-25,33,1,0
2024-25-player-110,2024-25,33,1,0
2024-25-player-514,2024-25,33,1,0
2024-25-player-23,2024-25,33,3,0
2024-25-player-415,2024-25,33,1,0
2024-25-player-356,2024-25,33,1,0
2024-25-player-607,2024-25,33,1,0
2024-25-player-311,2024-25,33,1,0
2024-25-player-101,2024-25,33,1,0
2024-25-player-247,2024-25,33,1,0
2024-25-player-12,2024-25,33,1,0
2024-25-player-148,2024-25,33,1,0
2024-25-player-560,2024-25,33,1,0
2024-25-player-45,2024-25,33,1,0
2024-25-player-565,2024-25,33,1,0
2024-25-player-385,2024-25,33,1,0
2024-25-player-423,2024-25,33,1,0
2024-25-player-99,2024-25,33,2,0
2024-25-player-207,2024-25,33,1,0
2024-25-player-342,2024-25,33,1,0
2024-25-player-233,2024-25,33,1,0
2024-25-player-58,2024-25,33,1,0
2024-25-player-199,2024-25,33,1,0
2024-25-player-8,2024-25,33,1,0
2024-25-player-136,2024-25,34,1,0
2024-25-player-401,2024-25,34,1,0
2024-25-player-375,2024-25,34,1,0
2024-25-player-530,2024-25,34,1,0
2024-25-player-472,2024-25,34,1,0
2024-25-player-600,2024-25,34,1,0
2024-25-player-110,2024-25,34,1,0
2024-25-player-579,2024-25,34,1,0
2024-25-player-328,2024-25,34,1,0
2024-25-player-180,2024-25,34,1,0
2024-25-player-115,2024-25,34,1,0
2024-25-player-563,2024-25,34,1,0
2024-25-player-82,2024-25,34,1,0
2024-25-player-566,2024-25,34,1,0
2024-25-player-78,2024-25,34,1,0
2024-25-player-321,2024-25,34,1,0
2024-25-player-525,2024-25,34,1,0
2024-25-player-329,2024-25,34,1,0
2024-25-player-19,2024-25,34,1,0
2024-25-player-106,2024-25,34,1,0
2024-25-player-395,2024-25,34,1,0
2024-25-player-327,2024-25,34,1,0
2024-25-player-590,2024-25,34,1,0
2024-25-player-541,2024-25,34,1,0
2024-25-player-182,2024-25,35,1,0
2024-25-player-401,2024-25,35,1,0
2024-25-player-192,2024-25,35,1,0
2024-25-player-382,2024-25,35,1,0
2024-25-player-110,2024-25,35,1,0
2024-25-player-514,2024-25,35,1,0
2024-25-player-306,2024-25,35,1,0
2024-25-player-272,2024-25,35,1,0
2024-25-player-339,2024-25,35,1,0
2024-25-player-230,2024-25,35,1,0
2024-25-player-345,2024-25,35,1,0
2024-25-player-16,2024-25,35,1,0
2024-25-player-617,2024-25,35,1,0
2024-25-player-612,2024-25,35,1,0
2024-25-player-57,2024-25,35,1,0
2024-25-player-218,2024-25,35,1,0
2024-25-player-135,2024-25,35,1,0
2024-25-player-106,2024-25,35,2,0
2024-25-player-372,2024-25,35,1,0
2024-25-player-121,2024-25,35,1,0
2024-25-player-168,2024-25,35,1,0
2024-25-player-436,2024-25,35,1,0
2024-25-player-364,2024-25,35,1,0
2024-25-player-580,2024-25,35,1,0
2024-25-player-199,2024-25,35,1,0
2024-25-player-447,2024-25,36,1,0
2024-25-player-288,2024-25,36,1,0
2024-25-player-595,2024-25,36,1,0
2024-25-player-530,2024-25,36,1,0
2024-25-player-231,2024-25,36,1,0
2024-25-player-433,2024-25,36,1,0
2024-25-player-9,2024-25,36,1,0
2024-25-player-633,2024-25,36,1,0
2024-25-player-117,2024-25,36,1,0
2024-25-player-514,2024-25,36,1,0
2024-25-player-228,2024-25,36,1,0
2024-25-player-321,2024-25,36,1,0
2024-25-player-218,2024-25,36,1,0
2024-25-player-148,2024-25,36,1,0
2024-25-player-106,2024-25,36,1,0
2024-25-player-327,2024-25,36,1,0
2024-25-player-394,2024-25,36,1,0
2024-25-player-417,2024-25,36,1,0
2024-25-player-58,2024-25,36,1,0
2024-25-player-199,2024-25,36,2,0
2024-25-player-252,2024-25,36,1,0
2024-25-player-136,2024-25,37,1,0
2024-25-player-259,2024-25,37,1,0
2024-25-player-299,2024-25,37,1,0
2024-25-player-433,2024-25,37,1,0
2024-25-player-600,2024-25,37,1,0
2024-25-player-110,2024-25,37,1,0
2024-25-player-514,2024-25,37,1,0
2024-25-player-306,2024-25,37,1,0
2024-25-player-720,2024-25,37,1,0
2024-25-player-573,2024-25,37,1,0
2024-25-player-319,2024-25,37,1,0
2024-25-player-160,2024-25,37,1,0
2024-25-player-69,2024-25,37,1,0
2024-25-player-44,2024-25,37,1,0
2024-25-player-755,2024-25,37,1,0
2024-25-player-566,2024-25,37,1,0
2024-25-player-126,2024-25,37,1,0
2024-25-player-16,2024-25,37,1,0
2024-25-player-232,2024-25,37,2,0
2024-25-player-765,2024-25,37,1,0
2024-25-player-243,2024-25,37,1,0
2024-25-player-163,2024-25,37,1,0
2024-25-player-99,2024-25,37,1,0
2024-25-player-342,2024-25,37,1,0
2024-25-player-11,2024-25,37,2,0
2024-25-player-336,2024-25,37,1,0
2024-25-player-199,2024-25,37,1,0
2024-25-player-42,2024-25,37,1,0
2024-25-player-252,2024-25,37,1,0
2024-25-player-370,2024-25,38,1,0
2024-25-player-585,2024-25,38,1,0
2024-25-player-514,2024-25,38,1,0
2024-25-player-328,2024-25,38,1,0
2024-25-player-21,2024-25,38,1,0
2024-25-player-262,2024-25,38,1,0
2024-25-player-351,2024-25,38,1,0
2024-25-player-82,2024-25,38,1,0
2024-25-player-13,2024-25,38,1,0
2024-25-player-629,2024-25,38,1,0
2024-25-player-126,2024-25,38,2,0
2024-25-player-78,2024-25,38,2,0
2024-25-player-770,2024-25,38,1,0
2024-25-player-162,2024-25,38,1,0
2024-25-player-525,2024-25,38,1,0
2024-25-player-473,2024-25,38,1,0
2024-25-player-625,2024-25,38,1,0
2024-25-player-531,2024-25,38,1,0
2024-25-player-714,2024-25,38,1,0
2024-25-player-99,2024-25,38,1,0
2024-25-player-364,2024-25,38,1,0
2024-25-player-450,2024-25,38,1,0
2024-25-team-20,2024-25,1,0,2
2024-25-team-19,2024-25,1,0,2
2024-25-team-11,2024-25,1,0,1
2024-25-team-6,2024-25,1,0,2
2024-25-team-18,2024-25,1,0,1
2024-25-team-10,2024-25,1,0,2
2024-25-team-1,2024-25,1,0,1
2024-25-team-2,2024-25,1,0,1
2024-25-team-4,2024-25,1,0,1
2024-25-team-9,2024-25,1,0,1
2024-25-team-8,2024-25,1,0,3
2024-25-team-17,2024-25,1,0,1
2024-25-team-7,2024-25,1,0,2
2024-25-team-16,2024-25,1,0,1
2024-25-team-5,2024-25,2,0,1
2024-25-team-10,2024-25,2,0,4
2024-25-team-20,2024-25,2,0,6
2024-25-team-11,2024-25,2,0,2
2024-25-team-6,2024-25,2,0,2
2024-25-team-14,2024-25,2,0,2
2024-25-team-1,2024-25,2,0,1
2024-25-team-15,2024-25,2,0,1
2024-25-team-2,2024-25,2,0,2
2024-25-team-4,2024-25,2,0,2
2024-25-team-13,2024-25,2,0,1
2024-25-team-9,2024-25,2,0,1
2024-25-team-8,2024-25,2,0,4
2024-25-team-17,2024-25,2,0,1
2024-25-team-7,2024-25,2,0,2
2024-25-team-10,2024-25,3,0,1
2024-25-team-19,2024-25,3,0,3
2024-25-team-3,2024-25,3,0,2
2024-25-team-11,2024-25,3,0,2
2024-25-team-20,2024-25,3,0,1
2024-25-team-5,2024-25,3,0,1
2024-25-team-6,2024-25,3,0,1
2024-25-team-17,2024-25,3,0,3
2024-25-team-14,2024-25,3,0,3
2024-25-team-18,2024-25,3,0,2
2024-25-team-15,2024-25,3,0,1
2024-25-team-2,2024-25,3,0,1
2024-25-team-1,2024-25,3,0,1
2024-25-team-4,2024-25,3,0,1
2024-25-team-13,2024-25,3,0,1
2024-25-team-9,2024-25,3,0,1
2024-25-team-8,2024-25,3,0,3
2024-25-team-7,2024-25,3,0,1
2024-25-team-16,2024-25,3,0,1
2024-25-team-19,2024-25,4,0,1
2024-25-team-11,2024-25,4,0,2
2024-25-team-20,2024-25,4,0,2
2024-25-team-17,2024-25,4,0,3
2024-25-team-18,2024-25,4,0,1
2024-25-team-15,2024-25,4,0,1
2024-25-team-2,2024-25,4,0,2
2024-25-team-4,2024-25,4,0,2
2024-25-team-13,2024-25,4,0,1
2024-25-team-9,2024-25,4,0,1
2024-25-team-8,2024-25,4,0,3
2024-25-team-12,2024-25,4,0,1
2024-25-team-7,2024-25,4,0,2
2024-25-team-3,2024-25,4,0,1
2024-25-team-10,2024-25,5,0,1
2024-25-team-19,2024-25,5,0,3
2024-25-team-3,2024-25,5,0,3
2024-25-team-11,2024-25,5,0,1
2024-25-team-20,2024-25,5,0,3
2024-25-team-5,2024-25,5,0,2
2024-25-team-17,2024-25,5,0,1
2024-25-team-18,2024-25,5,0,1
2024-25-team-15,2024-25,5,0,3
2024-25-team-2,2024-25,5,0,1
2024-25-team-1,2024-25,5,0,2
2024-25-team-4,2024-25,5,0,3
2024-25-team-13,2024-25,5,0,2
2024-25-team-9,2024-25,5,0,1
2024-25-team-8,2024-25,5,0,1
2024-25-team-16,2024-25,5,0,2
2024-25-team-10,2024-25,6,0,2
2024-25-team-19,2024-25,6,0,1
2024-25-team-3,2024-25,6,0,1
2024-25-team-11,2024-25,6,0,4
2024-25-team-20,2024-25,6,0,2
2024-25-team-5,2024-25,6,0,4
2024-25-team-6,2024-25,6,0,2
2024-25-team-17,2024-25,6,0,3
2024-25-team-14,2024-25,6,0,3
2024-25-team-15,2024-25,6,0,1
2024-25-team-2,2024-25,6,0,2
2024-25-team-1,2024-25,6,0,2
2024-25-team-4,2024-25,6,0,1
2024-25-team-13,2024-25,6,0,1
2024-25-team-8,2024-25,6,0,1
2024-25-team-12,2024-25,6,0,1
2024-25-team-7,2024-25,6,0,2
2024-25-team-16,2024-25,6,0,1
2024-25-team-10,2024-25,7,0,4
2024-25-team-19,2024-25,7,0,1
2024-25-team-3,2024-25,7,0,1
2024-25-team-20,2024-25,7,0,5
2024-25-team-5,2024-25,7,0,2
2024-25-team-6,2024-25,7,0,1
2024-25-team-17,2024-25,7,0,3
2024-25-team-18,2024-25,7,0,3
2024-25-team-1,2024-25,7,0,1
2024-25-team-4,2024-25,7,0,3
2024-25-team-13,2024-25,7,0,2
2024-25-team-9,2024-25,7,0,3
2024-25-team-7,2024-25,7,0,1
2024-25-team-16,2024-25,7,0,1
2024-25-team-10,2024-25,8,0,2
2024-25-team-20,2024-25,8,0,2
2024-25-team-19,2024-25,8,0,4
2024-25-team-12,2024-25,8,0,1
2024-25-team-11,2024-25,8,0,2
2024-25-team-6,2024-25,8,0,2
2024-25-team-17,2024-25,8,0,3
2024-25-team-14,2024-25,8,0,1
2024-25-team-18,2024-25,8,0,1
2024-25-team-15,2024-25,8,0,1
2024-25-team-2,2024-25,8,0,1
2024-25-team-1,2024-25,8,0,2
2024-25-team-4,2024-25,8,0,2
2024-25-team-13,2024-25,8,0,1
2024-25-team-9,2024-25,8,0,3
2024-25-team-7,2024-25,8,0,1
2024-25-team-10,2024-25,9,0,4
2024-25-team-20,2024-25,9,0,2
2024-25-team-12,2024-25,9,0,2
2024-25-team-11,2024-25,9,0,3
2024-25-team-5,2024-25,9,0,2
2024-25-team-6,2024-25,9,0,1
2024-25-team-17,2024-25,9,0,1
2024-25-team-14,2024-25,9,0,2
2024-25-team-18,2024-25,9,0,1
2024-25-team-15,2024-25,9,0,2
2024-25-team-19,2024-25,9,0,1
2024-25-team-2,2024-25,9,0,1
2024-25-team-1,2024-25,9,0,2
2024-25-team-4,2024-25,9,0,3
2024-25-team-9,2024-25,9,0,1
2024-25-team-8,2024-25,9,0,1
2024-25-team-16,2024-25,9,0,1
2024-25-team-3,2024-25,9,0,1
2024-25-team-10,2024-25,10,0,1
2024-25-team-20,2024-25,10,0,2
2024-25-team-12,2024-25,10,0,1
2024-25-team-11,2024-25,10,0,1
2024-25-team-5,2024-25,10,0,2
2024-25-team-6,2024-25,10,0,1
2024-25-team-14,2024-25,10,0,1
2024-25-team-18,2024-25,10,0,1
2024-25-team-19,2024-25,10,0,3
2024-25-team-2,2024-25,10,0,4
2024-25-team-1,2024-25,10,0,1
2024-25-team-4,2024-25,10,0,2
2024-25-team-13,2024-25,10,0,2
2024-25-team-9,2024-25,10,0,1
2024-25-team-8,2024-25,10,0,1
2024-25-team-7,2024-25,10,0,2
2024-25-team-3,2024-25,10,0,1
2024-25-team-10,2024-25,11,0,1
2024-25-team-3,2024-25,11,0,3
2024-25-team-11,2024-25,11,0,3
2024-25-team-5,2024-25,11,0,1
2024-25-team-6,2024-25,11,0,1
2024-25-team-17,2024-25,11,0,2
2024-25-team-18,2024-25,11,0,2
2024-25-team-15,2024-25,11,0,1
2024-25-team-2,2024-25,11,0,2
2024-25-team-1,2024-25,11,0,1
2024-25-team-4,2024-25,11,0,2
2024-25-team-13,2024-25,11,0,2
2024-25-team-7,2024-25,11,0,2
2024-25-team-16,2024-25,11,0,3
2024-25-team-10,2024-25,12,0,1
2024-25-team-20,2024-25,12,0,1
2024-25-team-3,2024-25,12,0,2
2024-25-team-12,2024-25,12,0,2
2024-25-team-11,2024-25,12,0,2
2024-25-team-5,2024-25,12,0,1
2024-25-team-6,2024-25,12,0,1
2024-25-team-14,2024-25,12,0,1
2024-25-team-15,2024-25,12,0,2
2024-25-team-2,2024-25,12,0,2
2024-25-team-13,2024-25,12,0,4
2024-25-team-9,2024-25,12,0,4
2024-25-team-17,2024-25,12,0,3
2024-25-team-7,2024-25,12,0,2
2024-25-team-16,2024-25,12,0,3
2024-25-team-10,2024-25,13,0,1
2024-25-team-20,2024-25,13,0,4
2024-25-team-3,2024-25,13,0,2
2024-25-team-11,2024-25,13,0,4
2024-25-team-2,2024-25,13,0,3
2024-25-team-5,2024-25,13,0,1
2024-25-team-17,2024-25,13,0,1
2024-25-team-15,2024-25,13,0,1
2024-25-team-19,2024-25,13,0,5
2024-25-team-1,2024-25,13,0,2
2024-25-team-4,2024-25,13,0,1
2024-25-team-9,2024-25,13,0,1
2024-25-team-8,2024-25,13,0,4
2024-25-team-7,2024-25,13,0,1
2024-25-team-18,2024-25,13,0,1
2024-25-team-13,2024-25,13,0,2
2024-25-team-10,2024-25,14,0,1
2024-25-team-20,2024-25,14,0,4
2024-25-team-12,2024-25,14,0,3
2024-25-team-11,2024-25,14,0,1
2024-25-team-5,2024-25,14,0,3
2024-25-team-14,2024-25,14,0,2
2024-25-team-17,2024-25,14,0,5
2024-25-team-15,2024-25,14,0,3
2024-25-team-19,2024-25,14,0,3
2024-25-team-2,2024-25,14,0,1
2024-25-team-4,2024-25,14,0,3
2024-25-team-9,2024-25,14,0,1
2024-25-team-18,2024-25,14,0,1
2024-25-team-6,2024-25,14,0,1
2024-25-team-16,2024-25,14,0,3
2024-25-team-10,2024-25,15,0,2
2024-25-team-3,2024-25,15,0,1
2024-25-team-11,2024-25,15,0,2
2024-25-team-20,2024-25,15,0,2
2024-25-team-5,2024-25,15,0,2
2024-25-team-6,2024-25,15,0,3
2024-25-team-14,2024-25,15,0,3
2024-25-team-17,2024-25,15,0,1
2024-25-team-15,2024-25,15,0,4
2024-25-team-19,2024-25,15,0,1
2024-25-team-1,2024-25,15,0,1
2024-25-team-4,2024-25,15,0,2
2024-25-team-9,2024-25,15,0,1
2024-25-team-7,2024-25,15,0,2
2024-25-team-18,2024-25,15,0,4
2024-25-team-16,2024-25,15,0,2
2024-25-team-13,2024-25,15,0,2
2024-25-team-10,2024-25,16,0,1
2024-25-team-3,2024-25,16,0,1
2024-25-team-11,2024-25,16,0,4
2024-25-team-20,2024-25,16,0,2
2024-25-team-5,2024-25,16,0,3
2024-25-team-6,2024-25,16,0,1
2024-25-team-14,2024-25,16,0,1
2024-25-team-19,2024-25,16,0,1
2024-25-team-2,2024-25,16,0,2
2024-25-team-4,2024-25,16,0,2
2024-25-team-13,2024-25,16,0,2
2024-25-team-9,2024-25,16,0,2
2024-25-team-12,2024-25,16,0,2
2024-25-team-17,2024-25,16,0,5
2024-25-team-7,2024-25,16,0,1
2024-25-team-16,2024-25,16,0,1
2024-25-team-10,2024-25,17,0,4
2024-25-team-5,2024-25,17,0,1
2024-25-team-14,2024-25,17,0,3
2024-25-team-19,2024-25,17,0,1
2024-25-team-2,2024-25,17,0,1
2024-25-team-1,2024-25,17,0,1
2024-25-team-4,2024-25,17,0,2
2024-25-team-11,2024-25,17,0,3
2024-25-team-12,2024-25,17,0,3
2024-25-team-7,2024-25,17,0,5
2024-25-team-18,2024-25,17,0,6
2024-25-team-13,2024-25,17,0,2
2024-25-team-10,2024-25,18,0,1
2024-25-team-6,2024-25,18,0,2
2024-25-team-17,2024-25,18,0,1
2024-25-team-14,2024-25,18,0,2
2024-25-team-2,2024-25,18,0,3
2024-25-team-9,2024-25,18,0,1
2024-25-team-8,2024-25,18,0,1
2024-25-team-12,2024-25,18,0,1
2024-25-team-18,2024-25,18,0,1
2024-25-team-11,2024-25,18,0,3
2024-25-team-13,2024-25,18,0,1
2024-25-team-20,2024-25,19,0,2
2024-25-team-19,2024-25,19,0,5
2024-25-team-3,2024-25,19,0,2
2024-25-team-5,2024-25,19,0,2
2024-25-team-17,2024-25,19,0,2
2024-25-team-14,2024-25,19,0,2
2024-25-team-2,2024-25,19,0,2
2024-25-team-1,2024-25,19,0,1
2024-25-team-4,2024-25,19,0,3
2024-25-team-9,2024-25,19,0,2
2024-25-team-8,2024-25,19,0,2
2024-25-team-7,2024-25,19,0,1
2024-25-team-18,2024-25,19,0,2
2024-25-team-6,2024-25,19,0,2
2024-25-team-11,2024-25,19,0,2
2024-25-team-18,2024-25,20,0,2
2024-25-team-20,2024-25,20,0,3
2024-25-team-19,2024-25,20,0,4
2024-25-team-5,2024-25,20,0,1
2024-25-team-6,2024-25,20,0,1
2024-25-team-17,2024-25,20,0,5
2024-25-team-14,2024-25,20,0,2
2024-25-team-10,2024-25,20,0,2
2024-25-team-2,2024-25,20,0,1
2024-25-team-1,2024-25,20,0,1
2024-25-team-9,2024-25,20,0,2
2024-25-team-15,2024-25,20,0,1
2024-25-team-8,2024-25,20,0,1
2024-25-team-12,2024-25,20,0,2
2024-25-team-7,2024-25,20,0,1
2024-25-team-11,2024-25,20,0,2
2024-25-team-13,2024-25,20,0,1
2024-25-team-18,2024-25,21,0,2
2024-25-team-20,2024-25,21,0,3
2024-25-team-6,2024-25,21,0,2
2024-25-team-17,2024-25,21,0,3
2024-25-team-14,2024-25,21,0,1
2024-25-team-10,2024-25,21,0,2
2024-25-team-19,2024-25,21,0,2
2024-25-team-1,2024-25,21,0,1
2024-25-team-4,2024-25,21,0,2
2024-25-team-9,2024-25,21,0,3
2024-25-team-8,2024-25,21,0,1
2024-25-team-12,2024-25,21,0,1
2024-25-team-16,2024-25,21,0,1
2024-25-team-11,2024-25,21,0,2
2024-25-team-3,2024-25,21,0,2
2024-25-team-13,2024-25,21,0,2
2024-25-team-18,2024-25,22,0,3
2024-25-team-20,2024-25,22,0,3
2024-25-team-3,2024-25,22,0,1
2024-25-team-5,2024-25,22,0,1
2024-25-team-6,2024-25,22,0,1
2024-25-team-17,2024-25,22,0,3
2024-25-team-14,2024-25,22,0,3
2024-25-team-10,2024-25,22,0,6
2024-25-team-19,2024-25,22,0,2
2024-25-team-2,2024-25,22,0,2
2024-25-team-1,2024-25,22,0,2
2024-25-team-4,2024-25,22,0,2
2024-25-team-15,2024-25,22,0,4
2024-25-team-8,2024-25,22,0,2
2024-25-team-16,2024-25,22,0,2
2024-25-team-11,2024-25,22,0,2
2024-25-team-18,2024-25,23,0,2
2024-25-team-20,2024-25,23,0,1
2024-25-team-19,2024-25,23,0,1
2024-25-team-5,2024-25,23,0,1
2024-25-team-6,2024-25,23,0,3
2024-25-team-10,2024-25,23,0,4
2024-25-team-2,2024-25,23,0,1
2024-25-team-4,2024-25,23,0,1
2024-25-team-13,2024-25,23,0,1
2024-25-team-9,2024-25,23,0,1
2024-25-team-15,2024-25,23,0,1
2024-25-team-12,2024-25,23,0,1
2024-25-team-17,2024-25,23,0,3
2024-25-team-7,2024-25,23,0,2
2024-25-team-16,2024-25,23,0,5
2024-25-team-11,2024-25,23,0,1
2024-25-team-4,2024-25,24,0,2
2024-25-team-10,2024-25,24,0,2
2024-25-team-19,2024-25,24,0,2
2024-25-team-3,2024-25,24,0,2
2024-25-team-11,2024-25,24,0,4
2024-25-team-5,2024-25,24,0,7
2024-25-team-17,2024-25,24,0,1
2024-25-team-14,2024-25,24,0,2
2024-25-team-2,2024-25,24,0,2
2024-25-team-1,2024-25,24,0,1
2024-25-team-9,2024-25,24,0,1
2024-25-team-15,2024-25,24,0,2
2024-25-team-8,2024-25,24,0,2
2024-25-team-12,2024-25,24,0,2
2024-25-team-6,2024-25,24,0,1
2024-25-team-13,2024-25,24,0,5
2024-25-team-20,2024-25,25,0,2
2024-25-team-19,2024-25,25,0,1
2024-25-team-3,2024-25,25,0,1
2024-25-team-10,2024-25,25,0,1
2024-25-team-11,2024-25,25,0,2
2024-25-team-17,2024-25,25,0,3
2024-25-team-14,2024-25,25,0,1
2024-25-team-2,2024-25,25,0,3
2024-25-team-9,2024-25,25,0,1
2024-25-team-15,2024-25,25,0,4
2024-25-team-8,2024-25,25,0,1
2024-25-team-12,2024-25,25,0,3
2024-25-team-7,2024-25,25,0,2
2024-25-team-6,2024-25,25,0,3
2024-25-team-16,2024-25,25,0,2
2024-25-team-3,2024-25,26,0,1
2024-25-team-10,2024-25,26,0,4
2024-25-team-11,2024-25,26,0,4
2024-25-team-17,2024-25,26,0,4
2024-25-team-14,2024-25,26,0,2
2024-25-team-18,2024-25,26,0,1
2024-25-team-15,2024-25,26,0,3
2024-25-team-2,2024-25,26,0,1
2024-25-team-1,2024-25,26,0,1
2024-25-team-13,2024-25,26,0,2
2024-25-team-9,2024-25,26,0,2
2024-25-team-8,2024-25,26,0,2
2024-25-team-6,2024-25,26,0,2
2024-25-team-16,2024-25,26,0,4
2024-25-team-20,2024-25,27,0,2
2024-25-team-3,2024-25,27,0,2
2024-25-team-10,2024-25,27,0,3
2024-25-team-11,2024-25,27,0,2
2024-25-team-2,2024-25,27,0,4
2024-25-team-5,2024-25,27,0,1
2024-25-team-17,2024-25,27,0,4
2024-25-team-14,2024-25,27,0,2
2024-25-team-18,2024-25,27,0,1
2024-25-team-15,2024-25,27,0,2
2024-25-team-4,2024-25,27,0,1
2024-25-team-9,2024-25,27,0,1
2024-25-team-8,2024-25,27,0,1
2024-25-team-7,2024-25,27,0,1
2024-25-team-20,2024-25,28,0,1
2024-25-team-19,2024-25,28,0,1
2024-25-team-3,2024-25,28,0,2
2024-25-team-10,2024-25,28,0,1
2024-25-team-11,2024-25,28,0,1
2024-25-team-5,2024-25,28,0,1
2024-25-team-17,2024-25,28,0,3
2024-25-team-14,2024-25,28,0,1
2024-25-team-18,2024-25,28,0,2
2024-25-team-1,2024-25,28,0,1
2024-25-team-4,2024-25,28,0,1
2024-25-team-13,2024-25,28,0,1
2024-25-team-9,2024-25,28,0,2
2024-25-team-8,2024-25,28,0,1
2024-25-team-12,2024-25,28,0,1
2024-25-team-20,2024-25,29,0,1
2024-25-team-19,2024-25,29,0,1
2024-25-team-3,2024-25,29,0,2
2024-25-team-10,2024-25,29,0,4
2024-25-team-11,2024-25,29,0,3
2024-25-team-5,2024-25,29,0,2
2024-25-team-6,2024-25,29,0,1
2024-25-team-17,2024-25,29,0,2
2024-25-team-18,2024-25,29,0,2
2024-25-team-4,2024-25,29,0,1
2024-25-team-8,2024-25,29,0,1
2024-25-team-16,2024-25,29,0,2
2024-25-team-13,2024-25,29,0,2
2024-25-team-19,2024-25,30,0,1
2024-25-team-3,2024-25,30,0,2
2024-25-team-10,2024-25,30,0,1
2024-25-team-11,2024-25,30,0,2
2024-25-team-5,2024-25,30,0,3
2024-25-team-17,2024-25,30,0,1
2024-25-team-14,2024-25,30,0,1
2024-25-team-18,2024-25,30,0,1
2024-25-team-15,2024-25,30,0,1
2024-25-team-1,2024-25,30,0,1
2024-25-team-4,2024-25,30,0,2
2024-25-team-9,2024-25,30,0,2
2024-25-team-8,2024-25,30,0,1
2024-25-team-7,2024-25,30,0,1
2024-25-team-20,2024-25,31,0,1
2024-25-team-19,2024-25,31,0,2
2024-25-team-3,2024-25,31,0,2
2024-25-team-10,2024-25,31,0,2
2024-25-team-12,2024-25,31,0,3
2024-25-team-11,2024-25,31,0,3
2024-25-team-5,2024-25,31,0,2
2024-25-team-17,2024-25,31,0,3
2024-25-team-18,2024-25,31,0,1
2024-25-team-2,2024-25,31,0,1
2024-25-team-1,2024-25,31,0,1
2024-25-team-9,2024-25,31,0,2
2024-25-team-8,2024-25,31,0,1
2024-25-team-7,2024-25,31,0,1
2024-25-team-16,2024-25,31,0,2
2024-25-team-20,2024-25,32,0,2
2024-25-team-19,2024-25,32,0,2
2024-25-team-10,2024-25,32,0,2
2024-25-team-11,2024-25,32,0,2
2024-25-team-5,2024-25,32,0,2
2024-25-team-6,2024-25,32,0,2
2024-25-team-17,2024-25,32,0,3
2024-25-team-14,2024-25,32,0,4
2024-25-team-18,2024-25,32,0,4
2024-25-team-15,2024-25,32,0,1
2024-25-team-1,2024-25,32,0,1
2024-25-team-4,2024-25,32,0,1
2024-25-team-13,2024-25,32,0,2
2024-25-team-9,2024-25,32,0,1
2024-25-team-12,2024-25,32,0,1
2024-25-team-7,2024-25,32,0,10
2024-25-team-16,2024-25,32,0,1
2024-25-team-19,2024-25,33,0,1
2024-25-team-10,2024-25,33,0,4
2024-25-team-11,2024-25,33,0,1
2024-25-team-5,2024-25,33,0,4
2024-25-team-6,2024-25,33,0,1
2024-25-team-17,2024-25,33,0,1
2024-25-team-14,2024-25,33,0,1
2024-25-team-18,2024-25,33,0,2
2024-25-team-15,2024-25,33,0,4
2024-25-team-2,2024-25,33,0,3
2024-25-team-1,2024-25,33,0,2
2024-25-team-4,2024-25,33,0,2
2024-25-team-9,2024-25,33,0,2
2024-25-team-8,2024-25,33,0,2
2024-25-team-7,2024-25,33,0,2
2024-25-team-16,2024-25,33,0,1
2024-25-team-13,2024-25,33,0,1
2024-25-team-19,2024-25,34,0,3
2024-25-team-3,2024-25,34,0,1
2024-25-team-10,2024-25,34,0,3
2024-25-team-11,2024-25,34,0,3
2024-25-team-5,2024-25,34,0,2
2024-25-team-17,2024-25,34,0,2
2024-25-team-14,2024-25,34,0,1
2024-25-team-18,2024-25,34,0,5
2024-25-team-9,2024-25,34,0,1
2024-25-team-8,2024-25,34,0,1
2024-25-team-12,2024-25,34,0,1
2024-25-team-16,2024-25,34,0,2
2024-25-team-20,2024-25,35,0,1
2024-25-team-19,2024-25,35,0,1
2024-25-team-3,2024-25,35,0,1
2024-25-team-10,2024-25,35,0,2
2024-25-team-5,2024-25,35,0,1
2024-25-team-6,2024-25,35,0,1
2024-25-team-17,2024-25,35,0,2
2024-25-team-14,2024-25,35,0,4
2024-25-team-18,2024-25,35,0,1
2024-25-team-15,2024-25,35,0,1
2024-25-team-1,2024-25,35,0,2
2024-25-team-4,2024-25,35,0,3
2024-25-team-9,2024-25,35,0,1
2024-25-team-8,2024-25,35,0,2
2024-25-team-12,2024-25,35,0,3
2024-25-team-7,2024-25,35,0,1
2024-25-team-16,2024-25,35,0,1
2024-25-team-18,2024-25,36,0,2
2024-25-team-20,2024-25,36,0,2
2024-25-team-3,2024-25,36,0,1
2024-25-team-10,2024-25,36,0,1
2024-25-team-6,2024-25,36,0,2
2024-25-team-14,2024-25,36,0,2
2024-25-team-1,2024-25,36,0,2
2024-25-team-9,2024-25,36,0,3
2024-25-team-8,2024-25,36,0,1
2024-25-team-12,2024-25,36,0,2
2024-25-team-16,2024-25,36,0,2
2024-25-team-11,2024-25,36,0,2
2024-25-team-18,2024-25,37,0,2
2024-25-team-19,2024-25,37,0,2
2024-25-team-3,2024-25,37,0,3
2024-25-team-10,2024-25,37,0,2
2024-25-team-5,2024-25,37,0,2
2024-25-team-17,2024-25,37,0,2
2024-25-team-14,2024-25,37,0,1
2024-25-team-15,2024-25,37,0,1
2024-25-team-4,2024-25,37,0,3
2024-25-team-13,2024-25,37,0,1
2024-25-team-9,2024-25,37,0,2
2024-25-team-20,2024-25,37,0,4
2024-25-team-12,2024-25,37,0,3
2024-25-team-7,2024-25,37,0,2
2024-25-team-16,2024-25,37,0,1
2024-25-team-20,2024-25,38,0,1
2024-25-team-2,2024-25,38,0,4
2024-25-team-5,2024-25,38,0,1
2024-25-team-17,2024-25,38,0,2
2024-25-team-18,2024-25,38,0,4
2024-25-team-10,2024-25,38,0,3
2024-25-team-15,2024-25,38,0,1
2024-25-team-19,2024-25,38,0,1
2024-25-team-1,2024-25,38,0,1
2024-25-team-4,2024-25,38,0,1
2024-25-team-9,2024-25,38,0,2
2024-25-team-12,2024-25,38,0,1
2024-25-team-7,2024-25,38,0,1
2024-25-team-16,2024-25,38,0,1
2024-25-team-11,2024-25,38,0,2
2020-21-player-6,2020-21,1,1,0
2020-21-player-506,2020-21,1,1,0
2020-21-player-164,2020-21,1,1,0
2020-21-player-494,2020-21,1,1,0
2020-21-player-203,2020-21,1,1,0
2020-21-player-224,2020-21,1,2,0
2020-21-player-485,2020-21,1,1,0
2020-21-player-105,2020-21,1,1,0
2020-21-player-110,2020-21,1,1,0
2020-21-player-69,2020-21,1,1,0
2020-21-player-198,2020-21,1,1,0
2020-21-player-254,2020-21,1,3,0
2020-21-player-202,2020-21,1,1,0
2020-21-player-4,2020-21,1,1,0
2020-21-player-460,2020-21,1,1,0
2020-21-player-123,2020-21,1,1,0
2020-21-player-461,2020-21,1,1,0
2020-21-player-498,2020-21,1,1,0
2020-21-player-250,2020-21,1,1,0
2020-21-player-141,2020-21,1,1,0
2020-21-player-78,2020-21,2,1,0
2020-21-player-184,2020-21,2,2,0
2020-21-player-6,2020-21,2,1,0
2020-21-player-137,2020-21,2,1,0
2020-21-player-181,2020-21,2,1,0
2020-21-player-91,2020-21,2,1,0
2020-21-player-366,2020-21,2,2,0
2020-21-player-225,2020-21,2,1,0
2020-21-player-164,2020-21,2,3,0
2020-21-player-495,2020-21,2,1,0
2020-21-player-22,2020-21,2,1,0
2020-21-player-46,2020-21,2,1,0
2020-21-player-282,2020-21,2,1,0
2020-21-player-446,2020-21,2,1,0
2020-21-player-388,2020-21,2,1,0
2020-21-player-235,2020-21,2,1,0
2020-21-player-390,2020-21,2,4,0
2020-21-player-205,2020-21,2,2,0
2020-21-player-239,2020-21,2,1,0
2020-21-player-508,2020-21,2,1,0
2020-21-player-519,2020-21,2,1,0
2020-21-player-272,2020-21,2,1,0
2020-21-player-198,2020-21,2,1,0
2020-21-player-481,2020-21,2,1,0
2020-21-player-156,2020-21,2,1,0
2020-21-player-437,2020-21,2,1,0
2020-21-player-68,2020-21,2,2,0
2020-21-player-202,2020-21,2,1,0
2020-21-player-284,2020-21,2,1,0
2020-21-player-460,2020-21,2,1,0
2020-21-player-251,2020-21,2,2,0
2020-21-player-141,2020-21,2,2,0
2020-21-player-6,2020-21,3,1,0
2020-21-player-255,2020-21,3,1,0
2020-21-player-302,2020-21,3,1,0
2020-21-player-122,2020-21,3,1,0
2020-21-player-358,2020-21,3,2,0
2020-21-player-506,2020-21,3,1,0
2020-21-player-133,2020-21,3,1,0
2020-21-player-33,2020-21,3,1,0
2020-21-player-366,2020-21,3,1,0
2020-21-player-468,2020-21,3,1,0
2020-21-player-164,2020-21,3,1,0
2020-21-player-37,2020-21,3,1,0
2020-21-player-231,2020-21,3,1,0
2020-21-player-224,2020-21,3,3,0
2020-21-player-445,2020-21,3,2,0
2020-21-player-412,2020-21,3,1,0
2020-21-player-392,2020-21,3,1,0
2020-21-player-306,2020-21,3,1,0
2020-21-player-120,2020-21,3,1,0
2020-21-player-279,2020-21,3,1,0
2020-21-player-68,2020-21,3,1,0
2020-21-player-202,2020-21,3,1,0
2020-21-player-166,2020-21,3,1,0
2020-21-player-275,2020-21,3,1,0
2020-21-player-251,2020-21,3,1,0
2020-21-player-65,2020-21,3,1,0
2020-21-player-441,2020-21,3,1,0
2020-21-player-118,2020-21,3,1,0
2020-21-player-41,2020-21,3,1,0
2020-21-player-228,2020-21,3,1,0
2020-21-player-338,2020-21,4,1,0
2020-21-player-89,2020-21,4,1,0
2020-21-player-232,2020-21,4,1,0
2020-21-player-302,2020-21,4,1,0
2020-21-player-24,2020-21,4,1,0
2020-21-player-506,2020-21,4,2,0
2020-21-player-344,2020-21,4,1,0
2020-21-player-164,2020-21,4,1,0
2020-21-player-388,2020-21,4,2,0
2020-21-player-390,2020-21,4,2,0
2020-21-player-37,2020-21,4,2,0
2020-21-player-508,2020-21,4,2,0
2020-21-player-445,2020-21,4,1,0
2020-21-player-38,2020-21,4,1,0
2020-21-player-105,2020-21,4,2,0
2020-21-player-110,2020-21,4,1,0
2020-21-player-437,2020-21,4,1,0
2020-21-player-254,2020-21,4,2,0
2020-21-player-382,2020-21,4,1,0
2020-21-player-68,2020-21,4,1,0
2020-21-player-18,2020-21,4,1,0
2020-21-player-514,2020-21,4,3,0
2020-21-player-364,2020-21,4,1,0
2020-21-player-450,2020-21,4,1,0
2020-21-player-474,2020-21,4,1,0
2020-21-player-276,2020-21,4,1,0
2020-21-player-492,2020-21,4,1,0
2020-21-player-106,2020-21,4,1,0
2020-21-player-389,2020-21,4,1,0
2020-21-player-405,2020-21,4,1,0
2020-21-player-162,2020-21,4,1,0
2020-21-player-76,2020-21,4,1,0
2020-21-player-313,2020-21,5,1,0
2020-21-player-557,2020-21,5,1,0
2020-21-player-80,2020-21,5,1,0
2020-21-player-343,2020-21,5,1,0
2020-21-player-302,2020-21,5,1,0
2020-21-player-377,2020-21,5,1,0
2020-21-player-366,2020-21,5,1,0
2020-21-player-164,2020-21,5,1,0
2020-21-player-443,2020-21,5,1,0
2020-21-player-388,2020-21,5,2,0
2020-21-player-298,2020-21,5,1,0
2020-21-player-390,2020-21,5,1,0
2020-21-player-369,2020-21,5,1,0
2020-21-player-500,2020-21,5,1,0
2020-21-player-439,2020-21,5,1,0
2020-21-player-306,2020-21,5,1,0
2020-21-player-156,2020-21,5,1,0
2020-21-player-254,2020-21,5,1,0
2020-21-player-276,2020-21,5,1,0
2020-21-player-460,2020-21,5,1,0
2020-21-player-106,2020-21,5,1,0
2020-21-player-251,2020-21,5,1,0
2020-21-player-117,2020-21,5,2,0
2020-21-player-141,2020-21,5,1,0
2020-21-player-141,2020-21,6,1,0
2020-21-player-460,2020-21,6,1,0
2020-21-player-224,2020-21,6,1,0
2020-21-player-284,2020-21,6,1,0
2020-21-player-249,2020-21,6,1,0
2020-21-player-377,2020-21,6,1,0
2020-21-player-497,2020-21,6,1,0
2020-21-player-390,2020-21,6,1,0
2020-21-player-468,2020-21,6,1,0
2020-21-player-175,2020-21,6,1,0
2020-21-player-202,2020-21,6,3,0
2020-21-player-582,2020-21,6,1,0
2020-21-player-437,2020-21,6,1,0
2020-21-player-370,2020-21,6,1,0
2020-21-player-360,2020-21,6,1,0
2020-21-player-144,2020-21,6,1,0
2020-21-player-224,2020-21,7,1,0
2020-21-player-228,2020-21,7,2,0
2020-21-player-563,2020-21,7,1,0
2020-21-player-117,2020-21,7,1,0
2020-21-player-514,2020-21,7,1,0
2020-21-player-254,2020-21,7,1,0
2020-21-player-270,2020-21,7,1,0
2020-21-player-450,2020-21,7,1,0
2020-21-player-543,2020-21,7,1,0
2020-21-player-366,2020-21,7,1,0
2020-21-player-41,2020-21,7,1,0
2020-21-player-181,2020-21,7,1,0
2020-21-player-388,2020-21,7,1,0
2020-21-player-468,2020-21,7,1,0
2020-21-player-77,2020-21,7,1,0
2020-21-player-469,2020-21,7,1,0
2020-21-player-200,2020-21,7,1,0
2020-21-player-110,2020-21,7,1,0
2020-21-player-164,2020-21,7,1,0
2020-21-player-235,2020-21,7,1,0
2020-21-player-506,2020-21,7,2,0
2020-21-player-4,2020-21,7,1,0
2020-21-player-37,2020-21,7,1,0
2020-21-player-369,2020-21,7,1,0
2020-21-player-370,2020-21,7,2,0
2020-21-player-114,2020-21,7,1,0
2020-21-player-562,2020-21,7,1,0
2020-21-player-224,2020-21,8,1,0
2020-21-player-302,2020-21,8,2,0
2020-21-player-282,2020-21,8,1,0
2020-21-player-117,2020-21,8,1,0
2020-21-player-514,2020-21,8,2,0
2020-21-player-254,2020-21,8,1,0
2020-21-player-377,2020-21,8,1,0
2020-21-player-154,2020-21,8,1,0
2020-21-player-490,2020-21,8,1,0
2020-21-player-388,2020-21,8,1,0
2020-21-player-569,2020-21,8,1,0
2020-21-player-486,2020-21,8,1,0
2020-21-player-344,2020-21,8,1,0
2020-21-player-202,2020-21,8,1,0
2020-21-player-489,2020-21,8,1,0
2020-21-player-232,2020-21,8,1,0
2020-21-player-140,2020-21,8,1,0
2020-21-player-368,2020-21,8,1,0
2020-21-player-118,2020-21,8,1,0
2020-21-player-449,2020-21,8,1,0
2020-21-player-302,2020-21,9,1,0
2020-21-player-588,2020-21,9,1,0
2020-21-player-249,2020-21,9,1,0
2020-21-player-65,2020-21,9,1,0
2020-21-player-512,2020-21,9,1,0
2020-21-player-115,2020-21,9,1,0
2020-21-player-390,2020-21,9,1,0
2020-21-player-181,2020-21,9,1,0
2020-21-player-468,2020-21,9,1,0
2020-21-player-91,2020-21,9,1,0
2020-21-player-474,2020-21,9,1,0
2020-21-player-164,2020-21,9,2,0
2020-21-player-46,2020-21,9,1,0
2020-21-player-148,2020-21,9,1,0
2020-21-player-441,2020-21,9,1,0
2020-21-player-118,2020-21,9,1,0
2020-21-player-403,2020-21,9,1,0
2020-21-player-187,2020-21,10,1,0
2020-21-player-302,2020-21,10,1,0
2020-21-player-275,2020-21,10,3,0
2020-21-player-432,2020-21,10,1,0
2020-21-player-445,2020-21,10,1,0
2020-21-player-376,2020-21,10,1,0
2020-21-player-557,2020-21,10,1,0
2020-21-player-570,2020-21,10,1,0
2020-21-player-274,2020-21,10,1,0
2020-21-player-569,2020-21,10,2,0
2020-21-player-468,2020-21,10,1,0
2020-21-player-469,2020-21,10,1,0
2020-21-player-544,2020-21,10,1,0
2020-21-player-57,2020-21,10,1,0
2020-21-player-474,2020-21,10,1,0
2020-21-player-494,2020-21,10,1,0
2020-21-player-340,2020-21,10,1,0
2020-21-player-235,2020-21,10,1,0
2020-21-player-506,2020-21,10,1,0
2020-21-player-287,2020-21,10,1,0
2020-21-player-37,2020-21,10,1,0
2020-21-player-370,2020-21,10,1,0
2020-21-player-276,2020-21,11,1,0
2020-21-player-141,2020-21,11,2,0
2020-21-player-95,2020-21,11,1,0
2020-21-player-224,2020-21,11,1,0
2020-21-player-246,2020-21,11,1,0
2020-21-player-272,2020-21,11,1,0
2020-21-player-243,2020-21,11,1,0
2020-21-player-254,2020-21,11,1,0
2020-21-player-132,2020-21,11,2,0
2020-21-player-296,2020-21,11,1,0
2020-21-player-390,2020-21,11,1,0
2020-21-player-366,2020-21,11,1,0
2020-21-player-388,2020-21,11,1,0
2020-21-player-110,2020-21,11,1,0
2020-21-player-544,2020-21,11,1,0
2020-21-player-57,2020-21,11,1,0
2020-21-player-164,2020-21,11,1,0
2020-21-player-315,2020-21,11,1,0
2020-21-player-202,2020-21,11,1,0
2020-21-player-357,2020-21,11,1,0
2020-21-player-119,2020-21,11,1,0
2020-21-player-306,2020-21,11,1,0
2020-21-player-103,2020-21,11,1,0
2020-21-player-369,2020-21,11,1,0
2020-21-player-229,2020-21,11,1,0
2020-21-player-449,2020-21,11,1,0
2020-21-player-224,2020-21,12,1,0
2020-21-player-150,2020-21,12,1,0
2020-21-player-142,2020-21,12,1,0
2020-21-player-432,2020-21,12,1,0
2020-21-player-422,2020-21,12,1,0
2020-21-player-254,2020-21,12,1,0
2020-21-player-377,2020-21,12,1,0
2020-21-player-198,2020-21,12,1,0
2020-21-player-181,2020-21,12,1,0
2020-21-player-339,2020-21,12,1,0
2020-21-player-388,2020-21,12,1,0
2020-21-player-231,2020-21,12,2,0
2020-21-player-365,2020-21,12,1,0
2020-21-player-45,2020-21,12,1,0
2020-21-player-368,2020-21,12,1,0
2020-21-player-449,2020-21,12,1,0
2020-21-player-329,2020-21,12,1,0
2020-21-player-485,2020-21,13,1,0
2020-21-player-166,2020-21,13,1,0
2020-21-player-249,2020-21,13,1,0
2020-21-player-254,2020-21,13,1,0
2020-21-player-132,2020-21,13,1,0
2020-21-player-390,2020-21,13,1,0
2020-21-player-469,2020-21,13,1,0
2020-21-player-200,2020-21,13,1,0
2020-21-player-165,2020-21,13,1,0
2020-21-player-474,2020-21,13,1,0
2020-21-player-344,2020-21,13,2,0
2020-21-player-303,2020-21,13,1,0
2020-21-player-271,2020-21,13,1,0
2020-21-player-202,2020-21,13,1,0
2020-21-player-201,2020-21,13,1,0
2020-21-player-324,2020-21,13,1,0
2020-21-player-306,2020-21,13,2,0
2020-21-player-148,2020-21,13,1,0
2020-21-player-103,2020-21,13,1,0
2020-21-player-4,2020-21,13,1,0
2020-21-player-441,2020-21,13,1,0
2020-21-player-492,2020-21,13,1,0
2020-21-player-203,2020-21,13,1,0
2020-21-player-276,2020-21,14,1,0
2020-21-player-244,2020-21,14,1,0
2020-21-player-224,2020-21,14,1,0
2020-21-player-302,2020-21,14,2,0
2020-21-player-588,2020-21,14,1,0
2020-21-player-249,2020-21,14,2,0
2020-21-player-308,2020-21,14,1,0
2020-21-player-162,2020-21,14,1,0
2020-21-player-251,2020-21,14,1,0
2020-21-player-18,2020-21,14,1,0
2020-21-player-540,2020-21,14,1,0
2020-21-player-254,2020-21,14,2,0
2020-21-player-510,2020-21,14,1,0
2020-21-player-258,2020-21,14,1,0
2020-21-player-87,2020-21,14,1,0
2020-21-player-490,2020-21,14,1,0
2020-21-player-504,2020-21,14,1,0
2020-21-player-91,2020-21,14,1,0
2020-21-player-200,2020-21,14,1,0
2020-21-player-311,2020-21,14,1,0
2020-21-player-506,2020-21,14,1,0
2020-21-player-45,2020-21,14,2,0
2020-21-player-195,2020-21,14,1,0
2020-21-player-309,2020-21,14,2,0
2020-21-player-118,2020-21,14,2,0
2020-21-player-68,2020-21,15,1,0
2020-21-player-302,2020-21,15,1,0
2020-21-player-150,2020-21,15,1,0
2020-21-player-251,2020-21,15,1,0
2020-21-player-540,2020-21,15,1,0
2020-21-player-9,2020-21,15,1,0
2020-21-player-24,2020-21,15,1,0
2020-21-player-405,2020-21,15,1,0
2020-21-player-419,2020-21,15,1,0
2020-21-player-452,2020-21,15,1,0
2020-21-player-62,2020-21,15,1,0
2020-21-player-271,2020-21,15,1,0
2020-21-player-202,2020-21,15,1,0
2020-21-player-235,2020-21,15,1,0
2020-21-player-306,2020-21,15,1,0
2020-21-player-45,2020-21,15,1,0
2020-21-player-39,2020-21,15,1,0
2020-21-player-287,2020-21,15,1,0
2020-21-player-6,2020-21,15,1,0
2020-21-player-118,2020-21,15,1,0
2020-21-player-449,2020-21,15,1,0
2020-21-player-461,2020-21,15,1,0
2020-21-player-141,2020-21,16,1,0
2020-21-player-88,2020-21,16,1,0
2020-21-player-570,2020-21,16,1,0
2020-21-player-201,2020-21,16,1,0
2020-21-player-235,2020-21,16,1,0
2020-21-player-306,2020-21,16,1,0
2020-21-player-45,2020-21,16,1,0
2020-21-player-103,2020-21,16,1,0
2020-21-player-492,2020-21,16,1,0
2020-21-player-6,2020-21,16,1,0
2020-21-player-203,2020-21,16,1,0
2020-21-player-78,2020-21,17,1,0
2020-21-player-17,2020-21,17,1,0
2020-21-player-68,2020-21,17,1,0
2020-21-player-386,2020-21,17,1,0
2020-21-player-228,2020-21,17,1,0
2020-21-player-302,2020-21,17,1,0
2020-21-player-272,2020-21,17,1,0
2020-21-player-284,2020-21,17,1,0
2020-21-player-142,2020-21,17,1,0
2020-21-player-540,2020-21,17,1,0
2020-21-player-24,2020-21,17,1,0
2020-21-player-466,2020-21,17,1,0
2020-21-player-390,2020-21,17,1,0
2020-21-player-366,2020-21,17,1,0
2020-21-player-388,2020-21,17,1,0
2020-21-player-122,2020-21,17,1,0
2020-21-player-303,2020-21,17,1,0
2020-21-player-62,2020-21,17,1,0
2020-21-player-231,2020-21,17,1,0
2020-21-player-271,2020-21,17,1,0
2020-21-player-489,2020-21,17,1,0
2020-21-player-320,2020-21,17,1,0
2020-21-player-6,2020-21,17,2,0
2020-21-player-449,2020-21,17,1,0
2020-21-player-461,2020-21,17,1,0
2020-21-player-187,2020-21,18,1,0
2020-21-player-284,2020-21,18,1,0
2020-21-player-466,2020-21,18,1,0
2020-21-player-296,2020-21,18,1,0
2020-21-player-159,2020-21,18,1,0
2020-21-player-388,2020-21,18,1,0
2020-21-player-343,2020-21,18,1,0
2020-21-player-156,2020-21,18,1,0
2020-21-player-276,2020-21,19,1,0
2020-21-player-68,2020-21,19,1,0
2020-21-player-281,2020-21,19,1,0
2020-21-player-273,2020-21,19,2,0
2020-21-player-514,2020-21,19,1,0
2020-21-player-540,2020-21,19,1,0
2020-21-player-24,2020-21,19,1,0
2020-21-player-405,2020-21,19,1,0
2020-21-player-445,2020-21,19,1,0
2020-21-player-419,2020-21,19,1,0
2020-21-player-87,2020-21,19,1,0
2020-21-player-236,2020-21,19,1,0
2020-21-player-389,2020-21,19,1,0
2020-21-player-296,2020-21,19,1,0
2020-21-player-557,2020-21,19,1,0
2020-21-player-388,2020-21,19,1,0
2020-21-player-569,2020-21,19,1,0
2020-21-player-120,2020-21,19,1,0
2020-21-player-504,2020-21,19,1,0
2020-21-player-458,2020-21,19,1,0
2020-21-player-344,2020-21,19,1,0
2020-21-player-481,2020-21,19,3,0
2020-21-player-231,2020-21,19,2,0
2020-21-player-271,2020-21,19,2,0
2020-21-player-235,2020-21,19,1,0
2020-21-player-437,2020-21,19,2,0
2020-21-player-4,2020-21,19,2,0
2020-21-player-276,2020-21,20,1,0
2020-21-player-141,2020-21,20,1,0
2020-21-player-228,2020-21,20,1,0
2020-21-player-424,2020-21,20,1,0
2020-21-player-576,2020-21,20,1,0
2020-21-player-275,2020-21,20,1,0
2020-21-player-259,2020-21,20,1,0
2020-21-player-508,2020-21,20,1,0
2020-21-player-514,2020-21,20,1,0
2020-21-player-249,2020-21,20,1,0
2020-21-player-251,2020-21,20,1,0
2020-21-player-18,2020-21,20,1,0
2020-21-player-24,2020-21,20,1,0
2020-21-player-88,2020-21,20,1,0
2020-21-player-108,2020-21,20,1,0
2020-21-player-570,2020-21,20,1,0
2020-21-player-339,2020-21,20,1,0
2020-21-player-91,2020-21,20,1,0
2020-21-player-603,2020-21,20,1,0
2020-21-player-100,2020-21,20,1,0
2020-21-player-277,2020-21,20,1,0
2020-21-player-298,2020-21,20,1,0
2020-21-player-271,2020-21,20,2,0
2020-21-player-396,2020-21,20,1,0
2020-21-player-37,2020-21,20,1,0
2020-21-player-368,2020-21,20,1,0
2020-21-player-6,2020-21,20,1,0
2020-21-player-449,2020-21,20,2,0
2020-21-player-203,2020-21,20,1,0
2020-21-player-187,2020-21,21,1,0
2020-21-player-576,2020-21,21,1,0
2020-21-player-282,2020-21,21,1,0
2020-21-player-243,2020-21,21,1,0
2020-21-player-254,2020-21,21,2,0
2020-21-player-106,2020-21,21,1,0
2020-21-player-181,2020-21,21,1,0
2020-21-player-69,2020-21,21,1,0
2020-21-player-102,2020-21,21,1,0
2020-21-player-200,2020-21,21,1,0
2020-21-player-481,2020-21,21,1,0
2020-21-player-104,2020-21,21,1,0
2020-21-player-412,2020-21,21,1,0
2020-21-player-202,2020-21,21,1,0
2020-21-player-489,2020-21,21,1,0
2020-21-player-235,2020-21,21,1,0
2020-21-player-506,2020-21,21,2,0
2020-21-player-203,2020-21,21,1,0
2020-21-player-276,2020-21,22,1,0
2020-21-player-125,2020-21,22,1,0
2020-21-player-301,2020-21,22,2,0
2020-21-player-302,2020-21,22,1,0
2020-21-player-233,2020-21,22,1,0
2020-21-player-282,2020-21,22,1,0
2020-21-player-150,2020-21,22,1,0
2020-21-player-514,2020-21,22,1,0
2020-21-player-321,2020-21,22,1,0
2020-21-player-79,2020-21,22,1,0
2020-21-player-239,2020-21,22,1,0
2020-21-player-18,2020-21,22,1,0
2020-21-player-510,2020-21,22,1,0
2020-21-player-466,2020-21,22,1,0
2020-21-player-105,2020-21,22,1,0
2020-21-player-570,2020-21,22,1,0
2020-21-player-569,2020-21,22,1,0
2020-21-player-411,2020-21,22,1,0
2020-21-player-311,2020-21,22,1,0
2020-21-player-164,2020-21,22,1,0
2020-21-player-303,2020-21,22,2,0
2020-21-player-313,2020-21,22,1,0
2020-21-player-454,2020-21,22,1,0
2020-21-player-306,2020-21,22,1,0
2020-21-player-309,2020-21,22,1,0
2020-21-player-343,2020-21,22,1,0
2020-21-player-449,2020-21,22,1,0
2020-21-player-144,2020-21,22,1,0
2020-21-player-276,2020-21,23,1,0
2020-21-player-302,2020-21,23,1,0
2020-21-player-284,2020-21,23,1,0
2020-21-player-508,2020-21,23,1,0
2020-21-player-514,2020-21,23,1,0
2020-21-player-254,2020-21,23,1,0
2020-21-player-90,2020-21,23,1,0
2020-21-player-512,2020-21,23,1,0
2020-21-player-258,2020-21,23,1,0
2020-21-player-105,2020-21,23,1,0
2020-21-player-390,2020-21,23,1,0
2020-21-player-339,2020-21,23,2,0
2020-21-player-388,2020-21,23,1,0
2020-21-player-569,2020-21,23,1,0
2020-21-player-120,2020-21,23,1,0
2020-21-player-164,2020-21,23,1,0
2020-21-player-62,2020-21,23,1,0
2020-21-player-271,2020-21,23,2,0
2020-21-player-202,2020-21,23,1,0
2020-21-player-309,2020-21,23,1,0
2020-21-player-370,2020-21,23,1,0
2020-21-player-20,2020-21,23,1,0
2020-21-player-203,2020-21,23,1,0
2020-21-player-205,2020-21,24,1,0
2020-21-player-281,2020-21,24,1,0
2020-21-player-211,2020-21,24,1,0
2020-21-player-224,2020-21,24,1,0
2020-21-player-302,2020-21,24,1,0
2020-21-player-284,2020-21,24,1,0
2020-21-player-275,2020-21,24,1,0
2020-21-player-166,2020-21,24,1,0
2020-21-player-117,2020-21,24,1,0
2020-21-player-451,2020-21,24,1,0
2020-21-player-254,2020-21,24,1,0
2020-21-player-90,2020-21,24,1,0
2020-21-player-448,2020-21,24,1,0
2020-21-player-87,2020-21,24,1,0
2020-21-player-466,2020-21,24,1,0
2020-21-player-366,2020-21,24,1,0
2020-21-player-286,2020-21,24,1,0
2020-21-player-474,2020-21,24,1,0
2020-21-player-231,2020-21,24,1,0
2020-21-player-86,2020-21,24,1,0
2020-21-player-271,2020-21,24,2,0
2020-21-player-235,2020-21,24,1,0
2020-21-player-438,2020-21,24,1,0
2020-21-player-103,2020-21,24,1,0
2020-21-player-665,2020-21,24,2,0
2020-21-player-92,2020-21,24,1,0
2020-21-player-11,2020-21,24,1,0
2020-21-player-4,2020-21,24,3,0
2020-21-player-648,2020-21,24,1,0
2020-21-player-562,2020-21,24,1,0
2020-21-player-276,2020-21,25,1,0
2020-21-player-641,2020-21,25,1,0
2020-21-player-301,2020-21,25,1,0
2020-21-player-302,2020-21,25,1,0
2020-21-player-150,2020-21,25,1,0
2020-21-player-166,2020-21,25,1,0
2020-21-player-540,2020-21,25,1,0
2020-21-player-132,2020-21,25,1,0
2020-21-player-67,2020-21,25,1,0
2020-21-player-258,2020-21,25,1,0
2020-21-player-557,2020-21,25,1,0
2020-21-player-570,2020-21,25,1,0
2020-21-player-338,2020-21,25,1,0
2020-21-player-392,2020-21,25,1,0
2020-21-player-120,2020-21,25,1,0
2020-21-player-200,2020-21,25,1,0
2020-21-player-311,2020-21,25,1,0
2020-21-player-231,2020-21,25,1,0
2020-21-player-202,2020-21,25,1,0
2020-21-player-235,2020-21,25,1,0
2020-21-player-306,2020-21,25,1,0
2020-21-player-437,2020-21,25,1,0
2020-21-player-263,2020-21,26,1,0
2020-21-player-228,2020-21,26,1,0
2020-21-player-233,2020-21,26,1,0
2020-21-player-282,2020-21,26,2,0
2020-21-player-275,2020-21,26,1,0
2020-21-player-273,2020-21,26,1,0
2020-21-player-166,2020-21,26,2,0
2020-21-player-328,2020-21,26,1,0
2020-21-player-18,2020-21,26,1,0
2020-21-player-459,2020-21,26,1,0
2020-21-player-466,2020-21,26,1,0
2020-21-player-543,2020-21,26,2,0
2020-21-player-392,2020-21,26,1,0
2020-21-player-388,2020-21,26,1,0
2020-21-player-120,2020-21,26,1,0
2020-21-player-344,2020-21,26,1,0
2020-21-player-412,2020-21,26,1,0
2020-21-player-556,2020-21,26,1,0
2020-21-player-437,2020-21,26,1,0
2020-21-player-3,2020-21,26,1,0
2020-21-player-45,2020-21,26,1,0
2020-21-player-93,2020-21,26,1,0
2020-21-player-6,2020-21,26,1,0
2020-21-player-105,2020-21,27,1,0
2020-21-player-132,2020-21,27,1,0
2020-21-player-233,2020-21,27,1,0
2020-21-player-272,2020-21,27,2,0
2020-21-player-227,2020-21,27,1,0
2020-21-player-388,2020-21,27,2,0
2020-21-player-91,2020-21,27,1,0
2020-21-player-4,2020-21,27,1,0
2020-21-player-301,2020-21,27,1,0
2020-21-player-54,2020-21,27,1,0
2020-21-player-543,2020-21,27,2,0
2020-21-player-300,2020-21,27,1,0
2020-21-player-576,2020-21,27,1,0
2020-21-player-370,2020-21,27,2,0
2020-21-player-275,2020-21,27,2,0
2020-21-player-493,2020-21,27,1,0
2020-21-player-271,2020-21,27,1,0
2020-21-player-302,2020-21,27,1,0
2020-21-player-377,2020-21,27,2,0
2020-21-player-229,2020-21,28,1,0
2020-21-player-328,2020-21,28,1,0
2020-21-player-233,2020-21,28,3,0
2020-21-player-69,2020-21,28,1,0
2020-21-player-6,2020-21,28,1,0
2020-21-player-645,2020-21,28,1,0
2020-21-player-282,2020-21,28,1,0
2020-21-player-91,2020-21,28,1,0
2020-21-player-387,2020-21,28,1,0
2020-21-player-268,2020-21,28,1,0
2020-21-player-138,2020-21,28,1,0
2020-21-player-100,2020-21,28,1,0
2020-21-player-273,2020-21,28,1,0
2020-21-player-468,2020-21,28,1,0
2020-21-player-62,2020-21,28,1,0
2020-21-player-164,2020-21,28,1,0
2020-21-player-377,2020-21,28,1,0
2020-21-player-588,2020-21,29,1,0
2020-21-player-202,2020-21,29,1,0
2020-21-player-69,2020-21,29,1,0
2020-21-player-6,2020-21,29,1,0
2020-21-player-564,2020-21,29,1,0
2020-21-player-388,2020-21,29,1,0
2020-21-player-449,2020-21,29,1,0
2020-21-player-68,2020-21,29,1,0
2020-21-player-445,2020-21,29,1,0
2020-21-player-571,2020-21,29,1,0
2020-21-player-301,2020-21,29,1,0
2020-21-player-570,2020-21,29,1,0
2020-21-player-315,2020-21,30,1,0
2020-21-player-306,2020-21,30,1,0
2020-21-player-93,2020-21,30,1,0
2020-21-player-356,2020-21,30,1,0
2020-21-player-588,2020-21,30,1,0
2020-21-player-254,2020-21,30,1,0
2020-21-player-504,2020-21,30,1,0
2020-21-player-450,2020-21,30,1,0
2020-21-player-340,2020-21,30,1,0
2020-21-player-388,2020-21,30,2,0
2020-21-player-20,2020-21,30,1,0
2020-21-player-282,2020-21,30,1,0
2020-21-player-508,2020-21,30,1,0
2020-21-player-91,2020-21,30,1,0
2020-21-player-481,2020-21,30,2,0
2020-21-player-365,2020-21,30,1,0
2020-21-player-368,2020-21,30,1,0
2020-21-player-445,2020-21,30,1,0
2020-21-player-120,2020-21,30,1,0
2020-21-player-301,2020-21,30,1,0
2020-21-player-274,2020-21,30,1,0
2020-21-player-184,2020-21,30,1,0
2020-21-player-468,2020-21,30,2,0
2020-21-player-464,2020-21,30,1,0
2020-21-player-648,2020-21,30,1,0
2020-21-player-514,2020-21,30,1,0
2020-21-player-108,2020-21,30,1,0
2020-21-player-119,2020-21,30,1,0
2020-21-player-366,2020-21,30,1,0
2020-21-player-203,2020-21,30,1,0
2020-21-player-358,2020-21,30,2,0
2020-21-player-40,2020-21,30,2,0
2020-21-player-315,2020-21,31,1,0
2020-21-player-132,2020-21,31,1,0
2020-21-player-390,2020-21,31,1,0
2020-21-player-299,2020-21,31,1,0
2020-21-player-93,2020-21,31,1,0
2020-21-player-287,2020-21,31,1,0
2020-21-player-465,2020-21,31,1,0
2020-21-player-254,2020-21,31,1,0
2020-21-player-338,2020-21,31,1,0
2020-21-player-233,2020-21,31,2,0
2020-21-player-110,2020-21,31,1,0
2020-21-player-6,2020-21,31,2,0
2020-21-player-497,2020-21,31,1,0
2020-21-player-481,2020-21,31,1,0
2020-21-player-445,2020-21,31,1,0
2020-21-player-301,2020-21,31,2,0
2020-21-player-500,2020-21,31,1,0
2020-21-player-569,2020-21,31,1,0
2020-21-player-200,2020-21,31,2,0
2020-21-player-259,2020-21,31,1,0
2020-21-player-26,2020-21,31,1,0
2020-21-player-514,2020-21,31,1,0
2020-21-player-119,2020-21,31,2,0
2020-21-player-411,2020-21,31,1,0
2020-21-player-358,2020-21,31,1,0
2020-21-player-315,2020-21,32,2,0
2020-21-player-224,2020-21,32,1,0
2020-21-player-150,2020-21,32,2,0
2020-21-player-642,2020-21,32,1,0
2020-21-player-390,2020-21,32,1,0
2020-21-player-233,2020-21,32,1,0
2020-21-player-219,2020-21,32,1,0
2020-21-player-22,2020-21,32,1,0
2020-21-player-340,2020-21,32,1,0
2020-21-player-665,2020-21,32,1,0
2020-21-player-388,2020-21,32,2,0
2020-21-player-20,2020-21,32,1,0
2020-21-player-251,2020-21,32,1,0
2020-21-player-549,2020-21,32,1,0
2020-21-player-301,2020-21,32,1,0
2020-21-player-286,2020-21,32,1,0
2020-21-player-543,2020-21,32,1,0
2020-21-player-569,2020-21,32,1,0
2020-21-player-81,2020-21,32,1,0
2020-21-player-38,2020-21,32,1,0
2020-21-player-451,2020-21,32,1,0
2020-21-player-284,2020-21,32,1,0
2020-21-player-366,2020-21,32,1,0
2020-21-player-117,2020-21,33,1,0
2020-21-player-254,2020-21,33,1,0
2020-21-player-233,2020-21,33,1,0
2020-21-player-20,2020-21,33,1,0
2020-21-player-141,2020-21,33,1,0
2020-21-player-91,2020-21,33,3,0
2020-21-player-481,2020-21,33,1,0
2020-21-player-498,2020-21,33,1,0
2020-21-player-50,2020-21,33,1,0
2020-21-player-45,2020-21,33,1,0
2020-21-player-89,2020-21,33,1,0
2020-21-player-344,2020-21,33,1,0
2020-21-player-390,2020-21,34,1,0
2020-21-player-588,2020-21,34,1,0
2020-21-player-287,2020-21,34,1,0
2020-21-player-504,2020-21,34,1,0
2020-21-player-219,2020-21,34,1,0
2020-21-player-91,2020-21,34,1,0
2020-21-player-268,2020-21,34,1,0
2020-21-player-437,2020-21,34,2,0
2020-21-player-4,2020-21,34,1,0
2020-21-player-526,2020-21,34,1,0
2020-21-player-543,2020-21,34,3,0
2020-21-player-500,2020-21,34,2,0
2020-21-player-370,2020-21,34,1,0
2020-21-player-57,2020-21,34,1,0
2020-21-player-648,2020-21,34,1,0
2020-21-player-514,2020-21,34,1,0
2020-21-player-45,2020-21,34,1,0
2020-21-player-164,2020-21,34,1,0
2020-21-player-315,2020-21,35,2,0
2020-21-player-306,2020-21,35,1,0
2020-21-player-478,2020-21,35,1,0
2020-21-player-132,2020-21,35,2,0
2020-21-player-390,2020-21,35,1,0
2020-21-player-465,2020-21,35,1,0
2020-21-player-202,2020-21,35,1,0
2020-21-player-254,2020-21,35,1,0
2020-21-player-23,2020-21,35,2,0
2020-21-player-233,2020-21,35,1,0
2020-21-player-531,2020-21,35,1,0
2020-21-player-249,2020-21,35,2,0
2020-21-player-20,2020-21,35,1,0
2020-21-player-238,2020-21,35,1,0
2020-21-player-506,2020-21,35,2,0
2020-21-player-91,2020-21,35,1,0
2020-21-player-251,2020-21,35,1,0
2020-21-player-104,2020-21,35,1,0
2020-21-player-481,2020-21,35,1,0
2020-21-player-114,2020-21,35,1,0
2020-21-player-569,2020-21,35,1,0
2020-21-player-468,2020-21,35,1,0
2020-21-player-200,2020-21,35,1,0
2020-21-player-331,2020-21,35,1,0
2020-21-player-18,2020-21,35,1,0
2020-21-player-276,2020-21,35,1,0
2020-21-player-540,2020-21,35,1,0
2020-21-player-492,2020-21,35,1,0
2020-21-player-473,2020-21,35,1,0
2020-21-player-62,2020-21,35,1,0
2020-21-player-489,2020-21,35,1,0
2020-21-player-240,2020-21,35,1,0
2020-21-player-89,2020-21,35,1,0
2020-21-player-164,2020-21,35,1,0
2020-21-player-221,2020-21,35,1,0
2020-21-player-366,2020-21,35,2,0
2020-21-player-302,2020-21,35,2,0
2020-21-player-377,2020-21,35,1,0
2020-21-player-132,2020-21,36,1,0
2020-21-player-588,2020-21,36,1,0
2020-21-player-287,2020-21,36,3,0
2020-21-player-252,2020-21,36,1,0
2020-21-player-254,2020-21,36,1,0
2020-21-player-587,2020-21,36,1,0
2020-21-player-340,2020-21,36,1,0
2020-21-player-388,2020-21,36,1,0
2020-21-player-20,2020-21,36,1,0
2020-21-player-396,2020-21,36,1,0
2020-21-player-141,2020-21,36,1,0
2020-21-player-277,2020-21,36,1,0
2020-21-player-408,2020-21,36,1,0
2020-21-player-148,2020-21,36,1,0
2020-21-player-333,2020-21,36,1,0
2020-21-player-198,2020-21,36,1,0
2020-21-player-492,2020-21,36,2,0
2020-21-player-695,2020-21,36,1,0
2020-21-player-699,2020-21,36,1,0
2020-21-player-45,2020-21,36,1,0
2020-21-player-38,2020-21,36,1,0
2020-21-player-377,2020-21,36,1,0
2020-21-player-146,2020-21,36,1,0
2020-21-player-203,2020-21,36,1,0
2020-21-player-524,2020-21,36,1,0
2020-21-player-105,2020-21,37,1,0
2020-21-player-132,2020-21,37,1,0
2020-21-player-432,2020-21,37,1,0
2020-21-player-202,2020-21,37,1,0
2020-21-player-233,2020-21,37,1,0
2020-21-player-66,2020-21,37,1,0
2020-21-player-400,2020-21,37,1,0
2020-21-player-589,2020-21,37,1,0
2020-21-player-69,2020-21,37,1,0
2020-21-player-61,2020-21,37,1,0
2020-21-player-249,2020-21,37,1,0
2020-21-player-20,2020-21,37,1,0
2020-21-player-449,2020-21,37,1,0
2020-21-player-481,2020-21,37,1,0
2020-21-player-206,2020-21,37,1,0
2020-21-player-437,2020-21,37,1,0
2020-21-player-248,2020-21,37,1,0
2020-21-player-182,2020-21,37,1,0
2020-21-player-569,2020-21,37,1,0
2020-21-player-109,2020-21,37,1,0
2020-21-player-18,2020-21,37,2,0
2020-21-player-26,2020-21,37,1,0
2020-21-player-514,2020-21,37,1,0
2020-21-player-271,2020-21,37,1,0
2020-21-player-284,2020-21,37,1,0
2020-21-player-166,2020-21,37,1,0
2020-21-player-224,2020-21,38,2,0
2020-21-player-232,2020-21,38,1,0
2020-21-player-448,2020-21,38,1,0
2020-21-player-202,2020-21,38,1,0
2020-21-player-450,2020-21,38,2,0
2020-21-player-272,2020-21,38,1,0
2020-21-player-388,2020-21,38,1,0
2020-21-player-20,2020-21,38,1,0
2020-21-player-282,2020-21,38,1,0
2020-21-player-334,2020-21,38,1,0
2020-21-player-251,2020-21,38,2,0
2020-21-player-268,2020-21,38,2,0
2020-21-player-408,2020-21,38,1,0
2020-21-player-290,2020-21,38,1,0
2020-21-player-543,2020-21,38,2,0
2020-21-player-702,2020-21,38,1,0
2020-21-player-18,2020-21,38,2,0
2020-21-player-540,2020-21,38,1,0
2020-21-player-492,2020-21,38,1,0
2020-21-player-45,2020-21,38,1,0
2020-21-player-344,2020-21,38,1,0
2020-21-player-284,2020-21,38,1,0
2020-21-player-546,2020-21,38,1,0
2020-21-player-204,2020-21,38,1,0
2020-21-team-8,2020-21,1,0,3
2020-21-team-16,2020-21,1,0,1
2020-21-team-11,2020-21,1,0,3
2020-21-team-10,2020-21,1,0,4
2020-21-team-19,2020-21,1,0,2
2020-21-team-18,2020-21,1,0,3
2020-21-team-17,2020-21,1,0,1
2020-21-team-15,2020-21,1,0,2
2020-21-team-3,2020-21,1,0,3
2020-21-team-5,2020-21,1,0,1
2020-21-team-7,2020-21,2,0,2
2020-21-team-18,2020-21,2,0,5
2020-21-team-10,2020-21,2,0,3
2020-21-team-8,2020-21,2,0,4
2020-21-team-13,2020-21,2,0,3
2020-21-team-6,2020-21,2,0,1
2020-21-team-1,2020-21,2,0,1
2020-21-team-19,2020-21,2,0,2
2020-21-team-16,2020-21,2,0,5
2020-21-team-17,2020-21,2,0,2
2020-21-team-14,2020-21,2,0,3
2020-21-team-5,2020-21,2,0,2
2020-21-team-9,2020-21,2,0,2
2020-21-team-4,2020-21,2,0,4
2020-21-team-15,2020-21,2,0,1
2020-21-team-20,2020-21,2,0,3
2020-21-team-12,2020-21,2,0,1
2020-21-team-3,2020-21,3,0,3
2020-21-team-13,2020-21,3,0,2
2020-21-team-6,2020-21,3,0,2
2020-21-team-7,2020-21,3,0,1
2020-21-team-18,2020-21,3,0,3
2020-21-team-5,2020-21,3,0,3
2020-21-team-4,2020-21,3,0,1
2020-21-team-15,2020-21,3,0,1
2020-21-team-17,2020-21,3,0,1
2020-21-team-14,2020-21,3,0,1
2020-21-team-12,2020-21,3,0,5
2020-21-team-9,2020-21,3,0,2
2020-21-team-20,2020-21,3,0,4
2020-21-team-8,2020-21,3,0,3
2020-21-team-11,2020-21,3,0,1
2020-21-team-1,2020-21,3,0,3
2020-21-team-6,2020-21,4,0,4
2020-21-team-7,2020-21,4,0,2
2020-21-team-3,2020-21,4,0,4
2020-21-team-10,2020-21,4,0,1
2020-21-team-12,2020-21,4,0,1
2020-21-team-14,2020-21,4,0,1
2020-21-team-4,2020-21,4,0,3
2020-21-team-9,2020-21,4,0,3
2020-21-team-18,2020-21,4,0,2
2020-21-team-1,2020-21,4,0,1
2020-21-team-15,2020-21,4,0,2
2020-21-team-8,2020-21,4,0,1
2020-21-team-13,2020-21,4,0,6
2020-21-team-17,2020-21,4,0,1
2020-21-team-2,2020-21,4,0,2
2020-21-team-11,2020-21,4,0,7
2020-21-team-7,2020-21,5,0,2
2020-21-team-11,2020-21,5,0,2
2020-21-team-5,2020-21,5,0,3
2020-21-team-16,2020-21,5,0,3
2020-21-team-1,2020-21,5,0,1
2020-21-team-14,2020-21,5,0,4
2020-21-team-13,2020-21,5,0,1
2020-21-team-15,2020-21,5,0,1
2020-21-team-8,2020-21,5,0,1
2020-21-team-6,2020-21,5,0,1
2020-21-team-3,2020-21,5,0,1
2020-21-team-17,2020-21,5,0,3
2020-21-team-19,2020-21,5,0,3
2020-21-team-9,2020-21,5,0,1
2020-21-team-10,2020-21,5,0,1
2020-21-team-2,2020-21,6,0,3
2020-21-team-19,2020-21,6,0,1
2020-21-team-12,2020-21,6,0,1
2020-21-team-8,2020-21,6,0,2
2020-21-team-6,2020-21,6,0,1
2020-21-team-11,2020-21,6,0,1
2020-21-team-15,2020-21,6,0,2
2020-21-team-7,2020-21,6,0,2
2020-21-team-20,2020-21,6,0,1
2020-21-team-14,2020-21,6,0,1
2020-21-team-1,2020-21,6,0,1
2020-21-team-3,2020-21,6,0,1
2020-21-team-18,2020-21,6,0,1
2020-21-team-4,2020-21,6,0,1
2020-21-team-6,2020-21,7,0,2
2020-21-team-15,2020-21,7,0,1
2020-21-team-4,2020-21,7,0,3
2020-21-team-11,2020-21,7,0,1
2020-21-team-19,2020-21,7,0,2
2020-21-team-2,2020-21,7,0,4
2020-21-team-16,2020-21,7,0,3
2020-21-team-14,2020-21,7,0,1
2020-21-team-7,2020-21,7,0,2
2020-21-team-13,2020-21,7,0,1
2020-21-team-17,2020-21,7,0,1
2020-21-team-3,2020-21,7,0,2
2020-21-team-18,2020-21,7,0,2
2020-21-team-10,2020-21,7,0,4
2020-21-team-9,2020-21,7,0,1
2020-21-team-14,2020-21,8,0,2
2020-21-team-7,2020-21,8,0,3
2020-21-team-13,2020-21,8,0,1
2020-21-team-6,2020-21,8,0,1
2020-21-team-10,2020-21,8,0,4
2020-21-team-5,2020-21,8,0,1
2020-21-team-15,2020-21,8,0,4
2020-21-team-8,2020-21,8,0,1
2020-21-team-18,2020-21,8,0,1
2020-21-team-20,2020-21,8,0,1
2020-21-team-12,2020-21,8,0,1
2020-21-team-11,2020-21,8,0,1
2020-21-team-1,2020-21,8,0,3
2020-21-team-14,2020-21,9,0,2
2020-21-team-2,2020-21,9,0,2
2020-21-team-3,2020-21,9,0,1
2020-21-team-12,2020-21,9,0,2
2020-21-team-18,2020-21,9,0,1
2020-21-team-8,2020-21,9,0,3
2020-21-team-7,2020-21,9,0,2
2020-21-team-15,2020-21,9,0,1
2020-21-team-9,2020-21,9,0,3
2020-21-team-6,2020-21,9,0,1
2020-21-team-20,2020-21,9,0,1
2020-21-team-16,2020-21,9,0,1
2020-21-team-6,2020-21,10,0,2
2020-21-team-3,2020-21,10,0,1
2020-21-team-11,2020-21,10,0,1
2020-21-team-4,2020-21,10,0,5
2020-21-team-7,2020-21,10,0,1
2020-21-team-15,2020-21,10,0,1
2020-21-team-16,2020-21,10,0,3
2020-21-team-13,2020-21,10,0,2
2020-21-team-1,2020-21,10,0,2
2020-21-team-20,2020-21,10,0,1
2020-21-team-9,2020-21,10,0,2
2020-21-team-8,2020-21,10,0,1
2020-21-team-19,2020-21,10,0,1
2020-21-team-2,2020-21,10,0,2
2020-21-team-4,2020-21,11,0,1
2020-21-team-7,2020-21,11,0,1
2020-21-team-8,2020-21,11,0,2
2020-21-team-19,2020-21,11,0,3
2020-21-team-13,2020-21,11,0,1
2020-21-team-5,2020-21,11,0,1
2020-21-team-10,2020-21,11,0,3
2020-21-team-18,2020-21,11,0,5
2020-21-team-6,2020-21,11,0,1
2020-21-team-15,2020-21,11,0,2
2020-21-team-9,2020-21,11,0,1
2020-21-team-1,2020-21,11,0,2
2020-21-team-20,2020-21,11,0,4
2020-21-team-3,2020-21,11,0,2
2020-21-team-16,2020-21,11,0,1
2020-21-team-10,2020-21,12,0,2
2020-21-team-19,2020-21,12,0,1
2020-21-team-20,2020-21,12,0,1
2020-21-team-14,2020-21,12,0,1
2020-21-team-18,2020-21,12,0,2
2020-21-team-5,2020-21,12,0,1
2020-21-team-15,2020-21,12,0,3
2020-21-team-6,2020-21,12,0,1
2020-21-team-17,2020-21,12,0,1
2020-21-team-8,2020-21,12,0,1
2020-21-team-11,2020-21,12,0,1
2020-21-team-1,2020-21,12,0,1
2020-21-team-3,2020-21,12,0,3
2020-21-team-20,2020-21,13,0,1
2020-21-team-5,2020-21,13,0,2
2020-21-team-12,2020-21,13,0,1
2020-21-team-18,2020-21,13,0,1
2020-21-team-1,2020-21,13,0,1
2020-21-team-16,2020-21,13,0,1
2020-21-team-10,2020-21,13,0,2
2020-21-team-14,2020-21,13,0,5
2020-21-team-9,2020-21,13,0,2
2020-21-team-11,2020-21,13,0,1
2020-21-team-17,2020-21,13,0,2
2020-21-team-19,2020-21,13,0,1
2020-21-team-6,2020-21,13,0,1
2020-21-team-15,2020-21,13,0,3
2020-21-team-13,2020-21,13,0,2
2020-21-team-6,2020-21,14,0,7
2020-21-team-16,2020-21,14,0,1
2020-21-team-7,2020-21,14,0,1
2020-21-team-1,2020-21,14,0,2
2020-21-team-14,2020-21,14,0,1
2020-21-team-8,2020-21,14,0,1
2020-21-team-3,2020-21,14,0,1
2020-21-team-15,2020-21,14,0,1
2020-21-team-17,2020-21,14,0,2
2020-21-team-13,2020-21,14,0,2
2020-21-team-10,2020-21,14,0,6
2020-21-team-18,2020-21,14,0,3
2020-21-team-4,2020-21,14,0,1
2020-21-team-20,2020-21,14,0,2
2020-21-team-19,2020-21,14,0,3
2020-21-team-9,2020-21,15,0,2
2020-21-team-13,2020-21,15,0,2
2020-21-team-6,2020-21,15,0,3
2020-21-team-1,2020-21,15,0,1
2020-21-team-5,2020-21,15,0,3
2020-21-team-14,2020-21,15,0,2
2020-21-team-15,2020-21,15,0,1
2020-21-team-4,2020-21,15,0,1
2020-21-team-19,2020-21,15,0,2
2020-21-team-3,2020-21,15,0,2
2020-21-team-11,2020-21,15,0,1
2020-21-team-18,2020-21,15,0,1
2020-21-team-20,2020-21,15,0,1
2020-21-team-17,2020-21,15,0,1
2020-21-team-6,2020-21,16,0,1
2020-21-team-9,2020-21,16,0,1
2020-21-team-5,2020-21,16,0,1
2020-21-team-2,2020-21,16,0,1
2020-21-team-3,2020-21,16,0,1
2020-21-team-15,2020-21,16,0,1
2020-21-team-18,2020-21,16,0,5
2020-21-team-20,2020-21,16,0,1
2020-21-team-7,2020-21,17,0,1
2020-21-team-13,2020-21,17,0,1
2020-21-team-2,2020-21,17,0,2
2020-21-team-10,2020-21,17,0,3
2020-21-team-15,2020-21,17,0,2
2020-21-team-3,2020-21,17,0,3
2020-21-team-20,2020-21,17,0,3
2020-21-team-18,2020-21,17,0,4
2020-21-team-14,2020-21,17,0,2
2020-21-team-9,2020-21,17,0,1
2020-21-team-5,2020-21,17,0,3
2020-21-team-12,2020-21,17,0,1
2020-21-team-11,2020-21,17,0,1
2020-21-team-14,2020-21,18,0,1
2020-21-team-4,2020-21,18,0,1
2020-21-team-20,2020-21,18,0,2
2020-21-team-7,2020-21,18,0,1
2020-21-team-3,2020-21,18,0,1
2020-21-team-17,2020-21,18,0,1
2020-21-team-8,2020-21,18,0,1
2020-21-team-20,2020-21,19,0,3
2020-21-team-18,2020-21,19,0,4
2020-21-team-10,2020-21,19,0,1
2020-21-team-4,2020-21,19,0,1
2020-21-team-8,2020-21,19,0,3
2020-21-team-16,2020-21,19,0,2
2020-21-team-15,2020-21,19,0,3
2020-21-team-17,2020-21,19,0,1
2020-21-team-6,2020-21,19,0,4
2020-21-team-14,2020-21,19,0,5
2020-21-team-19,2020-21,19,0,1
2020-21-team-5,2020-21,19,0,2
2020-21-team-2,2020-21,19,0,2
2020-21-team-13,2020-21,19,0,1
2020-21-team-11,2020-21,19,0,1
2020-21-team-6,2020-21,20,0,3
2020-21-team-19,2020-21,20,0,2
2020-21-team-14,2020-21,20,0,2
2020-21-team-10,2020-21,20,0,1
2020-21-team-16,2020-21,20,0,3
2020-21-team-1,2020-21,20,0,1
2020-21-team-18,2020-21,20,0,5
2020-21-team-4,2020-21,20,0,2
2020-21-team-2,2020-21,20,0,3
2020-21-team-7,2020-21,20,0,1
2020-21-team-9,2020-21,20,0,1
2020-21-team-13,2020-21,20,0,2
2020-21-team-15,2020-21,20,0,1
2020-21-team-17,2020-21,20,0,3
2020-21-team-11,2020-21,20,0,1
2020-21-team-7,2020-21,21,0,2
2020-21-team-20,2020-21,21,0,1
2020-21-team-15,2020-21,21,0,1
2020-21-team-18,2020-21,21,0,2
2020-21-team-8,2020-21,21,0,2
2020-21-team-16,2020-21,21,0,1
2020-21-team-4,2020-21,21,0,2
2020-21-team-9,2020-21,21,0,3
2020-21-team-10,2020-21,21,0,1
2020-21-team-19,2020-21,21,0,3
2020-21-team-11,2020-21,21,0,1
2020-21-team-17,2020-21,21,0,1
2020-21-team-15,2020-21,22,0,1
2020-21-team-18,2020-21,22,0,2
2020-21-team-20,2020-21,22,0,1
2020-21-team-1,2020-21,22,0,2
2020-21-team-16,2020-21,22,0,9
2020-21-team-14,2020-21,22,0,2
2020-21-team-6,2020-21,22,0,1
2020-21-team-4,2020-21,22,0,2
2020-21-team-8,2020-21,22,0,2
2020-21-team-10,2020-21,22,0,2
2020-21-team-7,2020-21,22,0,1
2020-21-team-2,2020-21,22,0,3
2020-21-team-19,2020-21,22,0,1
2020-21-team-11,2020-21,22,0,1
2020-21-team-17,2020-21,22,0,1
2020-21-team-1,2020-21,23,0,1
2020-21-team-4,2020-21,23,0,1
2020-21-team-3,2020-21,23,0,1
2020-21-team-14,2020-21,23,0,2
2020-21-team-16,2020-21,23,0,3
2020-21-team-13,2020-21,23,0,3
2020-21-team-7,2020-21,23,0,3
2020-21-team-18,2020-21,23,0,2
2020-21-team-11,2020-21,23,0,4
2020-21-team-12,2020-21,23,0,1
2020-21-team-15,2020-21,23,0,2
2020-21-team-5,2020-21,23,0,1
2020-21-team-6,2020-21,23,0,2
2020-21-team-9,2020-21,24,0,1
2020-21-team-11,2020-21,24,0,3
2020-21-team-6,2020-21,24,0,3
2020-21-team-17,2020-21,24,0,3
2020-21-team-16,2020-21,24,0,2
2020-21-team-20,2020-21,24,0,1
2020-21-team-18,2020-21,24,0,1
2020-21-team-13,2020-21,24,0,1
2020-21-team-1,2020-21,24,0,2
2020-21-team-10,2020-21,24,0,4
2020-21-team-7,2020-21,24,0,5
2020-21-team-15,2020-21,24,0,3
2020-21-team-14,2020-21,24,0,2
2020-21-team-4,2020-21,24,0,1
2020-21-team-8,2020-21,24,0,1
2020-21-team-12,2020-21,24,0,1
2020-21-team-10,2020-21,25,0,1
2020-21-team-16,2020-21,25,0,4
2020-21-team-5,2020-21,25,0,1
2020-21-team-11,2020-21,25,0,2
2020-21-team-15,2020-21,25,0,1
2020-21-team-19,2020-21,25,0,1
2020-21-team-17,2020-21,25,0,2
2020-21-team-2,2020-21,25,0,2
2020-21-team-9,2020-21,25,0,1
2020-21-team-1,2020-21,25,0,1
2020-21-team-13,2020-21,25,0,1
2020-21-team-14,2020-21,25,0,3
2020-21-team-3,2020-21,25,0,2
2020-21-team-6,2020-21,25,0,1
2020-21-team-12,2020-21,26,0,2
2020-21-team-19,2020-21,26,0,2
2020-21-team-3,2020-21,26,0,1
2020-21-team-10,2020-21,26,0,1
2020-21-team-14,2020-21,26,0,1
2020-21-team-20,2020-21,26,0,5
2020-21-team-9,2020-21,26,0,4
2020-21-team-1,2020-21,26,0,1
2020-21-team-4,2020-21,26,0,5
2020-21-team-15,2020-21,26,0,2
2020-21-team-16,2020-21,26,0,1
2020-21-team-2,2020-21,26,0,1
2020-21-team-8,2020-21,26,0,1
2020-21-team-18,2020-21,26,0,1
2020-21-team-11,2020-21,26,0,1
2020-21-team-4,2020-21,27,0,1
2020-21-team-1,2020-21,27,0,1
2020-21-team-15,2020-21,27,0,2
2020-21-team-3,2020-21,27,0,2
2020-21-team-9,2020-21,27,0,1
2020-21-team-11,2020-21,27,0,1
2020-21-team-12,2020-21,27,0,4
2020-21-team-17,2020-21,27,0,1
2020-21-team-6,2020-21,27,0,4
2020-21-team-7,2020-21,27,0,2
2020-21-team-10,2020-21,27,0,2
2020-21-team-16,2020-21,27,0,5
2020-21-team-14,2020-21,28,0,1
2020-21-team-2,2020-21,28,0,1
2020-21-team-18,2020-21,28,0,1
2020-21-team-7,2020-21,28,0,2
2020-21-team-4,2020-21,28,0,1
2020-21-team-8,2020-21,28,0,3
2020-21-team-16,2020-21,28,0,2
2020-21-team-3,2020-21,28,0,1
2020-21-team-15,2020-21,28,0,5
2020-21-team-1,2020-21,28,0,1
2020-21-team-17,2020-21,28,0,2
2020-21-team-19,2020-21,28,0,1
2020-21-team-20,2020-21,28,0,1
2020-21-team-8,2020-21,29,0,2
2020-21-team-10,2020-21,29,0,1
2020-21-team-14,2020-21,29,0,3
2020-21-team-19,2020-21,29,0,3
2020-21-team-1,2020-21,29,0,3
2020-21-team-2,2020-21,29,0,2
2020-21-team-5,2020-21,30,0,5
2020-21-team-18,2020-21,30,0,2
2020-21-team-10,2020-21,30,0,1
2020-21-team-15,2020-21,30,0,2
2020-21-team-9,2020-21,30,0,2
2020-21-team-1,2020-21,30,0,3
2020-21-team-16,2020-21,30,0,2
2020-21-team-4,2020-21,30,0,3
2020-21-team-14,2020-21,30,0,2
2020-21-team-17,2020-21,30,0,2
2020-21-team-2,2020-21,30,0,1
2020-21-team-8,2020-21,30,0,3
2020-21-team-13,2020-21,30,0,1
2020-21-team-3,2020-21,30,0,2
2020-21-team-7,2020-21,30,0,1
2020-21-team-6,2020-21,30,0,1
2020-21-team-20,2020-21,30,0,3
2020-21-team-19,2020-21,30,0,2
2020-21-team-8,2020-21,31,0,1
2020-21-team-12,2020-21,31,0,2
2020-21-team-10,2020-21,31,0,1
2020-21-team-11,2020-21,31,0,1
2020-21-team-2,2020-21,31,0,2
2020-21-team-6,2020-21,31,0,4
2020-21-team-5,2020-21,31,0,1
2020-21-team-4,2020-21,31,0,2
2020-21-team-14,2020-21,31,0,1
2020-21-team-19,2020-21,31,0,2
2020-21-team-9,2020-21,31,0,3
2020-21-team-17,2020-21,31,0,3
2020-21-team-13,2020-21,31,0,1
2020-21-team-15,2020-21,31,0,3
2020-21-team-16,2020-21,31,0,3
2020-21-team-7,2020-21,32,0,2
2020-21-team-17,2020-21,32,0,3
2020-21-team-14,2020-21,32,0,2
2020-21-team-19,2020-21,32,0,3
2020-21-team-15,2020-21,32,0,1
2020-21-team-1,2020-21,32,0,1
2020-21-team-8,2020-21,32,0,1
2020-21-team-13,2020-21,32,0,1
2020-21-team-4,2020-21,32,0,3
2020-21-team-10,2020-21,32,0,1
2020-21-team-11,2020-21,32,0,1
2020-21-team-16,2020-21,32,0,2
2020-21-team-2,2020-21,32,0,2
2020-21-team-12,2020-21,32,0,1
2020-21-team-18,2020-21,32,0,3
2020-21-team-1,2020-21,33,0,1
2020-21-team-11,2020-21,33,0,1
2020-21-team-14,2020-21,33,0,1
2020-21-team-19,2020-21,33,0,1
2020-21-team-3,2020-21,33,0,1
2020-21-team-20,2020-21,33,0,4
2020-21-team-2,2020-21,33,0,2
2020-21-team-18,2020-21,33,0,2
2020-21-team-9,2020-21,33,0,1
2020-21-team-6,2020-21,33,0,2
2020-21-team-16,2020-21,34,0,1
2020-21-team-9,2020-21,34,0,1
2020-21-team-6,2020-21,34,0,2
2020-21-team-10,2020-21,34,0,2
2020-21-team-8,2020-21,34,0,2
2020-21-team-7,2020-21,34,0,2
2020-21-team-2,2020-21,34,0,1
2020-21-team-14,2020-21,34,0,2
2020-21-team-15,2020-21,34,0,4
2020-21-team-18,2020-21,34,0,1
2020-21-team-20,2020-21,34,0,1
2020-21-team-4,2020-21,34,0,2
2020-21-team-19,2020-21,34,0,1
2020-21-team-9,2020-21,35,0,5
2020-21-team-14,2020-21,35,0,2
2020-21-team-10,2020-21,35,0,1
2020-21-team-17,2020-21,35,0,3
2020-21-team-15,2020-21,35,0,2
2020-21-team-12,2020-21,35,0,2
2020-21-team-5,2020-21,35,0,2
2020-21-team-16,2020-21,35,0,3
2020-21-team-20,2020-21,35,0,1
2020-21-team-3,2020-21,35,0,2
2020-21-team-2,2020-21,35,0,3
2020-21-team-13,2020-21,35,0,7
2020-21-team-19,2020-21,35,0,1
2020-21-team-1,2020-21,35,0,1
2020-21-team-18,2020-21,35,0,3
2020-21-team-8,2020-21,35,0,2
2020-21-team-6,2020-21,35,0,3
2020-21-team-11,2020-21,35,0,2
2020-21-team-14,2020-21,36,0,4
2020-21-team-12,2020-21,36,0,3
2020-21-team-4,2020-21,36,0,4
2020-21-team-16,2020-21,36,0,1
2020-21-team-8,2020-21,36,0,3
2020-21-team-3,2020-21,36,0,1
2020-21-team-19,2020-21,36,0,1
2020-21-team-6,2020-21,36,0,2
2020-21-team-2,2020-21,36,0,3
2020-21-team-20,2020-21,36,0,2
2020-21-team-18,2020-21,36,0,2
2020-21-team-11,2020-21,36,0,1
2020-21-team-7,2020-21,36,0,1
2020-21-team-13,2020-21,37,0,1
2020-21-team-8,2020-21,37,0,1
2020-21-team-16,2020-21,37,0,2
2020-21-team-3,2020-21,37,0,2
2020-21-team-12,2020-21,37,0,3
2020-21-team-5,2020-21,37,0,1
2020-21-team-9,2020-21,37,0,2
2020-21-team-20,2020-21,37,0,1
2020-21-team-15,2020-21,37,0,1
2020-21-team-17,2020-21,37,0,2
2020-21-team-2,2020-21,37,0,1
2020-21-team-6,2020-21,37,0,3
2020-21-team-1,2020-21,37,0,1
2020-21-team-4,2020-21,37,0,3
2020-21-team-18,2020-21,37,0,3
2020-21-team-19,2020-21,37,0,1
2020-21-team-3,2020-21,38,0,2
2020-21-team-2,2020-21,38,0,1
2020-21-team-5,2020-21,38,0,2
2020-21-team-8,2020-21,38,0,2
2020-21-team-10,2020-21,38,0,1
2020-21-team-18,2020-21,38,0,3
2020-21-team-9,2020-21,38,0,4
2020-21-team-17,2020-21,38,0,2
2020-21-team-6,2020-21,38,0,2
2020-21-team-7,2020-21,38,0,5
2020-21-team-4,2020-21,38,0,1
2020-21-team-16,2020-21,38,0,3
2020-21-team-20,2020-21,38,0,2
2020-21-team-13,2020-21,38,0,1
2021-22-player-277,2021-22,1,3,0
2021-22-player-74,2021-22,1,1,0
2021-22-player-180,2021-22,1,1,0
2021-22-player-240,2021-22,1,1,0
2021-22-player-450,2021-22,1,1,0
2021-22-player-77,2021-22,1,1,0
2021-22-player-527,2021-22,1,1,0
2021-22-player-35,2021-22,1,1,0
2021-22-player-304,2021-22,1,1,0
2021-22-player-233,2021-22,1,1,0
2021-22-player-296,2021-22,1,1,0
2021-22-player-419,2021-22,1,1,0
2021-22-player-81,2021-22,1,1,0
2021-22-player-399,2021-22,1,1,0
2021-22-player-137,2021-22,1,1,0
2021-22-player-337,2021-22,1,1,0
2021-22-player-177,2021-22,1,1,0
2021-22-player-173,2021-22,1,1,0
2021-22-player-205,2021-22,1,1,0
2021-22-player-122,2021-22,1,1,0
2021-22-player-525,2021-22,1,1,0
2021-22-player-228,2021-22,1,1,0
2021-22-player-98,2021-22,1,1,0
2021-22-player-359,2021-22,1,1,0
2021-22-player-274,2021-22,1,1,0
2021-22-player-63,2021-22,1,1,0
2021-22-player-422,2021-22,1,1,0
2021-22-player-413,2021-22,1,1,0
2021-22-player-185,2021-22,1,1,0
2021-22-player-472,2021-22,1,1,0
2021-22-player-289,2021-22,1,1,0
2021-22-player-411,2021-22,1,1,0
2021-22-player-240,2021-22,2,1,0
2021-22-player-56,2021-22,2,1,0
2021-22-player-142,2021-22,2,1,0
2021-22-player-230,2021-22,2,1,0
2021-22-player-186,2021-22,2,1,0
2021-22-player-259,2021-22,2,1,0
2021-22-player-42,2021-22,2,1,0
2021-22-player-255,2021-22,2,1,0
2021-22-player-196,2021-22,2,1,0
2021-22-player-419,2021-22,2,1,0
2021-22-player-484,2021-22,2,1,0
2021-22-player-337,2021-22,2,1,0
2021-22-player-177,2021-22,2,1,0
2021-22-player-423,2021-22,2,1,0
2021-22-player-254,2021-22,2,1,0
2021-22-player-363,2021-22,2,1,0
2021-22-player-33,2021-22,2,1,0
2021-22-player-529,2021-22,2,1,0
2021-22-player-210,2021-22,2,1,0
2021-22-player-63,2021-22,2,1,0
2021-22-player-413,2021-22,2,2,0
2021-22-player-289,2021-22,2,1,0
2021-22-player-341,2021-22,3,1,0
2021-22-player-250,2021-22,3,1,0
2021-22-player-517,2021-22,3,1,0
2021-22-player-233,2021-22,3,1,0
2021-22-player-144,2021-22,3,2,0
2021-22-player-296,2021-22,3,1,0
2021-22-player-484,2021-22,3,1,0
2021-22-player-263,2021-22,3,1,0
2021-22-player-177,2021-22,3,1,0
2021-22-player-266,2021-22,3,1,0
2021-22-player-189,2021-22,3,1,0
2021-22-player-202,2021-22,3,1,0
2021-22-player-205,2021-22,3,1,0
2021-22-player-43,2021-22,3,1,0
2021-22-player-423,2021-22,3,1,0
2021-22-player-307,2021-22,3,1,0
2021-22-player-109,2021-22,3,1,0
2021-22-player-315,2021-22,3,1,0
2021-22-player-78,2021-22,3,1,0
2021-22-player-359,2021-22,3,1,0
2021-22-player-413,2021-22,3,1,0
2021-22-player-268,2021-22,3,2,0
2021-22-player-141,2021-22,3,1,0
2021-22-player-289,2021-22,3,1,0
2021-22-player-277,2021-22,4,1,0
2021-22-player-276,2021-22,4,1,0
2021-22-player-64,2021-22,4,1,0
2021-22-player-230,2021-22,4,1,0
2021-22-player-583,2021-22,4,1,0
2021-22-player-232,2021-22,4,1,0
2021-22-player-579,2021-22,4,2,0
2021-22-player-233,2021-22,4,1,0
2021-22-player-154,2021-22,4,1,0
2021-22-player-106,2021-22,4,1,0
2021-22-player-125,2021-22,4,1,0
2021-22-player-484,2021-22,4,1,0
2021-22-player-482,2021-22,4,1,0
2021-22-player-4,2021-22,4,1,0
2021-22-player-586,2021-22,4,2,0
2021-22-player-529,2021-22,4,2,0
2021-22-player-261,2021-22,4,1,0
2021-22-player-302,2021-22,4,1,0
2021-22-player-169,2021-22,4,1,0
2021-22-player-276,2021-22,5,1,0
2021-22-player-450,2021-22,5,1,0
2021-22-player-230,2021-22,5,1,0
2021-22-player-579,2021-22,5,1,0
2021-22-player-233,2021-22,5,1,0
2021-22-player-196,2021-22,5,1,0
2021-22-player-419,2021-22,5,1,0
2021-22-player-127,2021-22,5,1,0
2021-22-player-399,2021-22,5,2,0
2021-22-player-96,2021-22,5,1,0
2021-22-player-205,2021-22,5,1,0
2021-22-player-44,2021-22,5,1,0
2021-22-player-307,2021-22,5,1,0
2021-22-player-315,2021-22,5,1,0
2021-22-player-78,2021-22,5,1,0
2021-22-player-239,2021-22,5,1,0
2021-22-player-63,2021-22,5,1,0
2021-22-player-447,2021-22,5,1,0
2021-22-player-558,2021-22,5,1,0
2021-22-player-492,2021-22,5,1,0
2021-22-player-121,2021-22,5,1,0
2021-22-player-130,2021-22,5,1,0
2021-22-player-240,2021-22,6,1,0
2021-22-player-36,2021-22,6,1,0
2021-22-player-578,2021-22,6,1,0
2021-22-player-430,2021-22,6,1,0
2021-22-player-309,2021-22,6,1,0
2021-22-player-22,2021-22,6,1,0
2021-22-player-524,2021-22,6,1,0
2021-22-player-233,2021-22,6,1,0
2021-22-player-154,2021-22,6,1,0
2021-22-player-196,2021-22,6,1,0
2021-22-player-399,2021-22,6,1,0
2021-22-player-263,2021-22,6,1,0
2021-22-player-91,2021-22,6,1,0
2021-22-player-84,2021-22,6,1,0
2021-22-player-173,2021-22,6,1,0
2021-22-player-205,2021-22,6,2,0
2021-22-player-482,2021-22,6,1,0
2021-22-player-4,2021-22,6,1,0
2021-22-player-21,2021-22,6,1,0
2021-22-player-359,2021-22,6,1,0
2021-22-player-63,2021-22,6,1,0
2021-22-player-413,2021-22,6,1,0
2021-22-player-244,2021-22,6,1,0
2021-22-player-341,2021-22,7,1,0
2021-22-player-155,2021-22,7,1,0
2021-22-player-230,2021-22,7,1,0
2021-22-player-527,2021-22,7,1,0
2021-22-player-135,2021-22,7,1,0
2021-22-player-583,2021-22,7,2,0
2021-22-player-524,2021-22,7,1,0
2021-22-player-190,2021-22,7,1,0
2021-22-player-251,2021-22,7,1,0
2021-22-player-233,2021-22,7,1,0
2021-22-player-420,2021-22,7,1,0
2021-22-player-278,2021-22,7,1,0
2021-22-player-40,2021-22,7,1,0
2021-22-player-96,2021-22,7,1,0
2021-22-player-205,2021-22,7,1,0
2021-22-player-482,2021-22,7,1,0
2021-22-player-213,2021-22,7,1,0
2021-22-player-365,2021-22,7,1,0
2021-22-player-134,2021-22,7,1,0
2021-22-player-464,2021-22,7,1,0
2021-22-player-297,2021-22,7,1,0
2021-22-player-265,2021-22,7,1,0
2021-22-player-518,2021-22,8,1,0
2021-22-player-230,2021-22,8,1,0
2021-22-player-135,2021-22,8,1,0
2021-22-player-281,2021-22,8,1,0
2021-22-player-35,2021-22,8,1,0
2021-22-player-6,2021-22,8,1,0
2021-22-player-251,2021-22,8,1,0
2021-22-player-233,2021-22,8,1,0
2021-22-player-436,2021-22,8,1,0
2021-22-player-296,2021-22,8,1,0
2021-22-player-455,2021-22,8,1,0
2021-22-player-217,2021-22,8,1,0
2021-22-player-337,2021-22,8,1,0
2021-22-player-205,2021-22,8,1,0
2021-22-player-4,2021-22,8,1,0
2021-22-player-149,2021-22,8,1,0
2021-22-player-431,2021-22,8,1,0
2021-22-player-228,2021-22,8,3,0
2021-22-player-586,2021-22,8,1,0
2021-22-player-261,2021-22,8,1,0
2021-22-player-429,2021-22,8,1,0
2021-22-player-210,2021-22,8,1,0
2021-22-player-375,2021-22,8,1,0
2021-22-player-359,2021-22,8,1,0
2021-22-player-409,2021-22,8,1,0
2021-22-player-357,2021-22,8,1,0
2021-22-player-289,2021-22,8,1,0
2021-22-player-74,2021-22,9,1,0
2021-22-player-468,2021-22,9,3,0
2021-22-player-180,2021-22,9,1,0
2021-22-player-240,2021-22,9,1,0
2021-22-player-250,2021-22,9,1,0
2021-22-player-518,2021-22,9,1,0
2021-22-player-495,2021-22,9,1,0
2021-22-player-142,2021-22,9,1,0
2021-22-player-15,2021-22,9,1,0
2021-22-player-578,2021-22,9,2,0
2021-22-player-450,2021-22,9,1,0
2021-22-player-135,2021-22,9,1,0
2021-22-player-583,2021-22,9,1,0
2021-22-player-138,2021-22,9,3,0
2021-22-player-233,2021-22,9,3,0
2021-22-player-176,2021-22,9,1,0
2021-22-player-187,2021-22,9,1,0
2021-22-player-296,2021-22,9,1,0
2021-22-player-4,2021-22,9,1,0
2021-22-player-21,2021-22,9,1,0
2021-22-player-149,2021-22,9,1,0
2021-22-player-254,2021-22,9,1,0
2021-22-player-491,2021-22,9,1,0
2021-22-player-140,2021-22,9,1,0
2021-22-player-212,2021-22,9,1,0
2021-22-player-239,2021-22,9,1,0
2021-22-player-594,2021-22,9,1,0
2021-22-player-210,2021-22,9,1,0
2021-22-player-51,2021-22,9,1,0
2021-22-player-413,2021-22,9,1,0
2021-22-player-265,2021-22,9,2,0
2021-22-player-123,2021-22,10,1,0
2021-22-player-421,2021-22,10,1,0
2021-22-player-142,2021-22,10,2,0
2021-22-player-578,2021-22,10,1,0
2021-22-player-430,2021-22,10,1,0
2021-22-player-64,2021-22,10,1,0
2021-22-player-230,2021-22,10,1,0
2021-22-player-462,2021-22,10,1,0
2021-22-player-345,2021-22,10,1,0
2021-22-player-281,2021-22,10,1,0
2021-22-player-579,2021-22,10,1,0
2021-22-player-154,2021-22,10,1,0
2021-22-player-174,2021-22,10,1,0
2021-22-player-420,2021-22,10,1,0
2021-22-player-196,2021-22,10,1,0
2021-22-player-144,2021-22,10,1,0
2021-22-player-187,2021-22,10,1,0
2021-22-player-40,2021-22,10,1,0
2021-22-player-423,2021-22,10,1,0
2021-22-player-425,2021-22,10,1,0
2021-22-player-21,2021-22,10,1,0
2021-22-player-109,2021-22,10,1,0
2021-22-player-439,2021-22,10,1,0
2021-22-player-269,2021-22,10,1,0
2021-22-player-110,2021-22,10,1,0
2021-22-player-85,2021-22,10,1,0
2021-22-player-23,2021-22,10,1,0
2021-22-player-222,2021-22,10,1,0
2021-22-player-331,2021-22,10,1,0
2021-22-player-64,2021-22,11,1,0
2021-22-player-235,2021-22,11,1,0
2021-22-player-154,2021-22,11,1,0
2021-22-player-111,2021-22,11,1,0
2021-22-player-196,2021-22,11,1,0
2021-22-player-144,2021-22,11,1,0
2021-22-player-83,2021-22,11,1,0
2021-22-player-423,2021-22,11,1,0
2021-22-player-525,2021-22,11,1,0
2021-22-player-21,2021-22,11,1,0
2021-22-player-581,2021-22,11,1,0
2021-22-player-315,2021-22,11,1,0
2021-22-player-306,2021-22,11,1,0
2021-22-player-237,2021-22,11,1,0
2021-22-player-261,2021-22,11,1,0
2021-22-player-215,2021-22,11,1,0
2021-22-player-141,2021-22,11,1,0
2021-22-player-128,2021-22,11,1,0
2021-22-player-468,2021-22,12,1,0
2021-22-player-240,2021-22,12,1,0
2021-22-player-38,2021-22,12,1,0
2021-22-player-578,2021-22,12,1,0
2021-22-player-430,2021-22,12,1,0
2021-22-player-450,2021-22,12,1,0
2021-22-player-230,2021-22,12,1,0
2021-22-player-345,2021-22,12,1,0
2021-22-player-236,2021-22,12,1,0
2021-22-player-282,2021-22,12,1,0
2021-22-player-233,2021-22,12,1,0
2021-22-player-255,2021-22,12,1,0
2021-22-player-106,2021-22,12,1,0
2021-22-player-477,2021-22,12,1,0
2021-22-player-83,2021-22,12,1,0
2021-22-player-127,2021-22,12,1,0
2021-22-player-299,2021-22,12,1,0
2021-22-player-399,2021-22,12,1,0
2021-22-player-319,2021-22,12,1,0
2021-22-player-137,2021-22,12,1,0
2021-22-player-40,2021-22,12,1,0
2021-22-player-266,2021-22,12,1,0
2021-22-player-307,2021-22,12,1,0
2021-22-player-310,2021-22,12,1,0
2021-22-player-149,2021-22,12,2,0
2021-22-player-109,2021-22,12,1,0
2021-22-player-315,2021-22,12,1,0
2021-22-player-287,2021-22,12,1,0
2021-22-player-78,2021-22,12,1,0
2021-22-player-365,2021-22,12,1,0
2021-22-player-261,2021-22,12,1,0
2021-22-player-370,2021-22,12,1,0
2021-22-player-404,2021-22,12,1,0
2021-22-player-130,2021-22,12,1,0
2021-22-player-468,2021-22,13,1,0
2021-22-player-39,2021-22,13,1,0
2021-22-player-123,2021-22,13,1,0
2021-22-player-240,2021-22,13,2,0
2021-22-player-250,2021-22,13,1,0
2021-22-player-453,2021-22,13,1,0
2021-22-player-450,2021-22,13,1,0
2021-22-player-35,2021-22,13,1,0
2021-22-player-22,2021-22,13,1,0
2021-22-player-477,2021-22,13,1,0
2021-22-player-416,2021-22,13,1,0
2021-22-player-229,2021-22,13,1,0
2021-22-player-587,2021-22,13,1,0
2021-22-player-205,2021-22,13,2,0
2021-22-player-78,2021-22,13,1,0
2021-22-player-212,2021-22,13,1,0
2021-22-player-26,2021-22,13,1,0
2021-22-player-225,2021-22,13,1,0
2021-22-player-485,2021-22,13,1,0
2021-22-player-277,2021-22,14,1,0
2021-22-player-240,2021-22,14,1,0
2021-22-player-450,2021-22,14,1,0
2021-22-player-345,2021-22,14,1,0
2021-22-player-343,2021-22,14,1,0
2021-22-player-138,2021-22,14,1,0
2021-22-player-579,2021-22,14,2,0
2021-22-player-233,2021-22,14,2,0
2021-22-player-196,2021-22,14,1,0
2021-22-player-296,2021-22,14,1,0
2021-22-player-484,2021-22,14,1,0
2021-22-player-40,2021-22,14,1,0
2021-22-player-131,2021-22,14,1,0
2021-22-player-21,2021-22,14,1,0
2021-22-player-315,2021-22,14,1,0
2021-22-player-212,2021-22,14,1,0
2021-22-player-262,2021-22,14,1,0
2021-22-player-261,2021-22,14,1,0
2021-22-player-222,2021-22,14,1,0
2021-22-player-359,2021-22,14,1,0
2021-22-player-63,2021-22,14,1,0
2021-22-player-422,2021-22,14,1,0
2021-22-player-201,2021-22,14,1,0
2021-22-player-558,2021-22,14,1,0
2021-22-player-180,2021-22,15,1,0
2021-22-player-518,2021-22,15,1,0
2021-22-player-417,2021-22,15,1,0
2021-22-player-138,2021-22,15,1,0
2021-22-player-235,2021-22,15,1,0
2021-22-player-255,2021-22,15,1,0
2021-22-player-420,2021-22,15,1,0
2021-22-player-416,2021-22,15,1,0
2021-22-player-296,2021-22,15,1,0
2021-22-player-484,2021-22,15,1,0
2021-22-player-81,2021-22,15,1,0
2021-22-player-499,2021-22,15,1,0
2021-22-player-367,2021-22,15,1,0
2021-22-player-189,2021-22,15,1,0
2021-22-player-362,2021-22,15,1,0
2021-22-player-193,2021-22,15,1,0
2021-22-player-261,2021-22,15,2,0
2021-22-player-45,2021-22,15,2,0
2021-22-player-359,2021-22,15,1,0
2021-22-player-215,2021-22,15,1,0
2021-22-player-274,2021-22,15,1,0
2021-22-player-63,2021-22,15,1,0
2021-22-player-472,2021-22,15,1,0
2021-22-player-558,2021-22,15,1,0
2021-22-player-121,2021-22,15,1,0
2021-22-player-123,2021-22,16,2,0
2021-22-player-450,2021-22,16,1,0
2021-22-player-76,2021-22,16,1,0
2021-22-player-138,2021-22,16,1,0
2021-22-player-579,2021-22,16,1,0
2021-22-player-6,2021-22,16,1,0
2021-22-player-233,2021-22,16,1,0
2021-22-player-255,2021-22,16,1,0
2021-22-player-577,2021-22,16,1,0
2021-22-player-196,2021-22,16,1,0
2021-22-player-144,2021-22,16,2,0
2021-22-player-455,2021-22,16,1,0
2021-22-player-96,2021-22,16,1,0
2021-22-player-591,2021-22,16,1,0
2021-22-player-212,2021-22,16,1,0
2021-22-player-210,2021-22,16,2,0
2021-22-player-23,2021-22,16,1,0
2021-22-player-147,2021-22,16,1,0
2021-22-player-558,2021-22,16,1,0
2021-22-player-341,2021-22,17,1,0
2021-22-player-240,2021-22,17,1,0
2021-22-player-518,2021-22,17,1,0
2021-22-player-138,2021-22,17,1,0
2021-22-player-251,2021-22,17,2,0
2021-22-player-233,2021-22,17,1,0
2021-22-player-154,2021-22,17,1,0
2021-22-player-252,2021-22,17,1,0
2021-22-player-40,2021-22,17,1,0
2021-22-player-291,2021-22,17,1,0
2021-22-player-544,2021-22,17,1,0
2021-22-player-21,2021-22,17,1,0
2021-22-player-254,2021-22,17,1,0
2021-22-player-431,2021-22,17,1,0
2021-22-player-153,2021-22,17,1,0
2021-22-player-237,2021-22,17,1,0
2021-22-player-33,2021-22,17,1,0
2021-22-player-26,2021-22,17,1,0
2021-22-player-51,2021-22,17,1,0
2021-22-player-258,2021-22,17,1,0
2021-22-player-265,2021-22,17,1,0
2021-22-player-240,2021-22,18,1,0
2021-22-player-234,2021-22,18,1,0
2021-22-player-22,2021-22,18,1,0
2021-22-player-256,2021-22,18,1,0
2021-22-player-255,2021-22,18,1,0
2021-22-player-196,2021-22,18,1,0
2021-22-player-21,2021-22,18,1,0
2021-22-player-254,2021-22,18,1,0
2021-22-player-262,2021-22,18,1,0
2021-22-player-26,2021-22,18,2,0
2021-22-player-359,2021-22,18,1,0
2021-22-player-357,2021-22,18,1,0
2021-22-player-341,2021-22,19,1,0
2021-22-player-123,2021-22,19,2,0
2021-22-player-250,2021-22,19,1,0
2021-22-player-64,2021-22,19,1,0
2021-22-player-22,2021-22,19,2,0
2021-22-player-343,2021-22,19,1,0
2021-22-player-259,2021-22,19,1,0
2021-22-player-517,2021-22,19,1,0
2021-22-player-6,2021-22,19,1,0
2021-22-player-251,2021-22,19,1,0
2021-22-player-255,2021-22,19,2,0
2021-22-player-419,2021-22,19,1,0
2021-22-player-587,2021-22,19,1,0
2021-22-player-307,2021-22,19,1,0
2021-22-player-21,2021-22,19,1,0
2021-22-player-254,2021-22,19,1,0
2021-22-player-362,2021-22,19,1,0
2021-22-player-213,2021-22,19,1,0
2021-22-player-16,2021-22,19,1,0
2021-22-player-212,2021-22,19,1,0
2021-22-player-269,2021-22,19,1,0
2021-22-player-529,2021-22,19,1,0
2021-22-player-359,2021-22,19,1,0
2021-22-player-357,2021-22,19,1,0
2021-22-player-63,2021-22,19,1,0
2021-22-player-413,2021-22,19,1,0
2021-22-player-341,2021-22,20,1,0
2021-22-player-155,2021-22,20,1,0
2021-22-player-450,2021-22,20,1,0
2021-22-player-579,2021-22,20,1,0
2021-22-player-159,2021-22,20,1,0
2021-22-player-419,2021-22,20,1,0
2021-22-player-285,2021-22,20,1,0
2021-22-player-582,2021-22,20,1,0
2021-22-player-575,2021-22,20,1,0
2021-22-player-587,2021-22,20,1,0
2021-22-player-406,2021-22,20,1,0
2021-22-player-586,2021-22,20,1,0
2021-22-player-529,2021-22,20,1,0
2021-22-player-357,2021-22,20,1,0
2021-22-player-447,2021-22,20,1,0
2021-22-player-422,2021-22,20,1,0
2021-22-player-265,2021-22,20,1,0
2021-22-player-89,2021-22,21,1,0
2021-22-player-287,2021-22,21,1,0
2021-22-player-426,2021-22,21,1,0
2021-22-player-74,2021-22,21,2,0
2021-22-player-420,2021-22,21,2,0
2021-22-player-518,2021-22,21,1,0
2021-22-player-188,2021-22,21,1,0
2021-22-player-367,2021-22,21,1,0
2021-22-player-230,2021-22,21,1,0
2021-22-player-22,2021-22,21,1,0
2021-22-player-413,2021-22,21,1,0
2021-22-player-524,2021-22,21,1,0
2021-22-player-586,2021-22,21,1,0
2021-22-player-503,2021-22,21,2,0
2021-22-player-464,2021-22,21,1,0
2021-22-player-125,2021-22,21,1,0
2021-22-player-84,2021-22,21,1,0
2021-22-player-345,2021-22,21,1,0
2021-22-player-416,2021-22,21,2,0
2021-22-player-343,2021-22,21,1,0
2021-22-player-233,2021-22,21,1,0
2021-22-player-337,2021-22,21,1,0
2021-22-player-578,2021-22,21,1,0
2021-22-player-137,2021-22,21,1,0
2021-22-player-266,2021-22,21,1,0
2021-22-player-254,2021-22,21,1,0
2021-22-player-58,2021-22,21,1,0
2021-22-player-267,2021-22,21,1,0
2021-22-player-51,2021-22,22,1,0
2021-22-player-681,2021-22,22,1,0
2021-22-player-289,2021-22,22,1,0
2021-22-player-420,2021-22,22,1,0
2021-22-player-236,2021-22,22,1,0
2021-22-player-329,2021-22,22,1,0
2021-22-player-277,2021-22,22,2,0
2021-22-player-180,2021-22,22,1,0
2021-22-player-227,2021-22,22,1,0
2021-22-player-212,2021-22,22,1,0
2021-22-player-251,2021-22,22,1,0
2021-22-player-281,2021-22,22,1,0
2021-22-player-144,2021-22,22,1,0
2021-22-player-455,2021-22,22,1,0
2021-22-player-78,2021-22,22,1,0
2021-22-player-232,2021-22,22,1,0
2021-22-player-369,2021-22,22,2,0
2021-22-player-430,2021-22,22,1,0
2021-22-player-404,2021-22,22,1,0
2021-22-player-423,2021-22,22,1,0
2021-22-player-429,2021-22,22,1,0
2021-22-player-512,2021-22,22,1,0
2021-22-player-435,2021-22,22,1,0
2021-22-player-307,2021-22,22,1,0
2021-22-player-341,2021-22,22,1,0
2021-22-player-131,2021-22,22,1,0
2021-22-player-267,2021-22,22,3,0
2021-22-player-357,2021-22,22,1,0
2021-22-player-61,2021-22,22,1,0
2021-22-player-281,2021-22,23,1,0
2021-22-player-232,2021-22,23,1,0
2021-22-player-426,2021-22,23,1,0
2021-22-player-259,2021-22,23,1,0
2021-22-player-342,2021-22,23,1,0
2021-22-player-436,2021-22,23,1,0
2021-22-player-229,2021-22,23,1,0
2021-22-player-455,2021-22,23,1,0
2021-22-player-131,2021-22,23,1,0
2021-22-player-43,2021-22,23,1,0
2021-22-player-291,2021-22,23,1,0
2021-22-player-516,2021-22,23,2,0
2021-22-player-78,2021-22,23,1,0
2021-22-player-586,2021-22,23,1,0
2021-22-player-447,2021-22,23,1,0
2021-22-player-227,2021-22,23,1,0
2021-22-player-121,2021-22,23,1,0
2021-22-player-240,2021-22,24,2,0
2021-22-player-518,2021-22,24,1,0
2021-22-player-298,2021-22,24,1,0
2021-22-player-272,2021-22,24,1,0
2021-22-player-345,2021-22,24,1,0
2021-22-player-517,2021-22,24,1,0
2021-22-player-190,2021-22,24,1,0
2021-22-player-251,2021-22,24,1,0
2021-22-player-154,2021-22,24,1,0
2021-22-player-420,2021-22,24,1,0
2021-22-player-681,2021-22,24,1,0
2021-22-player-678,2021-22,24,1,0
2021-22-player-254,2021-22,24,1,0
2021-22-player-104,2021-22,24,1,0
2021-22-player-315,2021-22,24,1,0
2021-22-player-287,2021-22,24,2,0
2021-22-player-23,2021-22,24,1,0
2021-22-player-359,2021-22,24,1,0
2021-22-player-51,2021-22,24,2,0
2021-22-player-277,2021-22,25,1,0
2021-22-player-430,2021-22,25,1,0
2021-22-player-345,2021-22,25,1,0
2021-22-player-434,2021-22,25,1,0
2021-22-player-232,2021-22,25,1,0
2021-22-player-579,2021-22,25,1,0
2021-22-player-255,2021-22,25,3,0
2021-22-player-420,2021-22,25,1,0
2021-22-player-678,2021-22,25,1,0
2021-22-player-503,2021-22,25,1,0
2021-22-player-61,2021-22,25,1,0
2021-22-player-207,2021-22,25,1,0
2021-22-player-210,2021-22,25,1,0
2021-22-player-165,2021-22,25,1,0
2021-22-player-63,2021-22,25,1,0
2021-22-player-169,2021-22,25,1,0
2021-22-player-265,2021-22,25,1,0
2021-22-player-414,2021-22,25,1,0
2021-22-player-485,2021-22,25,1,0
2021-22-player-277,2021-22,26,1,0
2021-22-player-250,2021-22,26,1,0
2021-22-player-450,2021-22,26,1,0
2021-22-player-77,2021-22,26,1,0
2021-22-player-230,2021-22,26,3,0
2021-22-player-583,2021-22,26,1,0
2021-22-player-22,2021-22,26,1,0
2021-22-player-701,2021-22,26,1,0
2021-22-player-700,2021-22,26,1,0
2021-22-player-159,2021-22,26,1,0
2021-22-player-233,2021-22,26,3,0
2021-22-player-154,2021-22,26,2,0
2021-22-player-106,2021-22,26,1,0
2021-22-player-354,2021-22,26,1,0
2021-22-player-196,2021-22,26,1,0
2021-22-player-436,2021-22,26,1,0
2021-22-player-144,2021-22,26,1,0
2021-22-player-187,2021-22,26,1,0
2021-22-player-224,2021-22,26,1,0
2021-22-player-229,2021-22,26,1,0
2021-22-player-339,2021-22,26,1,0
2021-22-player-696,2021-22,26,1,0
2021-22-player-575,2021-22,26,1,0
2021-22-player-587,2021-22,26,1,0
2021-22-player-131,2021-22,26,1,0
2021-22-player-449,2021-22,26,1,0
2021-22-player-21,2021-22,26,1,0
2021-22-player-254,2021-22,26,1,0
2021-22-player-273,2021-22,26,1,0
2021-22-player-519,2021-22,26,1,0
2021-22-player-19,2021-22,26,1,0
2021-22-player-357,2021-22,26,2,0
2021-22-player-115,2021-22,26,1,0
2021-22-player-274,2021-22,26,1,0
2021-22-player-17,2021-22,26,1,0
2021-22-player-512,2021-22,26,1,0
2021-22-player-414,2021-22,26,1,0
2021-22-player-438,2021-22,26,1,0
2021-22-player-310,2021-22,27,1,0
2021-22-player-701,2021-22,27,1,0
2021-22-player-40,2021-22,27,1,0
2021-22-player-155,2021-22,27,1,0
2021-22-player-44,2021-22,27,1,0
2021-22-player-212,2021-22,27,1,0
2021-22-player-205,2021-22,27,1,0
2021-22-player-359,2021-22,27,1,0
2021-22-player-345,2021-22,27,1,0
2021-22-player-19,2021-22,27,1,0
2021-22-player-360,2021-22,27,1,0
2021-22-player-422,2021-22,27,1,0
2021-22-player-335,2021-22,27,1,0
2021-22-player-357,2021-22,27,1,0
2021-22-player-265,2021-22,27,1,0
2021-22-player-142,2021-22,28,1,0
2021-22-player-430,2021-22,28,1,0
2021-22-player-298,2021-22,28,1,0
2021-22-player-230,2021-22,28,1,0
2021-22-player-527,2021-22,28,1,0
2021-22-player-305,2021-22,28,1,0
2021-22-player-22,2021-22,28,1,0
2021-22-player-138,2021-22,28,1,0
2021-22-player-159,2021-22,28,1,0
2021-22-player-251,2021-22,28,2,0
2021-22-player-154,2021-22,28,1,0
2021-22-player-354,2021-22,28,1,0
2021-22-player-681,2021-22,28,2,0
2021-22-player-436,2021-22,28,1,0
2021-22-player-697,2021-22,28,1,0
2021-22-player-50,2021-22,28,1,0
2021-22-player-339,2021-22,28,1,0
2021-22-player-137,2021-22,28,1,0
2021-22-player-337,2021-22,28,1,0
2021-22-player-40,2021-22,28,1,0
2021-22-player-44,2021-22,28,1,0
2021-22-player-254,2021-22,28,2,0
2021-22-player-109,2021-22,28,1,0
2021-22-player-315,2021-22,28,2,0
2021-22-player-78,2021-22,28,3,0
2021-22-player-59,2021-22,28,1,0
2021-22-player-10,2021-22,28,1,0
2021-22-player-26,2021-22,28,1,0
2021-22-player-359,2021-22,28,1,0
2021-22-player-357,2021-22,28,2,0
2021-22-player-215,2021-22,28,1,0
2021-22-player-370,2021-22,28,1,0
2021-22-player-472,2021-22,28,1,0
2021-22-player-141,2021-22,28,3,0
2021-22-player-558,2021-22,28,1,0
2021-22-player-438,2021-22,28,1,0
2021-22-player-485,2021-22,28,1,0
2021-22-player-240,2021-22,29,1,0
2021-22-player-15,2021-22,29,1,0
2021-22-player-318,2021-22,29,1,0
2021-22-player-412,2021-22,29,1,0
2021-22-player-579,2021-22,29,3,0
2021-22-player-517,2021-22,29,1,0
2021-22-player-6,2021-22,29,1,0
2021-22-player-233,2021-22,29,1,0
2021-22-player-174,2021-22,29,1,0
2021-22-player-577,2021-22,29,1,0
2021-22-player-187,2021-22,29,1,0
2021-22-player-494,2021-22,29,1,0
2021-22-player-696,2021-22,29,1,0
2021-22-player-423,2021-22,29,1,0
2021-22-player-228,2021-22,29,1,0
2021-22-player-78,2021-22,29,2,0
2021-22-player-429,2021-22,29,1,0
2021-22-player-51,2021-22,29,1,0
2021-22-player-357,2021-22,29,2,0
2021-22-player-472,2021-22,29,2,0
2021-22-player-141,2021-22,29,1,0
2021-22-player-22,2021-22,30,1,0
2021-22-player-524,2021-22,30,1,0
2021-22-player-461,2021-22,30,1,0
2021-22-player-187,2021-22,30,1,0
2021-22-player-419,2021-22,30,1,0
2021-22-player-212,2021-22,30,1,0
2021-22-player-433,2021-22,30,1,0
2021-22-player-359,2021-22,30,2,0
2021-22-player-209,2021-22,30,1,0
2021-22-player-267,2021-22,30,1,0
2021-22-player-185,2021-22,30,1,0
2021-22-player-178,2021-22,31,1,0
2021-22-player-420,2021-22,31,1,0
2021-22-player-364,2021-22,31,1,0
2021-22-player-433,2021-22,31,1,0
2021-22-player-305,2021-22,31,1,0
2021-22-player-159,2021-22,31,1,0
2021-22-player-40,2021-22,31,1,0
2021-22-player-524,2021-22,31,1,0
2021-22-player-180,2021-22,31,2,0
2021-22-player-251,2021-22,31,1,0
2021-22-player-153,2021-22,31,1,0
2021-22-player-84,2021-22,31,2,0
2021-22-player-240,2021-22,31,1,0
2021-22-player-699,2021-22,31,1,0
2021-22-player-274,2021-22,31,1,0
2021-22-player-359,2021-22,31,1,0
2021-22-player-451,2021-22,31,1,0
2021-22-player-232,2021-22,31,1,0
2021-22-player-369,2021-22,31,1,0
2021-22-player-250,2021-22,31,1,0
2021-22-player-360,2021-22,31,1,0
2021-22-player-411,2021-22,31,1,0
2021-22-player-578,2021-22,31,1,0
2021-22-player-213,2021-22,31,1,0
2021-22-player-154,2021-22,31,1,0
2021-22-player-127,2021-22,31,1,0
2021-22-player-341,2021-22,31,1,0
2021-22-player-588,2021-22,31,1,0
2021-22-player-104,2021-22,31,1,0
2021-22-player-267,2021-22,31,1,0
2021-22-player-196,2021-22,32,1,0
2021-22-player-462,2021-22,32,1,0
2021-22-player-187,2021-22,32,1,0
2021-22-player-701,2021-22,32,1,0
2021-22-player-230,2021-22,32,1,0
2021-22-player-138,2021-22,32,2,0
2021-22-player-471,2021-22,32,1,0
2021-22-player-503,2021-22,32,1,0
2021-22-player-251,2021-22,32,1,0
2021-22-player-240,2021-22,32,1,0
2021-22-player-315,2021-22,32,1,0
2021-22-player-558,2021-22,32,1,0
2021-22-player-78,2021-22,32,1,0
2021-22-player-359,2021-22,32,3,0
2021-22-player-134,2021-22,32,2,0
2021-22-player-109,2021-22,32,1,0
2021-22-player-122,2021-22,32,1,0
2021-22-player-587,2021-22,32,1,0
2021-22-player-96,2021-22,32,1,0
2021-22-player-263,2021-22,32,1,0
2021-22-player-505,2021-22,32,1,0
2021-22-player-154,2021-22,32,1,0
2021-22-player-64,2021-22,32,1,0
2021-22-player-267,2021-22,32,1,0
2021-22-player-141,2021-22,32,1,0
2021-22-player-700,2021-22,33,1,0
2021-22-player-76,2021-22,33,1,0
2021-22-player-261,2021-22,33,1,0
2021-22-player-21,2021-22,33,1,0
2021-22-player-77,2021-22,33,1,0
2021-22-player-450,2021-22,33,1,0
2021-22-player-308,2021-22,33,1,0
2021-22-player-230,2021-22,33,1,0
2021-22-player-22,2021-22,33,1,0
2021-22-player-215,2021-22,33,1,0
2021-22-player-180,2021-22,33,1,0
2021-22-player-119,2021-22,33,1,0
2021-22-player-579,2021-22,33,3,0
2021-22-player-696,2021-22,33,1,0
2021-22-player-315,2021-22,33,1,0
2021-22-player-697,2021-22,33,2,0
2021-22-player-451,2021-22,33,1,0
2021-22-player-134,2021-22,33,1,0
2021-22-player-20,2021-22,33,2,0
2021-22-player-323,2021-22,33,1,0
2021-22-player-587,2021-22,33,1,0
2021-22-player-343,2021-22,33,1,0
2021-22-player-233,2021-22,33,2,0
2021-22-player-422,2021-22,33,1,0
2021-22-player-254,2021-22,33,1,0
2021-22-player-64,2021-22,33,1,0
2021-22-player-585,2021-22,33,1,0
2021-22-player-265,2021-22,33,1,0
2021-22-player-310,2021-22,34,2,0
2021-22-player-235,2021-22,34,1,0
2021-22-player-466,2021-22,34,1,0
2021-22-player-22,2021-22,34,1,0
2021-22-player-234,2021-22,34,1,0
2021-22-player-579,2021-22,34,2,0
2021-22-player-7,2021-22,34,1,0
2021-22-player-697,2021-22,34,1,0
2021-22-player-447,2021-22,34,1,0
2021-22-player-122,2021-22,34,1,0
2021-22-player-263,2021-22,34,4,0
2021-22-player-676,2021-22,34,1,0
2021-22-player-111,2021-22,34,1,0
2021-22-player-137,2021-22,34,1,0
2021-22-player-266,2021-22,34,1,0
2021-22-player-341,2021-22,34,2,0
2021-22-player-70,2021-22,35,1,0
2021-22-player-258,2021-22,35,1,0
2021-22-player-74,2021-22,35,1,0
2021-22-player-420,2021-22,35,1,0
2021-22-player-160,2021-22,35,1,0
2021-22-player-40,2021-22,35,1,0
2021-22-player-277,2021-22,35,1,0
2021-22-player-180,2021-22,35,1,0
2021-22-player-579,2021-22,35,1,0
2021-22-player-239,2021-22,35,1,0
2021-22-player-359,2021-22,35,2,0
2021-22-player-101,2021-22,35,1,0
2021-22-player-14,2021-22,35,1,0
2021-22-player-23,2021-22,35,1,0
2021-22-player-453,2021-22,35,1,0
2021-22-player-115,2021-22,35,1,0
2021-22-player-263,2021-22,35,1,0
2021-22-player-337,2021-22,35,1,0
2021-22-player-213,2021-22,35,1,0
2021-22-player-154,2021-22,35,1,0
2021-22-player-266,2021-22,35,1,0
2021-22-player-335,2021-22,35,1,0
2021-22-player-64,2021-22,35,1,0
2021-22-player-555,2021-22,35,1,0
2021-22-player-357,2021-22,35,1,0
2021-22-player-578,2021-22,36,1,0
2021-22-player-64,2021-22,36,1,0
2021-22-player-230,2021-22,36,1,0
2021-22-player-20,2021-22,36,2,0
2021-22-player-434,2021-22,36,1,0
2021-22-player-55,2021-22,36,1,0
2021-22-player-76,2021-22,36,1,0
2021-22-player-259,2021-22,36,1,0
2021-22-player-138,2021-22,36,1,0
2021-22-player-524,2021-22,36,1,0
2021-22-player-190,2021-22,36,1,0
2021-22-player-251,2021-22,36,4,0
2021-22-player-255,2021-22,36,3,0
2021-22-player-154,2021-22,36,1,0
2021-22-player-461,2021-22,36,1,0
2021-22-player-416,2021-22,36,1,0
2021-22-player-224,2021-22,36,1,0
2021-22-player-419,2021-22,36,2,0
2021-22-player-50,2021-22,36,1,0
2021-22-player-455,2021-22,36,1,0
2021-22-player-675,2021-22,36,1,0
2021-22-player-137,2021-22,36,1,0
2021-22-player-337,2021-22,36,1,0
2021-22-player-696,2021-22,36,1,0
2021-22-player-40,2021-22,36,1,0
2021-22-player-266,2021-22,36,1,0
2021-22-player-205,2021-22,36,2,0
2021-22-player-43,2021-22,36,1,0
2021-22-player-538,2021-22,36,1,0
2021-22-player-178,2021-22,36,1,0
2021-22-player-584,2021-22,36,1,0
2021-22-player-212,2021-22,36,1,0
2021-22-player-483,2021-22,36,1,0
2021-22-player-529,2021-22,36,3,0
2021-22-player-429,2021-22,36,1,0
2021-22-player-359,2021-22,36,2,0
2021-22-player-357,2021-22,36,2,0
2021-22-player-413,2021-22,36,1,0
2021-22-player-265,2021-22,36,1,0
2021-22-player-105,2021-22,37,1,0
2021-22-player-122,2021-22,37,1,0
2021-22-player-153,2021-22,37,1,0
2021-22-player-155,2021-22,37,1,0
2021-22-player-159,2021-22,37,1,0
2021-22-player-169,2021-22,37,1,0
2021-22-player-177,2021-22,37,2,0
2021-22-player-180,2021-22,37,2,0
2021-22-player-198,2021-22,37,1,0
2021-22-player-205,2021-22,37,2,0
2021-22-player-212,2021-22,37,2,0
2021-22-player-215,2021-22,37,2,0
2021-22-player-224,2021-22,37,1,0
2021-22-player-236,2021-22,37,1,0
2021-22-player-315,2021-22,37,1,0
2021-22-player-33,2021-22,37,1,0
2021-22-player-336,2021-22,37,1,0
2021-22-player-357,2021-22,37,1,0
2021-22-player-40,2021-22,37,1,0
2021-22-player-404,2021-22,37,1,0
2021-22-player-420,2021-22,37,2,0
2021-22-player-43,2021-22,37,1,0
2021-22-player-447,2021-22,37,1,0
2021-22-player-470,2021-22,37,1,0
2021-22-player-524,2021-22,37,1,0
2021-22-player-697,2021-22,37,1,0
2021-22-player-83,2021-22,37,1,0
2021-22-player-341,2021-22,38,1,0
2021-22-player-250,2021-22,38,2,0
2021-22-player-578,2021-22,38,1,0
2021-22-player-230,2021-22,38,1,0
2021-22-player-20,2021-22,38,1,0
2021-22-player-234,2021-22,38,1,0
2021-22-player-55,2021-22,38,1,0
2021-22-player-5,2021-22,38,1,0
2021-22-player-701,2021-22,38,2,0
2021-22-player-282,2021-22,38,1,0
2021-22-player-233,2021-22,38,1,0
2021-22-player-154,2021-22,38,1,0
2021-22-player-196,2021-22,38,1,0
2021-22-player-681,2021-22,38,1,0
2021-22-player-296,2021-22,38,2,0
2021-22-player-378,2021-22,38,1,0
2021-22-player-81,2021-22,38,1,0
2021-22-player-441,2021-22,38,1,0
2021-22-player-266,2021-22,38,1,0
2021-22-player-205,2021-22,38,1,0
2021-22-player-44,2021-22,38,1,0
2021-22-player-62,2021-22,38,1,0
2021-22-player-124,2021-22,38,1,0
2021-22-player-212,2021-22,38,1,0
2021-22-player-23,2021-22,38,1,0
2021-22-player-26,2021-22,38,1,0
2021-22-player-359,2021-22,38,2,0
2021-22-player-357,2021-22,38,1,0
2021-22-player-267,2021-22,38,1,0
2021-22-player-211,2021-22,38,2,0
2021-22-player-447,2021-22,38,1,0
2021-22-player-413,2021-22,38,1,0
2021-22-player-141,2021-22,38,1,0
2021-22-player-558,2021-22,38,1,0
2021-22-team-1,2021-22,1,0,2
2021-22-team-13,2021-22,1,0,1
2021-22-team-10,2021-22,1,0,5
2021-22-team-5,2021-22,1,0,2
2021-22-team-4,2021-22,1,0,1
2021-22-team-7,2021-22,1,0,3
2021-22-team-8,2021-22,1,0,1
2021-22-team-16,2021-22,1,0,3
2021-22-team-20,2021-22,1,0,1
2021-22-team-18,2021-22,1,0,2
2021-22-team-2,2021-22,1,0,3
2021-22-team-15,2021-22,1,0,3
2021-22-team-14,2021-22,1,0,4
2021-22-team-19,2021-22,1,0,2
2021-22-team-12,2021-22,1,0,1
2021-22-team-5,2021-22,2,0,2
2021-22-team-14,2021-22,2,0,2
2021-22-team-10,2021-22,2,0,2
2021-22-team-8,2021-22,2,0,2
2021-22-team-15,2021-22,2,0,5
2021-22-team-18,2021-22,2,0,2
2021-22-team-16,2021-22,2,0,1
2021-22-team-13,2021-22,2,0,1
2021-22-team-20,2021-22,2,0,1
2021-22-team-1,2021-22,2,0,2
2021-22-team-19,2021-22,2,0,1
2021-22-team-9,2021-22,2,0,4
2021-22-team-1,2021-22,3,0,5
2021-22-team-2,2021-22,3,0,1
2021-22-team-3,2021-22,3,0,1
2021-22-team-4,2021-22,3,0,2
2021-22-team-14,2021-22,3,0,2
2021-22-team-16,2021-22,3,0,2
2021-22-team-15,2021-22,3,0,2
2021-22-team-9,2021-22,3,0,1
2021-22-team-19,2021-22,3,0,2
2021-22-team-7,2021-22,3,0,2
2021-22-team-11,2021-22,3,0,1
2021-22-team-6,2021-22,3,0,1
2021-22-team-5,2021-22,3,0,1
2021-22-team-10,2021-22,3,0,1
2021-22-team-18,2021-22,3,0,1
2021-22-team-20,2021-22,3,0,1
2021-22-team-17,2021-22,4,0,3
2021-22-team-15,2021-22,4,0,1
2021-22-team-3,2021-22,4,0,1
2021-22-team-9,2021-22,4,0,1
2021-22-team-13,2021-22,4,0,1
2021-22-team-14,2021-22,4,0,4
2021-22-team-18,2021-22,4,0,2
2021-22-team-2,2021-22,4,0,3
2021-22-team-10,2021-22,4,0,3
2021-22-team-8,2021-22,4,0,1
2021-22-team-5,2021-22,4,0,3
2021-22-team-14,2021-22,5,0,1
2021-22-team-10,2021-22,5,0,1
2021-22-team-20,2021-22,5,0,2
2021-22-team-5,2021-22,5,0,1
2021-22-team-7,2021-22,5,0,3
2021-22-team-15,2021-22,5,0,3
2021-22-team-18,2021-22,5,0,1
2021-22-team-8,2021-22,5,0,3
2021-22-team-4,2021-22,5,0,1
2021-22-team-9,2021-22,5,0,2
2021-22-team-19,2021-22,5,0,2
2021-22-team-13,2021-22,5,0,1
2021-22-team-17,2021-22,5,0,3
2021-22-team-6,2021-22,6,0,1
2021-22-team-13,2021-22,6,0,1
2021-22-team-15,2021-22,6,0,2
2021-22-team-10,2021-22,6,0,2
2021-22-team-19,2021-22,6,0,1
2021-22-team-9,2021-22,6,0,2
2021-22-team-5,2021-22,6,0,2
2021-22-team-18,2021-22,6,0,1
2021-22-team-14,2021-22,6,0,1
2021-22-team-3,2021-22,6,0,3
2021-22-team-11,2021-22,6,0,3
2021-22-team-16,2021-22,6,0,1
2021-22-team-1,2021-22,6,0,1
2021-22-team-17,2021-22,6,0,3
2021-22-team-7,2021-22,6,0,1
2021-22-team-4,2021-22,6,0,1
2021-22-team-13,2021-22,7,0,1
2021-22-team-8,2021-22,7,0,1
2021-22-team-6,2021-22,7,0,1
2021-22-team-16,2021-22,7,0,3
2021-22-team-18,2021-22,7,0,1
2021-22-team-20,2021-22,7,0,1
2021-22-team-14,2021-22,7,0,2
2021-22-team-7,2021-22,7,0,2
2021-22-team-9,2021-22,7,0,2
2021-22-team-17,2021-22,7,0,1
2021-22-team-2,2021-22,7,0,2
2021-22-team-19,2021-22,7,0,2
2021-22-team-3,2021-22,7,0,1
2021-22-team-11,2021-22,7,0,2
2021-22-team-12,2021-22,7,0,2
2021-22-team-18,2021-22,8,0,5
2021-22-team-2,2021-22,8,0,3
2021-22-team-20,2021-22,8,0,2
2021-22-team-9,2021-22,8,0,2
2021-22-team-13,2021-22,8,0,4
2021-22-team-5,2021-22,8,0,2
2021-22-team-10,2021-22,8,0,1
2021-22-team-3,2021-22,8,0,1
2021-22-team-8,2021-22,8,0,1
2021-22-team-14,2021-22,8,0,3
2021-22-team-17,2021-22,8,0,2
2021-22-team-1,2021-22,8,0,2
2021-22-team-7,2021-22,8,0,2
2021-22-team-1,2021-22,9,0,1
2021-22-team-2,2021-22,9,0,3
2021-22-team-15,2021-22,9,0,7
2021-22-team-7,2021-22,9,0,1
2021-22-team-14,2021-22,9,0,1
2021-22-team-8,2021-22,9,0,5
2021-22-team-18,2021-22,9,0,2
2021-22-team-10,2021-22,9,0,1
2021-22-team-20,2021-22,9,0,1
2021-22-team-16,2021-22,9,0,2
2021-22-team-5,2021-22,9,0,2
2021-22-team-4,2021-22,9,0,4
2021-22-team-12,2021-22,9,0,1
2021-22-team-3,2021-22,9,0,2
2021-22-team-9,2021-22,9,0,1
2021-22-team-17,2021-22,9,0,1
2021-22-team-13,2021-22,9,0,5
2021-22-team-9,2021-22,10,0,2
2021-22-team-5,2021-22,10,0,1
2021-22-team-3,2021-22,10,0,3
2021-22-team-11,2021-22,10,0,2
2021-22-team-4,2021-22,10,0,2
2021-22-team-12,2021-22,10,0,2
2021-22-team-14,2021-22,10,0,3
2021-22-team-18,2021-22,10,0,1
2021-22-team-17,2021-22,10,0,3
2021-22-team-15,2021-22,10,0,2
2021-22-team-10,2021-22,10,0,1
2021-22-team-2,2021-22,10,0,4
2021-22-team-19,2021-22,10,0,1
2021-22-team-20,2021-22,10,0,1
2021-22-team-8,2021-22,10,0,2
2021-22-team-2,2021-22,11,0,1
2021-22-team-13,2021-22,11,0,2
2021-22-team-3,2021-22,11,0,2
2021-22-team-15,2021-22,11,0,1
2021-22-team-6,2021-22,11,0,1
2021-22-team-5,2021-22,11,0,1
2021-22-team-20,2021-22,11,0,2
2021-22-team-4,2021-22,11,0,1
2021-22-team-14,2021-22,11,0,1
2021-22-team-18,2021-22,11,0,1
2021-22-team-10,2021-22,11,0,1
2021-22-team-9,2021-22,11,0,1
2021-22-team-19,2021-22,11,0,2
2021-22-team-11,2021-22,11,0,3
2021-22-team-9,2021-22,12,0,3
2021-22-team-4,2021-22,12,0,2
2021-22-team-5,2021-22,12,0,3
2021-22-team-7,2021-22,12,0,3
2021-22-team-14,2021-22,12,0,3
2021-22-team-3,2021-22,12,0,3
2021-22-team-15,2021-22,12,0,1
2021-22-team-16,2021-22,12,0,2
2021-22-team-18,2021-22,12,0,1
2021-22-team-13,2021-22,12,0,4
2021-22-team-19,2021-22,12,0,1
2021-22-team-1,2021-22,12,0,4
2021-22-team-8,2021-22,12,0,3
2021-22-team-17,2021-22,12,0,1
2021-22-team-10,2021-22,12,0,2
2021-22-team-14,2021-22,13,0,2
2021-22-team-7,2021-22,13,0,2
2021-22-team-2,2021-22,13,0,1
2021-22-team-16,2021-22,13,0,4
2021-22-team-8,2021-22,13,0,1
2021-22-team-9,2021-22,13,0,2
2021-22-team-18,2021-22,13,0,4
2021-22-team-12,2021-22,13,0,1
2021-22-team-19,2021-22,13,0,2
2021-22-team-6,2021-22,13,0,1
2021-22-team-13,2021-22,13,0,1
2021-22-team-14,2021-22,14,0,1
2021-22-team-15,2021-22,14,0,1
2021-22-team-7,2021-22,14,0,1
2021-22-team-16,2021-22,14,0,2
2021-22-team-9,2021-22,14,0,2
2021-22-team-18,2021-22,14,0,2
2021-22-team-6,2021-22,14,0,1
2021-22-team-19,2021-22,14,0,1
2021-22-team-4,2021-22,14,0,1
2021-22-team-2,2021-22,14,0,2
2021-22-team-12,2021-22,14,0,1
2021-22-team-8,2021-22,14,0,4
2021-22-team-11,2021-22,14,0,1
2021-22-team-3,2021-22,14,0,2
2021-22-team-13,2021-22,14,0,2
2021-22-team-1,2021-22,14,0,3
2021-22-team-19,2021-22,15,0,2
2021-22-team-6,2021-22,15,0,3
2021-22-team-5,2021-22,15,0,1
2021-22-team-16,2021-22,15,0,1
2021-22-team-4,2021-22,15,0,1
2021-22-team-20,2021-22,15,0,1
2021-22-team-18,2021-22,15,0,3
2021-22-team-12,2021-22,15,0,1
2021-22-team-10,2021-22,15,0,2
2021-22-team-3,2021-22,15,0,2
2021-22-team-7,2021-22,15,0,1
2021-22-team-15,2021-22,15,0,3
2021-22-team-2,2021-22,15,0,1
2021-22-team-9,2021-22,15,0,2
2021-22-team-8,2021-22,15,0,1
2021-22-team-1,2021-22,15,0,2
2021-22-team-3,2021-22,16,0,1
2021-22-team-18,2021-22,16,0,2
2021-22-team-20,2021-22,16,0,1
2021-22-team-16,2021-22,16,0,3
2021-22-team-6,2021-22,16,0,2
2021-22-team-10,2021-22,16,0,3
2021-22-team-2,2021-22,16,0,1
2021-22-team-15,2021-22,16,0,1
2021-22-team-14,2021-22,16,0,4
2021-22-team-7,2021-22,16,0,1
2021-22-team-8,2021-22,16,0,3
2021-22-team-15,2021-22,17,0,2
2021-22-team-10,2021-22,17,0,7
2021-22-team-4,2021-22,17,0,1
2021-22-team-7,2021-22,17,0,2
2021-22-team-16,2021-22,17,0,2
2021-22-team-19,2021-22,17,0,2
2021-22-team-6,2021-22,17,0,1
2021-22-team-8,2021-22,17,0,1
2021-22-team-11,2021-22,17,0,1
2021-22-team-14,2021-22,17,0,3
2021-22-team-10,2021-22,18,0,4
2021-22-team-1,2021-22,18,0,1
2021-22-team-14,2021-22,18,0,4
2021-22-team-17,2021-22,18,0,2
2021-22-team-11,2021-22,18,0,2
2021-22-team-12,2021-22,19,0,3
2021-22-team-9,2021-22,19,0,6
2021-22-team-15,2021-22,19,0,5
2021-22-team-7,2021-22,19,0,3
2021-22-team-19,2021-22,19,0,3
2021-22-team-16,2021-22,19,0,2
2021-22-team-2,2021-22,19,0,3
2021-22-team-6,2021-22,19,0,1
2021-22-team-3,2021-22,19,0,2
2021-22-team-14,2021-22,19,0,1
2021-22-team-13,2021-22,19,0,1
2021-22-team-15,2021-22,20,0,3
2021-22-team-16,2021-22,20,0,1
2021-22-team-17,2021-22,20,0,1
2021-22-team-18,2021-22,20,0,4
2021-22-team-19,2021-22,20,0,1
2021-22-team-11,2021-22,20,0,1
2021-22-team-6,2021-22,20,0,1
2021-22-team-4,2021-22,20,0,1
2021-22-team-3,2021-22,20,0,1
2021-22-team-13,2021-22,20,0,1
2021-22-team-5,2021-22,20,0,3
2021-22-team-1,2021-22,21,0,2
2021-22-team-12,2021-22,21,0,1
2021-22-team-18,2021-22,21,0,1
2021-22-team-7,2021-22,21,0,3
2021-22-team-19,2021-22,21,0,2
2021-22-team-3,2021-22,21,0,5
2021-22-team-2,2021-22,21,0,2
2021-22-team-8,2021-22,21,0,3
2021-22-team-4,2021-22,21,0,2
2021-22-team-10,2021-22,21,0,1
2021-22-team-5,2021-22,21,0,3
2021-22-team-6,2021-22,21,0,2
2021-22-team-11,2021-22,21,0,2
2021-22-team-13,2021-22,21,0,1
2021-22-team-16,2021-22,21,0,1
2021-22-team-15,2021-22,21,0,2
2021-22-team-4,2021-22,22,0,2
2021-22-team-7,2021-22,22,0,1
2021-22-team-6,2021-22,22,0,2
2021-22-team-14,2021-22,22,0,1
2021-22-team-18,2021-22,22,0,1
2021-22-team-15,2021-22,22,0,1
2021-22-team-8,2021-22,22,0,2
2021-22-team-20,2021-22,22,0,1
2021-22-team-16,2021-22,22,0,3
2021-22-team-2,2021-22,22,0,2
2021-22-team-13,2021-22,22,0,3
2021-22-team-3,2021-22,22,0,6
2021-22-team-19,2021-22,22,0,3
2021-22-team-10,2021-22,22,0,2
2021-22-team-9,2021-22,22,0,3
2021-22-team-17,2021-22,22,0,2
2021-22-team-18,2021-22,23,0,3
2021-22-team-8,2021-22,23,0,1
2021-22-team-3,2021-22,23,0,2
2021-22-team-20,2021-22,23,0,1
2021-22-team-10,2021-22,23,0,1
2021-22-team-19,2021-22,23,0,1
2021-22-team-16,2021-22,23,0,1
2021-22-team-12,2021-22,23,0,1
2021-22-team-7,2021-22,23,0,3
2021-22-team-11,2021-22,23,0,1
2021-22-team-9,2021-22,23,0,1
2021-22-team-4,2021-22,23,0,1
2021-22-team-17,2021-22,23,0,2
2021-22-team-14,2021-22,24,0,1
2021-22-team-8,2021-22,24,0,3
2021-22-team-18,2021-22,24,0,1
2021-22-team-5,2021-22,24,0,1
2021-22-team-13,2021-22,24,0,1
2021-22-team-3,2021-22,24,0,2
2021-22-team-15,2021-22,24,0,1
2021-22-team-7,2021-22,24,0,1
2021-22-team-17,2021-22,24,0,3
2021-22-team-16,2021-22,24,0,2
2021-22-team-2,2021-22,24,0,3
2021-22-team-10,2021-22,24,0,3
2021-22-team-9,2021-22,24,0,2
2021-22-team-20,2021-22,24,0,1
2021-22-team-13,2021-22,25,0,1
2021-22-team-16,2021-22,25,0,1
2021-22-team-10,2021-22,25,0,3
2021-22-team-18,2021-22,25,0,2
2021-22-team-15,2021-22,25,0,4
2021-22-team-5,2021-22,25,0,1
2021-22-team-2,2021-22,25,0,1
2021-22-team-17,2021-22,25,0,2
2021-22-team-9,2021-22,25,0,2
2021-22-team-19,2021-22,25,0,2
2021-22-team-4,2021-22,25,0,2
2021-22-team-19,2021-22,26,0,1
2021-22-team-14,2021-22,26,0,1
2021-22-team-1,2021-22,26,0,2
2021-22-team-3,2021-22,26,0,2
2021-22-team-2,2021-22,26,0,1
2021-22-team-4,2021-22,26,0,3
2021-22-team-7,2021-22,26,0,2
2021-22-team-11,2021-22,26,0,1
2021-22-team-15,2021-22,26,0,3
2021-22-team-8,2021-22,26,0,2
2021-22-team-12,2021-22,26,0,3
2021-22-team-17,2021-22,26,0,3
2021-22-team-10,2021-22,26,0,10
2021-22-team-13,2021-22,26,0,2
2021-22-team-20,2021-22,26,0,3
2021-22-team-9,2021-22,26,0,2
2021-22-team-18,2021-22,26,0,4
2021-22-team-15,2021-22,27,0,2
2021-22-team-10,2021-22,27,0,4
2021-22-team-3,2021-22,27,0,2
2021-22-team-7,2021-22,27,0,1
2021-22-team-5,2021-22,27,0,3
2021-22-team-4,2021-22,27,0,2
2021-22-team-8,2021-22,27,0,1
2021-22-team-20,2021-22,27,0,1
2021-22-team-10,2021-22,28,0,4
2021-22-team-16,2021-22,28,0,6
2021-22-team-5,2021-22,28,0,4
2021-22-team-14,2021-22,28,0,2
2021-22-team-4,2021-22,28,0,2
2021-22-team-15,2021-22,28,0,6
2021-22-team-3,2021-22,28,0,1
2021-22-team-20,2021-22,28,0,2
2021-22-team-19,2021-22,28,0,1
2021-22-team-18,2021-22,28,0,7
2021-22-team-1,2021-22,28,0,2
2021-22-team-12,2021-22,28,0,1
2021-22-team-13,2021-22,28,0,4
2021-22-team-8,2021-22,28,0,5
2021-22-team-6,2021-22,28,0,1
2021-22-team-4,2021-22,29,0,4
2021-22-team-5,2021-22,29,0,2
2021-22-team-13,2021-22,29,0,2
2021-22-team-17,2021-22,29,0,3
2021-22-team-14,2021-22,29,0,2
2021-22-team-8,2021-22,29,0,1
2021-22-team-10,2021-22,29,0,1
2021-22-team-15,2021-22,29,0,2
2021-22-team-16,2021-22,29,0,2
2021-22-team-18,2021-22,29,0,1
2021-22-team-19,2021-22,29,0,1
2021-22-team-2,2021-22,29,0,2
2021-22-team-9,2021-22,29,0,2
2021-22-team-1,2021-22,29,0,2
2021-22-team-20,2021-22,30,0,3
2021-22-team-10,2021-22,30,0,2
2021-22-team-2,2021-22,30,0,1
2021-22-team-9,2021-22,30,0,1
2021-22-team-3,2021-22,30,0,2
2021-22-team-17,2021-22,30,0,1
2021-22-team-19,2021-22,30,0,3
2021-22-team-18,2021-22,31,0,2
2021-22-team-5,2021-22,31,0,4
2021-22-team-6,2021-22,31,0,4
2021-22-team-3,2021-22,31,0,1
2021-22-team-10,2021-22,31,0,1
2021-22-team-16,2021-22,31,0,1
2021-22-team-20,2021-22,31,0,1
2021-22-team-2,2021-22,31,0,2
2021-22-team-13,2021-22,31,0,1
2021-22-team-9,2021-22,31,0,1
2021-22-team-19,2021-22,31,0,1
2021-22-team-8,2021-22,31,0,5
2021-22-team-17,2021-22,31,0,1
2021-22-team-14,2021-22,31,0,5
2021-22-team-1,2021-22,31,0,3
2021-22-team-20,2021-22,32,0,1
2021-22-team-13,2021-22,32,0,1
2021-22-team-1,2021-22,32,0,2
2021-22-team-4,2021-22,32,0,1
2021-22-team-16,2021-22,32,0,6
2021-22-team-18,2021-22,32,0,3
2021-22-team-2,2021-22,32,0,4
2021-22-team-19,2021-22,32,0,2
2021-22-team-9,2021-22,32,0,1
2021-22-team-7,2021-22,32,0,2
2021-22-team-5,2021-22,32,0,2
2021-22-team-12,2021-22,32,0,2
2021-22-team-11,2021-22,32,0,2
2021-22-team-17,2021-22,33,0,1
2021-22-team-13,2021-22,33,0,6
2021-22-team-15,2021-22,33,0,3
2021-22-team-1,2021-22,33,0,3
2021-22-team-18,2021-22,33,0,2
2021-22-team-3,2021-22,33,0,1
2021-22-team-14,2021-22,33,0,1
2021-22-team-9,2021-22,33,0,3
2021-22-team-19,2021-22,33,0,1
2021-22-team-5,2021-22,33,0,1
2021-22-team-6,2021-22,33,0,4
2021-22-team-8,2021-22,33,0,1
2021-22-team-7,2021-22,33,0,1
2021-22-team-4,2021-22,33,0,3
2021-22-team-16,2021-22,33,0,2
2021-22-team-1,2021-22,34,0,1
2021-22-team-13,2021-22,34,0,4
2021-22-team-12,2021-22,34,0,1
2021-22-team-18,2021-22,34,0,5
2021-22-team-15,2021-22,34,0,3
2021-22-team-4,2021-22,34,0,2
2021-22-team-16,2021-22,34,0,2
2021-22-team-20,2021-22,34,0,1
2021-22-team-19,2021-22,34,0,1
2021-22-team-8,2021-22,34,0,2
2021-22-team-6,2021-22,34,0,1
2021-22-team-14,2021-22,35,0,1
2021-22-team-15,2021-22,35,0,2
2021-22-team-16,2021-22,35,0,2
2021-22-team-7,2021-22,35,0,1
2021-22-team-18,2021-22,35,0,2
2021-22-team-5,2021-22,35,0,1
2021-22-team-20,2021-22,35,0,3
2021-22-team-10,2021-22,35,0,4
2021-22-team-6,2021-22,35,0,1
2021-22-team-17,2021-22,35,0,1
2021-22-team-9,2021-22,35,0,3
2021-22-team-19,2021-22,35,0,2
2021-22-team-1,2021-22,35,0,1
2021-22-team-3,2021-22,35,0,3
2021-22-team-16,2021-22,36,0,3
2021-22-team-5,2021-22,36,0,3
2021-22-team-2,2021-22,36,0,3
2021-22-team-6,2021-22,36,0,2
2021-22-team-20,2021-22,36,0,7
2021-22-team-18,2021-22,36,0,1
2021-22-team-13,2021-22,36,0,4
2021-22-team-11,2021-22,36,0,2
2021-22-team-17,2021-22,36,0,1
2021-22-team-1,2021-22,36,0,4
2021-22-team-10,2021-22,36,0,5
2021-22-team-9,2021-22,36,0,2
2021-22-team-8,2021-22,36,0,1
2021-22-team-15,2021-22,36,0,7
2021-22-team-14,2021-22,36,0,5
2021-22-team-12,2021-22,36,0,1
2021-22-team-5,2021-22,37,0,2
2021-22-team-2,2021-22,37,0,2
2021-22-team-7,2021-22,37,0,4
2021-22-team-10,2021-22,37,0,1
2021-22-team-4,2021-22,37,0,1
2021-22-team-18,2021-22,37,0,5
2021-22-team-9,2021-22,37,0,2
2021-22-team-19,2021-22,37,0,2
2021-22-team-12,2021-22,37,0,2
2021-22-team-20,2021-22,37,0,1
2021-22-team-15,2021-22,37,0,1
2021-22-team-8,2021-22,37,0,5
2021-22-team-3,2021-22,37,0,2
2021-22-team-1,2021-22,37,0,2
2021-22-team-16,2021-22,37,0,2
2021-22-team-11,2021-22,37,0,1
2021-22-team-6,2021-22,37,0,1
2021-22-team-1,2021-22,38,0,1
2021-22-team-8,2021-22,38,0,5
2021-22-team-3,2021-22,38,0,2
2021-22-team-10,2021-22,38,0,1
2021-22-team-4,2021-22,38,0,1
2021-22-team-19,2021-22,38,0,3
2021-22-team-5,2021-22,38,0,2
2021-22-team-14,2021-22,38,0,1
2021-22-team-6,2021-22,38,0,1
2021-22-team-18,2021-22,38,0,2
2021-22-team-13,2021-22,38,0,1
2021-22-team-9,2021-22,38,0,1
2021-22-team-16,2021-22,38,0,4
2021-22-team-11,2021-22,38,0,1
2021-22-team-20,2021-22,38,0,3
2021-22-team-12,2021-22,38,0,2
2021-22-team-2,2021-22,38,0,3
2021-22-team-15,2021-22,38,0,5
2024-25-player-757,2024-25,9,1,0
