code,season,type,element_id,full_name,friendly_name,fpl_position,team_id,team_code,status,news,news_date,photo_url
2025-26-team-1,2025-26,team,1,Arsenal,Arsenal,,1,3,,,,https://resources.premierleague.com/premierleague/badges/t3.png
2025-26-team-2,2025-26,team,2,Aston Villa,Aston Villa,,2,7,,,,https://resources.premierleague.com/premierleague/badges/t7.png
2025-26-team-3,2025-26,team,3,Burnley,Burnley,,3,90,,,,https://resources.premierleague.com/premierleague/badges/t90.png
2025-26-team-4,2025-26,team,4,Bournemouth,Bournemouth,,4,91,,,,https://resources.premierleague.com/premierleague/badges/t91.png
2025-26-team-5,2025-26,team,5,Brentford,Brentford,,5,94,,,,https://resources.premierleague.com/premierleague/badges/t94.png
2025-26-team-6,2025-26,team,6,Brighton,Brighton,,6,36,,,,https://resources.premierleague.com/premierleague/badges/t36.png
2025-26-team-7,2025-26,team,7,Chelsea,Chelsea,,7,8,,,,https://resources.premierleague.com/premierleague/badges/t8.png
2025-26-team-8,2025-26,team,8,Crystal Palace,Crystal Palace,,8,31,,,,https://resources.premierleague.com/premierleague/badges/t31.png
2025-26-team-9,2025-26,team,9,Everton,Everton,,9,11,,,,https://resources.premierleague.com/premierleague/badges/t11.png
2025-26-team-10,2025-26,team,10,Fulham,Fulham,,10,54,,,,https://resources.premierleague.com/premierleague/badges/t54.png
2025-26-team-11,2025-26,team,11,Leeds,Leeds,,11,2,,,,https://resources.premierleague.com/premierleague/badges/t2.png
2025-26-team-12,2025-26,team,12,Liverpool,Liverpool,,12,14,,,,https://resources.premierleague.com/premierleague/badges/t14.png
2025-26-team-13,2025-26,team,13,Man City,Man City,,13,43,,,,https://resources.premierleague.com/premierleague/badges/t43.png
2025-26-team-14,2025-26,team,14,Man Utd,Man Utd,,14,1,,,,https://resources.premierleague.com/premierleague/badges/t1.png
2025-26-team-15,2025-26,team,15,Newcastle,Newcastle,,15,4,,,,https://resources.premierleague.com/premierleague/badges/t4.png
2025-26-team-16,2025-26,team,16,Nott'm Forest,Nott'm Forest,,16,17,,,,https://resources.premierleague.com/premierleague/badges/t17.png
2025-26-team-17,2025-26,team,17,Sunderland,Sunderland,,17,56,,,,https://resources.premierleague.com/premierleague/badges/t56.png
2025-26-team-18,2025-26,team,18,Spurs,Spurs,,18,6,,,,https://resources.premierleague.com/premierleague/badges/t6.png
2025-26-team-19,2025-26,team,19,West Ham,West Ham,,19,21,,,,https://resources.premierleague.com/premierleague/badges/t21.png
2025-26-team-20,2025-26,team,20,Wolves,Wolves,,20,39,,,,https://resources.premierleague.com/premierleague/badges/t39.png
2025-26-player-1,2025-26,player,1,David Raya Martín,Raya,GKP,1,3,A,,,https://resources.premierleague.com/premierleague25/photos/players/110x140/154561.png
2025-26-player-2,2025-26,player,2,Kepa Arrizabalaga Revuelta,Arrizabalaga,GKP,1,3,A,,,https://resources.premierleague.com/premierleague25/photos/players/110x140/109745.png
2025-26-player-3,2025-26,player,3,Karl Hein,Hein,GKP,1,3,U,Has joined Werder Bremen on loan for the rest of the season.,2025-08-26,https://resources.premierleague.com/premierleague25/photos/players/110x140/463748.png
2025-26-player-4,2025-26,player,4,Tommy Setford,Setford,GKP,1,3,A,,,https://resources.premierleague.com/premierleague25/photos/players/110x140/551221.png
2025-26-player-5,2025-26,player,5,Gabriel dos Santos Magalhães,Gabriel,DEF,1,3,A,,2026-03-24,https://resources.premierleague.com/premierleague25/photos/players/110x140/226597.png
2025-26-player-6,2025-26,player,6,William Saliba,Saliba,DEF,1,3,A,,2026-03-23,https://resources.premierleague.com/premierleague25/photos/players/110x140/462424.png
2025-26-player-7,2025-26,player,7,Riccardo Calafiori,Calafiori,DEF,1,3,A,,2026-05-11,https://resources.premierleague.com/premierleague25/photos/players/110x140/466075.png
2025-26-player-8,2025-26,player,8,Jurriën Timber,J.Timber,DEF,1,3,D,Lack of match fitness - 25% chance of playing,2026-03-23,https://resources.premierleague.com/premierleague25/photos/players/110x140/445122.png
2025-26-player-9,2025-26,player,9,Jakub Kiwior,Kiwior,DEF,1,3,U,has joined Porto on loan for the rest of the season.,2025-09-02,https://resources.premierleague.com/premierleague25/photos/players/110x140/440854.png
2025-26-player-10,2025-26,player,10,Myles Lewis-Skelly,Lewis-Skelly,DEF,1,3,A,,,https://resources.premierleague.com/premierleague25/photos/players/110x140/499169.png
2025-26-player-11,2025-26,player,11,Benjamin White,White,DEF,1,3,I,Knee injury - Expected back 24 May,2026-05-11,https://resources.premierleague.com/premierleague25/photos/players/110x140/198869.png
2025-26-player-13,2025-26,player,13,Brayden Clarke,Clarke,DEF,1,3,A,,,https://resources.premierleague.com/premierleague25/photos/players/110x140/563324.png
2025-26-player-14,2025-26,player,14,Maldini Kacurri,Kacurri,DEF,1,3,U,has joined Morecambe on loan for the rest of the season.,2025-09-22,https://resources.premierleague.com/premierleague25/photos/players/110x140/588793.png
2025-26-player-15,2025-26,player,15,Josh Nichols,Nichols,DEF,1,3,A,,,https://resources.premierleague.com/premierleague25/photos/players/110x140/499167.png
2025-26-player-16,2025-26,player,16,Bukayo Saka,Saka,MID,1,3,A,,2026-03-30,https://resources.premierleague.com/premierleague25/photos/players/110x140/223340.png
2025-26-player-17,2025-26,player,17,Martin Ødegaard,Ødegaard,MID,1,3,A,,2026-05-01,https://resources.premierleague.com/premierleague25/photos/players/110x140/184029.png
2025-26-player-18,2025-26,player,18,Noni Madueke,Madueke,MID,1,3,A,,2026-04-16,https://resources.premierleague.com/premierleague25/photos/players/110x140/248857.png
2025-26-player-19,2025-26,player,19,Gabriel Martinelli Silva,Martinelli,MID,1,3,A,,2025-12-24,https://resources.premierleague.com/premierleague25/photos/players/110x140/444145.png
2025-26-player-20,2025-26,player,20,Leandro Trossard,Trossard,MID,1,3,A,,2026-03-24,https://resources.premierleague.com/premierleague25/photos/players/110x140/116216.png
2025-26-player-21,2025-26,player,21,Declan Rice,Rice,MID,1,3,A,,2026-03-30,https://resources.premierleague.com/premierleague25/photos/players/110x140/204480.png
2025-26-player-22,2025-26,player,22,Mikel Merino Zazón,Merino,MID,1,3,D,Lack of match fitness - 75% chance of playing,2026-02-02,https://resources.premierleague.com/premierleague25/photos/players/110x140/195384.png
2025-26-player-23,2025-26,player,23,Fábio Ferreira Vieira,Fábio Vieira,MID,1,3,U,has joined Hamburger on loan for the rest of the season.,2025-09-02,https://resources.premierleague.com/premierleague25/photos/players/110x140/438098.png
2025-26-player-24,2025-26,player,24,Christian Nørgaard,Nørgaard,MID,1,3,A,,2025-08-18,https://resources.premierleague.com/premierleague25/photos/players/110x140/128295.png
2025-26-player-25,2025-26,player,25,Ethan Nwaneri,Nwaneri,MID,1,3,U,has joined Marseille on loan for the rest of the season.,2026-01-23,https://resources.premierleague.com/premierleague25/photos/players/110x140/499175.png
2025-26-player-26,2025-26,player,26,Martín Zubimendi Ibáñez,Zubimendi,MID,1,3,A,,2026-03-30,https://resources.premierleague.com/premierleague25/photos/players/110x140/481655.png
2025-26-player-28,2025-26,player,28,Ismeal Kabia,Kabia,MID,1,3,U,has joined Shrewsbury Town on loan for the rest of the season.,2025-09-02,https://resources.premierleague.com/premierleague25/photos/players/110x140/588796.png
2025-26-player-29,2025-26,player,29,Albert Sambi Lokonga,Sambi,MID,1,3,U,has joined Hamburger permanently.,2025-09-02,https://resources.premierleague.com/premierleague25/photos/players/110x140/437742.png
2025-26-player-30,2025-26,player,30,Kai Havertz,Havertz,FWD,1,3,A,,2026-04-25,https://resources.premierleague.com/premierleague25/photos/players/110x140/219847.png
2025-26-player-31,2025-26,player,31,Gabriel Fernando de Jesus,G.Jesus,FWD,1,3,A,,2025-07-21,https://resources.premierleague.com/premierleague25/photos/players/110x140/205651.png
2025-26-player-266,2025-26,player,266,Eberechi Eze,Eze,MID,1,3,A,,2026-04-25,https://resources.premierleague.com/premierleague25/photos/players/110x140/232413.png
2025-26-player-662,2025-26,player,662,Cristhian Mosquera,Mosquera,DEF,1,3,A,,2025-12-04,https://resources.premierleague.com/premierleague25/photos/players/110x140/500040.png
2025-26-player-666,2025-26,player,666,Viktor Gyökeres,Gyökeres,FWD,1,3,A,,2025-11-01,https://resources.premierleague.com/premierleague25/photos/players/110x140/224117.png
2025-26-player-700,2025-26,player,700,Max Dowman,Dowman,MID,1,3,A,,2025-12-10,https://resources.premierleague.com/premierleague25/photos/players/110x140/616077.png
2025-26-player-711,2025-26,player,711,Andre Harriman-Annous,Harriman-Annous,MID,1,3,A,,,https://resources.premierleague.com/premierleague25/photos/players/110x140/646243.png
2025-26-player-725,2025-26,player,725,Piero Hincapié,Hincapie,DEF,1,3,A,,2026-03-30,https://resources.premierleague.com/premierleague25/photos/players/110x140/448104.png
2025-26-player-759,2025-26,player,759,Marli Salmon,Salmon,DEF,1,3,A,,,https://resources.premierleague.com/premierleague25/photos/players/110x140/616065.png
2025-26-player-32,2025-26,player,32,Emiliano Martínez Romero,Martinez,GKP,2,7,A,,2026-04-12,https://resources.premierleague.com/premierleague25/photos/players/110x140/98980.png
2025-26-player-33,2025-26,player,33,Marco Bizot,M.Bizot,GKP,2,7,A,,2026-02-15,https://resources.premierleague.com/premierleague25/photos/players/110x140/72147.png
2025-26-player-34,2025-26,player,34,Joe Gauci,Gauci,GKP,2,7,U,Has joined Port Vale on loan for the rest of the season.,2025-08-12,https://resources.premierleague.com/premierleague25/photos/players/110x140/462492.png
2025-26-player-35,2025-26,player,35,Filip Marschall,Marschall,GKP,2,7,U,Has joined Stevenage permanently.,2025-07-30,https://resources.premierleague.com/premierleague25/photos/players/110x140/462381.png
2025-26-player-36,2025-26,player,36,Matty Cash,Cash,DEF,2,7,A,,2026-03-05,https://resources.premierleague.com/premierleague25/photos/players/110x140/199796.png
2025-26-player-37,2025-26,player,37,Lucas Digne,Digne,DEF,2,7,A,,2025-10-23,https://resources.premierleague.com/premierleague25/photos/players/110x140/101188.png
2025-26-player-38,2025-26,player,38,Ezri Konsa Ngoyo,Konsa,DEF,2,7,A,,2025-11-18,https://resources.premierleague.com/premierleague25/photos/players/110x140/199798.png
2025-26-player-39,2025-26,player,39,Ian Maatsen,Maatsen,DEF,2,7,A,,,https://resources.premierleague.com/premierleague25/photos/players/110x140/441302.png
2025-26-player-40,2025-26,player,40,Tyrone Mings,Mings,DEF,2,7,A,,2026-04-12,https://resources.premierleague.com/premierleague25/photos/players/110x140/149484.png
2025-26-player-41,2025-26,player,41,Pau Torres,Pau,DEF,2,7,A,,2025-12-12,https://resources.premierleague.com/premierleague25/photos/players/110x140/244954.png
2025-26-player-42,2025-26,player,42,Andrés García,A.García,DEF,2,7,A,,2026-01-29,https://resources.premierleague.com/premierleague25/photos/players/110x140/606798.png
2025-26-player-43,2025-26,player,43,Álex Moreno Lopera,Alex Moreno,DEF,2,7,U,Has joined Girona permanently.,2025-08-26,https://resources.premierleague.com/premierleague25/photos/players/110x140/106468.png
2025-26-player-44,2025-26,player,44,Lamare Bogarde,Bogarde,DEF,2,7,A,,2025-11-20,https://resources.premierleague.com/premierleague25/photos/players/110x140/515597.png
2025-26-player-45,2025-26,player,45,Lino da Cruz Sousa,Sousa,DEF,2,7,U,has joined Rotherham on loan for the rest of the season.,2026-02-06,https://resources.premierleague.com/premierleague25/photos/players/110x140/514315.png
2025-26-player-46,2025-26,player,46,Yasin Özcan,Yasin,DEF,2,7,U,has joined Anderlecht on loan for the rest of the season.,2025-09-22,https://resources.premierleague.com/premierleague25/photos/players/110x140/587178.png
2025-26-player-47,2025-26,player,47,Morgan Rogers,Rogers,MID,2,7,A,,2025-08-10,https://resources.premierleague.com/premierleague25/photos/players/110x140/244850.png
2025-26-player-48,2025-26,player,48,Youri Tielemans,Tielemans,MID,2,7,A,,2026-01-26,https://resources.premierleague.com/premierleague25/photos/players/110x140/166989.png
2025-26-player-49,2025-26,player,49,Leon Bailey,Bailey,MID,2,7,A,,2025-08-20,https://resources.premierleague.com/premierleague25/photos/players/110x140/215711.png
2025-26-player-50,2025-26,player,50,Emiliano Buendía Stati,Buendía,MID,2,7,A,,2026-03-16,https://resources.premierleague.com/premierleague25/photos/players/110x140/195546.png
2025-26-player-51,2025-26,player,51,Samuel Iling-Junior,Iling Jr,MID,2,7,U,has joined Pisa on loan for the rest of the season.,2025-09-22,https://resources.premierleague.com/premierleague25/photos/players/110x140/469247.png
2025-26-player-53,2025-26,player,53,Donyell Malen,Malen,MID,2,7,U,has joined Roma on loan for the rest of the season.,2026-01-16,https://resources.premierleague.com/premierleague25/photos/players/110x140/204646.png
2025-26-player-54,2025-26,player,54,John McGinn,McGinn,MID,2,7,A,,2026-05-03,https://resources.premierleague.com/premierleague25/photos/players/110x140/122806.png
2025-26-player-55,2025-26,player,55,Ross Barkley,Barkley,MID,2,7,A,,2025-11-30,https://resources.premierleague.com/premierleague25/photos/players/110x140/88894.png
2025-26-player-56,2025-26,player,56,Enzo Barrenechea,Barrenechea,MID,2,7,U,Season-long loan to Benfica,2025-07-22,https://resources.premierleague.com/premierleague25/photos/players/110x140/491287.png
2025-26-player-57,2025-26,player,57,Lewis Dobbin,Dobbin,MID,2,7,U,Has joined Preston North End on loan for the rest of the season.,2025-08-26,https://resources.premierleague.com/premierleague25/photos/players/110x140/461421.png
2025-26-player-58,2025-26,player,58,Boubacar Kamara,Kamara,MID,2,7,I,Knee injury - Expected back 01 Jun,2026-05-08,https://resources.premierleague.com/premierleague25/photos/players/110x140/226944.png
2025-26-player-59,2025-26,player,59,Amadou Onana,Onana,MID,2,7,A,,2026-04-26,https://resources.premierleague.com/premierleague25/photos/players/110x140/449871.png
2025-26-player-60,2025-26,player,60,Ben Broggio,Broggio,MID,2,7,U,has joined Falkirk on loan for the rest of the season.,2026-02-06,https://resources.premierleague.com/premierleague25/photos/players/110x140/577731.png
2025-26-player-61,2025-26,player,61,Leander Dendoncker,Dendoncker,MID,2,7,U,Has joined Real Oviedo permanently.,2025-08-20,https://resources.premierleague.com/premierleague25/photos/players/110x140/151589.png
2025-26-player-62,2025-26,player,62,Jamaldeen Jimoh-Aloba,Jimoh-Aloba,MID,2,7,U,has joined West Brom on loan for the rest of the season.,2026-02-06,https://resources.premierleague.com/premierleague25/photos/players/110x140/559962.png
2025-26-player-63,2025-26,player,63,Kadan Young,Young,MID,2,7,U,has joined Reading on loan for the rest of the season.,2026-02-06,https://resources.premierleague.com/premierleague25/photos/players/110x140/537403.png
2025-26-player-64,2025-26,player,64,Ollie Watkins,Watkins,FWD,2,7,A,,2026-01-29,https://resources.premierleague.com/premierleague25/photos/players/110x140/178301.png
2025-26-player-65,2025-26,player,65,Zépiqueno Redmond,Redmond,FWD,2,7,U,has joined Huddersfield Town on loan for the rest of the season.,2025-09-02,https://resources.premierleague.com/premierleague25/photos/players/110x140/576756.png
2025-26-player-389,2025-26,player,389,Harvey Elliott,Elliott,MID,2,7,A,,2026-05-09,https://resources.premierleague.com/premierleague25/photos/players/110x140/444884.png
2025-26-player-456,2025-26,player,456,Jadon Sancho,Sancho,MID,2,7,A,,2026-03-27,https://resources.premierleague.com/premierleague25/photos/players/110x140/209243.png
2025-26-player-688,2025-26,player,688,James Wright,Wright,GKP,2,7,A,,,https://resources.premierleague.com/premierleague25/photos/players/110x140/481283.png
2025-26-player-699,2025-26,player,699,Douglas Luiz Soares de Paulo,Douglas Luiz,MID,2,7,A,,2025-11-01,https://resources.premierleague.com/premierleague25/photos/players/110x140/230046.png
2025-26-player-701,2025-26,player,701,Triston Rowe,Rowe,DEF,2,7,U,has joined Annecy on loan for the rest of the season.,2025-09-22,https://resources.premierleague.com/premierleague25/photos/players/110x140/569577.png
2025-26-player-702,2025-26,player,702,Bradley Burrowes,Burrowes,MID,2,7,A,,,https://resources.premierleague.com/premierleague25/photos/players/110x140/645618.png
2025-26-player-703,2025-26,player,703,Sam Proctor,Proctor,GKP,2,7,A,,,https://resources.premierleague.com/premierleague25/photos/players/110x140/564505.png
2025-26-player-710,2025-26,player,710,Travis Patterson,Patterson,DEF,2,7,A,,,https://resources.premierleague.com/premierleague25/photos/players/110x140/534836.png
2025-26-player-719,2025-26,player,719,Victor Lindelöf,Lindelöf,DEF,2,7,A,,2025-09-18,https://resources.premierleague.com/premierleague25/photos/players/110x140/184667.png
2025-26-player-754,2025-26,player,754,George Hemmings,George Hemmings,MID,2,7,A,,,https://resources.premierleague.com/premierleague25/photos/players/110x140/577285.png
2025-26-player-757,2025-26,player,757,Ronnie Hollingshead,Hollingshead,GKP,2,7,A,,,https://resources.premierleague.com/premierleague25/photos/players/110x140/516875.png
2025-26-player-768,2025-26,player,768,Leon Routh,Leon Routh,DEF,2,7,A,,,https://resources.premierleague.com/premierleague25/photos/players/110x140/664015.png
2025-26-player-781,2025-26,player,781,TJ Carroll,Carroll,DEF,2,7,A,,,https://resources.premierleague.com/premierleague25/photos/players/110x140/618027.png
2025-26-player-792,2025-26,player,792,Alysson Edward Franco da Rocha dos Santos,Alysson,MID,2,7,I,Muscle injury - Unknown return date,2026-05-14,https://resources.premierleague.com/premierleague25/photos/players/110x140/653481.png
2025-26-player-808,2025-26,player,808,Tammy Abraham,Abraham,FWD,2,7,A,,,https://resources.premierleague.com/premierleague25/photos/players/110x140/173879.png
2025-26-player-183,2025-26,player,183,Max Weiß,Weiss,GKP,3,90,A,,,https://resources.premierleague.com/premierleague25/photos/players/110x140/518030.png
2025-26-player-184,2025-26,player,184,Etienne Green,Green,GKP,3,90,U,has joined FC Fredericia permanently.,2025-09-02,https://resources.premierleague.com/premierleague25/photos/players/110x140/489571.png
2025-26-player-185,2025-26,player,185,Václav Hladký,Hladký,GKP,3,90,A,,,https://resources.premierleague.com/premierleague25/photos/players/110x140/51943.png
2025-26-player-186,2025-26,player,186,Connor Roberts,Roberts,DEF,3,90,D,Lack of match fitness - 75% chance of playing,2025-08-22,https://resources.premierleague.com/premierleague25/photos/players/110x140/192290.png
2025-26-player-187,2025-26,player,187,Kyle Walker,Walker,DEF,3,90,A,,2025-12-06,https://resources.premierleague.com/premierleague25/photos/players/110x140/58621.png
2025-26-player-188,2025-26,player,188,Hannes Delcroix,Delcroix,DEF,3,90,U,has joined Lugano permanently.,2026-01-07,https://resources.premierleague.com/premierleague25/photos/players/110x140/247245.png
2025-26-player-189,2025-26,player,189,Owen Dodgson,Dodgson,DEF,3,90,U,Has joined Stockport County on loan for the rest of the season.,2025-08-11,https://resources.premierleague.com/premierleague25/photos/players/110x140/461567.png
2025-26-player-190,2025-26,player,190,Hjalmar Ekdal,Ekdal,DEF,3,90,A,,,https://resources.premierleague.com/premierleague25/photos/players/110x140/478969.png
2025-26-player-191,2025-26,player,191,Maxime Estève,Estève,DEF,3,90,A,,2026-01-15,https://resources.premierleague.com/premierleague25/photos/players/110x140/477717.png
2025-26-player-192,2025-26,player,192,Quilindschy Hartman,Hartman,DEF,3,90,A,,,https://resources.premierleague.com/premierleague25/photos/players/110x140/494960.png
2025-26-player-193,2025-26,player,193,Bashir Humphreys,Humphreys,DEF,3,90,A,,2025-12-05,https://resources.premierleague.com/premierleague25/photos/players/110x140/461188.png
2025-26-player-194,2025-26,player,194,Jordan Beyer,Jordan,DEF,3,90,I,Hamstring injury - Expected back 01 Jun,2025-08-22,https://resources.premierleague.com/premierleague25/photos/players/110x140/241231.png
2025-26-player-195,2025-26,player,195,Lucas Pires Silva,Lucas Pires,DEF,3,90,A,,2025-12-06,https://resources.premierleague.com/premierleague25/photos/players/110x140/549329.png
2025-26-player-196,2025-26,player,196,Shurandy Sambo,Sambo,DEF,3,90,U,has joined Sparta Rotterdam on loan for the rest of the season.,2025-08-19,https://resources.premierleague.com/premierleague25/photos/players/110x140/450072.png
2025-26-player-197,2025-26,player,197,Oliver Sonne,Sonne,DEF,3,90,U,has joined Sparta Prague on loan for the rest of the season.,2026-02-02,https://resources.premierleague.com/premierleague25/photos/players/110x140/519895.png
2025-26-player-198,2025-26,player,198,Axel Tuanzebe,Tuanzebe,DEF,3,90,A,,2026-02-10,https://resources.premierleague.com/premierleague25/photos/players/110x140/180804.png
2025-26-player-199,2025-26,player,199,Joe Worrall,Worrall,DEF,3,90,A,,2026-01-22,https://resources.premierleague.com/premierleague25/photos/players/110x140/208912.png
2025-26-player-200,2025-26,player,200,Jaidon Anthony,Anthony,MID,3,90,A,,2025-10-07,https://resources.premierleague.com/premierleague25/photos/players/110x140/444180.png
2025-26-player-201,2025-26,player,201,Manuel Benson Hedilazio,Benson,MID,3,90,U,has joined Maccabi Haifa permanently.,2025-09-22,https://resources.premierleague.com/premierleague25/photos/players/110x140/183751.png
2025-26-player-202,2025-26,player,202,Jacob Bruun Larsen,Bruun Larsen,MID,3,90,A,,2025-09-14,https://resources.premierleague.com/premierleague25/photos/players/110x140/179458.png
2025-26-player-203,2025-26,player,203,Enock Agyei,Boateng,MID,3,90,A,,,https://resources.premierleague.com/premierleague25/photos/players/110x140/578614.png
2025-26-player-204,2025-26,player,204,Darko Churlinov,Churlinov,MID,3,90,U,has joined Kocaelispor  permanently.,2025-09-02,https://resources.premierleague.com/premierleague25/photos/players/110x140/250735.png
2025-26-player-205,2025-26,player,205,Josh Cullen,Cullen,MID,3,90,I,Knee injury - Expected back 30 Sep,2025-12-27,https://resources.premierleague.com/premierleague25/photos/players/110x140/172567.png
2025-26-player-206,2025-26,player,206,Marcus Edwards,Edwards,MID,3,90,A,,2026-03-12,https://resources.premierleague.com/premierleague25/photos/players/110x140/174592.png
2025-26-player-207,2025-26,player,207,Hannibal Mejbri,Hannibal,MID,3,90,A,,2026-05-14,https://resources.premierleague.com/premierleague25/photos/players/110x140/465527.png
2025-26-player-208,2025-26,player,208,Luca Koleosho,Koleosho,MID,3,90,U,has joined Paris FC on loan for the rest of the season.,2025-08-22,https://resources.premierleague.com/premierleague25/photos/players/110x140/487702.png
2025-26-player-209,2025-26,player,209,Josh Laurent,Laurent,MID,3,90,A,,2026-03-21,https://resources.premierleague.com/premierleague25/photos/players/110x140/167887.png
2025-26-player-210,2025-26,player,210,Loum Tchaouna,Tchaouna,MID,3,90,A,,,https://resources.premierleague.com/premierleague25/photos/players/110x140/469272.png
2025-26-player-211,2025-26,player,211,Aaron Ramsey,A.Ramsey,MID,3,90,U,has joined Leicester City on loan for the rest of the season.,2025-09-02,https://resources.premierleague.com/premierleague25/photos/players/110x140/447715.png
2025-26-player-212,2025-26,player,212,Oluwaseun Adewumi,Adewumi,MID,3,90,U,Has joined Cercle Brugge on loan for the rest of the season.,2025-08-15,https://resources.premierleague.com/premierleague25/photos/players/110x140/576323.png
2025-26-player-213,2025-26,player,213,Jaydon Banel,Banel,MID,3,90,U,has joined Derby County on loan for the rest of the season.,2026-01-30,https://resources.premierleague.com/premierleague25/photos/players/110x140/551206.png
2025-26-player-214,2025-26,player,214,Mike Trésor Ndayishimiye,Trésor,MID,3,90,A,,2026-03-12,https://resources.premierleague.com/premierleague25/photos/players/110x140/437748.png
2025-26-player-215,2025-26,player,215,Zian Flemming,Flemming,FWD,3,90,A,,2026-03-12,https://resources.premierleague.com/premierleague25/photos/players/110x140/431639.png
2025-26-player-216,2025-26,player,216,Zeki Amdouni,Amdouni,FWD,3,90,A,,2025-08-10,https://resources.premierleague.com/premierleague25/photos/players/110x140/492831.png
2025-26-player-217,2025-26,player,217,Lyle Foster,Foster,FWD,3,90,A,,2025-12-13,https://resources.premierleague.com/premierleague25/photos/players/110x140/435973.png
2025-26-player-218,2025-26,player,218,Ashley Barnes,Barnes,FWD,3,90,A,,,https://resources.premierleague.com/premierleague25/photos/players/110x140/44699.png
2025-26-player-219,2025-26,player,219,Michael Obafemi,Obafemi,FWD,3,90,U,has joined Blackpool on loan for the rest of the season.,2025-09-02,https://resources.premierleague.com/premierleague25/photos/players/110x140/220598.png
2025-26-player-470,2025-26,player,470,Martin Dúbravka,Dúbravka,GKP,3,90,A,,2025-08-11,https://resources.premierleague.com/premierleague25/photos/players/110x140/67089.png
2025-26-player-614,2025-26,player,614,James Ward-Prowse,Ward-Prowse,MID,3,90,A,,2026-02-06,https://resources.premierleague.com/premierleague25/photos/players/110x140/101178.png
2025-26-player-676,2025-26,player,676,Lesley Ugochukwu,Ugochukwu,MID,3,90,A,,2025-09-14,https://resources.premierleague.com/premierleague25/photos/players/110x140/503714.png
2025-26-player-680,2025-26,player,680,Armando Broja,Broja,FWD,3,90,A,,2026-03-12,https://resources.premierleague.com/premierleague25/photos/players/110x140/440323.png
2025-26-player-722,2025-26,player,722,Florentino Ibrain Morris Luís,Florentino,MID,3,90,A,,,https://resources.premierleague.com/premierleague25/photos/players/110x140/216055.png
2025-26-player-776,2025-26,player,776,Oliver Pimlott,Pimlott,MID,3,90,A,,,https://resources.premierleague.com/premierleague25/photos/players/110x140/647960.png
2025-26-player-784,2025-26,player,784,George Brierley,Brierley,MID,3,90,A,,,https://resources.premierleague.com/premierleague25/photos/players/110x140/704232.png
2025-26-player-820,2025-26,player,820,Kian McMahon-Brown,McMahon-Brown,MID,3,90,A,,,https://resources.premierleague.com/premierleague25/photos/players/110x140/644593.png
2025-26-player-66,2025-26,player,66,Norberto Murara Neto,Neto,GKP,4,91,U,Has joined Botafogo permanently.,2025-08-11,https://resources.premierleague.com/premierleague25/photos/players/110x140/69752.png
2025-26-player-67,2025-26,player,67,Đorđe Petrović,Petrović,GKP,4,91,A,,,https://resources.premierleague.com/premierleague25/photos/players/110x140/457569.png
2025-26-player-68,2025-26,player,68,Will Dennis,Dennis,GKP,4,91,U,has joined Leyton Orient on loan for the rest of the season.,2026-01-02,https://resources.premierleague.com/premierleague25/photos/players/110x140/444172.png
2025-26-player-69,2025-26,player,69,Callan McKenna,McKenna,GKP,4,91,A,,,https://resources.premierleague.com/premierleague25/photos/players/110x140/568791.png
2025-26-player-70,2025-26,player,70,Alex Paulsen,Paulsen,GKP,4,91,U,Has joined Lechia Gdansk on loan for the rest of the season.,2025-08-27,https://resources.premierleague.com/premierleague25/photos/players/110x140/495145.png
2025-26-player-71,2025-26,player,71,Illia Zabarnyi,Zabarnyi,DEF,4,91,U,Has joined Paris Saint-Germain permanently.,2025-08-12,https://resources.premierleague.com/premierleague25/photos/players/110x140/477580.png
2025-26-player-72,2025-26,player,72,Marcos Senesi Barón,Senesi,DEF,4,91,A,,2025-12-06,https://resources.premierleague.com/premierleague25/photos/players/110x140/221466.png
2025-26-player-73,2025-26,player,73,Adam Smith,Smith,DEF,4,91,A,,2025-08-31,https://resources.premierleague.com/premierleague25/photos/players/110x140/54469.png
2025-26-player-74,2025-26,player,74,Adrien Truffert,Truffert,DEF,4,91,A,,,https://resources.premierleague.com/premierleague25/photos/players/110x140/494521.png
2025-26-player-75,2025-26,player,75,Matai Akinmboni,Akinmboni,DEF,4,91,A,,2026-02-13,https://resources.premierleague.com/premierleague25/photos/players/110x140/541462.png
2025-26-player-76,2025-26,player,76,Owen Bevan,Bevan,DEF,4,91,A,,,https://resources.premierleague.com/premierleague25/photos/players/110x140/518906.png
2025-26-player-77,2025-26,player,77,James Hill,Hill,DEF,4,91,A,,,https://resources.premierleague.com/premierleague25/photos/players/110x140/463981.png
2025-26-player-78,2025-26,player,78,Julián Araujo Zúñiga,J.Araujo,DEF,4,91,U,has joined Celtic on loan for the rest of the season.,2026-01-02,https://resources.premierleague.com/premierleague25/photos/players/110x140/436893.png
2025-26-player-79,2025-26,player,79,Chris Mepham,Mepham,DEF,4,91,U,has joined West Bromwich Albion permanently.,2025-09-02,https://resources.premierleague.com/premierleague25/photos/players/110x140/223911.png
2025-26-player-80,2025-26,player,80,Julio Soler Barreto,Soler,DEF,4,91,A,,2026-01-22,https://resources.premierleague.com/premierleague25/photos/players/110x140/575901.png
2025-26-player-81,2025-26,player,81,Justin Kluivert,Kluivert,MID,4,91,A,,2026-01-06,https://resources.premierleague.com/premierleague25/photos/players/110x140/222683.png
2025-26-player-84,2025-26,player,84,Marcus Tavernier,Tavernier,MID,4,91,A,,2026-01-20,https://resources.premierleague.com/premierleague25/photos/players/110x140/201658.png
2025-26-player-85,2025-26,player,85,Tyler Adams,Adams,MID,4,91,A,,2026-03-15,https://resources.premierleague.com/premierleague25/photos/players/110x140/200785.png
2025-26-player-86,2025-26,player,86,David Brooks,Brooks,MID,4,91,A,,2026-01-15,https://resources.premierleague.com/premierleague25/photos/players/110x140/111317.png
2025-26-player-87,2025-26,player,87,Ryan Christie,Christie,MID,4,91,S,Suspended until 29 Aug,2026-05-09,https://resources.premierleague.com/premierleague25/photos/players/110x140/158499.png
2025-26-player-88,2025-26,player,88,Lewis Cook,Cook,MID,4,91,A,,2026-02-23,https://resources.premierleague.com/premierleague25/photos/players/110x140/155408.png
2025-26-player-89,2025-26,player,89,Philip Billing,Philip,MID,4,91,U,has joined Midtjylland permanently.,2025-08-27,https://resources.premierleague.com/premierleague25/photos/players/110x140/168991.png
2025-26-player-90,2025-26,player,90,Alex Scott,Scott,MID,4,91,A,,2025-12-29,https://resources.premierleague.com/premierleague25/photos/players/110x140/503139.png
2025-26-player-91,2025-26,player,91,Luis Sinisterra Lucumí,Sinisterra,MID,4,91,U,has joined Cruzeiro on loan for the rest of the season.,2025-08-26,https://resources.premierleague.com/premierleague25/photos/players/110x140/224995.png
2025-26-player-92,2025-26,player,92,Romain Faivre,Faivre,MID,4,91,U,has joined Auxerre permanently.,2026-02-06,https://resources.premierleague.com/premierleague25/photos/players/110x140/441240.png
2025-26-player-93,2025-26,player,93,Hamed Traorè,H.Traorè,MID,4,91,U,has joined Marseille on loan for the rest of the season.,2025-09-02,https://resources.premierleague.com/premierleague25/photos/players/110x140/424044.png
2025-26-player-94,2025-26,player,94,Dominic Sadi,Sadi,MID,4,91,U,has joined Novi Pazar on loan for the rest of the season.,2025-09-22,https://resources.premierleague.com/premierleague25/photos/players/110x140/550596.png
2025-26-player-95,2025-26,player,95,Zain Silcott-Duberry,Silcott-Duberry,MID,4,91,U,has joined Olympiakos permanently.,2025-09-22,https://resources.premierleague.com/premierleague25/photos/players/110x140/530121.png
2025-26-player-96,2025-26,player,96,Ben Winterburn,Winterburn,MID,4,91,U,has joined Barnet on loan for the rest of the season.,2025-09-02,https://resources.premierleague.com/premierleague25/photos/players/110x140/606775.png
2025-26-player-97,2025-26,player,97,Francisco Evanilson de Lima Barbosa,Evanilson,FWD,4,91,A,,2026-02-28,https://resources.premierleague.com/premierleague25/photos/players/110x140/444102.png
2025-26-player-98,2025-26,player,98,Enes Ünal,Enes Ünal,FWD,4,91,A,,2026-01-11,https://resources.premierleague.com/premierleague25/photos/players/110x140/168636.png
2025-26-player-99,2025-26,player,99,Daniel Adu-Adjei,Adu-Adjei,FWD,4,91,U,has joined HNK Rijeka permanently.,2025-09-22,https://resources.premierleague.com/premierleague25/photos/players/110x140/590760.png
2025-26-player-100,2025-26,player,100,Junior Kroupi,Kroupi.Jr,FWD,4,91,A,,2026-03-27,https://resources.premierleague.com/premierleague25/photos/players/110x140/560262.png
2025-26-player-391,2025-26,player,391,Ben Gannon-Doak,Gannon-Doak,MID,4,91,A,,2025-11-20,https://resources.premierleague.com/premierleague25/photos/players/110x140/496208.png
2025-26-player-685,2025-26,player,685,Bafodé Diakité,Diakité,DEF,4,91,A,,2025-09-13,https://resources.premierleague.com/premierleague25/photos/players/110x140/242882.png
2025-26-player-687,2025-26,player,687,Remy Rees-Dottin,Rees-Dottin,MID,4,91,A,,,https://resources.premierleague.com/premierleague25/photos/players/110x140/606774.png
2025-26-player-697,2025-26,player,697,Amine Adli,Adli,MID,4,91,A,,,https://resources.premierleague.com/premierleague25/photos/players/110x140/489888.png
2025-26-player-713,2025-26,player,713,Álex Jiménez Sánchez,A.Jimenez,DEF,4,91,N,Made unavailable for selection on 8/5. - Unknown return date,2026-05-08,https://resources.premierleague.com/premierleague25/photos/players/110x140/551483.png
2025-26-player-721,2025-26,player,721,Veljko Milosavljevic,Milosavljević,DEF,4,91,A,,2026-01-06,https://resources.premierleague.com/premierleague25/photos/players/110x140/620487.png
2025-26-player-756,2025-26,player,756,Malcom DaCosta,DaCosta,MID,4,91,A,,,https://resources.premierleague.com/premierleague25/photos/players/110x140/678552.png
2025-26-player-782,2025-26,player,782,Fraser Forster,Forster,GKP,4,91,A,,,https://resources.premierleague.com/premierleague25/photos/players/110x140/40383.png
2025-26-player-799,2025-26,player,799,Charlie Stevens,Stevens,MID,4,91,A,,,https://resources.premierleague.com/premierleague25/photos/players/110x140/658013.png
2025-26-player-801,2025-26,player,801,Alex Tóth,Tóth.A,MID,4,91,A,,,https://resources.premierleague.com/premierleague25/photos/players/110x140/614574.png
2025-26-player-806,2025-26,player,806,Christos Mandas,Mandas,GKP,4,91,A,,,https://resources.premierleague.com/premierleague25/photos/players/110x140/436416.png
2025-26-player-807,2025-26,player,807,Rayan Vitor Simplício Rocha,Rayan,MID,4,91,A,,,https://resources.premierleague.com/premierleague25/photos/players/110x140/499604.png
2025-26-player-27,2025-26,player,27,Reiss Nelson,Nelson,MID,5,94,A,,2026-03-02,https://resources.premierleague.com/premierleague25/photos/players/110x140/200641.png
2025-26-player-83,2025-26,player,83,Dango Ouattara,O.Dango,MID,5,94,A,,2025-12-13,https://resources.premierleague.com/premierleague25/photos/players/110x140/533463.png
2025-26-player-101,2025-26,player,101,Caoimhín Kelleher,Kelleher,GKP,5,94,A,,2025-08-09,https://resources.premierleague.com/premierleague25/photos/players/110x140/200720.png
2025-26-player-102,2025-26,player,102,Ellery Balcombe,Balcombe,GKP,5,94,A,,,https://resources.premierleague.com/premierleague25/photos/players/110x140/235448.png
2025-26-player-103,2025-26,player,103,Matthew Cox,Cox,GKP,5,94,U,has joined Shrewsbury Town on loan for the rest of the season.,2026-01-16,https://resources.premierleague.com/premierleague25/photos/players/110x140/503300.png
2025-26-player-104,2025-26,player,104,Julian Eyestone,Eyestone,GKP,5,94,A,,,https://resources.premierleague.com/premierleague25/photos/players/110x140/535017.png
2025-26-player-105,2025-26,player,105,Hákon Rafn Valdimarsson,Valdimarsson,GKP,5,94,A,,,https://resources.premierleague.com/premierleague25/photos/players/110x140/507433.png
2025-26-player-106,2025-26,player,106,Nathan Collins,Collins,DEF,5,94,A,,,https://resources.premierleague.com/premierleague25/photos/players/110x140/432830.png
2025-26-player-107,2025-26,player,107,Keane Lewis-Potter,Lewis-Potter,DEF,5,94,A,,,https://resources.premierleague.com/premierleague25/photos/players/110x140/249231.png
2025-26-player-108,2025-26,player,108,Kristoffer Ajer,Ajer,DEF,5,94,A,,2026-01-26,https://resources.premierleague.com/premierleague25/photos/players/110x140/191866.png
2025-26-player-109,2025-26,player,109,Rico Henry,Henry,DEF,5,94,I,Hamstring injury - Expected back 01 Jun,2026-03-04,https://resources.premierleague.com/premierleague25/photos/players/110x140/194010.png
2025-26-player-110,2025-26,player,110,Michael Kayode,Kayode,DEF,5,94,A,,2026-02-21,https://resources.premierleague.com/premierleague25/photos/players/110x140/607464.png
2025-26-player-111,2025-26,player,111,Ethan Pinnock,Pinnock,DEF,5,94,A,,2025-08-18,https://resources.premierleague.com/premierleague25/photos/players/110x140/231065.png
2025-26-player-112,2025-26,player,112,Mads Roerslev Rasmussen,Roerslev,DEF,5,94,U,Has joined Southampton permanently.,2025-08-22,https://resources.premierleague.com/premierleague25/photos/players/110x140/226956.png
2025-26-player-113,2025-26,player,113,Sepp van den Berg,Van den Berg,DEF,5,94,A,,2025-12-27,https://resources.premierleague.com/premierleague25/photos/players/110x140/444765.png
2025-26-player-114,2025-26,player,114,Benjamin Arthur,Arthur,DEF,5,94,U,has joined Celtic on loan for the rest of the season.,2026-02-06,https://resources.premierleague.com/premierleague25/photos/players/110x140/622536.png
2025-26-player-115,2025-26,player,115,Benjamin Fredrick,Fredrick,DEF,5,94,U,has joined Dender on loan for the rest of the season.,2025-09-22,https://resources.premierleague.com/premierleague25/photos/players/110x140/612534.png
2025-26-player-116,2025-26,player,116,Aaron Hickey,Hickey,DEF,5,94,A,,2026-02-21,https://resources.premierleague.com/premierleague25/photos/players/110x140/472713.png
2025-26-player-117,2025-26,player,117,Kim Ji-soo,Ji-soo,DEF,5,94,U,has joined Kaiserslautern on loan for the rest of the season.,2025-09-22,https://resources.premierleague.com/premierleague25/photos/players/110x140/570241.png
2025-26-player-118,2025-26,player,118,Jayden Meghoma,Meghoma,DEF,5,94,U,Has joined Rangers on loan for the rest of the season.,2025-08-19,https://resources.premierleague.com/premierleague25/photos/players/110x140/499717.png
2025-26-player-120,2025-26,player,120,Kevin Schade,Schade,MID,5,94,A,,2026-02-02,https://resources.premierleague.com/premierleague25/photos/players/110x140/513418.png
2025-26-player-121,2025-26,player,121,Mikkel Damsgaard,Damsgaard,MID,5,94,A,,2026-03-20,https://resources.premierleague.com/premierleague25/photos/players/110x140/440089.png
2025-26-player-122,2025-26,player,122,Antoni Milambo,Milambo,MID,5,94,I,Knee injury - Expected back 01 Jun,2025-10-16,https://resources.premierleague.com/premierleague25/photos/players/110x140/543295.png
2025-26-player-123,2025-26,player,123,Fábio Freitas Gouveia Carvalho,Carvalho,MID,5,94,I,Knee injury - Expected back 01 Jun,2025-11-28,https://resources.premierleague.com/premierleague25/photos/players/110x140/244858.png
2025-26-player-124,2025-26,player,124,Jordan Henderson,Henderson,MID,5,94,A,,2026-04-11,https://resources.premierleague.com/premierleague25/photos/players/110x140/56979.png
2025-26-player-125,2025-26,player,125,Vitaly Janelt,Janelt,MID,5,94,A,,2026-02-28,https://resources.premierleague.com/premierleague25/photos/players/110x140/204580.png
2025-26-player-126,2025-26,player,126,Mathias Jensen,Jensen,MID,5,94,A,,,https://resources.premierleague.com/premierleague25/photos/players/110x140/207283.png
2025-26-player-127,2025-26,player,127,Gustavo Nunes Fernandes Gomes,Nunes,MID,5,94,U,has joined Swansea City on loan for the rest of the season.,2026-01-23,https://resources.premierleague.com/premierleague25/photos/players/110x140/626464.png
2025-26-player-128,2025-26,player,128,Frank Onyeka,Onyeka,MID,5,94,U,has joined Coventry City on loan for the rest of the season.,2026-02-02,https://resources.premierleague.com/premierleague25/photos/players/110x140/428580.png
2025-26-player-129,2025-26,player,129,Yehor Yarmoliuk,Yarmoliuk,MID,5,94,A,,2025-10-25,https://resources.premierleague.com/premierleague25/photos/players/110x140/508395.png
2025-26-player-130,2025-26,player,130,Romelle Donovan,Donovan,MID,5,94,A,,,https://resources.premierleague.com/premierleague25/photos/players/110x140/606689.png
2025-26-player-131,2025-26,player,131,Yunus Emre Konak,Konak,MID,5,94,U,has joined Oxford United on loan for the rest of the season.,2026-01-16,https://resources.premierleague.com/premierleague25/photos/players/110x140/628204.png
2025-26-player-132,2025-26,player,132,Paris Maghoma,Maghoma,MID,5,94,U,has joined Norwich City permanently.,2026-01-27,https://resources.premierleague.com/premierleague25/photos/players/110x140/220695.png
2025-26-player-133,2025-26,player,133,Myles Peart-Harris,Peart-Harris,MID,5,94,U,has joined Oxford United permanently.,2026-01-15,https://resources.premierleague.com/premierleague25/photos/players/110x140/450539.png
2025-26-player-134,2025-26,player,134,Ryan Trevitt,Trevitt,MID,5,94,U,Has joined Wigan on loan for the rest of the season,2025-08-11,https://resources.premierleague.com/premierleague25/photos/players/110x140/591357.png
2025-26-player-136,2025-26,player,136,Igor Thiago Nascimento Rodrigues,Thiago,FWD,5,94,A,,2025-12-18,https://resources.premierleague.com/premierleague25/photos/players/110x140/502500.png
2025-26-player-137,2025-26,player,137,Iwan Morgan,Morgan,FWD,5,94,U,has joined Shrewsbury on loan for the rest of the season.,2026-01-02,https://resources.premierleague.com/premierleague25/photos/players/110x140/533710.png
2025-26-player-748,2025-26,player,748,Josh Dasilva,Dasilva,MID,5,94,A,,2025-11-20,https://resources.premierleague.com/premierleague25/photos/players/110x140/183656.png
2025-26-player-797,2025-26,player,797,Kaye Furo,Furo,FWD,5,94,A,,2026-04-17,https://resources.premierleague.com/premierleague25/photos/players/110x140/593174.png
2025-26-player-810,2025-26,player,810,Luka Bentt,Bentt,MID,5,94,A,,,https://resources.premierleague.com/premierleague25/photos/players/110x140/559610.png
2025-26-player-819,2025-26,player,819,Ollie Shield,Shield,DEF,5,94,A,,,https://resources.premierleague.com/premierleague25/photos/players/110x140/494556.png
2025-26-player-823,2025-26,player,823,Joshua Stephenson,Stephenson,DEF,5,94,A,,,https://resources.premierleague.com/premierleague25/photos/players/110x140/649240.png
2025-26-player-824,2025-26,player,824,Conor McManus,McManus,DEF,5,94,A,,,https://resources.premierleague.com/premierleague25/photos/players/110x140/587433.png
2025-26-player-826,2025-26,player,826,Riley Owen,Owen,MID,5,94,A,,,https://resources.premierleague.com/premierleague25/photos/players/110x140/547671.png
2025-26-player-138,2025-26,player,138,Jason Steele,Steele,GKP,6,36,A,,,https://resources.premierleague.com/premierleague25/photos/players/110x140/49262.png
2025-26-player-139,2025-26,player,139,Bart Verbruggen,Verbruggen,GKP,6,36,A,,,https://resources.premierleague.com/premierleague25/photos/players/110x140/489639.png
2025-26-player-140,2025-26,player,140,Tom McGill,McGill,GKP,6,36,A,,,https://resources.premierleague.com/premierleague25/photos/players/110x140/209288.png
2025-26-player-141,2025-26,player,141,Carl Rushworth,Rushworth,GKP,6,36,U,Has joined Coventry City on loan for the rest of the season.,2025-07-25,https://resources.premierleague.com/premierleague25/photos/players/110x140/472739.png
2025-26-player-142,2025-26,player,142,Kjell Scherpen,Scherpen,GKP,6,36,U,Has joined Union SG permanently,2025-07-25,https://resources.premierleague.com/premierleague25/photos/players/110x140/240514.png
2025-26-player-143,2025-26,player,143,Olivier Boscagli,Boscagli,DEF,6,36,A,,,https://resources.premierleague.com/premierleague25/photos/players/110x140/204120.png
2025-26-player-144,2025-26,player,144,Diego Coppola,Coppola,DEF,6,36,U,has joined Paris FC on loan for the rest of the season.,2026-01-30,https://resources.premierleague.com/premierleague25/photos/players/110x140/550090.png
2025-26-player-145,2025-26,player,145,Maxim De Cuyper,De Cuyper,DEF,6,36,A,,2025-09-13,https://resources.premierleague.com/premierleague25/photos/players/110x140/465730.png
2025-26-player-146,2025-26,player,146,Lewis Dunk,Dunk,DEF,6,36,A,,2026-03-21,https://resources.premierleague.com/premierleague25/photos/players/110x140/83299.png
2025-26-player-147,2025-26,player,147,Pervis Estupiñán Tenorio,Estupiñan,DEF,6,36,U,Has joined AC Milan permanently,2025-07-24,https://resources.premierleague.com/premierleague25/photos/players/110x140/204214.png
2025-26-player-148,2025-26,player,148,Ferdi Kadıoğlu,F.Kadıoğlu,DEF,6,36,A,,,https://resources.premierleague.com/premierleague25/photos/players/110x140/231416.png
2025-26-player-149,2025-26,player,149,Igor Julio dos Santos de Paulo,Igor,DEF,6,36,A,,2025-12-29,https://resources.premierleague.com/premierleague25/photos/players/110x140/223434.png
2025-26-player-150,2025-26,player,150,Tariq Lamptey,Lamptey,DEF,6,36,U,has joined Fiorentina permanently.,2025-09-02,https://resources.premierleague.com/premierleague25/photos/players/110x140/232792.png
2025-26-player-151,2025-26,player,151,Jan Paul van Hecke,Van Hecke,DEF,6,36,A,,2026-02-08,https://resources.premierleague.com/premierleague25/photos/players/110x140/469142.png
2025-26-player-152,2025-26,player,152,Joël Veltman,Veltman,DEF,6,36,A,,2025-10-02,https://resources.premierleague.com/premierleague25/photos/players/110x140/111478.png
2025-26-player-153,2025-26,player,153,Adam Webster,Webster,DEF,6,36,I,Knee injury - Unknown return date,2025-08-08,https://resources.premierleague.com/premierleague25/photos/players/110x140/110735.png
2025-26-player-154,2025-26,player,154,Eiran Cashin,Cashin,DEF,6,36,U,has joined Blackburn Rovers on loan for the rest of the season.,2025-07-28,https://resources.premierleague.com/premierleague25/photos/players/110x140/439135.png
2025-26-player-155,2025-26,player,155,Jacob Slater,Slater,DEF,6,36,U,has joined Harrogate Town on loan until January.,2025-09-22,https://resources.premierleague.com/premierleague25/photos/players/110x140/589100.png
2025-26-player-156,2025-26,player,156,Charlie Tasker,Tasker,DEF,6,36,A,,,https://resources.premierleague.com/premierleague25/photos/players/110x140/547720.png
2025-26-player-157,2025-26,player,157,Mitoma Kaoru,Mitoma,MID,6,36,I,Hamstring injury - Expected back 01 Jun,2026-05-09,https://resources.premierleague.com/premierleague25/photos/players/110x140/451340.png
2025-26-player-158,2025-26,player,158,Georginio Rutter,Georginio,MID,6,36,A,,2025-11-30,https://resources.premierleague.com/premierleague25/photos/players/110x140/463067.png
2025-26-player-159,2025-26,player,159,Solly March,March,MID,6,36,A,,2026-04-20,https://resources.premierleague.com/premierleague25/photos/players/110x140/109345.png
2025-26-player-160,2025-26,player,160,Yankuba Minteh,Minteh,MID,6,36,A,,2025-12-31,https://resources.premierleague.com/premierleague25/photos/players/110x140/592031.png
2025-26-player-161,2025-26,player,161,Julio Enciso Espínola,Enciso,MID,6,36,U,has joined Strasbourg permanently.,2025-08-10,https://resources.premierleague.com/premierleague25/photos/players/110x140/474120.png
2025-26-player-162,2025-26,player,162,Brajan Gruda,Gruda,MID,6,36,U,has joined Leipzig on loan for the rest of the season.,2026-02-02,https://resources.premierleague.com/premierleague25/photos/players/110x140/513433.png
2025-26-player-163,2025-26,player,163,Jack Hinshelwood,Hinshelwood,MID,6,36,A,,2025-09-13,https://resources.premierleague.com/premierleague25/photos/players/110x140/532529.png
2025-26-player-164,2025-26,player,164,Matt O'Riley,O'Riley,MID,6,36,A,,2025-09-02,https://resources.premierleague.com/premierleague25/photos/players/110x140/219249.png
2025-26-player-165,2025-26,player,165,Abdallah Sima,Sima,MID,6,36,U,has joined Lens permanently.,2025-09-02,https://resources.premierleague.com/premierleague25/photos/players/110x140/516211.png
2025-26-player-166,2025-26,player,166,Yasin Ayari,Ayari,MID,6,36,A,,2026-03-03,https://resources.premierleague.com/premierleague25/photos/players/110x140/509416.png
2025-26-player-167,2025-26,player,167,Carlos Baleba,Baleba,MID,6,36,A,,2026-01-15,https://resources.premierleague.com/premierleague25/photos/players/110x140/535301.png
2025-26-player-169,2025-26,player,169,Diego Gómez Amarilla,Gomez,MID,6,36,A,,2026-04-20,https://resources.premierleague.com/premierleague25/photos/players/110x140/514254.png
2025-26-player-170,2025-26,player,170,James Milner,Milner,MID,6,36,A,,2026-04-11,https://resources.premierleague.com/premierleague25/photos/players/110x140/15157.png
2025-26-player-171,2025-26,player,171,Jeremy Sarmiento Morante,Sarmiento,MID,6,36,U,has joined Middlesbrough on loan for the rest of the season.,2026-01-27,https://resources.premierleague.com/premierleague25/photos/players/110x140/441192.png
2025-26-player-172,2025-26,player,172,Tom Watson,Watson,MID,6,36,U,has joined Millwall on loan for the rest of the season.,2026-02-02,https://resources.premierleague.com/premierleague25/photos/players/110x140/549074.png
2025-26-player-173,2025-26,player,173,Mats Wieffer,Wieffer,MID,6,36,A,,2026-05-02,https://resources.premierleague.com/premierleague25/photos/players/110x140/467779.png
2025-26-player-174,2025-26,player,174,Malick Yalcouyé,Yalcouye,MID,6,36,U,Has joined Swansea City on loan for the rest of the season.,2025-08-15,https://resources.premierleague.com/premierleague25/photos/players/110x140/611695.png
2025-26-player-175,2025-26,player,175,Joe Knight,Knight,MID,6,36,U,has joined Stevenage permanently.,2026-02-06,https://resources.premierleague.com/premierleague25/photos/players/110x140/567121.png
2025-26-player-176,2025-26,player,176,Adrian Mazilu,Mazilu,MID,6,36,U,has joined Dinamo Bucharest permanently.,2025-09-22,https://resources.premierleague.com/premierleague25/photos/players/110x140/550141.png
2025-26-player-177,2025-26,player,177,Andrew Moran,Moran,MID,6,36,U,Has joined Los Angeles FC on loan for the rest of the season.,2025-08-22,https://resources.premierleague.com/premierleague25/photos/players/110x140/513834.png
2025-26-player-178,2025-26,player,178,Danny Welbeck,Welbeck,FWD,6,36,A,,2025-12-19,https://resources.premierleague.com/premierleague25/photos/players/110x140/50175.png
2025-26-player-179,2025-26,player,179,Evan Ferguson,Ferguson,FWD,6,36,U,Has joined AS Roma on loan for the rest of the season,2025-07-24,https://resources.premierleague.com/premierleague25/photos/players/110x140/487117.png
2025-26-player-180,2025-26,player,180,Stefanos Tzimas,Tzimas,FWD,6,36,I,Knee injury - Expected back 01 Jun,2025-12-04,https://resources.premierleague.com/premierleague25/photos/players/110x140/608181.png
2025-26-player-181,2025-26,player,181,Charalampos Kostoulas,Kostoulas,FWD,6,36,A,,,https://resources.premierleague.com/premierleague25/photos/players/110x140/647850.png
2025-26-player-744,2025-26,player,744,Nehemiah Oriola,Oriola,MID,6,36,A,,,https://resources.premierleague.com/premierleague25/photos/players/110x140/556637.png
2025-26-player-761,2025-26,player,761,Freddie Simmonds,Simmonds,DEF,6,36,A,,,https://resources.premierleague.com/premierleague25/photos/players/110x140/604988.png
2025-26-player-783,2025-26,player,783,Pascal Groß,Groß,MID,6,36,A,,,https://resources.premierleague.com/premierleague25/photos/players/110x140/60307.png
2025-26-player-795,2025-26,player,795,Harry Howell,Howell,MID,6,36,A,,,https://resources.premierleague.com/premierleague25/photos/players/110x140/597320.png
2025-26-player-220,2025-26,player,220,Robert Lynch Sánchez,Sánchez,GKP,7,8,A,,2026-05-04,https://resources.premierleague.com/premierleague25/photos/players/110x140/215059.png
2025-26-player-221,2025-26,player,221,Filip Jörgensen,Jörgensen,GKP,7,8,A,,2026-03-15,https://resources.premierleague.com/premierleague25/photos/players/110x140/508479.png
2025-26-player-222,2025-26,player,222,Mike Penders,Penders,GKP,7,8,U,Has joined RC Strasbourg on loan for the rest of the season.,2025-07-28,https://resources.premierleague.com/premierleague25/photos/players/110x140/549939.png
2025-26-player-223,2025-26,player,223,Gabriel Słonina,Slonina,GKP,7,8,A,,,https://resources.premierleague.com/premierleague25/photos/players/110x140/471798.png
2025-26-player-224,2025-26,player,224,Marc Cucurella Saseta,Cucurella,DEF,7,8,A,,2026-02-11,https://resources.premierleague.com/premierleague25/photos/players/110x140/179268.png
2025-26-player-225,2025-26,player,225,Reece James,James,DEF,7,8,A,,2026-03-17,https://resources.premierleague.com/premierleague25/photos/players/110x140/225796.png
2025-26-player-226,2025-26,player,226,Trevoh Chalobah,Chalobah,DEF,7,8,A,,2026-03-17,https://resources.premierleague.com/premierleague25/photos/players/110x140/180736.png
2025-26-player-227,2025-26,player,227,Levi Samuels Colwill,Colwill,DEF,7,8,A,,2025-08-08,https://resources.premierleague.com/premierleague25/photos/players/110x140/460028.png
2025-26-player-228,2025-26,player,228,Malo Gusto,Gusto,DEF,7,8,D,Knock - 75% chance of playing,2026-05-20,https://resources.premierleague.com/premierleague25/photos/players/110x140/482609.png
2025-26-player-229,2025-26,player,229,Benoît Badiashile Mukinayi,B.Badiashile,DEF,7,8,A,,2026-03-17,https://resources.premierleague.com/premierleague25/photos/players/110x140/242880.png
2025-26-player-230,2025-26,player,230,Wesley Fofana,Fofana,DEF,7,8,A,,2026-02-21,https://resources.premierleague.com/premierleague25/photos/players/110x140/444463.png
2025-26-player-231,2025-26,player,231,Mamadou Sarr,M.Sarr,DEF,7,8,A,,2025-08-11,https://resources.premierleague.com/premierleague25/photos/players/110x140/574458.png
2025-26-player-232,2025-26,player,232,Tosin Adarabioyo,Tosin,DEF,7,8,A,,2026-02-09,https://resources.premierleague.com/premierleague25/photos/players/110x140/109646.png
2025-26-player-233,2025-26,player,233,Josh Acheampong,Acheampong,DEF,7,8,A,,2025-09-24,https://resources.premierleague.com/premierleague25/photos/players/110x140/577016.png
2025-26-player-234,2025-26,player,234,Aarón Anselmino,Anselmino,DEF,7,8,U,has joined Strasbourg on loan for the rest of the season.,2026-02-02,https://resources.premierleague.com/premierleague25/photos/players/110x140/622758.png
2025-26-player-235,2025-26,player,235,Cole Palmer,Palmer,MID,7,8,A,,2026-01-22,https://resources.premierleague.com/premierleague25/photos/players/110x140/244851.png
2025-26-player-236,2025-26,player,236,Pedro Lomba Neto,Neto,MID,7,8,A,,2026-05-04,https://resources.premierleague.com/premierleague25/photos/players/110x140/247632.png
2025-26-player-237,2025-26,player,237,Enzo Fernández,Enzo,MID,7,8,A,,2026-04-04,https://resources.premierleague.com/premierleague25/photos/players/110x140/448047.png
2025-26-player-238,2025-26,player,238,Estêvão Almeida de Oliveira Gonçalves,Estêvão,MID,7,8,I,Hamstring injury - Expected back 01 Jun,2026-04-20,https://resources.premierleague.com/premierleague25/photos/players/110x140/624773.png
2025-26-player-239,2025-26,player,239,Jamie Bynoe-Gittens,Gittens,MID,7,8,D,Hamstring injury - 25% chance of playing,2026-04-04,https://resources.premierleague.com/premierleague25/photos/players/110x140/463936.png
2025-26-player-240,2025-26,player,240,Christopher Nkunku,Nkunku,MID,7,8,U,has joined AC Milan permanently.,2025-09-02,https://resources.premierleague.com/premierleague25/photos/players/110x140/213198.png
2025-26-player-241,2025-26,player,241,Moisés Caicedo Corozo,Caicedo,MID,7,8,A,,2025-12-31,https://resources.premierleague.com/premierleague25/photos/players/110x140/486672.png
2025-26-player-244,2025-26,player,244,Roméo Lavia,Lavia,MID,7,8,D,Knock - 75% chance of playing,2026-05-20,https://resources.premierleague.com/premierleague25/photos/players/110x140/514356.png
2025-26-player-245,2025-26,player,245,Mykhailo Mudryk,Mudryk,MID,7,8,S,Suspended - unknown return date,2025-07-21,https://resources.premierleague.com/premierleague25/photos/players/110x140/465920.png
2025-26-player-246,2025-26,player,246,Andrey Nascimento dos Santos,Andrey Santos,MID,7,8,A,,2026-02-07,https://resources.premierleague.com/premierleague25/photos/players/110x140/532605.png
2025-26-player-247,2025-26,player,247,Dário Luís Essugo,D.Essugo,MID,7,8,A,,2026-01-23,https://resources.premierleague.com/premierleague25/photos/players/110x140/491007.png
2025-26-player-248,2025-26,player,248,Kendry Páez Andrade,Paez,MID,7,8,U,has joined River Plate on loan for the rest of the season.,2025-08-11,https://resources.premierleague.com/premierleague25/photos/players/110x140/611134.png
2025-26-player-249,2025-26,player,249,João Pedro Junqueira de Jesus,João Pedro,FWD,7,8,D,Knock - 75% chance of playing,2026-05-20,https://resources.premierleague.com/premierleague25/photos/players/110x140/475168.png
2025-26-player-250,2025-26,player,250,Liam Delap,Delap,FWD,7,8,A,,2026-01-15,https://resources.premierleague.com/premierleague25/photos/players/110x140/463034.png
2025-26-player-251,2025-26,player,251,Nicolas Jackson,N.Jackson,FWD,7,8,U,has joined Bayern Munich on loan for the rest of the season.,2025-09-02,https://resources.premierleague.com/premierleague25/photos/players/110x140/517052.png
2025-26-player-252,2025-26,player,252,Marc Guiu Paz,Marc Guiu,FWD,7,8,A,,2025-09-24,https://resources.premierleague.com/premierleague25/photos/players/110x140/499309.png
2025-26-player-453,2025-26,player,453,Alejandro Garnacho Ferreyra,Garnacho,MID,7,8,A,,2026-05-04,https://resources.premierleague.com/premierleague25/photos/players/110x140/493105.png
2025-26-player-672,2025-26,player,672,Jorrel Hato,Hato,DEF,7,8,A,,2025-12-29,https://resources.premierleague.com/premierleague25/photos/players/110x140/551210.png
2025-26-player-743,2025-26,player,743,Landon Emenalo,Emenalo,MID,7,8,A,,,https://resources.premierleague.com/premierleague25/photos/players/110x140/611912.png
2025-26-player-789,2025-26,player,789,Max Merrick,Merrick,GKP,7,8,A,,,https://resources.premierleague.com/premierleague25/photos/players/110x140/518335.png
2025-26-player-803,2025-26,player,803,Teddy Sharman-Lowe,Sharman-Lowe,GKP,7,8,A,,,https://resources.premierleague.com/premierleague25/photos/players/110x140/499857.png
2025-26-player-829,2025-26,player,829,Jesse Derry,Derry,MID,7,8,A,,2026-05-04,https://resources.premierleague.com/premierleague25/photos/players/110x140/619734.png
2025-26-player-833,2025-26,player,833,Mathis Eboué,Eboué,MID,7,8,A,,,https://resources.premierleague.com/premierleague25/photos/players/110x140/671606.png
2025-26-player-834,2025-26,player,834,Ryan Kavuma-McQueen,Kavuma-McQueen,MID,7,8,A,,,https://resources.premierleague.com/premierleague25/photos/players/110x140/616286.png
2025-26-player-840,2025-26,player,840,Shumaira Mheuka,Mheuka,FWD,7,8,A,,,https://resources.premierleague.com/premierleague25/photos/players/110x140/567119.png
2025-26-player-253,2025-26,player,253,Dean Henderson,Henderson,GKP,8,31,A,,,https://resources.premierleague.com/premierleague25/photos/players/110x140/172649.png
2025-26-player-254,2025-26,player,254,Walter Benítez,Benitez,GKP,8,31,A,,2025-09-19,https://resources.premierleague.com/premierleague25/photos/players/110x140/121709.png
2025-26-player-255,2025-26,player,255,Remi Matthews,Matthews,GKP,8,31,A,,,https://resources.premierleague.com/premierleague25/photos/players/110x140/169593.png
2025-26-player-256,2025-26,player,256,Daniel Muñoz Mejía,Muñoz,DEF,8,31,A,,2026-03-06,https://resources.premierleague.com/premierleague25/photos/players/110x140/247348.png
2025-26-player-257,2025-26,player,257,Maxence Lacroix,Lacroix,DEF,8,31,A,,2026-04-17,https://resources.premierleague.com/premierleague25/photos/players/110x140/437499.png
2025-26-player-258,2025-26,player,258,Tyrick Mitchell,Mitchell,DEF,8,31,A,,,https://resources.premierleague.com/premierleague25/photos/players/110x140/244723.png
2025-26-player-259,2025-26,player,259,Borna Sosa,Sosa,DEF,8,31,D,Knock - 75% chance of playing,2026-05-03,https://resources.premierleague.com/premierleague25/photos/players/110x140/218364.png
2025-26-player-261,2025-26,player,261,Chris Richards,Richards,DEF,8,31,I,Ankle injury - Expected back 01 Jun,2026-05-17,https://resources.premierleague.com/premierleague25/photos/players/110x140/427623.png
2025-26-player-262,2025-26,player,262,Chadi Riad Dnanou,Chadi Riad,DEF,8,31,A,,2025-12-10,https://resources.premierleague.com/premierleague25/photos/players/110x140/515621.png
2025-26-player-263,2025-26,player,263,Nathaniel Clyne,Clyne,DEF,8,31,A,,2026-04-24,https://resources.premierleague.com/premierleague25/photos/players/110x140/57328.png
2025-26-player-264,2025-26,player,264,Rob Holding,Holding,DEF,8,31,U,Has joined Colorado Rapids permanently.,2025-08-11,https://resources.premierleague.com/premierleague25/photos/players/110x140/156074.png
2025-26-player-265,2025-26,player,265,Caleb Kporha,Kporha,DEF,8,31,A,,2026-02-19,https://resources.premierleague.com/premierleague25/photos/players/110x140/590012.png
2025-26-player-267,2025-26,player,267,Ismaïla Sarr,Sarr,MID,8,31,A,,2025-11-30,https://resources.premierleague.com/premierleague25/photos/players/110x140/232185.png
2025-26-player-268,2025-26,player,268,Cheick Doucouré,Doucouré,MID,8,31,I,Lack of match fitness - Expected back 01 Jun,2026-04-08,https://resources.premierleague.com/premierleague25/photos/players/110x140/438464.png
2025-26-player-269,2025-26,player,269,Romain Esse,Esse,MID,8,31,U,has joined Coventry City on loan for the rest of the season.,2026-01-08,https://resources.premierleague.com/premierleague25/photos/players/110x140/606921.png
2025-26-player-270,2025-26,player,270,Will Hughes,Hughes,MID,8,31,A,,2026-01-01,https://resources.premierleague.com/premierleague25/photos/players/110x140/108413.png
2025-26-player-271,2025-26,player,271,Daichi Kamada,Kamada,MID,8,31,A,,2025-12-15,https://resources.premierleague.com/premierleague25/photos/players/110x140/209400.png
2025-26-player-272,2025-26,player,272,Jefferson Lerma Solís,Lerma,MID,8,31,A,,2026-02-19,https://resources.premierleague.com/premierleague25/photos/players/110x140/152551.png
2025-26-player-273,2025-26,player,273,Adam Wharton,Wharton,MID,8,31,A,,2026-04-17,https://resources.premierleague.com/premierleague25/photos/players/110x140/496221.png
2025-26-player-274,2025-26,player,274,Asher Agbinone,Agbinone,MID,8,31,A,,,https://resources.premierleague.com/premierleague25/photos/players/110x140/579075.png
2025-26-player-275,2025-26,player,275,Naouirou Ahamada,Ahamada,MID,8,31,U,has joined AJ Auxerre permanently.,2026-01-07,https://resources.premierleague.com/premierleague25/photos/players/110x140/466117.png
2025-26-player-276,2025-26,player,276,Justin Devenny,Devenny,MID,8,31,A,,2026-01-30,https://resources.premierleague.com/premierleague25/photos/players/110x140/489706.png
2025-26-player-277,2025-26,player,277,Malcolm Ebiowei,Ebiowei,MID,8,31,U,Has joined Blackpool permanently.,2025-08-11,https://resources.premierleague.com/premierleague25/photos/players/110x140/450535.png
2025-26-player-278,2025-26,player,278,Jesurun Rak-Sakyi,J.Rak-Sakyi,MID,8,31,U,has joined Stoke City on loan for the rest of the season.,2026-02-02,https://resources.premierleague.com/premierleague25/photos/players/110x140/450542.png
2025-26-player-279,2025-26,player,279,Matheus França de Oliveira,M.França,MID,8,31,U,Has joined CR Vasco da Gama on loan for the rest of the season.,2025-08-10,https://resources.premierleague.com/premierleague25/photos/players/110x140/536694.png
2025-26-player-280,2025-26,player,280,David Ozoh,Ozoh,MID,8,31,U,Has joined Derby County on loan for the rest of the season.,2025-07-30,https://resources.premierleague.com/premierleague25/photos/players/110x140/531989.png
2025-26-player-281,2025-26,player,281,Kaden Rodney,Rodney,MID,8,31,A,,,https://resources.premierleague.com/premierleague25/photos/players/110x140/530318.png
2025-26-player-282,2025-26,player,282,Franco Umeh-Chibueze,Umeh,MID,8,31,U,has joined Portsmouth permanently.,2025-09-22,https://resources.premierleague.com/premierleague25/photos/players/110x140/574398.png
2025-26-player-283,2025-26,player,283,Jean-Philippe Mateta,Mateta,FWD,8,31,A,,2026-02-06,https://resources.premierleague.com/premierleague25/photos/players/110x140/231747.png
2025-26-player-284,2025-26,player,284,Eddie Nketiah,Nketiah,FWD,8,31,I,Hamstring injury - Expected back 01 Jun,2026-01-01,https://resources.premierleague.com/premierleague25/photos/players/110x140/205533.png
2025-26-player-285,2025-26,player,285,Odsonne Édouard,Édouard,FWD,8,31,U,has joined RC Lens permanently.,2025-08-28,https://resources.premierleague.com/premierleague25/photos/players/110x140/199670.png
2025-26-player-286,2025-26,player,286,Zach Marsh,Marsh,FWD,8,31,A,,,https://resources.premierleague.com/premierleague25/photos/players/110x140/576980.png
2025-26-player-580,2025-26,player,580,Brennan Johnson,Johnson,MID,8,31,A,,,https://resources.premierleague.com/premierleague25/photos/players/110x140/242898.png
2025-26-player-654,2025-26,player,654,Jørgen Strand Larsen,Strand Larsen,FWD,8,31,A,,2025-10-03,https://resources.premierleague.com/premierleague25/photos/players/110x140/247412.png
2025-26-player-677,2025-26,player,677,Evann Guessand,Guessand,MID,8,31,A,,2026-04-10,https://resources.premierleague.com/premierleague25/photos/players/110x140/485337.png
2025-26-player-690,2025-26,player,690,Rio Cardines,Cardines,MID,8,31,A,,2026-02-19,https://resources.premierleague.com/premierleague25/photos/players/110x140/590014.png
2025-26-player-712,2025-26,player,712,Yéremy Pino Santos,Yeremy,MID,8,31,A,,2025-09-20,https://resources.premierleague.com/premierleague25/photos/players/110x140/488024.png
2025-26-player-723,2025-26,player,723,Jaydee Canvot,Canvot,DEF,8,31,A,,2025-12-10,https://resources.premierleague.com/premierleague25/photos/players/110x140/651426.png
2025-26-player-732,2025-26,player,732,Christantus Uche,Uche,FWD,8,31,A,,,https://resources.premierleague.com/premierleague25/photos/players/110x140/660392.png
2025-26-player-762,2025-26,player,762,Joél Drakes-Thomas,Drakes-Thomas,MID,8,31,A,,,https://resources.premierleague.com/premierleague25/photos/players/110x140/672492.png
2025-26-player-773,2025-26,player,773,Dean Benamar,Benamar,DEF,8,31,A,,,https://resources.premierleague.com/premierleague25/photos/players/110x140/643426.png
2025-26-player-780,2025-26,player,780,Ben Casey,Casey,FWD,8,31,A,,,https://resources.premierleague.com/premierleague25/photos/players/110x140/631106.png
2025-26-player-793,2025-26,player,793,George King,King,DEF,8,31,A,,,https://resources.premierleague.com/premierleague25/photos/players/110x140/591384.png
2025-26-player-798,2025-26,player,798,Danny Imray,Imray,DEF,8,31,U,has joined West Brom on loan for the rest of the season.,2026-02-06,https://resources.premierleague.com/premierleague25/photos/players/110x140/502988.png
2025-26-player-242,2025-26,player,242,Kiernan Dewsbury-Hall,Dewsbury-Hall,MID,9,11,A,,2025-12-13,https://resources.premierleague.com/premierleague25/photos/players/110x140/215413.png
2025-26-player-243,2025-26,player,243,Tyrique George,George,MID,9,11,A,,2026-03-14,https://resources.premierleague.com/premierleague25/photos/players/110x140/550615.png
2025-26-player-287,2025-26,player,287,Jordan Pickford,Pickford,GKP,9,11,A,,,https://resources.premierleague.com/premierleague25/photos/players/110x140/111234.png
2025-26-player-288,2025-26,player,288,Mark Travers,Travers,GKP,9,11,A,,2026-02-24,https://resources.premierleague.com/premierleague25/photos/players/110x140/229600.png
2025-26-player-289,2025-26,player,289,Harry Tyrer,Tyrer,GKP,9,11,U,has joined Cardiff City permanently.,2026-01-19,https://resources.premierleague.com/premierleague25/photos/players/110x140/447325.png
2025-26-player-290,2025-26,player,290,Jarrad Branthwaite,Branthwaite,DEF,9,11,I,Hamstring injury - Expected back 01 Jun,2026-04-19,https://resources.premierleague.com/premierleague25/photos/players/110x140/480455.png
2025-26-player-291,2025-26,player,291,James Tarkowski,Tarkowski,DEF,9,11,A,,2026-03-17,https://resources.premierleague.com/premierleague25/photos/players/110x140/17761.png
2025-26-player-292,2025-26,player,292,Vitalii Mykolenko,Mykolenko,DEF,9,11,A,,2026-01-31,https://resources.premierleague.com/premierleague25/photos/players/110x140/224967.png
2025-26-player-293,2025-26,player,293,Jake O'Brien,O'Brien,DEF,9,11,A,,2026-02-11,https://resources.premierleague.com/premierleague25/photos/players/110x140/512462.png
2025-26-player-294,2025-26,player,294,Séamus Coleman,Coleman,DEF,9,11,A,,2026-03-02,https://resources.premierleague.com/premierleague25/photos/players/110x140/59949.png
2025-26-player-295,2025-26,player,295,Michael Keane,Keane,DEF,9,11,A,,2026-01-07,https://resources.premierleague.com/premierleague25/photos/players/110x140/106611.png
2025-26-player-296,2025-26,player,296,Nathan Patterson,Patterson,DEF,9,11,A,,2025-10-17,https://resources.premierleague.com/premierleague25/photos/players/110x140/243571.png
2025-26-player-297,2025-26,player,297,Roman Dixon,Dixon,DEF,9,11,U,has joined Stockport County on loan for the rest of the season.,2026-02-06,https://resources.premierleague.com/premierleague25/photos/players/110x140/496178.png
2025-26-player-298,2025-26,player,298,Reece Welch,Welch,DEF,9,11,A,,,https://resources.premierleague.com/premierleague25/photos/players/110x140/474907.png
2025-26-player-299,2025-26,player,299,Iliman Ndiaye,Ndiaye,MID,9,11,A,,2026-03-28,https://resources.premierleague.com/premierleague25/photos/players/110x140/440993.png
2025-26-player-300,2025-26,player,300,Dwight McNeil,McNeil,MID,9,11,A,,,https://resources.premierleague.com/premierleague25/photos/players/110x140/433154.png
2025-26-player-301,2025-26,player,301,Carlos Alcaraz Durán,Alcaraz,MID,9,11,A,,2026-02-24,https://resources.premierleague.com/premierleague25/photos/players/110x140/502697.png
2025-26-player-302,2025-26,player,302,Idrissa Gana Gueye,Gana,MID,9,11,D,Lack of match fitness - 50% chance of playing,2026-05-05,https://resources.premierleague.com/premierleague25/photos/players/110x140/80801.png
2025-26-player-303,2025-26,player,303,James Garner,Garner,MID,9,11,A,,,https://resources.premierleague.com/premierleague25/photos/players/110x140/232928.png
2025-26-player-304,2025-26,player,304,Tim Iroegbunam,Iroegbunam,MID,9,11,A,,2026-01-13,https://resources.premierleague.com/premierleague25/photos/players/110x140/490094.png
2025-26-player-305,2025-26,player,305,Harrison Armstrong,Armstrong,MID,9,11,A,,2025-09-02,https://resources.premierleague.com/premierleague25/photos/players/110x140/609873.png
2025-26-player-306,2025-26,player,306,Callum Bates,Bates,MID,9,11,A,,,https://resources.premierleague.com/premierleague25/photos/players/110x140/547801.png
2025-26-player-307,2025-26,player,307,Coby Ebere,Ebere,MID,9,11,A,,,https://resources.premierleague.com/premierleague25/photos/players/110x140/504296.png
2025-26-player-308,2025-26,player,308,Isaac Heath,Heath,MID,9,11,U,has joined Accrington on loan for the rest of the season.,2025-09-02,https://resources.premierleague.com/premierleague25/photos/players/110x140/496279.png
2025-26-player-309,2025-26,player,309,Jenson Metcalfe,Metcalfe,MID,9,11,U,Has joined Bradford City permanently.,2025-07-25,https://resources.premierleague.com/premierleague25/photos/players/110x140/491557.png
2025-26-player-310,2025-26,player,310,Thierno Barry,Barry,FWD,9,11,A,,,https://resources.premierleague.com/premierleague25/photos/players/110x140/586309.png
2025-26-player-311,2025-26,player,311,Norberto Bercique Gomes Betuncal,Beto,FWD,9,11,A,,2026-04-19,https://resources.premierleague.com/premierleague25/photos/players/110x140/486385.png
2025-26-player-312,2025-26,player,312,Youssef Ramalho Chermiti,Y.Chermiti,FWD,9,11,U,has joined Rangers permanently.,2025-09-02,https://resources.premierleague.com/premierleague25/photos/players/110x140/491012.png
2025-26-player-313,2025-26,player,313,Martin Sherif,Sherif,FWD,9,11,U,has joined Port Vale on loan for the rest of the season.,2026-02-06,https://resources.premierleague.com/premierleague25/photos/players/110x140/536241.png
2025-26-player-419,2025-26,player,419,Jack Grealish,Grealish,MID,9,11,I,Foot injury - Expected back 01 Jun,2026-01-21,https://resources.premierleague.com/premierleague25/photos/players/110x140/114283.png
2025-26-player-630,2025-26,player,630,Tom King,King,GKP,9,11,A,,,https://resources.premierleague.com/premierleague25/photos/players/110x140/138001.png
2025-26-player-667,2025-26,player,667,Adam Aznou,Aznou,DEF,9,11,A,,2025-08-29,https://resources.premierleague.com/premierleague25/photos/players/110x140/499300.png
2025-26-player-704,2025-26,player,704,Tyler Onyango,Onyango,MID,9,11,U,has joined Stockport County on loan for the rest of the season.,2025-09-02,https://resources.premierleague.com/premierleague25/photos/players/110x140/461446.png
2025-26-player-705,2025-26,player,705,Elijah Campbell,Campbell,DEF,9,11,U,has joined Port Vale on loan for the rest of the season.,2026-02-06,https://resources.premierleague.com/premierleague25/photos/players/110x140/491745.png
2025-26-player-707,2025-26,player,707,Tyler Dibling,Dibling,MID,9,11,A,,,https://resources.premierleague.com/premierleague25/photos/players/110x140/496661.png
2025-26-player-728,2025-26,player,728,Merlin Röhl,Röhl,MID,9,11,A,,2025-11-21,https://resources.premierleague.com/premierleague25/photos/players/110x140/513466.png
2025-26-player-779,2025-26,player,779,Braiden Graham,Graham,FWD,9,11,A,,,https://resources.premierleague.com/premierleague25/photos/players/110x140/629068.png
2025-26-player-314,2025-26,player,314,Bernd Leno,Leno,GKP,10,54,A,,,https://resources.premierleague.com/premierleague25/photos/players/110x140/80201.png
2025-26-player-315,2025-26,player,315,Steven Benda,Benda,GKP,10,54,U,has joined Feyenoord on loan for the rest of the season.,2026-02-04,https://resources.premierleague.com/premierleague25/photos/players/110x140/428971.png
2025-26-player-316,2025-26,player,316,Antonee Robinson,Robinson,DEF,10,54,A,,2026-02-22,https://resources.premierleague.com/premierleague25/photos/players/110x140/169528.png
2025-26-player-317,2025-26,player,317,Joachim Andersen,Andersen,DEF,10,54,S,Suspended until 29 Aug,2026-05-09,https://resources.premierleague.com/premierleague25/photos/players/110x140/174874.png
2025-26-player-318,2025-26,player,318,Calvin Bassey,Bassey,DEF,10,54,A,,2026-03-27,https://resources.premierleague.com/premierleague25/photos/players/110x140/232892.png
2025-26-player-319,2025-26,player,319,Timothy Castagne,Castagne,DEF,10,54,A,,,https://resources.premierleague.com/premierleague25/photos/players/110x140/166477.png
2025-26-player-320,2025-26,player,320,Issa Diop,Diop,DEF,10,54,A,,,https://resources.premierleague.com/premierleague25/photos/players/110x140/219924.png
2025-26-player-321,2025-26,player,321,Jorge Cuenca Barreno,J.Cuenca,DEF,10,54,A,,,https://resources.premierleague.com/premierleague25/photos/players/110x140/246301.png
2025-26-player-322,2025-26,player,322,Kenny Tete,Tete,DEF,10,54,A,,2026-03-20,https://resources.premierleague.com/premierleague25/photos/players/110x140/167074.png
2025-26-player-323,2025-26,player,323,Samuel Amissah,Amissah,DEF,10,54,A,,,https://resources.premierleague.com/premierleague25/photos/players/110x140/591385.png
2025-26-player-324,2025-26,player,324,Alex Iwobi,Iwobi,MID,10,54,A,,2026-04-18,https://resources.premierleague.com/premierleague25/photos/players/110x140/153133.png
2025-26-player-325,2025-26,player,325,Emile Smith Rowe,Smith Rowe,MID,10,54,A,,2026-03-16,https://resources.premierleague.com/premierleague25/photos/players/110x140/209289.png
2025-26-player-327,2025-26,player,327,Andreas Hoelgebaum Pereira,Andreas,MID,10,54,U,has joined Palmeiras permanently.,2025-09-02,https://resources.premierleague.com/premierleague25/photos/players/110x140/156689.png
2025-26-player-328,2025-26,player,328,Ryan Sessegnon,Sessegnon,MID,10,54,D,Lack of match fitness - 75% chance of playing,2026-04-28,https://resources.premierleague.com/premierleague25/photos/players/110x140/184349.png
2025-26-player-329,2025-26,player,329,Harry Wilson,Wilson,MID,10,54,A,,2026-03-01,https://resources.premierleague.com/premierleague25/photos/players/110x140/153682.png
2025-26-player-330,2025-26,player,330,Sander Berge,Berge,MID,10,54,A,,,https://resources.premierleague.com/premierleague25/photos/players/110x140/207189.png
2025-26-player-331,2025-26,player,331,Tom Cairney,Cairney,MID,10,54,A,,2026-02-09,https://resources.premierleague.com/premierleague25/photos/players/110x140/76357.png
2025-26-player-332,2025-26,player,332,Saša Lukić,Lukić,MID,10,54,A,,2026-01-17,https://resources.premierleague.com/premierleague25/photos/players/110x140/212314.png
2025-26-player-333,2025-26,player,333,Martial Godo,Godo,MID,10,54,U,has joined Strasbourg permanently.,2025-09-02,https://resources.premierleague.com/premierleague25/photos/players/110x140/573062.png
2025-26-player-334,2025-26,player,334,Luke Harris,Harris,MID,10,54,U,Has joined Oxford United on loan for the rest of the season.,2025-07-28,https://resources.premierleague.com/premierleague25/photos/players/110x140/515024.png
2025-26-player-335,2025-26,player,335,Josh King,King,MID,10,54,A,,2026-01-01,https://resources.premierleague.com/premierleague25/photos/players/110x140/577725.png
2025-26-player-336,2025-26,player,336,Harrison Reed,Reed,MID,10,54,A,,2026-04-09,https://resources.premierleague.com/premierleague25/photos/players/110x140/153366.png
2025-26-player-337,2025-26,player,337,Raúl Jiménez Rodríguez,Raúl,FWD,10,54,A,,2025-10-29,https://resources.premierleague.com/premierleague25/photos/players/110x140/102057.png
2025-26-player-338,2025-26,player,338,Rodrigo Muniz Carvalho,Muniz,FWD,10,54,A,,2025-11-08,https://resources.premierleague.com/premierleague25/photos/players/110x140/244042.png
2025-26-player-424,2025-26,player,424,Oscar Bobb,Bobb,MID,10,54,A,,2025-12-18,https://resources.premierleague.com/premierleague25/photos/players/110x140/477555.png
2025-26-player-664,2025-26,player,664,Benjamin Lecomte,Lecomte,GKP,10,54,A,,,https://resources.premierleague.com/premierleague25/photos/players/110x140/86873.png
2025-26-player-727,2025-26,player,727,Samuel Chukwueze,Chukwueze,MID,10,54,A,,2026-02-20,https://resources.premierleague.com/premierleague25/photos/players/110x140/218328.png
2025-26-player-731,2025-26,player,731,Kevin Santos Lopes de Macedo,Kevin,MID,10,54,A,,2026-02-22,https://resources.premierleague.com/premierleague25/photos/players/110x140/560552.png
2025-26-player-737,2025-26,player,737,Jonah Kusi-Asare,Kusi-Asare,FWD,10,54,I,Knee injury - Expected back 01 Jun,2026-05-22,https://resources.premierleague.com/premierleague25/photos/players/110x140/631786.png
2025-26-player-770,2025-26,player,770,Seth Ridgeon,Ridgeon,MID,10,54,A,,,https://resources.premierleague.com/premierleague25/photos/players/110x140/619536.png
2025-26-player-786,2025-26,player,786,Alfie McNally,McNally,GKP,10,54,A,,,https://resources.premierleague.com/premierleague25/photos/players/110x140/505079.png
2025-26-player-168,2025-26,player,168,Facundo Buonanotte,Buonanotte,MID,11,2,A,,2026-05-09,https://resources.premierleague.com/premierleague25/photos/players/110x140/536916.png
2025-26-player-339,2025-26,player,339,Illan Meslier,Meslier,GKP,11,2,A,,,https://resources.premierleague.com/premierleague25/photos/players/110x140/437495.png
2025-26-player-340,2025-26,player,340,Alex Cairns,Cairns,GKP,11,2,A,,,https://resources.premierleague.com/premierleague25/photos/players/110x140/97846.png
2025-26-player-341,2025-26,player,341,Karl Darlow,Darlow,GKP,11,2,A,,,https://resources.premierleague.com/premierleague25/photos/players/110x140/59735.png
2025-26-player-342,2025-26,player,342,Jayden Bogle,Bogle,DEF,11,2,D,Hamstring injury - 75% chance of playing,2026-05-12,https://resources.premierleague.com/premierleague25/photos/players/110x140/226182.png
2025-26-player-343,2025-26,player,343,Pascal Struijk,Struijk,DEF,11,2,D,Hip injury - 75% chance of playing,2026-05-08,https://resources.premierleague.com/premierleague25/photos/players/110x140/222694.png
2025-26-player-344,2025-26,player,344,Jaka Bijol,Bijol,DEF,11,2,A,,2026-04-29,https://resources.premierleague.com/premierleague25/photos/players/110x140/434752.png
2025-26-player-345,2025-26,player,345,Sebastiaan Bornauw,Bornauw,DEF,11,2,A,,2026-01-11,https://resources.premierleague.com/premierleague25/photos/players/110x140/437738.png
2025-26-player-346,2025-26,player,346,Sam Byram,Byram,DEF,11,2,A,,,https://resources.premierleague.com/premierleague25/photos/players/110x140/113564.png
2025-26-player-347,2025-26,player,347,Gabriel Gudmundsson,Gudmundsson,DEF,11,2,I,Hamstring injury - Expected back 01 Jun,2026-04-26,https://resources.premierleague.com/premierleague25/photos/players/110x140/243526.png
2025-26-player-348,2025-26,player,348,Joe Rodon,Rodon,DEF,11,2,A,,2026-04-05,https://resources.premierleague.com/premierleague25/photos/players/110x140/214225.png
2025-26-player-349,2025-26,player,349,Isaac Schmidt,Schmidt,DEF,11,2,U,has joined Werder Bremen on loan for the rest of the season.,2025-09-02,https://resources.premierleague.com/premierleague25/photos/players/110x140/492368.png
2025-26-player-350,2025-26,player,350,Brenden Aaronson,Aaronson,MID,11,2,D,Knee injury - 75% chance of playing,2026-05-17,https://resources.premierleague.com/premierleague25/photos/players/110x140/427637.png
2025-26-player-351,2025-26,player,351,Wilfried Gnonto,Gnonto,MID,11,2,A,,2025-09-18,https://resources.premierleague.com/premierleague25/photos/players/110x140/492859.png
2025-26-player-352,2025-26,player,352,Jack Harrison,Harrison,MID,11,2,U,has joined ACF Fiorentina on loan for the rest of the season.,2026-01-19,https://resources.premierleague.com/premierleague25/photos/players/110x140/221399.png
2025-26-player-353,2025-26,player,353,Daniel James,James,MID,11,2,A,,2026-04-08,https://resources.premierleague.com/premierleague25/photos/players/110x140/200617.png
2025-26-player-354,2025-26,player,354,Ethan Ampadu,Ampadu,MID,11,2,A,,2026-05-15,https://resources.premierleague.com/premierleague25/photos/players/110x140/199598.png
2025-26-player-355,2025-26,player,355,Sam Greenwood,Greenwood,MID,11,2,U,has joined Pogon Szczecin permanently.,2025-09-02,https://resources.premierleague.com/premierleague25/photos/players/110x140/248937.png
2025-26-player-356,2025-26,player,356,Ilia Gruev,Gruev,MID,11,2,I,Knee injury - Expected back 01 Jun,2026-04-24,https://resources.premierleague.com/premierleague25/photos/players/110x140/486520.png
2025-26-player-357,2025-26,player,357,Largie Ramazani,Ramazani,MID,11,2,U,has joined Valencia on loan for the rest of the season.,2025-09-02,https://resources.premierleague.com/premierleague25/photos/players/110x140/433952.png
2025-26-player-358,2025-26,player,358,Tanaka Ao,Tanaka,MID,11,2,A,,2025-08-24,https://resources.premierleague.com/premierleague25/photos/players/110x140/248056.png
2025-26-player-359,2025-26,player,359,Charlie Crew,Crew,MID,11,2,U,Has joined Doncaster Rovers on loan for the rest of the season.,2025-08-11,https://resources.premierleague.com/premierleague25/photos/players/110x140/536119.png
2025-26-player-360,2025-26,player,360,Joe Gelhardt,Gelhardt,MID,11,2,U,Has joined Hull City on loan for the rest of the season.,2025-08-11,https://resources.premierleague.com/premierleague25/photos/players/110x140/462635.png
2025-26-player-361,2025-26,player,361,Darko Gyabi,Gyabi,MID,11,2,U,has joined Hull City permanently.,2025-09-02,https://resources.premierleague.com/premierleague25/photos/players/110x140/470294.png
2025-26-player-362,2025-26,player,362,Joël Piroe,Piroe,FWD,11,2,A,,2025-09-11,https://resources.premierleague.com/premierleague25/photos/players/110x140/235826.png
2025-26-player-363,2025-26,player,363,Patrick Bamford,Bamford,FWD,11,2,U,has departed the club as a free agent.,2025-09-02,https://resources.premierleague.com/premierleague25/photos/players/110x140/106617.png
2025-26-player-364,2025-26,player,364,Mateo Joseph Fernández-Regatillo,Mateo Joseph,FWD,11,2,U,Has joined RCD Mallorca on loan for the rest of the season.,2025-08-11,https://resources.premierleague.com/premierleague25/photos/players/110x140/565297.png
2025-26-player-365,2025-26,player,365,Lukas Nmecha,Nmecha,FWD,11,2,A,,2026-01-29,https://resources.premierleague.com/premierleague25/photos/players/110x140/174594.png
2025-26-player-493,2025-26,player,493,Sean Longstaff,Longstaff,MID,11,2,A,,2025-11-27,https://resources.premierleague.com/premierleague25/photos/players/110x140/180135.png
2025-26-player-660,2025-26,player,660,Anton Stach,Stach,MID,11,2,I,Ankle injury - Expected back 01 Jun,2026-05-17,https://resources.premierleague.com/premierleague25/photos/players/110x140/466525.png
2025-26-player-665,2025-26,player,665,Lucas Estella Perri,Perri,GKP,11,2,A,,2025-09-11,https://resources.premierleague.com/premierleague25/photos/players/110x140/201595.png
2025-26-player-691,2025-26,player,691,Dominic Calvert-Lewin,Calvert-Lewin,FWD,11,2,A,,2026-03-13,https://resources.premierleague.com/premierleague25/photos/players/110x140/177815.png
2025-26-player-698,2025-26,player,698,Noah Okafor,Okafor,MID,11,2,I,Calf injury - Expected back 01 Jun,2026-05-08,https://resources.premierleague.com/premierleague25/photos/players/110x140/435997.png
2025-26-player-706,2025-26,player,706,James Justin,Justin,DEF,11,2,A,,2026-03-02,https://resources.premierleague.com/premierleague25/photos/players/110x140/220627.png
2025-26-player-741,2025-26,player,741,Harry Gray,Gray,FWD,11,2,U,has joined Rotherham United on loan for the rest of the season.,2026-01-16,https://resources.premierleague.com/premierleague25/photos/players/110x140/600882.png
2025-26-player-787,2025-26,player,787,Sam Chambers,Chambers,MID,11,2,A,,,https://resources.premierleague.com/premierleague25/photos/players/110x140/565863.png
2025-26-player-837,2025-26,player,837,Jayden Lienou,Lienou,DEF,11,2,A,,,https://resources.premierleague.com/premierleague25/photos/players/110x140/643970.png
2025-26-player-838,2025-26,player,838,Rhys Chadwick,Chadwick,MID,11,2,A,,,https://resources.premierleague.com/premierleague25/photos/players/110x140/577978.png
2025-26-player-839,2025-26,player,839,Alfie Cresswell,Cresswell,MID,11,2,A,,,https://resources.premierleague.com/premierleague25/photos/players/110x140/592740.png
2025-26-player-366,2025-26,player,366,Alisson Becker,A.Becker,GKP,12,14,D,Lack of match fitness - 75% chance of playing,2026-03-20,https://resources.premierleague.com/premierleague25/photos/players/110x140/116535.png
2025-26-player-367,2025-26,player,367,Giorgi Mamardashvili,Mamardashvili,GKP,12,14,A,,2026-04-19,https://resources.premierleague.com/premierleague25/photos/players/110x140/449027.png
2025-26-player-368,2025-26,player,368,Ármin Pécsi,Pécsi,GKP,12,14,A,,,https://resources.premierleague.com/premierleague25/photos/players/110x140/586268.png
2025-26-player-369,2025-26,player,369,Freddie Woodman,Woodman,GKP,12,14,A,,,https://resources.premierleague.com/premierleague25/photos/players/110x140/155503.png
2025-26-player-370,2025-26,player,370,Jeremie Frimpong,Frimpong,DEF,12,14,D,Knock - 75% chance of playing,2026-05-16,https://resources.premierleague.com/premierleague25/photos/players/110x140/216094.png
2025-26-player-371,2025-26,player,371,Milos Kerkez,Kerkez,DEF,12,14,A,,2026-05-01,https://resources.premierleague.com/premierleague25/photos/players/110x140/544877.png
2025-26-player-372,2025-26,player,372,Andrew Robertson,Robertson,DEF,12,14,A,,,https://resources.premierleague.com/premierleague25/photos/players/110x140/122798.png
2025-26-player-373,2025-26,player,373,Virgil van Dijk,Virgil,DEF,12,14,A,,,https://resources.premierleague.com/premierleague25/photos/players/110x140/97032.png
2025-26-player-374,2025-26,player,374,Ibrahima Konaté,Konaté,DEF,12,14,A,,2026-01-23,https://resources.premierleague.com/premierleague25/photos/players/110x140/204716.png
2025-26-player-375,2025-26,player,375,Conor Bradley,Bradley,DEF,12,14,I,Knee injury - Expected back 01 Jun,2026-01-09,https://resources.premierleague.com/premierleague25/photos/players/110x140/492777.png
2025-26-player-376,2025-26,player,376,Joe Gomez,Gomez,DEF,12,14,A,,2026-04-17,https://resources.premierleague.com/premierleague25/photos/players/110x140/171287.png
2025-26-player-377,2025-26,player,377,Konstantinos Tsimikas,Tsimikas,DEF,12,14,U,has joined AS Roma on loan for the rest of the season.,2025-09-22,https://resources.premierleague.com/premierleague25/photos/players/110x140/214285.png
2025-26-player-378,2025-26,player,378,Amara Nallo,Nallo,DEF,12,14,A,,2025-10-30,https://resources.premierleague.com/premierleague25/photos/players/110x140/611926.png
2025-26-player-379,2025-26,player,379,Rhys Williams,R.Williams,DEF,12,14,A,,,https://resources.premierleague.com/premierleague25/photos/players/110x140/219937.png
2025-26-player-380,2025-26,player,380,Calvin Ramsay,Ramsay,DEF,12,14,A,,,https://resources.premierleague.com/premierleague25/photos/players/110x140/489580.png
2025-26-player-381,2025-26,player,381,Mohamed Salah,M.Salah,MID,12,14,A,,2026-04-25,https://resources.premierleague.com/premierleague25/photos/players/110x140/118748.png
2025-26-player-382,2025-26,player,382,Florian Wirtz,Wirtz,MID,12,14,A,,2026-05-14,https://resources.premierleague.com/premierleague25/photos/players/110x140/494595.png
2025-26-player-383,2025-26,player,383,Luis Díaz Marulanda,Luis Díaz,MID,12,14,U,Has joined Bayern Munch permanently.,2025-07-30,https://resources.premierleague.com/premierleague25/photos/players/110x140/244731.png
2025-26-player-384,2025-26,player,384,Cody Gakpo,Gakpo,MID,12,14,A,,2025-12-09,https://resources.premierleague.com/premierleague25/photos/players/110x140/243298.png
2025-26-player-385,2025-26,player,385,Federico Chiesa,Chiesa,MID,12,14,A,,2026-03-24,https://resources.premierleague.com/premierleague25/photos/players/110x140/223541.png
2025-26-player-386,2025-26,player,386,Alexis Mac Allister,Mac Allister,MID,12,14,A,,2025-08-28,https://resources.premierleague.com/premierleague25/photos/players/110x140/243016.png
2025-26-player-387,2025-26,player,387,Dominik Szoboszlai,Szoboszlai,MID,12,14,A,,2026-02-08,https://resources.premierleague.com/premierleague25/photos/players/110x140/424876.png
2025-26-player-388,2025-26,player,388,Curtis Jones,C.Jones,MID,12,14,A,,2026-04-12,https://resources.premierleague.com/premierleague25/photos/players/110x140/206915.png
2025-26-player-390,2025-26,player,390,Ryan Gravenberch,Gravenberch,MID,12,14,A,,2025-10-20,https://resources.premierleague.com/premierleague25/photos/players/110x140/441266.png
2025-26-player-392,2025-26,player,392,Endo Wataru,Endo,MID,12,14,D,Foot injury - 50% chance of playing,2026-02-12,https://resources.premierleague.com/premierleague25/photos/players/110x140/158983.png
2025-26-player-393,2025-26,player,393,Stefan Bajčetić Maquieira,Bajcetic,MID,12,14,I,Hamstring injury - Unknown return date,2025-09-12,https://resources.premierleague.com/premierleague25/photos/players/110x140/535928.png
2025-26-player-394,2025-26,player,394,James McConnell,McConnell,MID,12,14,U,has joined Ajax on loan for the rest of the season.,2025-09-22,https://resources.premierleague.com/premierleague25/photos/players/110x140/491501.png
2025-26-player-395,2025-26,player,395,Tyler Morton,Morton,MID,12,14,U,Has joined Lyon permanently.,2025-08-11,https://resources.premierleague.com/premierleague25/photos/players/110x140/440148.png
2025-26-player-396,2025-26,player,396,Trey Nyoni,Nyoni,MID,12,14,A,,,https://resources.premierleague.com/premierleague25/photos/players/110x140/591386.png
2025-26-player-397,2025-26,player,397,Darwin Núñez Ribeiro,Darwin,FWD,12,14,U,Has joined Al-Hilal permanently.,2025-08-11,https://resources.premierleague.com/premierleague25/photos/players/110x140/447203.png
2025-26-player-398,2025-26,player,398,Jayden Danns,Danns,FWD,12,14,I,Hamstring injury - Unknown return date,2025-10-17,https://resources.premierleague.com/premierleague25/photos/players/110x140/500058.png
2025-26-player-499,2025-26,player,499,Alexander Isak,Isak,FWD,12,14,D,Knock - 75% chance of playing,2026-05-16,https://resources.premierleague.com/premierleague25/photos/players/110x140/219168.png
2025-26-player-661,2025-26,player,661,Hugo Ekitiké,Ekitiké,FWD,12,14,I,Achilles injury - Expected back 01 Jul,2026-04-15,https://resources.premierleague.com/premierleague25/photos/players/110x140/510663.png
2025-26-player-686,2025-26,player,686,Rio Ngumoha,Ngumoha,MID,12,14,A,,,https://resources.premierleague.com/premierleague25/photos/players/110x140/611922.png
2025-26-player-692,2025-26,player,692,Giovanni Leoni,Leoni,DEF,12,14,I,Knee injury - Expected back 01 Sep,2025-09-24,https://resources.premierleague.com/premierleague25/photos/players/110x140/647681.png
2025-26-player-746,2025-26,player,746,Kieran Morrison,Morrison,MID,12,14,A,,,https://resources.premierleague.com/premierleague25/photos/players/110x140/596042.png
2025-26-player-760,2025-26,player,760,Wellity Lucky,Lucky,DEF,12,14,A,,,https://resources.premierleague.com/premierleague25/photos/players/110x140/519440.png
2025-26-player-830,2025-26,player,830,Will Wright,Wright,FWD,12,14,A,,,https://resources.premierleague.com/premierleague25/photos/players/110x140/677945.png
2025-26-player-832,2025-26,player,832,Talla Ndiaye,Ndiaye,DEF,12,14,A,,,https://resources.premierleague.com/premierleague25/photos/players/110x140/718875.png
2025-26-player-82,2025-26,player,82,Antoine Semenyo,Semenyo,MID,13,43,A,,2025-11-17,https://resources.premierleague.com/premierleague25/photos/players/110x140/437730.png
2025-26-player-182,2025-26,player,182,James Trafford,Trafford,GKP,13,43,A,,,https://resources.premierleague.com/premierleague25/photos/players/110x140/432720.png
2025-26-player-260,2025-26,player,260,Marc Guéhi,Guéhi,DEF,13,43,A,,2026-01-17,https://resources.premierleague.com/premierleague25/photos/players/110x140/209036.png
2025-26-player-399,2025-26,player,399,Ederson Santana de Moraes,Ederson M.,GKP,13,43,U,has joined Fenerbache permanently.,2025-09-02,https://resources.premierleague.com/premierleague25/photos/players/110x140/121160.png
2025-26-player-401,2025-26,player,401,Marcus Bettinelli,Bettinelli,GKP,13,43,A,,2025-08-22,https://resources.premierleague.com/premierleague25/photos/players/110x140/122074.png
2025-26-player-402,2025-26,player,402,Rayan Aït-Nouri,Aït-Nouri,DEF,13,43,A,,2025-12-13,https://resources.premierleague.com/premierleague25/photos/players/110x140/448514.png
2025-26-player-403,2025-26,player,403,Joško Gvardiol,Gvardiol,DEF,13,43,A,,2026-01-04,https://resources.premierleague.com/premierleague25/photos/players/110x140/477424.png
2025-26-player-404,2025-26,player,404,Manuel Akanji,Akanji,DEF,13,43,U,has joined Inter Milan on loan for the rest of the season.,2025-09-02,https://resources.premierleague.com/premierleague25/photos/players/110x140/211975.png
2025-26-player-405,2025-26,player,405,Nathan Aké,Aké,DEF,13,43,A,,,https://resources.premierleague.com/premierleague25/photos/players/110x140/126184.png
2025-26-player-406,2025-26,player,406,Abdukodir Khusanov,Khusanov,DEF,13,43,A,,2026-02-08,https://resources.premierleague.com/premierleague25/photos/players/110x140/578153.png
2025-26-player-407,2025-26,player,407,Matheus Nunes,Matheus N.,DEF,13,43,A,,2026-01-20,https://resources.premierleague.com/premierleague25/photos/players/110x140/465351.png
2025-26-player-408,2025-26,player,408,Rúben dos Santos Gato Alves Dias,Rúben,DEF,13,43,A,,2026-03-27,https://resources.premierleague.com/premierleague25/photos/players/110x140/171314.png
2025-26-player-409,2025-26,player,409,John Stones,Stones,DEF,13,43,A,,2026-03-30,https://resources.premierleague.com/premierleague25/photos/players/110x140/97299.png
2025-26-player-410,2025-26,player,410,Rico Lewis,Lewis,DEF,13,43,A,,2026-03-11,https://resources.premierleague.com/premierleague25/photos/players/110x140/477064.png
2025-26-player-411,2025-26,player,411,Nico O'Reilly,O'Reilly,DEF,13,43,A,,2026-04-12,https://resources.premierleague.com/premierleague25/photos/players/110x140/472769.png
2025-26-player-412,2025-26,player,412,Vitor de Oliveira Nunes dos Reis,Vitor Reis,DEF,13,43,U,Has joined Girona on loan for the rest of the season.,2025-08-11,https://resources.premierleague.com/premierleague25/photos/players/110x140/616222.png
2025-26-player-413,2025-26,player,413,Omar Marmoush,Marmoush,MID,13,43,A,,2025-12-13,https://resources.premierleague.com/premierleague25/photos/players/110x140/438234.png
2025-26-player-414,2025-26,player,414,Phil Foden,Foden,MID,13,43,A,,2025-08-10,https://resources.premierleague.com/premierleague25/photos/players/110x140/209244.png
2025-26-player-415,2025-26,player,415,Sávio Moreira de Oliveira,Savinho,MID,13,43,A,,2026-01-02,https://resources.premierleague.com/premierleague25/photos/players/110x140/510281.png
2025-26-player-416,2025-26,player,416,Bernardo Mota Veiga de Carvalho e Silva,Bernardo,MID,13,43,A,,2026-02-05,https://resources.premierleague.com/premierleague25/photos/players/110x140/165809.png
2025-26-player-417,2025-26,player,417,Rayan Cherki,Cherki,MID,13,43,A,,2026-02-02,https://resources.premierleague.com/premierleague25/photos/players/110x140/466052.png
2025-26-player-418,2025-26,player,418,Jérémy Doku,Doku,MID,13,43,A,,2026-01-29,https://resources.premierleague.com/premierleague25/photos/players/110x140/248875.png
2025-26-player-420,2025-26,player,420,İlkay Gündoğan,Gündoğan,MID,13,43,U,has joined Galatasaray permanently.,2025-09-05,https://resources.premierleague.com/premierleague25/photos/players/110x140/59859.png
2025-26-player-421,2025-26,player,421,Rodrigo 'Rodri' Hernandez Cascante,Rodrigo,MID,13,43,A,,2026-04-24,https://resources.premierleague.com/premierleague25/photos/players/110x140/220566.png
2025-26-player-422,2025-26,player,422,Mateo Kovačić,Kovačić,MID,13,43,A,,2025-11-03,https://resources.premierleague.com/premierleague25/photos/players/110x140/91651.png
2025-26-player-423,2025-26,player,423,Nico González Iglesias,N.Gonzalez,MID,13,43,A,,2026-01-16,https://resources.premierleague.com/premierleague25/photos/players/110x140/465694.png
2025-26-player-425,2025-26,player,425,Claudio Echeverri,Echeverri,MID,13,43,U,has joined Girona on loan for the rest of the season.,2025-08-21,https://resources.premierleague.com/premierleague25/photos/players/110x140/575204.png
2025-26-player-427,2025-26,player,427,Tijjani Reijnders,Reijnders,MID,13,43,A,,,https://resources.premierleague.com/premierleague25/photos/players/110x140/433036.png
2025-26-player-428,2025-26,player,428,Sverre Nypan,Nypan,MID,13,43,A,,2025-08-19,https://resources.premierleague.com/premierleague25/photos/players/110x140/566164.png
2025-26-player-429,2025-26,player,429,Kalvin Phillips,Phillips,MID,13,43,U,has joined Sheffield United on loan for the rest of the season.,2026-02-02,https://resources.premierleague.com/premierleague25/photos/players/110x140/155405.png
2025-26-player-430,2025-26,player,430,Erling Haaland,Haaland,FWD,13,43,A,,2026-02-28,https://resources.premierleague.com/premierleague25/photos/players/110x140/223094.png
2025-26-player-736,2025-26,player,736,Gianluigi Donnarumma,Donnarumma,GKP,13,43,A,,,https://resources.premierleague.com/premierleague25/photos/players/110x140/204936.png
2025-26-player-739,2025-26,player,739,Divine Mukasa,Mukasa,MID,13,43,U,has joined Leicester City on loan for the rest of the season.,2026-02-06,https://resources.premierleague.com/premierleague25/photos/players/110x140/590039.png
2025-26-player-740,2025-26,player,740,Stephen Mfuni,Mfuni,DEF,13,43,U,has joined Watford on loan for the rest of the season.,2026-02-06,https://resources.premierleague.com/premierleague25/photos/players/110x140/566213.png
2025-26-player-742,2025-26,player,742,Ryan McAidoo,McAidoo,MID,13,43,A,,,https://resources.premierleague.com/premierleague25/photos/players/110x140/616288.png
2025-26-player-763,2025-26,player,763,Charlie Gray,Gray,MID,13,43,A,,,https://resources.premierleague.com/premierleague25/photos/players/110x140/516234.png
2025-26-player-764,2025-26,player,764,Reigan Heskey,Heskey,MID,13,43,A,,,https://resources.premierleague.com/premierleague25/photos/players/110x140/580921.png
2025-26-player-794,2025-26,player,794,Max Alleyne,Alleyne,DEF,13,43,A,,2026-02-15,https://resources.premierleague.com/premierleague25/photos/players/110x140/494307.png
2025-26-player-119,2025-26,player,119,Bryan Mbeumo,Mbeumo,MID,14,1,A,,2026-04-20,https://resources.premierleague.com/premierleague25/photos/players/110x140/446008.png
2025-26-player-431,2025-26,player,431,Altay Bayındır,Bayindir,GKP,14,1,A,,,https://resources.premierleague.com/premierleague25/photos/players/110x140/451302.png
2025-26-player-432,2025-26,player,432,André Onana,Onana,GKP,14,1,U,has joined Trabzonspor on loan for the rest of the season.,2025-09-12,https://resources.premierleague.com/premierleague25/photos/players/110x140/202641.png
2025-26-player-433,2025-26,player,433,Elyh Harrison,Harrison,GKP,14,1,U,On loan to Shrewsbury Town,2025-07-23,https://resources.premierleague.com/premierleague25/photos/players/110x140/588555.png
2025-26-player-434,2025-26,player,434,Tom Heaton,Heaton,GKP,14,1,A,,,https://resources.premierleague.com/premierleague25/photos/players/110x140/21205.png
2025-26-player-435,2025-26,player,435,Dermot Mee,Mee,GKP,14,1,A,,,https://resources.premierleague.com/premierleague25/photos/players/110x140/461537.png
2025-26-player-436,2025-26,player,436,Matthijs de Ligt,De Ligt,DEF,14,1,I,Back injury - Expected back 01 Jun,2025-12-05,https://resources.premierleague.com/premierleague25/photos/players/110x140/209365.png
2025-26-player-437,2025-26,player,437,Lisandro Martínez,Martinez,DEF,14,1,A,,2026-02-24,https://resources.premierleague.com/premierleague25/photos/players/110x140/221820.png
2025-26-player-438,2025-26,player,438,Noussair Mazraoui,Mazraoui,DEF,14,1,A,,2026-03-18,https://resources.premierleague.com/premierleague25/photos/players/110x140/230001.png
2025-26-player-439,2025-26,player,439,Diego León Blanco,D.Leon,DEF,14,1,A,,,https://resources.premierleague.com/premierleague25/photos/players/110x140/661712.png
2025-26-player-440,2025-26,player,440,Diogo Dalot Teixeira,Dalot,DEF,14,1,A,,2025-12-05,https://resources.premierleague.com/premierleague25/photos/players/110x140/216051.png
2025-26-player-441,2025-26,player,441,Patrick Dorgu,Dorgu,DEF,14,1,A,,2026-01-26,https://resources.premierleague.com/premierleague25/photos/players/110x140/596777.png
2025-26-player-442,2025-26,player,442,Harry Maguire,Maguire,DEF,14,1,A,,2026-04-16,https://resources.premierleague.com/premierleague25/photos/players/110x140/95658.png
2025-26-player-443,2025-26,player,443,Luke Shaw,Shaw,DEF,14,1,A,,2026-04-28,https://resources.premierleague.com/premierleague25/photos/players/110x140/106760.png
2025-26-player-444,2025-26,player,444,Leny Yoro,Yoro,DEF,14,1,A,,2026-04-18,https://resources.premierleague.com/premierleague25/photos/players/110x140/550864.png
2025-26-player-445,2025-26,player,445,Harry Amass,Amass,DEF,14,1,U,has joined Norwich City on loan for the rest of the season.,2025-09-02,https://resources.premierleague.com/premierleague25/photos/players/110x140/577974.png
2025-26-player-446,2025-26,player,446,Tyler Fredricson,Fredricson,DEF,14,1,A,,,https://resources.premierleague.com/premierleague25/photos/players/110x140/547676.png
2025-26-player-447,2025-26,player,447,Ayden Heaven,Heaven,DEF,14,1,A,,2025-10-14,https://resources.premierleague.com/premierleague25/photos/players/110x140/606745.png
2025-26-player-448,2025-26,player,448,Tyrell Malacia,Malacia,DEF,14,1,A,,,https://resources.premierleague.com/premierleague25/photos/players/110x140/222690.png
2025-26-player-449,2025-26,player,449,Bruno Borges Fernandes,B.Fernandes,MID,14,1,A,,2025-12-21,https://resources.premierleague.com/premierleague25/photos/players/110x140/141746.png
2025-26-player-450,2025-26,player,450,Matheus Santos Carneiro da Cunha,Cunha,MID,14,1,A,,2026-04-28,https://resources.premierleague.com/premierleague25/photos/players/110x140/430871.png
2025-26-player-451,2025-26,player,451,Marcus Rashford,Rashford,MID,14,1,U,Has joined Barcelona on loan for the rest of the season,2025-07-24,https://resources.premierleague.com/premierleague25/photos/players/110x140/176297.png
2025-26-player-452,2025-26,player,452,Amad Diallo,Amad,MID,14,1,A,,2025-12-13,https://resources.premierleague.com/premierleague25/photos/players/110x140/493250.png
2025-26-player-454,2025-26,player,454,Antony dos Santos,Antony,MID,14,1,U,has joined Real Betis permanently.,2025-09-02,https://resources.premierleague.com/premierleague25/photos/players/110x140/467169.png
2025-26-player-455,2025-26,player,455,Mason Mount,Mount,MID,14,1,A,,2026-03-14,https://resources.premierleague.com/premierleague25/photos/players/110x140/184341.png
2025-26-player-457,2025-26,player,457,Carlos Henrique Casimiro,Casemiro,MID,14,1,N,Not available for the match against Brighton on 24/5. - Expected back 01 Jun,2026-05-22,https://resources.premierleague.com/premierleague25/photos/players/110x140/61256.png
2025-26-player-458,2025-26,player,458,Kobbie Mainoo,Mainoo,MID,14,1,A,,2026-04-13,https://resources.premierleague.com/premierleague25/photos/players/110x140/516895.png
2025-26-player-459,2025-26,player,459,Manuel Ugarte Ribeiro,Ugarte,MID,14,1,A,,2026-05-09,https://resources.premierleague.com/premierleague25/photos/players/110x140/232112.png
2025-26-player-460,2025-26,player,460,Toby Collyer,Collyer,MID,14,1,U,has joined Hull City on loan for the rest of the season.,2026-02-02,https://resources.premierleague.com/premierleague25/photos/players/110x140/490881.png
2025-26-player-461,2025-26,player,461,Jayce Fitzgerald,Fitzgerald,MID,14,1,A,,,https://resources.premierleague.com/premierleague25/photos/players/110x140/556639.png
2025-26-player-462,2025-26,player,462,Jack Fletcher,J.Fletcher,MID,14,1,A,,,https://resources.premierleague.com/premierleague25/photos/players/110x140/547037.png
2025-26-player-463,2025-26,player,463,Sékou Koné,Kone,MID,14,1,U,has joined Lausanne-Sport on loan for the rest of the season.,2026-02-06,https://resources.premierleague.com/premierleague25/photos/players/110x140/618873.png
2025-26-player-464,2025-26,player,464,Jack Moorhouse,Moorhouse,MID,14,1,U,has joined Leyton Orient on loan for the rest of the season.,2025-09-22,https://resources.premierleague.com/premierleague25/photos/players/110x140/559684.png
2025-26-player-465,2025-26,player,465,Rasmus Højlund,Højlund,FWD,14,1,U,has joined Napoli on loan for the rest of the season.,2025-09-02,https://resources.premierleague.com/premierleague25/photos/players/110x140/497894.png
2025-26-player-466,2025-26,player,466,Joshua Zirkzee,Zirkzee,FWD,14,1,A,,2026-01-22,https://resources.premierleague.com/premierleague25/photos/players/110x140/458249.png
2025-26-player-467,2025-26,player,467,Chido Obi,Obi,FWD,14,1,A,,,https://resources.premierleague.com/premierleague25/photos/players/110x140/596047.png
2025-26-player-468,2025-26,player,468,Ethan Wheatley,Wheatley,FWD,14,1,U,has joined Bradford City on loan for the rest of the season.,2026-02-02,https://resources.premierleague.com/premierleague25/photos/players/110x140/575034.png
2025-26-player-681,2025-26,player,681,Benjamin Sesko,Šeško,FWD,14,1,D,Shin injury - 50% chance of playing,2026-05-03,https://resources.premierleague.com/premierleague25/photos/players/110x140/485711.png
2025-26-player-733,2025-26,player,733,Senne Lammens,Lammens,GKP,14,1,A,,,https://resources.premierleague.com/premierleague25/photos/players/110x140/465247.png
2025-26-player-755,2025-26,player,755,Shea Lacey,Lacey,MID,14,1,A,,2026-01-11,https://resources.premierleague.com/premierleague25/photos/players/110x140/576628.png
2025-26-player-769,2025-26,player,769,Bendito Mantato,Bendito Mantato,MID,14,1,A,,,https://resources.premierleague.com/premierleague25/photos/players/110x140/576620.png
2025-26-player-771,2025-26,player,771,Tyler Fletcher,Fletcher,MID,14,1,A,,,https://resources.premierleague.com/premierleague25/photos/players/110x140/519913.png
2025-26-player-788,2025-26,player,788,Godwill Kukonki,Kukonki,DEF,14,1,A,,,https://resources.premierleague.com/premierleague25/photos/players/110x140/576637.png
2025-26-player-827,2025-26,player,827,Jim Thwaites,Thwaites,MID,14,1,A,,,https://resources.premierleague.com/premierleague25/photos/players/110x140/576634.png
2025-26-player-52,2025-26,player,52,Jacob Ramsey,J.Ramsey,MID,15,4,A,,2026-02-25,https://resources.premierleague.com/premierleague25/photos/players/110x140/232653.png
2025-26-player-135,2025-26,player,135,Yoane Wissa,Wissa,FWD,15,4,A,,2026-02-15,https://resources.premierleague.com/premierleague25/photos/players/110x140/216646.png
2025-26-player-469,2025-26,player,469,Nick Pope,Pope,GKP,15,4,A,,2025-11-30,https://resources.premierleague.com/premierleague25/photos/players/110x140/98747.png
2025-26-player-471,2025-26,player,471,Mark Gillespie,Gillespie,GKP,15,4,A,,,https://resources.premierleague.com/premierleague25/photos/players/110x140/81441.png
2025-26-player-472,2025-26,player,472,Odysseas Vlachodimos,Odysseas,GKP,15,4,U,Has joined Sevilla on loan for the rest of the season.,2025-08-13,https://resources.premierleague.com/premierleague25/photos/players/110x140/111452.png
2025-26-player-473,2025-26,player,473,Lewis Hall,Hall,DEF,15,4,A,,2026-01-02,https://resources.premierleague.com/premierleague25/photos/players/110x140/487838.png
2025-26-player-474,2025-26,player,474,Fabian Schär,Schär,DEF,15,4,I,Ankle injury - Expected back 01 Jun,2026-01-09,https://resources.premierleague.com/premierleague25/photos/players/110x140/119471.png
2025-26-player-475,2025-26,player,475,Sven Botman,Botman,DEF,15,4,A,,2026-03-24,https://resources.premierleague.com/premierleague25/photos/players/110x140/220237.png
2025-26-player-476,2025-26,player,476,Dan Burn,Burn,DEF,15,4,A,,2025-12-15,https://resources.premierleague.com/premierleague25/photos/players/110x140/78916.png
2025-26-player-477,2025-26,player,477,Tino Livramento,Livramento,DEF,15,4,I,Thigh injury - Expected back 01 Jun,2026-04-18,https://resources.premierleague.com/premierleague25/photos/players/110x140/441191.png
2025-26-player-478,2025-26,player,478,Kieran Trippier,Trippier,DEF,15,4,A,,2025-11-28,https://resources.premierleague.com/premierleague25/photos/players/110x140/77794.png
2025-26-player-479,2025-26,player,479,Emil Krafth,Krafth,DEF,15,4,I,Knee injury - Unknown return date,2025-11-28,https://resources.premierleague.com/premierleague25/photos/players/110x140/111773.png
2025-26-player-480,2025-26,player,480,Jamaal Lascelles,Lascelles,DEF,15,4,U,has joined Leicester City permanently.,2025-12-19,https://resources.premierleague.com/premierleague25/photos/players/110x140/101148.png
2025-26-player-481,2025-26,player,481,Alex Murphy,A.Murphy,DEF,15,4,A,,,https://resources.premierleague.com/premierleague25/photos/players/110x140/545477.png
2025-26-player-482,2025-26,player,482,Harrison Ashby,Ashby,DEF,15,4,U,has joined Bradford City on loan for the rest of the season.,2026-01-15,https://resources.premierleague.com/premierleague25/photos/players/110x140/441024.png
2025-26-player-483,2025-26,player,483,Miodrag Pivaš,Pivas,DEF,15,4,A,,,https://resources.premierleague.com/premierleague25/photos/players/110x140/578512.png
2025-26-player-484,2025-26,player,484,Matt Targett,Targett,DEF,15,4,U,has joined Middlesbrough on loan for the rest of the season.,2025-09-02,https://resources.premierleague.com/premierleague25/photos/players/110x140/169359.png
2025-26-player-485,2025-26,player,485,Anthony Gordon,Gordon,MID,15,4,A,,2026-04-18,https://resources.premierleague.com/premierleague25/photos/players/110x140/232826.png
2025-26-player-486,2025-26,player,486,Anthony Elanga,Elanga,MID,15,4,A,,2026-01-15,https://resources.premierleague.com/premierleague25/photos/players/110x140/449434.png
2025-26-player-487,2025-26,player,487,Harvey Barnes,Barnes,MID,15,4,A,,,https://resources.premierleague.com/premierleague25/photos/players/110x140/201666.png
2025-26-player-488,2025-26,player,488,Bruno Guimarães Rodriguez Moura,Bruno G.,MID,15,4,A,,2026-02-11,https://resources.premierleague.com/premierleague25/photos/players/110x140/208706.png
2025-26-player-489,2025-26,player,489,Jacob Murphy,J.Murphy,MID,15,4,A,,2026-01-14,https://resources.premierleague.com/premierleague25/photos/players/110x140/114243.png
2025-26-player-490,2025-26,player,490,Joelinton Cássio Apolinário de Lira,Joelinton,MID,15,4,I,Thigh injury - Expected back 01 Jun,2026-05-15,https://resources.premierleague.com/premierleague25/photos/players/110x140/180974.png
2025-26-player-491,2025-26,player,491,Sandro Tonali,Tonali,MID,15,4,D,Hamstring injury - 75% chance of playing,2026-05-17,https://resources.premierleague.com/premierleague25/photos/players/110x140/432422.png
2025-26-player-492,2025-26,player,492,Antoñito Cordero Campillo,Antoñito C.,MID,15,4,U,has joined Cadiz on loan for the rest of the season.,2025-09-22,https://resources.premierleague.com/premierleague25/photos/players/110x140/640108.png
2025-26-player-494,2025-26,player,494,Joe Willock,Willock,MID,15,4,A,,2025-08-10,https://resources.premierleague.com/premierleague25/photos/players/110x140/200089.png
2025-26-player-495,2025-26,player,495,Isaac Hayden,Hayden,MID,15,4,U,Has departed the club as a free agent.,2025-08-11,https://resources.premierleague.com/premierleague25/photos/players/110x140/153127.png
2025-26-player-496,2025-26,player,496,Garang Kuol,Kuol,MID,15,4,U,has joined Sparta Prague permanently.,2025-09-22,https://resources.premierleague.com/premierleague25/photos/players/110x140/564510.png
2025-26-player-497,2025-26,player,497,Lewis Miley,L.Miley,MID,15,4,I,Leg injury - Expected back 01 Jul,2026-05-06,https://resources.premierleague.com/premierleague25/photos/players/110x140/547719.png
2025-26-player-498,2025-26,player,498,Joe White,White,MID,15,4,U,has joined Bradford City on loan for the rest of the season.,2026-01-15,https://resources.premierleague.com/premierleague25/photos/players/110x140/461484.png
2025-26-player-500,2025-26,player,500,William Osula,Osula,FWD,15,4,A,,2025-11-06,https://resources.premierleague.com/premierleague25/photos/players/110x140/538207.png
2025-26-player-501,2025-26,player,501,Sean Neave,Neave,FWD,15,4,A,,,https://resources.premierleague.com/premierleague25/photos/players/110x140/599303.png
2025-26-player-674,2025-26,player,674,Aaron Ramsdale,Ramsdale,GKP,15,4,A,,,https://resources.premierleague.com/premierleague25/photos/players/110x140/225321.png
2025-26-player-684,2025-26,player,684,Malick Thiaw,Thiaw,DEF,15,4,A,,,https://resources.premierleague.com/premierleague25/photos/players/110x140/465642.png
2025-26-player-689,2025-26,player,689,Seung-Soo Park,Seung soo,MID,15,4,A,,,https://resources.premierleague.com/premierleague25/photos/players/110x140/623110.png
2025-26-player-714,2025-26,player,714,Nick Woltemade,Woltemade,FWD,15,4,A,,2026-03-03,https://resources.premierleague.com/premierleague25/photos/players/110x140/470313.png
2025-26-player-753,2025-26,player,753,John Ruddy,Ruddy,GKP,15,4,A,,,https://resources.premierleague.com/premierleague25/photos/players/110x140/19236.png
2025-26-player-765,2025-26,player,765,Leo Shahar,Shahar,DEF,15,4,A,,,https://resources.premierleague.com/premierleague25/photos/players/110x140/553746.png
2025-26-player-772,2025-26,player,772,Sam Alabi,Alabi,MID,15,4,A,,,https://resources.premierleague.com/premierleague25/photos/players/110x140/666607.png
2025-26-player-12,2025-26,player,12,Oleksandr Zinchenko,Zinchenko,DEF,16,17,U,has joined Ajax permanently.,2026-02-04,https://resources.premierleague.com/premierleague25/photos/players/110x140/206325.png
2025-26-player-400,2025-26,player,400,Stefan Ortega Moreno,Ortega Moreno,GKP,16,17,A,,2026-03-01,https://resources.premierleague.com/premierleague25/photos/players/110x140/88248.png
2025-26-player-426,2025-26,player,426,James McAtee,McAtee,MID,16,17,A,,,https://resources.premierleague.com/premierleague25/photos/players/110x140/432714.png
2025-26-player-502,2025-26,player,502,Matz Sels,Sels,GKP,16,17,A,,2026-02-02,https://resources.premierleague.com/premierleague25/photos/players/110x140/85633.png
2025-26-player-503,2025-26,player,503,Carlos Miguel dos Santos Pereira,C.Miguel,GKP,16,17,U,Has joined Palmeiras permanently.,2025-08-20,https://resources.premierleague.com/premierleague25/photos/players/110x140/475123.png
2025-26-player-504,2025-26,player,504,Matt Turner,Turner,GKP,16,17,U,Has joined Lyon permanently.,2025-08-11,https://resources.premierleague.com/premierleague25/photos/players/110x140/224068.png
2025-26-player-505,2025-26,player,505,Nikola Milenković,Milenković,DEF,16,17,A,,,https://resources.premierleague.com/premierleague25/photos/players/110x140/227444.png
2025-26-player-506,2025-26,player,506,Murillo Costa dos Santos,Murillo,DEF,16,17,I,Muscle injury - Expected back 01 Jun,2026-04-17,https://resources.premierleague.com/premierleague25/photos/players/110x140/575476.png
2025-26-player-507,2025-26,player,507,Ola Aina,Aina,DEF,16,17,D,Lack of match fitness - 75% chance of playing,2026-05-01,https://resources.premierleague.com/premierleague25/photos/players/110x140/159506.png
2025-26-player-508,2025-26,player,508,Neco Williams,N.Williams,DEF,16,17,A,,2026-02-02,https://resources.premierleague.com/premierleague25/photos/players/110x140/215136.png
2025-26-player-509,2025-26,player,509,David Mota Veiga Teixeira do Carmo,David Carmo,DEF,16,17,U,has joined Real Oviedo on loan for the rest of the season.,2025-09-02,https://resources.premierleague.com/premierleague25/photos/players/110x140/451432.png
2025-26-player-510,2025-26,player,510,Jair Paula da Cunha Filho,Jair Cunha,DEF,16,17,A,,2026-04-25,https://resources.premierleague.com/premierleague25/photos/players/110x140/575458.png
2025-26-player-511,2025-26,player,511,Felipe Rodrigues da Silva,Morato,DEF,16,17,A,,,https://resources.premierleague.com/premierleague25/photos/players/110x140/485047.png
2025-26-player-512,2025-26,player,512,Omar Richards,O.Richards,DEF,16,17,U,has joined Rio Ave on loan for the rest of the season.,2025-09-02,https://resources.premierleague.com/premierleague25/photos/players/110x140/204822.png
2025-26-player-513,2025-26,player,513,Zach Abbott,Abbott,DEF,16,17,A,,2026-05-04,https://resources.premierleague.com/premierleague25/photos/players/110x140/549067.png
2025-26-player-514,2025-26,player,514,Willy Boly,Boly,DEF,16,17,I,Knee injury - Unknown return date,2026-02-12,https://resources.premierleague.com/premierleague25/photos/players/110x140/90585.png
2025-26-player-515,2025-26,player,515,Morgan Gibbs-White,Gibbs-White,MID,16,17,A,,2026-05-04,https://resources.premierleague.com/premierleague25/photos/players/110x140/222531.png
2025-26-player-516,2025-26,player,516,Callum Hudson-Odoi,Hudson-Odoi,MID,16,17,I,Muscle injury - Expected back 01 Jun,2026-04-17,https://resources.premierleague.com/premierleague25/photos/players/110x140/209046.png
2025-26-player-517,2025-26,player,517,Elliot Anderson,Anderson,MID,16,17,A,,2026-04-17,https://resources.premierleague.com/premierleague25/photos/players/110x140/215379.png
2025-26-player-518,2025-26,player,518,João Pedro Ferreira da Silva,Jota,MID,16,17,U,has joined Besiktas on loan for the rest of the season.,2025-09-12,https://resources.premierleague.com/premierleague25/photos/players/110x140/510500.png
2025-26-player-519,2025-26,player,519,Nicolás Domínguez,Dominguez,MID,16,17,A,,2025-12-15,https://resources.premierleague.com/premierleague25/photos/players/110x140/250199.png
2025-26-player-520,2025-26,player,520,Lewis O'Brien,O'Brien,MID,16,17,U,Has joined Wrexham permanently.,2025-07-25,https://resources.premierleague.com/premierleague25/photos/players/110x140/243345.png
2025-26-player-521,2025-26,player,521,Ibrahim Sangaré,Sangaré,MID,16,17,A,,2026-04-25,https://resources.premierleague.com/premierleague25/photos/players/110x140/210462.png
2025-26-player-522,2025-26,player,522,Ryan Yates,Yates,MID,16,17,A,,2025-12-06,https://resources.premierleague.com/premierleague25/photos/players/110x140/204968.png
2025-26-player-523,2025-26,player,523,Eric da Silva Moreira,Da Silva Moreira,MID,16,17,A,,2025-09-02,https://resources.premierleague.com/premierleague25/photos/players/110x140/569014.png
2025-26-player-524,2025-26,player,524,Marko Stamenić,Stamenic,MID,16,17,U,Has joined Swansea City permanently.,2025-08-20,https://resources.premierleague.com/premierleague25/photos/players/110x140/495161.png
2025-26-player-525,2025-26,player,525,Chris Wood,Wood,FWD,16,17,A,,2026-04-17,https://resources.premierleague.com/premierleague25/photos/players/110x140/60689.png
2025-26-player-526,2025-26,player,526,Igor Jesus Maciel da Cruz,Igor Jesus,FWD,16,17,A,,2026-01-23,https://resources.premierleague.com/premierleague25/photos/players/110x140/482973.png
2025-26-player-527,2025-26,player,527,Taiwo Awoniyi,Awoniyi,FWD,16,17,A,,2025-11-20,https://resources.premierleague.com/premierleague25/photos/players/110x140/210156.png
2025-26-player-669,2025-26,player,669,Dan Ndoye,Ndoye,MID,16,17,D,Lack of match fitness - 75% chance of playing,2026-05-01,https://resources.premierleague.com/premierleague25/photos/players/110x140/456512.png
2025-26-player-675,2025-26,player,675,Angus Gunn,Gunn,GKP,16,17,A,,2025-10-31,https://resources.premierleague.com/premierleague25/photos/players/110x140/107265.png
2025-26-player-693,2025-26,player,693,Omari Hutchinson,Hutchinson,MID,16,17,A,,,https://resources.premierleague.com/premierleague25/photos/players/110x140/503301.png
2025-26-player-696,2025-26,player,696,Arnaud Kalimuendo,Kalimuendo,FWD,16,17,U,has joined Eintracht Frankfurt on loan for the rest of the season.,2026-01-08,https://resources.premierleague.com/premierleague25/photos/players/110x140/465680.png
2025-26-player-715,2025-26,player,715,John Victor Maciel Furtado,John,GKP,16,17,A,,2026-01-04,https://resources.premierleague.com/premierleague25/photos/players/110x140/221389.png
2025-26-player-716,2025-26,player,716,Nicolò Savona,Savona,DEF,16,17,I,Knee injury - Unknown return date,2026-01-29,https://resources.premierleague.com/premierleague25/photos/players/110x140/500151.png
2025-26-player-729,2025-26,player,729,Luis Eduardo Soares da Silva,Cuiabano,DEF,16,17,U,has joined Vasco de Gama on loan for the rest of the season.,2026-02-08,https://resources.premierleague.com/premierleague25/photos/players/110x140/560441.png
2025-26-player-734,2025-26,player,734,Dilane Bakwa,Bakwa,MID,16,17,A,,2025-10-24,https://resources.premierleague.com/premierleague25/photos/players/110x140/476887.png
2025-26-player-805,2025-26,player,805,Lorenzo Lucca,Lucca,FWD,16,17,A,,,https://resources.premierleague.com/premierleague25/photos/players/110x140/469130.png
2025-26-player-814,2025-26,player,814,Luca Netz,Netz,DEF,16,17,A,,,https://resources.premierleague.com/premierleague25/photos/players/110x140/470315.png
2025-26-player-835,2025-26,player,835,Archie Whitehall,Whitehall,MID,16,17,A,,,https://resources.premierleague.com/premierleague25/photos/players/110x140/568159.png
2025-26-player-836,2025-26,player,836,Jimmy Sinclair,Sinclair,MID,16,17,A,,,https://resources.premierleague.com/premierleague25/photos/players/110x140/590040.png
2025-26-player-841,2025-26,player,841,Lamin Sillah,Sillah,FWD,16,17,A,,,https://resources.premierleague.com/premierleague25/photos/players/110x140/687076.png
2025-26-player-528,2025-26,player,528,Anthony Patterson,Patterson,GKP,17,56,U,has joined Millwall on loan for the rest of the season.,2026-02-02,https://resources.premierleague.com/premierleague25/photos/players/110x140/232571.png
2025-26-player-529,2025-26,player,529,Simon Moore,Moore,GKP,17,56,A,,2026-04-10,https://resources.premierleague.com/premierleague25/photos/players/110x140/74854.png
2025-26-player-530,2025-26,player,530,Blondy Nna Noukeu,Nna Noukeu,GKP,17,56,U,has joined US Boulogne CO permanently.,2026-01-19,https://resources.premierleague.com/premierleague25/photos/players/110x140/490000.png
2025-26-player-531,2025-26,player,531,Daniel Ballard,Ballard,DEF,17,56,S,Suspended until 25 May,2026-05-02,https://resources.premierleague.com/premierleague25/photos/players/110x140/223827.png
2025-26-player-532,2025-26,player,532,Trai Hume,Hume,DEF,17,56,A,,,https://resources.premierleague.com/premierleague25/photos/players/110x140/487676.png
2025-26-player-533,2025-26,player,533,Aji Alese,Alese,DEF,17,56,U,has joined Portsmouth on loan for the rest of the season.,2025-07-21,https://resources.premierleague.com/premierleague25/photos/players/110x140/220684.png
2025-26-player-534,2025-26,player,534,Joe Anderson,Anderson,DEF,17,56,U,has joined Barrow FC permanently.,2026-01-19,https://resources.premierleague.com/premierleague25/photos/players/110x140/232820.png
2025-26-player-535,2025-26,player,535,Dennis Cirkin,Cirkin,DEF,17,56,A,,2026-02-23,https://resources.premierleague.com/premierleague25/photos/players/110x140/461195.png
2025-26-player-536,2025-26,player,536,Leo Fuhr Hjelde,Hjelde,DEF,17,56,U,has joined Sheffield United on loan for the rest of the season.,2026-02-02,https://resources.premierleague.com/premierleague25/photos/players/110x140/477547.png
2025-26-player-537,2025-26,player,537,Niall Huggins,Huggins,DEF,17,56,U,has joined Wycombe Wanderers on loan for the rest of the season.,2025-09-02,https://resources.premierleague.com/premierleague25/photos/players/110x140/492066.png
2025-26-player-538,2025-26,player,538,Zak Johnson,Johnson,DEF,17,56,U,has joined York City on loan for the rest of the season.,2026-01-15,https://resources.premierleague.com/premierleague25/photos/players/110x140/514613.png
2025-26-player-539,2025-26,player,539,Luke O'Nien,O'Nien,DEF,17,56,A,,2025-12-06,https://resources.premierleague.com/premierleague25/photos/players/110x140/167512.png
2025-26-player-540,2025-26,player,540,Timothée Pembélé,Pembele,DEF,17,56,U,has joined Le Havre AC on loan for the rest of the season.,2026-01-07,https://resources.premierleague.com/premierleague25/photos/players/110x140/465702.png
2025-26-player-541,2025-26,player,541,Reinildo Mandava,Reinildo,DEF,17,56,A,,2026-02-20,https://resources.premierleague.com/premierleague25/photos/players/110x140/434399.png
2025-26-player-542,2025-26,player,542,Jenson Seelt,Seelt,DEF,17,56,U,has joined Wolfsburg on loan for the rest of the season.,2025-09-02,https://resources.premierleague.com/premierleague25/photos/players/110x140/519634.png
2025-26-player-543,2025-26,player,543,Simon Adingra,Adingra,MID,17,56,U,has joined AS Monaco on loan for the rest of the season.,2026-02-02,https://resources.premierleague.com/premierleague25/photos/players/110x140/535818.png
2025-26-player-544,2025-26,player,544,Habib Diarra,Diarra,MID,17,56,A,,2025-12-20,https://resources.premierleague.com/premierleague25/photos/players/110x140/547027.png
2025-26-player-545,2025-26,player,545,Patrick Roberts,Roberts,MID,17,56,U,has joined Birmingham City permanently.,2025-09-02,https://resources.premierleague.com/premierleague25/photos/players/110x140/124165.png
2025-26-player-546,2025-26,player,546,Milan Aleksić,Aleksić,MID,17,56,A,,2025-09-08,https://resources.premierleague.com/premierleague25/photos/players/110x140/626844.png
2025-26-player-547,2025-26,player,547,Enzo Le Fée,E.Le Fée,MID,17,56,A,,2026-03-14,https://resources.premierleague.com/premierleague25/photos/players/110x140/484420.png
2025-26-player-548,2025-26,player,548,Romaine Mundle,Mundle,MID,17,56,I,Hamstring injury - Expected back 01 Jun,2026-02-23,https://resources.premierleague.com/premierleague25/photos/players/110x140/461199.png
2025-26-player-549,2025-26,player,549,Dan Neil,Neil,MID,17,56,U,has joined Ipswich Town on loan for the rest of the season.,2026-01-27,https://resources.premierleague.com/premierleague25/photos/players/110x140/223336.png
2025-26-player-550,2025-26,player,550,Ian Poveda-Ocampo,Poveda,MID,17,56,A,,,https://resources.premierleague.com/premierleague25/photos/players/110x140/215460.png
2025-26-player-551,2025-26,player,551,Chris Rigg,Rigg,MID,17,56,A,,,https://resources.premierleague.com/premierleague25/photos/players/110x140/554197.png
2025-26-player-552,2025-26,player,552,Noah Sadiki,Sadiki,MID,17,56,A,,2025-12-13,https://resources.premierleague.com/premierleague25/photos/players/110x140/577669.png
2025-26-player-553,2025-26,player,553,Chemsdine Talbi,Talbi,MID,17,56,I,Muscle injury - Expected back 01 Jun,2026-05-22,https://resources.premierleague.com/premierleague25/photos/players/110x140/549912.png
2025-26-player-554,2025-26,player,554,Abdoullah Ba,Ba,MID,17,56,A,,,https://resources.premierleague.com/premierleague25/photos/players/110x140/477851.png
2025-26-player-555,2025-26,player,555,Alan Browne,Browne,MID,17,56,U,has joined Middlesbrough on loan for the rest of the season.,2025-09-02,https://resources.premierleague.com/premierleague25/photos/players/110x140/171422.png
2025-26-player-556,2025-26,player,556,Pierre Ekwah Elimby,Ekwah,MID,17,56,U,Has joined AS Saint-Etienne permanently.,2025-08-14,https://resources.premierleague.com/premierleague25/photos/players/110x140/458297.png
2025-26-player-557,2025-26,player,557,Harrison Jones,H.Jones,MID,17,56,A,,,https://resources.premierleague.com/premierleague25/photos/players/110x140/547410.png
2025-26-player-558,2025-26,player,558,Jay Matete,Matete,MID,17,56,U,has joined MK Dons permanently.,2026-01-15,https://resources.premierleague.com/premierleague25/photos/players/110x140/493837.png
2025-26-player-559,2025-26,player,559,Nectarios Triantis,Triantis,MID,17,56,U,has joined Minnesota United permanently.,2025-09-22,https://resources.premierleague.com/premierleague25/photos/players/110x140/500696.png
2025-26-player-560,2025-26,player,560,Wilson Isidor,Isidor,FWD,17,56,A,,2026-01-04,https://resources.premierleague.com/premierleague25/photos/players/110x140/437505.png
2025-26-player-561,2025-26,player,561,Eliezer Mayenda Dossou,Mayenda,FWD,17,56,A,,,https://resources.premierleague.com/premierleague25/photos/players/110x140/564406.png
2025-26-player-562,2025-26,player,562,Ahmed Abdullahi,Abdullahi,FWD,17,56,A,,,https://resources.premierleague.com/premierleague25/photos/players/110x140/611975.png
2025-26-player-563,2025-26,player,563,Luís Hemir Silva Semedo,Luís Hemir,FWD,17,56,U,has joined Moreirense on loan for the rest of the season.,2025-09-22,https://resources.premierleague.com/premierleague25/photos/players/110x140/551153.png
2025-26-player-564,2025-26,player,564,Nazarii Rusyn,Rusyn,FWD,17,56,U,has joined Arka on loan for the rest of the season.,2025-09-05,https://resources.premierleague.com/premierleague25/photos/players/110x140/440955.png
2025-26-player-668,2025-26,player,668,Granit Xhaka,Xhaka,MID,17,56,A,,2026-01-24,https://resources.premierleague.com/premierleague25/photos/players/110x140/84450.png
2025-26-player-670,2025-26,player,670,Robin Roefs,Roefs,GKP,17,56,A,,2026-03-04,https://resources.premierleague.com/premierleague25/photos/players/110x140/498016.png
2025-26-player-678,2025-26,player,678,Arthur Masuaku,Masuaku,DEF,17,56,U,has joined RC Lens on loan for the rest of the season.,2026-01-15,https://resources.premierleague.com/premierleague25/photos/players/110x140/105717.png
2025-26-player-683,2025-26,player,683,Omar Alderete,Alderete,DEF,17,56,D,Knock - 50% chance of playing,2026-05-17,https://resources.premierleague.com/premierleague25/photos/players/110x140/201895.png
2025-26-player-694,2025-26,player,694,Nordi Mukiele,Mukiele,DEF,17,56,A,,2026-02-22,https://resources.premierleague.com/premierleague25/photos/players/110x140/200834.png
2025-26-player-724,2025-26,player,724,Lutsharel Geertruida,Geertruida,DEF,17,56,A,,,https://resources.premierleague.com/premierleague25/photos/players/110x140/247955.png
2025-26-player-730,2025-26,player,730,Brian Brobbey,Brobbey,FWD,17,56,A,,2026-02-23,https://resources.premierleague.com/premierleague25/photos/players/110x140/441264.png
2025-26-player-735,2025-26,player,735,Bertrand Traoré,Traoré,MID,17,56,A,,2026-03-04,https://resources.premierleague.com/premierleague25/photos/players/110x140/110504.png
2025-26-player-774,2025-26,player,774,Jenson Jones,Jenson Jones,DEF,17,56,A,,,https://resources.premierleague.com/premierleague25/photos/players/110x140/232356.png
2025-26-player-775,2025-26,player,775,Tymur Tutierov,Tutierov,MID,17,56,U,has joined Exeter City on loan for the rest of the season.,2026-01-16,https://resources.premierleague.com/premierleague25/photos/players/110x140/604211.png
2025-26-player-800,2025-26,player,800,Djiamgone Jocelin Ta Bi,Jocelin.T,MID,17,56,A,,2026-02-22,https://resources.premierleague.com/premierleague25/photos/players/110x140/699989.png
2025-26-player-812,2025-26,player,812,Melker Ellborg,Ellborg,GKP,17,56,A,,,https://resources.premierleague.com/premierleague25/photos/players/110x140/515046.png
2025-26-player-813,2025-26,player,813,Nilson Angulo,Angulo,MID,17,56,A,,2026-03-14,https://resources.premierleague.com/premierleague25/photos/players/110x140/536661.png
2025-26-player-821,2025-26,player,821,Jack Whittaker,Whittaker,MID,17,56,A,,,https://resources.premierleague.com/premierleague25/photos/players/110x140/570929.png
2025-26-player-822,2025-26,player,822,Jaydon Jones,Jones,MID,17,56,A,,,https://resources.premierleague.com/premierleague25/photos/players/110x140/571087.png
2025-26-player-565,2025-26,player,565,Guglielmo Vicario,Vicario,GKP,18,6,A,,2026-03-23,https://resources.premierleague.com/premierleague25/photos/players/110x140/184254.png
2025-26-player-566,2025-26,player,566,Brandon Austin,Austin,GKP,18,6,A,,,https://resources.premierleague.com/premierleague25/photos/players/110x140/214572.png
2025-26-player-567,2025-26,player,567,Antonín Kinský,Kinsky,GKP,18,6,A,,,https://resources.premierleague.com/premierleague25/photos/players/110x140/485055.png
2025-26-player-568,2025-26,player,568,Pedro Porro Sauceda,Pedro Porro,DEF,18,6,A,,2026-01-28,https://resources.premierleague.com/premierleague25/photos/players/110x140/441164.png
2025-26-player-569,2025-26,player,569,Cristian Romero,Romero,DEF,18,6,I,Knee injury - Expected back 01 Jun,2026-04-12,https://resources.premierleague.com/premierleague25/photos/players/110x140/221632.png
2025-26-player-570,2025-26,player,570,Kevin Danso,Danso,DEF,18,6,A,,2026-02-02,https://resources.premierleague.com/premierleague25/photos/players/110x140/135720.png
2025-26-player-571,2025-26,player,571,Ben Davies,Davies,DEF,18,6,I,Ankle injury - Unknown return date,2026-01-17,https://resources.premierleague.com/premierleague25/photos/players/110x140/115556.png
2025-26-player-572,2025-26,player,572,Radu Drăgușin,Dragusin,DEF,18,6,A,,2025-07-21,https://resources.premierleague.com/premierleague25/photos/players/110x140/493125.png
2025-26-player-573,2025-26,player,573,Djed Spence,Spence,DEF,18,6,A,,2026-03-01,https://resources.premierleague.com/premierleague25/photos/players/110x140/232859.png
2025-26-player-574,2025-26,player,574,Destiny Udogie,Udogie,DEF,18,6,A,,2026-04-24,https://resources.premierleague.com/premierleague25/photos/players/110x140/487053.png
2025-26-player-575,2025-26,player,575,Micky van de Ven,Van de Ven,DEF,18,6,A,,2026-03-06,https://resources.premierleague.com/premierleague25/photos/players/110x140/491279.png
2025-26-player-576,2025-26,player,576,Ashley Phillips,Phillips,DEF,18,6,U,Has joined Stoke City on loan for the rest of the season.,2025-07-25,https://resources.premierleague.com/premierleague25/photos/players/110x140/548308.png
2025-26-player-577,2025-26,player,577,Takai Kōta,Takai,DEF,18,6,U,has joined Borussia Mönchengladbach on loan for the rest of the season.,2026-01-02,https://resources.premierleague.com/premierleague25/photos/players/110x140/553299.png
2025-26-player-578,2025-26,player,578,Luka Vušković,Vuskovic,DEF,18,6,U,has joined Hamburger SV on loan for the rest of the season.,2025-09-02,https://resources.premierleague.com/premierleague25/photos/players/110x140/610799.png
2025-26-player-579,2025-26,player,579,Son Heung-min,Son,MID,18,6,U,has joined Los Angeles FC permanently.,2025-08-11,https://resources.premierleague.com/premierleague25/photos/players/110x140/85971.png
2025-26-player-581,2025-26,player,581,James Maddison,Maddison,MID,18,6,A,,2025-08-08,https://resources.premierleague.com/premierleague25/photos/players/110x140/172780.png
2025-26-player-582,2025-26,player,582,Mohammed Kudus,Kudus,MID,18,6,I,Thigh injury - Expected back 01 Jun,2026-01-04,https://resources.premierleague.com/premierleague25/photos/players/110x140/460842.png
2025-26-player-583,2025-26,player,583,Dejan Kulusevski,Kulusevski,MID,18,6,I,Knee injury - Unknown return date,2025-07-21,https://resources.premierleague.com/premierleague25/photos/players/110x140/445044.png
2025-26-player-584,2025-26,player,584,Mathys Tel,Tel,MID,18,6,A,,2026-03-23,https://resources.premierleague.com/premierleague25/photos/players/110x140/511499.png
2025-26-player-585,2025-26,player,585,Rodrigo Bentancur,Bentancur,MID,18,6,A,,2026-01-08,https://resources.premierleague.com/premierleague25/photos/players/110x140/202993.png
2025-26-player-586,2025-26,player,586,Lucas Bergvall,Bergvall,MID,18,6,A,,2026-01-21,https://resources.premierleague.com/premierleague25/photos/players/110x140/570526.png
2025-26-player-587,2025-26,player,587,Yves Bissouma,Bissouma,MID,18,6,A,,2026-03-13,https://resources.premierleague.com/premierleague25/photos/players/110x140/227127.png
2025-26-player-588,2025-26,player,588,Wilson Odobert,Odobert,MID,18,6,I,Knee injury - Unknown return date,2026-02-11,https://resources.premierleague.com/premierleague25/photos/players/110x140/550839.png
2025-26-player-589,2025-26,player,589,Manor Solomon,Solomon,MID,18,6,U,has joined Fiorentina on loan for the rest of the season.,2025-09-02,https://resources.premierleague.com/premierleague25/photos/players/110x140/235674.png
2025-26-player-590,2025-26,player,590,Bryan Gil Salvatierra,Bryan,MID,18,6,U,has joined Girona permanently.,2025-09-22,https://resources.premierleague.com/premierleague25/photos/players/110x140/436234.png
2025-26-player-591,2025-26,player,591,Archie Gray,Gray,MID,18,6,A,,2025-10-31,https://resources.premierleague.com/premierleague25/photos/players/110x140/547701.png
2025-26-player-592,2025-26,player,592,Mikey Moore,Moore,MID,18,6,U,Has joined Rangers on loan for the rest of the season.,2025-08-11,https://resources.premierleague.com/premierleague25/photos/players/110x140/499721.png
2025-26-player-593,2025-26,player,593,Pape Matar Sarr,P.M.Sarr,MID,18,6,A,,2026-04-24,https://resources.premierleague.com/premierleague25/photos/players/110x140/482442.png
2025-26-player-594,2025-26,player,594,Yang Min-hyeok,Min-hyeok,MID,18,6,U,has joined Coventry City on loan for the rest of the season.,2025-08-11,https://resources.premierleague.com/premierleague25/photos/players/110x140/623095.png
2025-26-player-595,2025-26,player,595,Callum Olusesi,Olusesi,MID,18,6,A,,,https://resources.premierleague.com/premierleague25/photos/players/110x140/499726.png
2025-26-player-596,2025-26,player,596,Dominic Solanke-Mitchell,Solanke,FWD,18,6,A,,2026-04-25,https://resources.premierleague.com/premierleague25/photos/players/110x140/154566.png
2025-26-player-597,2025-26,player,597,Richarlison de Andrade,Richarlison,FWD,18,6,A,,2026-01-11,https://resources.premierleague.com/premierleague25/photos/players/110x140/212319.png
2025-26-player-598,2025-26,player,598,Will Lankshear,Lankshear,FWD,18,6,U,has joined Oxford United on loan for the rest of the season.,2025-08-11,https://resources.premierleague.com/premierleague25/photos/players/110x140/552427.png
2025-26-player-599,2025-26,player,599,Dane Scarlett,Scarlett,FWD,18,6,U,has joined Hibernian on loan for the rest of the season.,2026-02-02,https://resources.premierleague.com/premierleague25/photos/players/110x140/490145.png
2025-26-player-673,2025-26,player,673,João Maria Lobo Alves Palhares Costa Palhinha Gonçalves,J.Palhinha,MID,18,6,A,,2026-03-11,https://resources.premierleague.com/premierleague25/photos/players/110x140/154296.png
2025-26-player-717,2025-26,player,717,Xavi Simons,Xavi,MID,18,6,I,Knee injury - Expected back 01 Jan,2026-04-25,https://resources.premierleague.com/premierleague25/photos/players/110x140/493362.png
2025-26-player-726,2025-26,player,726,Randal Kolo Muani,Kolo Muani,FWD,18,6,A,,2025-11-14,https://resources.premierleague.com/premierleague25/photos/players/110x140/247693.png
2025-26-player-745,2025-26,player,745,Jun'ai Byfield,Byfield,DEF,18,6,A,,,https://resources.premierleague.com/premierleague25/photos/players/110x140/640419.png
2025-26-player-750,2025-26,player,750,James Rowswell,Rowswell,DEF,18,6,A,,,https://resources.premierleague.com/premierleague25/photos/players/110x140/499716.png
2025-26-player-751,2025-26,player,751,Yusuf Akhamrich,Akhamrich,MID,18,6,U,has joined Bristol Rovers on loan for the rest of the season.,2026-01-26,https://resources.premierleague.com/premierleague25/photos/players/110x140/590035.png
2025-26-player-790,2025-26,player,790,Lucá Williams-Barnett,Williams-Barnett,MID,18,6,A,,,https://resources.premierleague.com/premierleague25/photos/players/110x140/611917.png
2025-26-player-796,2025-26,player,796,Conor Gallagher,Gallagher,MID,18,6,A,,2026-03-13,https://resources.premierleague.com/premierleague25/photos/players/110x140/232787.png
2025-26-player-804,2025-26,player,804,João Victor de Souza Menezes,Souza,DEF,18,6,A,,,https://resources.premierleague.com/premierleague25/photos/players/110x140/616221.png
2025-26-player-811,2025-26,player,811,Rio Kyerematen,Kyerematen,MID,18,6,A,,,https://resources.premierleague.com/premierleague25/photos/players/110x140/536134.png
2025-26-player-818,2025-26,player,818,James Wilson,Wilson,FWD,18,6,A,,,https://resources.premierleague.com/premierleague25/photos/players/110x140/613232.png
2025-26-player-326,2025-26,player,326,Adama Traoré Diarra,Adama,MID,19,21,D,Muscle injury - 25% chance of playing,2026-05-11,https://resources.premierleague.com/premierleague25/photos/players/110x140/159533.png
2025-26-player-600,2025-26,player,600,Alphonse Areola,Areola,GKP,19,21,A,,2026-04-05,https://resources.premierleague.com/premierleague25/photos/players/110x140/84182.png
2025-26-player-601,2025-26,player,601,Wes Foderingham,Foderingham,GKP,19,21,U,has joined Aris Limassol permanently.,2025-09-11,https://resources.premierleague.com/premierleague25/photos/players/110x140/82143.png
2025-26-player-602,2025-26,player,602,Krisztián Hegyi,Hegyi,GKP,19,21,U,has joined MTK Budapest on loan for the rest of the season.,2026-01-15,https://resources.premierleague.com/premierleague25/photos/players/110x140/483364.png
2025-26-player-603,2025-26,player,603,El Hadji Malick Diouf,Diouf,DEF,19,21,A,,2025-12-13,https://resources.premierleague.com/premierleague25/photos/players/110x140/613804.png
2025-26-player-604,2025-26,player,604,Emerson Palmieri dos Santos,Emerson,DEF,19,21,U,has joined Marseille permanently.,2025-09-02,https://resources.premierleague.com/premierleague25/photos/players/110x140/109533.png
2025-26-player-605,2025-26,player,605,Maximilian Kilman,Kilman,DEF,19,21,A,,,https://resources.premierleague.com/premierleague25/photos/players/110x140/214048.png
2025-26-player-606,2025-26,player,606,Konstantinos Mavropanos,Mavropanos,DEF,19,21,A,,2026-04-05,https://resources.premierleague.com/premierleague25/photos/players/110x140/233963.png
2025-26-player-607,2025-26,player,607,Nayef Aguerd,N.Aguerd,DEF,19,21,U,has joined Marseille permanently.,2025-09-02,https://resources.premierleague.com/premierleague25/photos/players/110x140/210494.png
2025-26-player-608,2025-26,player,608,Ollie Scarles,Scarles,DEF,19,21,A,,2026-03-10,https://resources.premierleague.com/premierleague25/photos/players/110x140/536109.png
2025-26-player-609,2025-26,player,609,Jean-Clair Todibo,Todibo,DEF,19,21,A,,2026-03-23,https://resources.premierleague.com/premierleague25/photos/players/110x140/462116.png
2025-26-player-610,2025-26,player,610,Aaron Wan-Bissaka,Wan-Bissaka,DEF,19,21,A,,2025-12-13,https://resources.premierleague.com/premierleague25/photos/players/110x140/214590.png
2025-26-player-611,2025-26,player,611,Kaelan Casey,Casey,DEF,19,21,U,has joined Leyton Orient on loan for the rest of the season.,2025-08-11,https://resources.premierleague.com/premierleague25/photos/players/110x140/518438.png
2025-26-player-612,2025-26,player,612,Lucas Tolentino Coelho de Lima,L.Paquetá,MID,19,21,U,has joined Flamengo permanently.,2026-01-15,https://resources.premierleague.com/premierleague25/photos/players/110x140/224024.png
2025-26-player-613,2025-26,player,613,Tomáš Souček,Souček,MID,19,21,A,,2025-09-13,https://resources.premierleague.com/premierleague25/photos/players/110x140/215439.png
2025-26-player-615,2025-26,player,615,Crysencio Summerville,Summerville,MID,19,21,A,,2026-03-10,https://resources.premierleague.com/premierleague25/photos/players/110x140/450070.png
2025-26-player-616,2025-26,player,616,Edson Álvarez Velázquez,Álvarez,MID,19,21,U,Has joined Fenerbahçe on loan for the rest of the season.,2025-08-26,https://resources.premierleague.com/premierleague25/photos/players/110x140/213999.png
2025-26-player-617,2025-26,player,617,Maxwel Cornet,Cornet,MID,19,21,U,has joined Genoa on loan for the rest of the season.,2025-09-02,https://resources.premierleague.com/premierleague25/photos/players/110x140/149519.png
2025-26-player-618,2025-26,player,618,Guido Rodríguez,G.Rodriguez,MID,19,21,U,has joined Valencia on loan for the rest of the season.,2026-01-27,https://resources.premierleague.com/premierleague25/photos/players/110x140/197024.png
2025-26-player-619,2025-26,player,619,Luis Guilherme Lira dos Santos,L.Guilherme,MID,19,21,U,has joined Sporting CP permanently.,2026-01-07,https://resources.premierleague.com/premierleague25/photos/players/110x140/577114.png
2025-26-player-620,2025-26,player,620,George Earthy,Earthy,MID,19,21,U,has joined Bristol City on loan for the rest of the season.,2026-01-15,https://resources.premierleague.com/premierleague25/photos/players/110x140/490885.png
2025-26-player-621,2025-26,player,621,Andy Irving,Irving,MID,19,21,U,has joined Sparta Prague permanently.,2026-01-19,https://resources.premierleague.com/premierleague25/photos/players/110x140/229384.png
2025-26-player-622,2025-26,player,622,Lewis Orford,Orford,MID,19,21,U,has joined Stevenage on loan for the rest of the season.,2025-09-02,https://resources.premierleague.com/premierleague25/photos/players/110x140/518442.png
2025-26-player-623,2025-26,player,623,Freddie Potts,Potts,MID,19,21,A,,2026-02-14,https://resources.premierleague.com/premierleague25/photos/players/110x140/490142.png
2025-26-player-624,2025-26,player,624,Jarrod Bowen,Bowen,FWD,19,21,A,,,https://resources.premierleague.com/premierleague25/photos/players/110x140/178186.png
2025-26-player-625,2025-26,player,625,Niclas Füllkrug,Füllkrug,FWD,19,21,U,has joined AC Milan on loan for the rest of the season.,2026-01-02,https://resources.premierleague.com/premierleague25/photos/players/110x140/91889.png
2025-26-player-626,2025-26,player,626,Callum Marshall,Marshall,FWD,19,21,U,has joined VfL Bochum 1848 on loan for the rest of the season.,2026-01-08,https://resources.premierleague.com/premierleague25/photos/players/110x140/565431.png
2025-26-player-659,2025-26,player,659,Kyle Walker-Peters,Walker-Peters,DEF,19,21,A,,,https://resources.premierleague.com/premierleague25/photos/players/110x140/158534.png
2025-26-player-671,2025-26,player,671,Callum Wilson,Wilson,FWD,19,21,A,,2026-04-08,https://resources.premierleague.com/premierleague25/photos/players/110x140/75115.png
2025-26-player-679,2025-26,player,679,Mads Hermansen,Hermansen,GKP,19,21,A,,,https://resources.premierleague.com/premierleague25/photos/players/110x140/467189.png
2025-26-player-708,2025-26,player,708,Mateus Gonçalo Espanha Fernandes,M.Fernandes,MID,19,21,A,,2026-01-15,https://resources.premierleague.com/premierleague25/photos/players/110x140/551226.png
2025-26-player-718,2025-26,player,718,Soungoutou Magassa,S.Magassa,MID,19,21,A,,,https://resources.premierleague.com/premierleague25/photos/players/110x140/564940.png
2025-26-player-738,2025-26,player,738,Lukasz Fabianski,Fabianski,GKP,19,21,A,,2026-01-05,https://resources.premierleague.com/premierleague25/photos/players/110x140/37096.png
2025-26-player-747,2025-26,player,747,Ezra Mayers,Mayers,DEF,19,21,A,,,https://resources.premierleague.com/premierleague25/photos/players/110x140/602903.png
2025-26-player-752,2025-26,player,752,Airidas Golambeckis,Golambeckis,DEF,19,21,A,,,https://resources.premierleague.com/premierleague25/photos/players/110x140/643473.png
2025-26-player-758,2025-26,player,758,Mohamadou Kanté,Mohamadou Kanté,MID,19,21,A,,,https://resources.premierleague.com/premierleague25/photos/players/110x140/630699.png
2025-26-player-785,2025-26,player,785,Pablo Felipe Pereira de Jesus,Pablo,FWD,19,21,A,,2026-02-11,https://resources.premierleague.com/premierleague25/photos/players/110x140/530335.png
2025-26-player-791,2025-26,player,791,Valentín Castellanos,Taty,FWD,19,21,A,,,https://resources.premierleague.com/premierleague25/photos/players/110x140/247670.png
2025-26-player-802,2025-26,player,802,Keiber Lamadrid,Lamadrid,MID,19,21,A,,,https://resources.premierleague.com/premierleague25/photos/players/110x140/572702.png
2025-26-player-815,2025-26,player,815,Axel Disasi,Disasi,DEF,19,21,A,,,https://resources.premierleague.com/premierleague25/photos/players/110x140/220362.png
2025-26-player-825,2025-26,player,825,Finlay Herrick,Herrick,GKP,19,21,A,,,https://resources.premierleague.com/premierleague25/photos/players/110x140/553742.png
2025-26-player-627,2025-26,player,627,Sam Johnstone,Johnstone,GKP,20,39,I,Shoulder injury - Expected back 25 May,2026-04-09,https://resources.premierleague.com/premierleague25/photos/players/110x140/101982.png
2025-26-player-628,2025-26,player,628,José Malheiro de Sá,José Sá,GKP,20,39,A,,2026-05-01,https://resources.premierleague.com/premierleague25/photos/players/110x140/149065.png
2025-26-player-629,2025-26,player,629,Daniel Bentley,Bentley,GKP,20,39,A,,2026-01-15,https://resources.premierleague.com/premierleague25/photos/players/110x140/79602.png
2025-26-player-631,2025-26,player,631,Emmanuel Agbadou,Agbadou,DEF,20,39,U,has joined Besiktas permanently.,2026-02-08,https://resources.premierleague.com/premierleague25/photos/players/110x140/516939.png
2025-26-player-632,2025-26,player,632,Matt Doherty,Doherty,DEF,20,39,I,Knock - Expected back 01 Jun,2026-05-22,https://resources.premierleague.com/premierleague25/photos/players/110x140/87835.png
2025-26-player-633,2025-26,player,633,Hugo Bueno López,H.Bueno,DEF,20,39,A,,2025-12-19,https://resources.premierleague.com/premierleague25/photos/players/110x140/490721.png
2025-26-player-634,2025-26,player,634,Yerson Mosquera Valdelamar,Mosquera,DEF,20,39,A,,2026-04-10,https://resources.premierleague.com/premierleague25/photos/players/110x140/501837.png
2025-26-player-635,2025-26,player,635,Rodrigo Martins Gomes,R.Gomes,DEF,20,39,A,,2025-10-31,https://resources.premierleague.com/premierleague25/photos/players/110x140/483081.png
2025-26-player-636,2025-26,player,636,Santiago Ignacio Bueno,S.Bueno,DEF,20,39,A,,2025-12-29,https://resources.premierleague.com/premierleague25/photos/players/110x140/231480.png
2025-26-player-637,2025-26,player,637,Toti Gomes,Toti,DEF,20,39,A,,2025-12-23,https://resources.premierleague.com/premierleague25/photos/players/110x140/510362.png
2025-26-player-638,2025-26,player,638,Ki-Jana Hoever,Hoever,DEF,20,39,U,has joined Sheffield United on loan for the rest of the season.,2026-01-15,https://resources.premierleague.com/premierleague25/photos/players/110x140/441271.png
2025-26-player-639,2025-26,player,639,Bastien Meupiyou Menadjou,Meupiyou,DEF,20,39,U,On loan to FC Alverca,2025-07-23,https://resources.premierleague.com/premierleague25/photos/players/110x140/560248.png
2025-26-player-640,2025-26,player,640,Pedro Cardoso de Lima,Pedro Lima,DEF,20,39,A,,2025-09-02,https://resources.premierleague.com/premierleague25/photos/players/110x140/641221.png
2025-26-player-641,2025-26,player,641,Alfie Pond,Pond,DEF,20,39,U,has joined Crewe Alexandra on loan for the rest of the season.,2026-01-07,https://resources.premierleague.com/premierleague25/photos/players/110x140/517179.png
2025-26-player-642,2025-26,player,642,Hwang Hee-chan,Hee Chan,MID,20,39,A,,2026-02-07,https://resources.premierleague.com/premierleague25/photos/players/110x140/184754.png
2025-26-player-643,2025-26,player,643,André Trindade da Costa Neto,André,MID,20,39,A,,2026-02-07,https://resources.premierleague.com/premierleague25/photos/players/110x140/509291.png
2025-26-player-644,2025-26,player,644,Jean-Ricner Bellegarde,Bellegarde,MID,20,39,A,,2025-12-09,https://resources.premierleague.com/premierleague25/photos/players/110x140/231057.png
2025-26-player-645,2025-26,player,645,Fer López González,Fer López,MID,20,39,U,has joined Celta Vigo on loan for the rest of the season.,2026-01-27,https://resources.premierleague.com/premierleague25/photos/players/110x140/643135.png
2025-26-player-646,2025-26,player,646,João Victor Gomes da Silva,J.Gomes,MID,20,39,A,,2026-01-05,https://resources.premierleague.com/premierleague25/photos/players/110x140/448089.png
2025-26-player-647,2025-26,player,647,Gonçalo Manuel Ganchinho Guedes,Guedes,MID,20,39,U,Has joined Real Sociedad permanently.,2025-08-11,https://resources.premierleague.com/premierleague25/photos/players/110x140/181284.png
2025-26-player-648,2025-26,player,648,Marshall Munetsi,Munetsi,MID,20,39,U,has joined Paris FC on loan for the rest of the season.,2025-12-04,https://resources.premierleague.com/premierleague25/photos/players/110x140/433312.png
2025-26-player-649,2025-26,player,649,Boubacar Traoré,B.Traore,MID,20,39,U,Has joined FC Metz on loan for the rest of the season.,2025-07-25,https://resources.premierleague.com/premierleague25/photos/players/110x140/476502.png
2025-26-player-650,2025-26,player,650,Tawanda Chirewa,Chirewa,MID,20,39,U,has joined Barnsley on loan for the rest of the season.,2026-02-02,https://resources.premierleague.com/premierleague25/photos/players/110x140/497606.png
2025-26-player-651,2025-26,player,651,Tom Edozie,Edozie,MID,20,39,A,,,https://resources.premierleague.com/premierleague25/photos/players/110x140/596054.png
2025-26-player-652,2025-26,player,652,Enso González Medina,Gonzalez,MID,20,39,A,,,https://resources.premierleague.com/premierleague25/photos/players/110x140/593001.png
2025-26-player-653,2025-26,player,653,Joe Hodge,Hodge,MID,20,39,U,Signed by CD Tondela,2025-07-23,https://resources.premierleague.com/premierleague25/photos/players/110x140/240299.png
2025-26-player-655,2025-26,player,655,Fábio Soares Silva,Fábio Silva,FWD,20,39,U,has joined Borussia Dortmund permanently.,2025-09-02,https://resources.premierleague.com/premierleague25/photos/players/110x140/449988.png
2025-26-player-656,2025-26,player,656,Saša Kalajdžić,Kalajdžić,FWD,20,39,U,has joined LASK on loan for the rest of the season.,2025-09-08,https://resources.premierleague.com/premierleague25/photos/players/110x140/429414.png
2025-26-player-657,2025-26,player,657,Leon Chiwome,Chiwome,FWD,20,39,A,,2025-07-21,https://resources.premierleague.com/premierleague25/photos/players/110x140/589507.png
2025-26-player-658,2025-26,player,658,Nathan Fraser,Fraser,FWD,20,39,A,,,https://resources.premierleague.com/premierleague25/photos/players/110x140/531363.png
2025-26-player-663,2025-26,player,663,Jhon Arias,J.Arias,MID,20,39,U,has joined Palmeiras permanently.,2026-02-08,https://resources.premierleague.com/premierleague25/photos/players/110x140/230376.png
2025-26-player-682,2025-26,player,682,David Møller Wolfe,Møller Wolfe,DEF,20,39,A,,,https://resources.premierleague.com/premierleague25/photos/players/110x140/497949.png
2025-26-player-695,2025-26,player,695,Jackson Tchatchoua,Tchatchoua,DEF,20,39,A,,,https://resources.premierleague.com/premierleague25/photos/players/110x140/523705.png
2025-26-player-709,2025-26,player,709,Ladislav Krejcí,Krejčí,DEF,20,39,A,,2026-04-18,https://resources.premierleague.com/premierleague25/photos/players/110x140/431248.png
2025-26-player-720,2025-26,player,720,Tolu Arokodare,Tolu,FWD,20,39,A,,,https://resources.premierleague.com/premierleague25/photos/players/110x140/488213.png
2025-26-player-749,2025-26,player,749,Mateus Mané,Mané,FWD,20,39,A,,,https://resources.premierleague.com/premierleague25/photos/players/110x140/647671.png
2025-26-player-766,2025-26,player,766,Saheed Olagunju,Olagunju,DEF,20,39,A,,,https://resources.premierleague.com/premierleague25/photos/players/110x140/601956.png
2025-26-player-767,2025-26,player,767,Luke Rawlings,Rawlings,MID,20,39,A,,,https://resources.premierleague.com/premierleague25/photos/players/110x140/605319.png
2025-26-player-777,2025-26,player,777,Temple Ojinnaka,Ojinnaka,MID,20,39,U,has joined Shrewsbury Town on loan for the rest of the season.,2026-02-06,https://resources.premierleague.com/premierleague25/photos/players/110x140/514362.png
2025-26-player-778,2025-26,player,778,Ethan Sutherland,Sutherland,MID,20,39,A,,,https://resources.premierleague.com/premierleague25/photos/players/110x140/589121.png
2025-26-player-809,2025-26,player,809,Jerome Abbey,Abbey,MID,20,39,A,,,https://resources.premierleague.com/premierleague25/photos/players/110x140/685628.png
2025-26-player-816,2025-26,player,816,Angel Gomes,Angel,MID,20,39,A,,2026-04-18,https://resources.premierleague.com/premierleague25/photos/players/110x140/209041.png
2025-26-player-817,2025-26,player,817,Adam Armstrong,Armstrong,FWD,20,39,A,,,https://resources.premierleague.com/premierleague25/photos/players/110x140/155511.png
2025-26-player-828,2025-26,player,828,Alfie Brooks,Brooks,GKP,20,39,A,,,https://resources.premierleague.com/premierleague25/photos/players/110x140/491460.png
2025-26-player-831,2025-26,player,831,Josh Gracey,Gracey,GKP,20,39,A,,,https://resources.premierleague.com/premierleague25/photos/players/110x140/627888.png
2018-19-player-666,2018-19,player,666,Viktor Gyökeres,Gyökeres,FWD,1,3,A,,,https://resources.premierleague.com/premierleague25/photos/players/110x140/224117.png
2019-20-player-699,2019-20,player,699,Douglas Luiz Soares de Paulo,Douglas Luiz,MID,2,7,A,,,https://resources.premierleague.com/premierleague25/photos/players/110x140/230046.png
2018-19-player-719,2018-19,player,719,Victor Lindelöf,Lindelöf,DEF,2,7,A,,,https://resources.premierleague.com/premierleague25/photos/players/110x140/184667.png
2019-20-player-719,2019-20,player,719,Victor Lindelöf,Lindelöf,DEF,2,7,A,,,https://resources.premierleague.com/premierleague25/photos/players/110x140/184667.png
2020-21-player-719,2020-21,player,719,Victor Lindelöf,Lindelöf,DEF,2,7,A,,,https://resources.premierleague.com/premierleague25/photos/players/110x140/184667.png
2018-19-player-808,2018-19,player,808,Tammy Abraham,Abraham,FWD,2,7,A,,,https://resources.premierleague.com/premierleague25/photos/players/110x140/173879.png
2019-20-player-808,2019-20,player,808,Tammy Abraham,Abraham,FWD,2,7,A,,,https://resources.premierleague.com/premierleague25/photos/players/110x140/173879.png
2020-21-player-808,2020-21,player,808,Tammy Abraham,Abraham,FWD,2,7,A,,,https://resources.premierleague.com/premierleague25/photos/players/110x140/173879.png
2021-22-player-808,2021-22,player,808,Tammy Abraham,Abraham,FWD,2,7,A,,,https://resources.premierleague.com/premierleague25/photos/players/110x140/173879.png
2019-20-player-680,2019-20,player,680,Armando Broja,Broja,FWD,3,90,A,,,https://resources.premierleague.com/premierleague25/photos/players/110x140/440323.png
2018-19-player-782,2018-19,player,782,Fraser Forster,Forster,GKP,4,91,A,,,https://resources.premierleague.com/premierleague25/photos/players/110x140/40383.png
2019-20-player-782,2019-20,player,782,Fraser Forster,Forster,GKP,4,91,A,,,https://resources.premierleague.com/premierleague25/photos/players/110x140/40383.png
2020-21-player-782,2020-21,player,782,Fraser Forster,Forster,GKP,4,91,A,,,https://resources.premierleague.com/premierleague25/photos/players/110x140/40383.png
2021-22-player-782,2021-22,player,782,Fraser Forster,Forster,GKP,4,91,A,,,https://resources.premierleague.com/premierleague25/photos/players/110x140/40383.png
2022-23-player-782,2022-23,player,782,Fraser Forster,Forster,GKP,4,91,A,,,https://resources.premierleague.com/premierleague25/photos/players/110x140/40383.png
2021-22-player-748,2021-22,player,748,Josh Dasilva,Dasilva,MID,5,94,A,,,https://resources.premierleague.com/premierleague25/photos/players/110x140/183656.png
2018-19-player-783,2018-19,player,783,Pascal Groß,Groß,MID,6,36,A,,,https://resources.premierleague.com/premierleague25/photos/players/110x140/60307.png
2019-20-player-783,2019-20,player,783,Pascal Groß,Groß,MID,6,36,A,,,https://resources.premierleague.com/premierleague25/photos/players/110x140/60307.png
2020-21-player-783,2020-21,player,783,Pascal Groß,Groß,MID,6,36,A,,,https://resources.premierleague.com/premierleague25/photos/players/110x140/60307.png
2021-22-player-783,2021-22,player,783,Pascal Groß,Groß,MID,6,36,A,,,https://resources.premierleague.com/premierleague25/photos/players/110x140/60307.png
2022-23-player-783,2022-23,player,783,Pascal Groß,Groß,MID,6,36,A,,,https://resources.premierleague.com/premierleague25/photos/players/110x140/60307.png
2018-19-player-665,2018-19,player,665,Lucas Estella Perri,Perri,GKP,11,2,A,,,https://resources.premierleague.com/premierleague25/photos/players/110x140/201595.png
2018-19-player-691,2018-19,player,691,Dominic Calvert-Lewin,Calvert-Lewin,FWD,11,2,A,,,https://resources.premierleague.com/premierleague25/photos/players/110x140/177815.png
2019-20-player-691,2019-20,player,691,Dominic Calvert-Lewin,Calvert-Lewin,FWD,11,2,A,,,https://resources.premierleague.com/premierleague25/photos/players/110x140/177815.png
2019-20-player-706,2019-20,player,706,James Justin,Justin,DEF,11,2,A,,,https://resources.premierleague.com/premierleague25/photos/players/110x140/220627.png
2019-20-player-674,2019-20,player,674,Aaron Ramsdale,Ramsdale,GKP,15,4,A,,,https://resources.premierleague.com/premierleague25/photos/players/110x140/225321.png
2018-19-player-753,2018-19,player,753,John Ruddy,Ruddy,GKP,15,4,A,,,https://resources.premierleague.com/premierleague25/photos/players/110x140/19236.png
2019-20-player-753,2019-20,player,753,John Ruddy,Ruddy,GKP,15,4,A,,,https://resources.premierleague.com/premierleague25/photos/players/110x140/19236.png
2020-21-player-753,2020-21,player,753,John Ruddy,Ruddy,GKP,15,4,A,,,https://resources.premierleague.com/premierleague25/photos/players/110x140/19236.png
2021-22-player-753,2021-22,player,753,John Ruddy,Ruddy,GKP,15,4,A,,,https://resources.premierleague.com/premierleague25/photos/players/110x140/19236.png
2018-19-player-675,2018-19,player,675,Angus Gunn,Gunn,GKP,16,17,A,,,https://resources.premierleague.com/premierleague25/photos/players/110x140/107265.png
2019-20-player-675,2019-20,player,675,Angus Gunn,Gunn,GKP,16,17,A,,,https://resources.premierleague.com/premierleague25/photos/players/110x140/107265.png
2018-19-player-668,2018-19,player,668,Granit Xhaka,Xhaka,MID,17,56,A,,,https://resources.premierleague.com/premierleague25/photos/players/110x140/84450.png
2018-19-player-678,2018-19,player,678,Arthur Masuaku,Masuaku,DEF,17,56,A,,,https://resources.premierleague.com/premierleague25/photos/players/110x140/105717.png
2019-20-player-678,2019-20,player,678,Arthur Masuaku,Masuaku,DEF,17,56,A,,,https://resources.premierleague.com/premierleague25/photos/players/110x140/105717.png
2020-21-player-735,2020-21,player,735,Bertrand Traoré,Traoré,MID,17,56,A,,,https://resources.premierleague.com/premierleague25/photos/players/110x140/110504.png
2020-21-player-796,2020-21,player,796,Conor Gallagher,Gallagher,MID,18,6,A,,,https://resources.premierleague.com/premierleague25/photos/players/110x140/232787.png
2021-22-player-796,2021-22,player,796,Conor Gallagher,Gallagher,MID,18,6,A,,,https://resources.premierleague.com/premierleague25/photos/players/110x140/232787.png
2022-23-player-796,2022-23,player,796,Conor Gallagher,Gallagher,MID,18,6,A,,,https://resources.premierleague.com/premierleague25/photos/players/110x140/232787.png
2023-24-player-612,2023-24,player,612,Lucas Tolentino Coelho de Lima,L.Paquetá,MID,19,21,A,,,https://resources.premierleague.com/premierleague25/photos/players/110x140/224024.png
2018-19-player-659,2018-19,player,659,Kyle Walker-Peters,Walker-Peters,DEF,19,21,A,,,https://resources.premierleague.com/premierleague25/photos/players/110x140/158534.png
2018-19-player-671,2018-19,player,671,Callum Wilson,Wilson,FWD,19,21,A,,,https://resources.premierleague.com/premierleague25/photos/players/110x140/75115.png
2019-20-player-671,2019-20,player,671,Callum Wilson,Wilson,FWD,19,21,A,,,https://resources.premierleague.com/premierleague25/photos/players/110x140/75115.png
2018-19-player-738,2018-19,player,738,Lukasz Fabianski,Fabianski,GKP,19,21,A,,,https://resources.premierleague.com/premierleague25/photos/players/110x140/37096.png
2019-20-player-738,2019-20,player,738,Lukasz Fabianski,Fabianski,GKP,19,21,A,,,https://resources.premierleague.com/premierleague25/photos/players/110x140/37096.png
2020-21-player-738,2020-21,player,738,Lukasz Fabianski,Fabianski,GKP,19,21,A,,,https://resources.premierleague.com/premierleague25/photos/players/110x140/37096.png
2021-22-player-738,2021-22,player,738,Lukasz Fabianski,Fabianski,GKP,19,21,A,,,https://resources.premierleague.com/premierleague25/photos/players/110x140/37096.png
2018-19-player-632,2018-19,player,632,Matt Doherty,Doherty,DEF,20,39,A,,,https://resources.premierleague.com/premierleague25/photos/players/110x140/87835.png
2018-19-player-816,2018-19,player,816,Angel Gomes,Angel,MID,20,39,A,,,https://resources.premierleague.com/premierleague25/photos/players/110x140/209041.png
2019-20-player-816,2019-20,player,816,Angel Gomes,Angel,MID,20,39,A,,,https://resources.premierleague.com/premierleague25/photos/players/110x140/209041.png
2021-22-player-817,2021-22,player,817,Adam Armstrong,Armstrong,FWD,20,39,A,,,https://resources.premierleague.com/premierleague25/photos/players/110x140/155511.png
2022-23-player-817,2022-23,player,817,Adam Armstrong,Armstrong,FWD,20,39,A,,,https://resources.premierleague.com/premierleague25/photos/players/110x140/155511.png
2018-19-player-1,2018-19,player,1,Petr Cech,Cech,GKP,1,,A,,,https://resources.premierleague.com/premierleague25/photos/players/110x140/11334.png
2018-19-player-2,2018-19,player,2,Bernd Leno,Leno,GKP,1,,A,,,https://resources.premierleague.com/premierleague25/photos/players/110x140/80201.png
2018-19-player-3,2018-19,player,3,Laurent Koscielny,Koscielny,DEF,1,,A,,,https://resources.premierleague.com/premierleague25/photos/players/110x140/51507.png
2018-19-player-4,2018-19,player,4,Héctor Bellerín,Bellerín,DEF,1,,A,,,https://resources.premierleague.com/premierleague25/photos/players/110x140/98745.png
2018-19-player-5,2018-19,player,5,Nacho Monreal,Monreal,DEF,1,,A,,,https://resources.premierleague.com/premierleague25/photos/players/110x140/38411.png
2018-19-player-6,2018-19,player,6,Rob Holding,Holding,DEF,1,,A,,,https://resources.premierleague.com/premierleague25/photos/players/110x140/156074.png
2018-19-player-7,2018-19,player,7,Shkodran Mustafi,Mustafi,DEF,1,,A,,,https://resources.premierleague.com/premierleague25/photos/players/110x140/69140.png
2018-19-player-8,2018-19,player,8,Sead Kolasinac,Kolasinac,DEF,1,,A,,,https://resources.premierleague.com/premierleague25/photos/players/110x140/111457.png
2018-19-player-10,2018-19,player,10,Konstantinos Mavropanos,Mavropanos,DEF,1,,A,,,https://resources.premierleague.com/premierleague25/photos/players/110x140/233963.png
2018-19-player-11,2018-19,player,11,Stephan Lichtsteiner,Lichtsteiner,DEF,1,,A,,,https://resources.premierleague.com/premierleague25/photos/players/110x140/27335.png
2018-19-player-12,2018-19,player,12,Sokratis Papastathopoulos,Sokratis,DEF,1,,A,,,https://resources.premierleague.com/premierleague25/photos/players/110x140/39476.png
2018-19-player-13,2018-19,player,13,Mesut Özil,Özil,MID,1,,A,,,https://resources.premierleague.com/premierleague25/photos/players/110x140/37605.png
2018-19-player-14,2018-19,player,14,Aaron Ramsey,Ramsey,MID,1,,A,,,https://resources.premierleague.com/premierleague25/photos/players/110x140/41792.png
2018-19-player-15,2018-19,player,15,Alex Iwobi,Iwobi,MID,1,,A,,,https://resources.premierleague.com/premierleague25/photos/players/110x140/153133.png
2018-19-player-16,2018-19,player,16,Mohamed Elneny,Elneny,MID,1,,A,,,https://resources.premierleague.com/premierleague25/photos/players/110x140/153256.png
2018-19-player-17,2018-19,player,17,Granit Xhaka,Xhaka,MID,1,,A,,,https://resources.premierleague.com/premierleague25/photos/players/110x140/84450.png
2018-19-player-18,2018-19,player,18,Henrikh Mkhitaryan,Mkhitaryan,MID,1,,A,,,https://resources.premierleague.com/premierleague25/photos/players/110x140/57249.png
2018-19-player-19,2018-19,player,19,Reiss Nelson,Nelson,MID,1,,A,,,https://resources.premierleague.com/premierleague25/photos/players/110x140/200641.png
2018-19-player-20,2018-19,player,20,Ainsley Maitland-Niles,Maitland-Niles,MID,1,,A,,,https://resources.premierleague.com/premierleague25/photos/players/110x140/154043.png
2018-19-player-21,2018-19,player,21,Danny Welbeck,Welbeck,FWD,1,,A,,,https://resources.premierleague.com/premierleague25/photos/players/110x140/50175.png
2018-19-player-22,2018-19,player,22,Alexandre Lacazette,Lacazette,FWD,1,,A,,,https://resources.premierleague.com/premierleague25/photos/players/110x140/59966.png
2018-19-player-23,2018-19,player,23,Pierre-Emerick Aubameyang,Aubameyang,FWD,1,,A,,,https://resources.premierleague.com/premierleague25/photos/players/110x140/54694.png
2018-19-player-450,2018-19,player,450,Lucas Torreira,Torreira,MID,1,,A,,,https://resources.premierleague.com/premierleague25/photos/players/110x140/198849.png
2018-19-player-451,2018-19,player,451,Matteo Guendouzi,Guendouzi,MID,1,,A,,,https://resources.premierleague.com/premierleague25/photos/players/110x140/242166.png
2018-19-player-542,2018-19,player,542,Emiliano Martínez,Martínez,GKP,1,,A,,,https://resources.premierleague.com/premierleague25/photos/players/110x140/98980.png
2018-19-player-545,2018-19,player,545,Emile Smith-Rowe,Smith-Rowe,MID,1,,A,,,https://resources.premierleague.com/premierleague25/photos/players/110x140/209289.png
2018-19-player-546,2018-19,player,546,Zech Medley,Medley,DEF,1,,A,,,https://resources.premierleague.com/premierleague25/photos/players/110x140/209037.png
2018-19-player-552,2018-19,player,552,Edward Nketiah,Nketiah,FWD,1,,A,,,https://resources.premierleague.com/premierleague25/photos/players/110x140/205533.png
2018-19-player-563,2018-19,player,563,Bukayo Saka,Saka,MID,1,,A,,,https://resources.premierleague.com/premierleague25/photos/players/110x140/223340.png
2018-19-player-566,2018-19,player,566,Joseph Willock,Willock,MID,1,,A,,,https://resources.premierleague.com/premierleague25/photos/players/110x140/200089.png
2018-19-player-581,2018-19,player,581,Carl Jenkinson,Jenkinson,DEF,1,,A,,,https://resources.premierleague.com/premierleague25/photos/players/110x140/80254.png
2018-19-player-586,2018-19,player,586,Denis Suárez,Suárez,MID,1,,A,,,https://resources.premierleague.com/premierleague25/photos/players/110x140/89572.png
2018-19-player-24,2018-19,player,24,Asmir Begovic,Begovic,GKP,2,,A,,,https://resources.premierleague.com/premierleague25/photos/players/110x140/40349.png
2018-19-player-25,2018-19,player,25,Artur Boruc,Boruc,GKP,2,,A,,,https://resources.premierleague.com/premierleague25/photos/players/110x140/18726.png
2018-19-player-26,2018-19,player,26,Simon Francis,Francis,DEF,2,,A,,,https://resources.premierleague.com/premierleague25/photos/players/110x140/15149.png
2018-19-player-27,2018-19,player,27,Steve Cook,Steve Cook,DEF,2,,A,,,https://resources.premierleague.com/premierleague25/photos/players/110x140/56917.png
2018-19-player-28,2018-19,player,28,Charlie Daniels,Daniels,DEF,2,,A,,,https://resources.premierleague.com/premierleague25/photos/players/110x140/41320.png
2018-19-player-29,2018-19,player,29,Adam Smith,Adam Smith,DEF,2,,A,,,https://resources.premierleague.com/premierleague25/photos/players/110x140/54469.png
2018-19-player-30,2018-19,player,30,Tyrone Mings,Mings,DEF,2,,A,,,https://resources.premierleague.com/premierleague25/photos/players/110x140/149484.png
2018-19-player-31,2018-19,player,31,Nathan Aké,Aké,DEF,2,,A,,,https://resources.premierleague.com/premierleague25/photos/players/110x140/126184.png
2018-19-player-32,2018-19,player,32,Jack Simpson,Simpson,DEF,2,,A,,,https://resources.premierleague.com/premierleague25/photos/players/110x140/222434.png
2018-19-player-34,2018-19,player,34,Marc Pugh,Pugh,MID,2,,A,,,https://resources.premierleague.com/premierleague25/photos/players/110x140/20037.png
2018-19-player-35,2018-19,player,35,Andrew Surman,Surman,MID,2,,A,,,https://resources.premierleague.com/premierleague25/photos/players/110x140/15237.png
2018-19-player-36,2018-19,player,36,Junior Stanislas,Stanislas,MID,2,,A,,,https://resources.premierleague.com/premierleague25/photos/players/110x140/56872.png
2018-19-player-37,2018-19,player,37,Dan Gosling,Gosling,MID,2,,A,,,https://resources.premierleague.com/premierleague25/photos/players/110x140/40387.png
2018-19-player-38,2018-19,player,38,Jordon Ibe,Ibe,MID,2,,A,,,https://resources.premierleague.com/premierleague25/photos/players/110x140/103912.png
2018-19-player-39,2018-19,player,39,Lewis Cook,Lewis Cook,MID,2,,A,,,https://resources.premierleague.com/premierleague25/photos/players/110x140/155408.png
2018-19-player-40,2018-19,player,40,Ryan Fraser,Fraser,MID,2,,A,,,https://resources.premierleague.com/premierleague25/photos/players/110x140/90105.png
2018-19-player-41,2018-19,player,41,Emerson Hyndman,Hyndman,MID,2,,A,,,https://resources.premierleague.com/premierleague25/photos/players/110x140/122342.png
2018-19-player-42,2018-19,player,42,David Brooks,Brooks,MID,2,,A,,,https://resources.premierleague.com/premierleague25/photos/players/110x140/111317.png
2018-19-player-43,2018-19,player,43,Callum Wilson,Wilson,FWD,2,,A,,,https://resources.premierleague.com/premierleague25/photos/players/110x140/75115.png
2018-19-player-44,2018-19,player,44,Lys Mousset,Mousset,FWD,2,,A,,,https://resources.premierleague.com/premierleague25/photos/players/110x140/178304.png
2018-19-player-45,2018-19,player,45,Joshua King,King,FWD,2,,A,,,https://resources.premierleague.com/premierleague25/photos/players/110x140/78007.png
2018-19-player-46,2018-19,player,46,Jermain Defoe,Defoe,FWD,2,,A,,,https://resources.premierleague.com/premierleague25/photos/players/110x140/7958.png
2018-19-player-241,2018-19,player,241,Nathaniel Clyne,Clyne,DEF,2,,A,,,https://resources.premierleague.com/premierleague25/photos/players/110x140/57328.png
2018-19-player-259,2018-19,player,259,Dominic Solanke,Solanke,FWD,2,,A,,,https://resources.premierleague.com/premierleague25/photos/players/110x140/154566.png
2018-19-player-473,2018-19,player,473,Diego Rico,Rico,DEF,2,,A,,,https://resources.premierleague.com/premierleague25/photos/players/110x140/171129.png
2018-19-player-494,2018-19,player,494,Jefferson Lerma,Lerma,MID,2,,A,,,https://resources.premierleague.com/premierleague25/photos/players/110x140/152551.png
2018-19-player-580,2018-19,player,580,Chris Mepham,Mepham,DEF,2,,A,,,https://resources.premierleague.com/premierleague25/photos/players/110x140/223911.png
2018-19-player-599,2018-19,player,599,Sam Surridge,Surridge,FWD,2,,A,,,https://resources.premierleague.com/premierleague25/photos/players/110x140/217331.png
2018-19-player-600,2018-19,player,600,Kyle Taylor,Taylor,MID,2,,A,,,https://resources.premierleague.com/premierleague25/photos/players/110x140/431774.png
2018-19-player-613,2018-19,player,613,Nnamdi Ofoborh,Ofoborh,MID,2,,A,,,https://resources.premierleague.com/premierleague25/photos/players/110x140/444181.png
2018-19-player-616,2018-19,player,616,Mark Travers,Travers,GKP,2,,A,,,https://resources.premierleague.com/premierleague25/photos/players/110x140/229600.png
2018-19-player-620,2018-19,player,620,Matt Butcher,Butcher,MID,2,,A,,,https://resources.premierleague.com/premierleague25/photos/players/110x140/200370.png
2018-19-player-47,2018-19,player,47,Mathew Ryan,Ryan,GKP,3,,A,,,https://resources.premierleague.com/premierleague25/photos/players/110x140/131897.png
2018-19-player-48,2018-19,player,48,Lewis Dunk,Dunk,DEF,3,,A,,,https://resources.premierleague.com/premierleague25/photos/players/110x140/83299.png
2018-19-player-49,2018-19,player,49,Shane Duffy,Duffy,DEF,3,,A,,,https://resources.premierleague.com/premierleague25/photos/players/110x140/61933.png
2018-19-player-50,2018-19,player,50,Bruno Saltor Grau,Bruno,DEF,3,,A,,,https://resources.premierleague.com/premierleague25/photos/players/110x140/11352.png
2018-19-player-51,2018-19,player,51,Gaëtan Bong,Bong,DEF,3,,A,,,https://resources.premierleague.com/premierleague25/photos/players/110x140/42748.png
2018-19-player-52,2018-19,player,52,Markus Suttner,Suttner,DEF,3,,A,,,https://resources.premierleague.com/premierleague25/photos/players/110x140/43808.png
2018-19-player-53,2018-19,player,53,Ezequiel Schelotto,Schelotto,DEF,3,,A,,,https://resources.premierleague.com/premierleague25/photos/players/110x140/74375.png
2018-19-player-54,2018-19,player,54,Leon Balogun,Balogun,DEF,3,,A,,,https://resources.premierleague.com/premierleague25/photos/players/110x140/52484.png
2018-19-player-55,2018-19,player,55,Anthony Knockaert,Knockaert,MID,3,,A,,,https://resources.premierleague.com/premierleague25/photos/players/110x140/83543.png
2018-19-player-56,2018-19,player,56,Dale Stephens,Stephens,MID,3,,A,,,https://resources.premierleague.com/premierleague25/photos/players/110x140/40845.png
2018-19-player-57,2018-19,player,57,Beram Kayal,Kayal,MID,3,,A,,,https://resources.premierleague.com/premierleague25/photos/players/110x140/38490.png
2018-19-player-58,2018-19,player,58,Solomon March,March,MID,3,,A,,,https://resources.premierleague.com/premierleague25/photos/players/110x140/109345.png
2018-19-player-59,2018-19,player,59,Pascal Groß,Groß,MID,3,,A,,,https://resources.premierleague.com/premierleague25/photos/players/110x140/60307.png
2018-19-player-60,2018-19,player,60,Davy Pröpper,Pröpper,MID,3,,A,,,https://resources.premierleague.com/premierleague25/photos/players/110x140/66242.png
2018-19-player-61,2018-19,player,61,José Heriberto Izquierdo Mena,Izquierdo,MID,3,,A,,,https://resources.premierleague.com/premierleague25/photos/players/110x140/167473.png
2018-19-player-62,2018-19,player,62,Glenn Murray,Murray,FWD,3,,A,,,https://resources.premierleague.com/premierleague25/photos/players/110x140/20529.png
2018-19-player-63,2018-19,player,63,Tomer Hemed,Hemed,FWD,3,,A,,,https://resources.premierleague.com/premierleague25/photos/players/110x140/38499.png
2018-19-player-64,2018-19,player,64,Sam Baldock,Baldock,FWD,3,,A,,,https://resources.premierleague.com/premierleague25/photos/players/110x140/28462.png
2018-19-player-65,2018-19,player,65,Jürgen Locadia,Locadia,FWD,3,,A,,,https://resources.premierleague.com/premierleague25/photos/players/110x140/106757.png
2018-19-player-66,2018-19,player,66,Florin Andone,Andone,FWD,3,,A,,,https://resources.premierleague.com/premierleague25/photos/players/110x140/93284.png
2018-19-player-179,2018-19,player,179,David Button,Button,GKP,3,,A,,,https://resources.premierleague.com/premierleague25/photos/players/110x140/50093.png
2018-19-player-439,2018-19,player,439,Jason Steele,Steele,GKP,3,,A,,,https://resources.premierleague.com/premierleague25/photos/players/110x140/49262.png
2018-19-player-440,2018-19,player,440,Bernardo Fernandes da Silva Junior,Bernardo,DEF,3,,A,,,https://resources.premierleague.com/premierleague25/photos/players/110x140/209362.png
2018-19-player-466,2018-19,player,466,Yves Bissouma,Bissouma,MID,3,,A,,,https://resources.premierleague.com/premierleague25/photos/players/110x140/227127.png
2018-19-player-476,2018-19,player,476,Alireza Jahanbakhsh,Jahanbakhsh,MID,3,,A,,,https://resources.premierleague.com/premierleague25/photos/players/110x140/165210.png
2018-19-player-503,2018-19,player,503,Martín Montoya,Montoya,DEF,3,,A,,,https://resources.premierleague.com/premierleague25/photos/players/110x140/86153.png
2018-19-player-551,2018-19,player,551,Viktor Gyokeres,Gyokeres,FWD,3,,A,,,https://resources.premierleague.com/premierleague25/photos/players/110x140/224117.png
2018-19-player-559,2018-19,player,559,Ben White,White,DEF,3,,A,,,https://resources.premierleague.com/premierleague25/photos/players/110x140/198869.png
2018-19-player-572,2018-19,player,572,Max Sanders,Sanders,MID,3,,A,,,https://resources.premierleague.com/premierleague25/photos/players/110x140/215062.png
2018-19-player-582,2018-19,player,582,Dan Burn,Burn,DEF,3,,A,,,https://resources.premierleague.com/premierleague25/photos/players/110x140/78916.png
2018-19-player-617,2018-19,player,617,Jayson Molumby,Molumby,MID,3,,A,,,https://resources.premierleague.com/premierleague25/photos/players/110x140/220738.png
2018-19-player-67,2018-19,player,67,Tom Heaton,Heaton,GKP,4,,A,,,https://resources.premierleague.com/premierleague25/photos/players/110x140/21205.png
2018-19-player-68,2018-19,player,68,Nick Pope,Pope,GKP,4,,A,,,https://resources.premierleague.com/premierleague25/photos/players/110x140/98747.png
2018-19-player-69,2018-19,player,69,Matthew Lowton,Lowton,DEF,4,,A,,,https://resources.premierleague.com/premierleague25/photos/players/110x140/68983.png
2018-19-player-70,2018-19,player,70,Ben Mee,Mee,DEF,4,,A,,,https://resources.premierleague.com/premierleague25/photos/players/110x140/51927.png
2018-19-player-71,2018-19,player,71,Stephen Ward,Ward,DEF,4,,A,,,https://resources.premierleague.com/premierleague25/photos/players/110x140/40616.png
2018-19-player-72,2018-19,player,72,James Tarkowski,Tarkowski,DEF,4,,A,,,https://resources.premierleague.com/premierleague25/photos/players/110x140/17761.png
2018-19-player-73,2018-19,player,73,Kevin Long,Long,DEF,4,,A,,,https://resources.premierleague.com/premierleague25/photos/players/110x140/41674.png
2018-19-player-74,2018-19,player,74,Charlie Taylor,Taylor,DEF,4,,A,,,https://resources.premierleague.com/premierleague25/photos/players/110x140/103914.png
2018-19-player-75,2018-19,player,75,Phil Bardsley,Bardsley,DEF,4,,A,,,https://resources.premierleague.com/premierleague25/photos/players/110x140/17997.png
2018-19-player-76,2018-19,player,76,Johann Berg Gudmundsson,Gudmundsson,MID,4,,A,,,https://resources.premierleague.com/premierleague25/photos/players/110x140/60586.png
2018-19-player-77,2018-19,player,77,Steven Defour,Defour,MID,4,,A,,,https://resources.premierleague.com/premierleague25/photos/players/110x140/39847.png
2018-19-player-78,2018-19,player,78,Jeff Hendrick,Hendrick,MID,4,,A,,,https://resources.premierleague.com/premierleague25/photos/players/110x140/83314.png
2018-19-player-79,2018-19,player,79,Robbie Brady,Brady,MID,4,,A,,,https://resources.premierleague.com/premierleague25/photos/players/110x140/90517.png
2018-19-player-80,2018-19,player,80,Ashley Westwood,Westwood,MID,4,,A,,,https://resources.premierleague.com/premierleague25/photos/players/110x140/60551.png
2018-19-player-81,2018-19,player,81,Jonathan Walters,Walters,MID,4,,A,,,https://resources.premierleague.com/premierleague25/photos/players/110x140/12813.png
2018-19-player-82,2018-19,player,82,Jack Cork,Cork,MID,4,,A,,,https://resources.premierleague.com/premierleague25/photos/players/110x140/40145.png
2018-19-player-83,2018-19,player,83,Aaron Lennon,Lennon,MID,4,,A,,,https://resources.premierleague.com/premierleague25/photos/players/110x140/17349.png
2018-19-player-84,2018-19,player,84,Sam Vokes,Vokes,FWD,4,,A,,,https://resources.premierleague.com/premierleague25/photos/players/110x140/40399.png
2018-19-player-85,2018-19,player,85,Ashley Barnes,Barnes,FWD,4,,A,,,https://resources.premierleague.com/premierleague25/photos/players/110x140/44699.png
2018-19-player-86,2018-19,player,86,Nahki Wells,Wells,FWD,4,,A,,,https://resources.premierleague.com/premierleague25/photos/players/110x140/92383.png
2018-19-player-87,2018-19,player,87,Chris Wood,Wood,FWD,4,,A,,,https://resources.premierleague.com/premierleague25/photos/players/110x140/60689.png
2018-19-player-485,2018-19,player,485,Anders Lindegaard,Lindegaard,GKP,4,,A,,,https://resources.premierleague.com/premierleague25/photos/players/110x140/39725.png
2018-19-player-490,2018-19,player,490,Joe Hart,Hart,GKP,4,,A,,,https://resources.premierleague.com/premierleague25/photos/players/110x140/15749.png
2018-19-player-491,2018-19,player,491,Ben Gibson,Gibson,DEF,4,,A,,,https://resources.premierleague.com/premierleague25/photos/players/110x140/83312.png
2018-19-player-495,2018-19,player,495,Matej Vydra,Vydra,FWD,4,,A,,,https://resources.premierleague.com/premierleague25/photos/players/110x140/81183.png
2018-19-player-534,2018-19,player,534,Dwight McNeil,McNeil,MID,4,,A,,,https://resources.premierleague.com/premierleague25/photos/players/110x140/433154.png
2018-19-player-564,2018-19,player,564,Abd-Al-Ali Morakinyo Olaposi Koiki,Koiki,DEF,4,,A,,,https://resources.premierleague.com/premierleague25/photos/players/110x140/432793.png
2018-19-player-583,2018-19,player,583,Josh Benson,Benson,MID,4,,A,,,https://resources.premierleague.com/premierleague25/photos/players/110x140/217401.png
2018-19-player-590,2018-19,player,590,Peter Crouch,Crouch,FWD,4,,A,,,https://resources.premierleague.com/premierleague25/photos/players/110x140/3773.png
2018-19-player-615,2018-19,player,615,Anthony Driscoll-Glennon,Driscoll-Glennon,DEF,4,,A,,,https://resources.premierleague.com/premierleague25/photos/players/110x140/195471.png
2018-19-player-33,2018-19,player,33,Harry Arter,Arter,MID,5,,A,,,https://resources.premierleague.com/premierleague25/photos/players/110x140/48615.png
2018-19-player-88,2018-19,player,88,Neil Etheridge,Etheridge,GKP,5,,A,,,https://resources.premierleague.com/premierleague25/photos/players/110x140/88734.png
2018-19-player-89,2018-19,player,89,Alex Smithies,Smithies,GKP,5,,A,,,https://resources.premierleague.com/premierleague25/photos/players/110x140/45220.png
2018-19-player-90,2018-19,player,90,Sean Morrison,Morrison,DEF,5,,A,,,https://resources.premierleague.com/premierleague25/photos/players/110x140/49982.png
2018-19-player-91,2018-19,player,91,Sol Bamba,Bamba,DEF,5,,A,,,https://resources.premierleague.com/premierleague25/photos/players/110x140/19523.png
2018-19-player-92,2018-19,player,92,Bruno Ecuele Manga,Ecuele Manga,DEF,5,,A,,,https://resources.premierleague.com/premierleague25/photos/players/110x140/49382.png
2018-19-player-93,2018-19,player,93,Matthew Connolly,Connolly,DEF,5,,A,,,https://resources.premierleague.com/premierleague25/photos/players/110x140/27698.png
2018-19-player-94,2018-19,player,94,Joe Bennett,Bennett,DEF,5,,A,,,https://resources.premierleague.com/premierleague25/photos/players/110x140/56981.png
2018-19-player-95,2018-19,player,95,Lee Peltier,Peltier,DEF,5,,A,,,https://resources.premierleague.com/premierleague25/photos/players/110x140/38716.png
2018-19-player-96,2018-19,player,96,Ashley Darel Jazz Richards,Jazz Richards,DEF,5,,A,,,https://resources.premierleague.com/premierleague25/photos/players/110x140/73459.png
2018-19-player-97,2018-19,player,97,Greg Halford,Halford,DEF,5,,A,,,https://resources.premierleague.com/premierleague25/photos/players/110x140/14927.png
2018-19-player-98,2018-19,player,98,Joe Ralls,Ralls,MID,5,,A,,,https://resources.premierleague.com/premierleague25/photos/players/110x140/104073.png
2018-19-player-99,2018-19,player,99,David Junior Hoilett,Hoilett,MID,5,,A,,,https://resources.premierleague.com/premierleague25/photos/players/110x140/49806.png
2018-19-player-100,2018-19,player,100,Nathaniel Mendez-Laing,Mendez-Laing,MID,5,,A,,,https://resources.premierleague.com/premierleague25/photos/players/110x140/76360.png
2018-19-player-101,2018-19,player,101,Callum Paterson,Paterson,MID,5,,A,,,https://resources.premierleague.com/premierleague25/photos/players/110x140/122797.png
2018-19-player-102,2018-19,player,102,Aron Gunnarsson,Gunnarsson,MID,5,,A,,,https://resources.premierleague.com/premierleague25/photos/players/110x140/49845.png
2018-19-player-103,2018-19,player,103,Anthony Pilkington,Pilkington,MID,5,,A,,,https://resources.premierleague.com/premierleague25/photos/players/110x140/40451.png
2018-19-player-104,2018-19,player,104,Loïc Damour,Damour,MID,5,,A,,,https://resources.premierleague.com/premierleague25/photos/players/110x140/54527.png
2018-19-player-105,2018-19,player,105,Danny Ward,Ward,MID,5,,A,,,https://resources.premierleague.com/premierleague25/photos/players/110x140/75826.png
2018-19-player-106,2018-19,player,106,Josh Murphy,Murphy,MID,5,,A,,,https://resources.premierleague.com/premierleague25/photos/players/110x140/114245.png
2018-19-player-107,2018-19,player,107,Kenneth Zohore,Zohore,FWD,5,,A,,,https://resources.premierleague.com/premierleague25/photos/players/110x140/82078.png
2018-19-player-108,2018-19,player,108,Omar Bogle,Bogle,FWD,5,,A,,,https://resources.premierleague.com/premierleague25/photos/players/110x140/114054.png
2018-19-player-109,2018-19,player,109,Gary Madine,Madine,FWD,5,,A,,,https://resources.premierleague.com/premierleague25/photos/players/110x140/45196.png
2018-19-player-110,2018-19,player,110,Bobby Reid,Reid,FWD,5,,A,,,https://resources.premierleague.com/premierleague25/photos/players/110x140/96994.png
2018-19-player-176,2018-19,player,176,Oumar Niasse,Niasse,FWD,5,,A,,,https://resources.premierleague.com/premierleague25/photos/players/110x140/113688.png
2018-19-player-467,2018-19,player,467,Greg Cunninghamm,Cunningham,DEF,5,,A,,,https://resources.premierleague.com/premierleague25/photos/players/110x140/80792.png
2018-19-player-504,2018-19,player,504,Víctor Camarasa,Camarasa,MID,5,,A,,,https://resources.premierleague.com/premierleague25/photos/players/110x140/175946.png
2018-19-player-535,2018-19,player,535,Kadeem Harris,Harris,MID,5,,A,,,https://resources.premierleague.com/premierleague25/photos/players/110x140/78911.png
2018-19-player-537,2018-19,player,537,Brian Murphy,Brian Murphy,GKP,5,,A,,,https://resources.premierleague.com/premierleague25/photos/players/110x140/10589.png
2018-19-player-573,2018-19,player,573,Rhys Healey,Healey,FWD,5,,A,,,https://resources.premierleague.com/premierleague25/photos/players/110x140/131403.png
2018-19-player-589,2018-19,player,589,Leandro Bacuna,Bacuna,DEF,5,,A,,,https://resources.premierleague.com/premierleague25/photos/players/110x140/74297.png
2018-19-player-111,2018-19,player,111,Thibaut Courtois,Courtois,GKP,6,,A,,,https://resources.premierleague.com/premierleague25/photos/players/110x140/60772.png
2018-19-player-112,2018-19,player,112,Willy Caballero,Caballero,GKP,6,,A,,,https://resources.premierleague.com/premierleague25/photos/players/110x140/20310.png
2018-19-player-113,2018-19,player,113,César Azpilicueta,Azpilicueta,DEF,6,,A,,,https://resources.premierleague.com/premierleague25/photos/players/110x140/41328.png
2018-19-player-114,2018-19,player,114,Gary Cahill,Cahill,DEF,6,,A,,,https://resources.premierleague.com/premierleague25/photos/players/110x140/19419.png
2018-19-player-115,2018-19,player,115,Marcos Alonso,Alonso,DEF,6,,A,,,https://resources.premierleague.com/premierleague25/photos/players/110x140/82263.png
2018-19-player-116,2018-19,player,116,David Luiz Moreira Marinho,David Luiz,DEF,6,,A,,,https://resources.premierleague.com/premierleague25/photos/players/110x140/41270.png
2018-19-player-117,2018-19,player,117,Victor Moses,Moses,DEF,6,,A,,,https://resources.premierleague.com/premierleague25/photos/players/110x140/49013.png
2018-19-player-118,2018-19,player,118,Antonio Rüdiger,Rüdiger,DEF,6,,A,,,https://resources.premierleague.com/premierleague25/photos/players/110x140/102380.png
2018-19-player-119,2018-19,player,119,Andreas Christensen,Christensen,DEF,6,,A,,,https://resources.premierleague.com/premierleague25/photos/players/110x140/135363.png
2018-19-player-120,2018-19,player,120,Davide Zappacosta,Zappacosta,DEF,6,,A,,,https://resources.premierleague.com/premierleague25/photos/players/110x140/105700.png
2018-19-player-121,2018-19,player,121,Emerson Palmieri dos Santos,Emerson,DEF,6,,A,,,https://resources.premierleague.com/premierleague25/photos/players/110x140/109533.png
2018-19-player-122,2018-19,player,122,Eden Hazard,Hazard,MID,6,,A,,,https://resources.premierleague.com/premierleague25/photos/players/110x140/42786.png
2018-19-player-123,2018-19,player,123,Cesc Fàbregas,Fàbregas,MID,6,,A,,,https://resources.premierleague.com/premierleague25/photos/players/110x140/17878.png
2018-19-player-124,2018-19,player,124,Willian Borges Da Silva,Willian,MID,6,,A,,,https://resources.premierleague.com/premierleague25/photos/players/110x140/47431.png
2018-19-player-125,2018-19,player,125,Pedro Rodríguez Ledesma,Pedro,MID,6,,A,,,https://resources.premierleague.com/premierleague25/photos/players/110x140/49579.png
2018-19-player-126,2018-19,player,126,N'Golo Kanté,Kanté,MID,6,,A,,,https://resources.premierleague.com/premierleague25/photos/players/110x140/116594.png
2018-19-player-127,2018-19,player,127,Ross Barkley,Barkley,MID,6,,A,,,https://resources.premierleague.com/premierleague25/photos/players/110x140/88894.png
2018-19-player-128,2018-19,player,128,Daniel Drinkwater,Drinkwater,MID,6,,A,,,https://resources.premierleague.com/premierleague25/photos/players/110x140/61603.png
2018-19-player-129,2018-19,player,129,Tiemoué Bakayoko,Bakayoko,MID,6,,A,,,https://resources.premierleague.com/premierleague25/photos/players/110x140/169102.png
2018-19-player-130,2018-19,player,130,Ethan Ampadu,Ampadu,MID,6,,A,,,https://resources.premierleague.com/premierleague25/photos/players/110x140/199598.png
2018-19-player-131,2018-19,player,131,Callum Hudson-Odoi,Hudson-Odoi,MID,6,,A,,,https://resources.premierleague.com/premierleague25/photos/players/110x140/209046.png
2018-19-player-132,2018-19,player,132,Ruben Loftus-Cheek,Loftus-Cheek,MID,6,,A,,,https://resources.premierleague.com/premierleague25/photos/players/110x140/126187.png
2018-19-player-133,2018-19,player,133,Olivier Giroud,Giroud,FWD,6,,A,,,https://resources.premierleague.com/premierleague25/photos/players/110x140/44346.png
2018-19-player-134,2018-19,player,134,Álvaro Morata,Morata,FWD,6,,A,,,https://resources.premierleague.com/premierleague25/photos/players/110x140/88482.png
2018-19-player-459,2018-19,player,459,Jorge Luiz Frello Filho,Jorginho,MID,6,,A,,,https://resources.premierleague.com/premierleague25/photos/players/110x140/85955.png
2018-19-player-496,2018-19,player,496,Tammy Abraham,Abraham,FWD,6,,A,,,https://resources.premierleague.com/premierleague25/photos/players/110x140/173879.png
2018-19-player-498,2018-19,player,498,Kepa Arrizabalaga,Kepa,GKP,6,,A,,,https://resources.premierleague.com/premierleague25/photos/players/110x140/109745.png
2018-19-player-499,2018-19,player,499,Mateo Kovacic,Kovacic,MID,6,,A,,,https://resources.premierleague.com/premierleague25/photos/players/110x140/91651.png
2018-19-player-579,2018-19,player,579,Gonzalo Higuaín,Higuaín,FWD,6,,A,,,https://resources.premierleague.com/premierleague25/photos/players/110x140/40232.png
2018-19-player-624,2018-19,player,624,Addji Keaninkin Marc-Israel Guehi,Guehi,DEF,6,,A,,,https://resources.premierleague.com/premierleague25/photos/players/110x140/209036.png
2018-19-player-135,2018-19,player,135,Wayne Hennessey,Hennessey,GKP,7,,A,,,https://resources.premierleague.com/premierleague25/photos/players/110x140/20066.png
2018-19-player-136,2018-19,player,136,Julian Speroni,Speroni,GKP,7,,A,,,https://resources.premierleague.com/premierleague25/photos/players/110x140/11554.png
2018-19-player-137,2018-19,player,137,Vicente Guaita,Guaita,GKP,7,,A,,,https://resources.premierleague.com/premierleague25/photos/players/110x140/40836.png
2018-19-player-138,2018-19,player,138,James Tomkins,Tomkins,DEF,7,,A,,,https://resources.premierleague.com/premierleague25/photos/players/110x140/49413.png
2018-19-player-139,2018-19,player,139,Scott Dann,Dann,DEF,7,,A,,,https://resources.premierleague.com/premierleague25/photos/players/110x140/19188.png
2018-19-player-140,2018-19,player,140,Martin Kelly,Kelly,DEF,7,,A,,,https://resources.premierleague.com/premierleague25/photos/players/110x140/58786.png
2018-19-player-141,2018-19,player,141,Jeffrey Schlupp,Schlupp,DEF,7,,A,,,https://resources.premierleague.com/premierleague25/photos/players/110x140/86417.png
2018-19-player-142,2018-19,player,142,Patrick van Aanholt,van Aanholt,DEF,7,,A,,,https://resources.premierleague.com/premierleague25/photos/players/110x140/74230.png
2018-19-player-143,2018-19,player,143,Mamadou Sakho,Sakho,DEF,7,,A,,,https://resources.premierleague.com/premierleague25/photos/players/110x140/40784.png
2018-19-player-144,2018-19,player,144,Jairo Riedewald,Riedewald,DEF,7,,A,,,https://resources.premierleague.com/premierleague25/photos/players/110x140/173954.png
2018-19-player-145,2018-19,player,145,Aaron Wan-Bissaka,Wan-Bissaka,DEF,7,,A,,,https://resources.premierleague.com/premierleague25/photos/players/110x140/214590.png
2018-19-player-147,2018-19,player,147,James McArthur,McArthur,MID,7,,A,,,https://resources.premierleague.com/premierleague25/photos/players/110x140/50471.png
2018-19-player-148,2018-19,player,148,Bakary Sako,Sako,MID,7,,A,,,https://resources.premierleague.com/premierleague25/photos/players/110x140/44343.png
2018-19-player-149,2018-19,player,149,Andros Townsend,Townsend,MID,7,,A,,,https://resources.premierleague.com/premierleague25/photos/players/110x140/60252.png
2018-19-player-150,2018-19,player,150,Luka Milivojevic,Milivojevic,MID,7,,A,,,https://resources.premierleague.com/premierleague25/photos/players/110x140/66975.png
2018-19-player-151,2018-19,player,151,Wilfried Zaha,Zaha,FWD,7,,A,,,https://resources.premierleague.com/premierleague25/photos/players/110x140/82403.png
2018-19-player-152,2018-19,player,152,Christian Benteke,Benteke,FWD,7,,A,,,https://resources.premierleague.com/premierleague25/photos/players/110x140/54861.png
2018-19-player-153,2018-19,player,153,Alexander Sørloth,Sørloth,FWD,7,,A,,,https://resources.premierleague.com/premierleague25/photos/players/110x140/143877.png
2018-19-player-412,2018-19,player,412,Cheikhou Kouyaté,Kouyaté,MID,7,,A,,,https://resources.premierleague.com/premierleague25/photos/players/110x140/55037.png
2018-19-player-441,2018-19,player,441,Joel Ward,Ward,DEF,7,,A,,,https://resources.premierleague.com/premierleague25/photos/players/110x140/55494.png
2018-19-player-442,2018-19,player,442,Jaroslaw Jach,Jach,DEF,7,,A,,,https://resources.premierleague.com/premierleague25/photos/players/110x140/185478.png
2018-19-player-443,2018-19,player,443,Pape Souaré,Souaré,DEF,7,,A,,,https://resources.premierleague.com/premierleague25/photos/players/110x140/79228.png
2018-19-player-444,2018-19,player,444,Connor Wickham,Wickham,FWD,7,,A,,,https://resources.premierleague.com/premierleague25/photos/players/110x140/59125.png
2018-19-player-477,2018-19,player,477,Sullay Kaikai,Kaikai,MID,7,,A,,,https://resources.premierleague.com/premierleague25/photos/players/110x140/138009.png
2018-19-player-486,2018-19,player,486,Max Meyer,Meyer,MID,7,,A,,,https://resources.premierleague.com/premierleague25/photos/players/110x140/141020.png
2018-19-player-505,2018-19,player,505,Jordan Ayew,Ayew,FWD,7,,A,,,https://resources.premierleague.com/premierleague25/photos/players/110x140/80146.png
2018-19-player-576,2018-19,player,576,Joe Tupper,Tupper,GKP,7,,A,,,https://resources.premierleague.com/premierleague25/photos/players/110x140/209411.png
2018-19-player-584,2018-19,player,584,Lucas Perri,Perri,GKP,7,,A,,,https://resources.premierleague.com/premierleague25/photos/players/110x140/201595.png
2018-19-player-592,2018-19,player,592,Michy Batshuayi,Batshuayi,FWD,7,,A,,,https://resources.premierleague.com/premierleague25/photos/players/110x140/94245.png
2018-19-player-609,2018-19,player,609,Sam Woods,Woods,DEF,7,,A,,,https://resources.premierleague.com/premierleague25/photos/players/110x140/221272.png
2018-19-player-618,2018-19,player,618,Luke Dreher,Dreher,MID,7,,A,,,https://resources.premierleague.com/premierleague25/photos/players/110x140/221275.png
2018-19-player-619,2018-19,player,619,Nikola Tavares,Tavares,DEF,7,,A,,,https://resources.premierleague.com/premierleague25/photos/players/110x140/235599.png
2018-19-player-154,2018-19,player,154,Jordan Pickford,Pickford,GKP,8,,A,,,https://resources.premierleague.com/premierleague25/photos/players/110x140/111234.png
2018-19-player-155,2018-19,player,155,Maarten Stekelenburg,Stekelenburg,GKP,8,,A,,,https://resources.premierleague.com/premierleague25/photos/players/110x140/10318.png
2018-19-player-156,2018-19,player,156,Leighton Baines,Baines,DEF,8,,A,,,https://resources.premierleague.com/premierleague25/photos/players/110x140/12745.png
2018-19-player-157,2018-19,player,157,Seamus Coleman,Coleman,DEF,8,,A,,,https://resources.premierleague.com/premierleague25/photos/players/110x140/59949.png
2018-19-player-158,2018-19,player,158,Phil Jagielka,Jagielka,DEF,8,,A,,,https://resources.premierleague.com/premierleague25/photos/players/110x140/7645.png
2018-19-player-159,2018-19,player,159,Ashley Williams,Williams,DEF,8,,A,,,https://resources.premierleague.com/premierleague25/photos/players/110x140/19159.png
2018-19-player-160,2018-19,player,160,Mason Holgate,Holgate,DEF,8,,A,,,https://resources.premierleague.com/premierleague25/photos/players/110x140/194164.png
2018-19-player-161,2018-19,player,161,Jonjoe Kenny,Kenny,DEF,8,,A,,,https://resources.premierleague.com/premierleague25/photos/players/110x140/153673.png
2018-19-player-162,2018-19,player,162,Michael Keane,Keane,DEF,8,,A,,,https://resources.premierleague.com/premierleague25/photos/players/110x140/106611.png
2018-19-player-163,2018-19,player,163,Cuco Martina,Martina,DEF,8,,A,,,https://resources.premierleague.com/premierleague25/photos/players/110x140/56192.png
2018-19-player-164,2018-19,player,164,Theo Walcott,Walcott,MID,8,,A,,,https://resources.premierleague.com/premierleague25/photos/players/110x140/20467.png
2018-19-player-165,2018-19,player,165,Yannick Bolasie,Bolasie,MID,8,,A,,,https://resources.premierleague.com/premierleague25/photos/players/110x140/55452.png
2018-19-player-166,2018-19,player,166,James McCarthy,McCarthy,MID,8,,A,,,https://resources.premierleague.com/premierleague25/photos/players/110x140/50472.png
2018-19-player-167,2018-19,player,167,Morgan Schneiderlin,Schneiderlin,MID,8,,A,,,https://resources.premierleague.com/premierleague25/photos/players/110x140/42774.png
2018-19-player-168,2018-19,player,168,Idrissa Gueye,Gueye,MID,8,,A,,,https://resources.premierleague.com/premierleague25/photos/players/110x140/80801.png
2018-19-player-169,2018-19,player,169,Tom Davies,Davies,MID,8,,A,,,https://resources.premierleague.com/premierleague25/photos/players/110x140/173807.png
2018-19-player-170,2018-19,player,170,Ademola Lookman,Lookman,MID,8,,A,,,https://resources.premierleague.com/premierleague25/photos/players/110x140/219352.png
2018-19-player-171,2018-19,player,171,Davy Klaassen,Klaassen,MID,8,,A,,,https://resources.premierleague.com/premierleague25/photos/players/110x140/109065.png
2018-19-player-172,2018-19,player,172,Gylfi Sigurdsson,Sigurdsson,MID,8,,A,,,https://resources.premierleague.com/premierleague25/photos/players/110x140/55422.png
2018-19-player-173,2018-19,player,173,Nikola Vlasic,Vlasic,MID,8,,A,,,https://resources.premierleague.com/premierleague25/photos/players/110x140/180151.png
2018-19-player-174,2018-19,player,174,Beni Baningime,Baningime,MID,8,,A,,,https://resources.premierleague.com/premierleague25/photos/players/110x140/195855.png
2018-19-player-175,2018-19,player,175,Dominic Calvert-Lewin,Calvert-Lewin,FWD,8,,A,,,https://resources.premierleague.com/premierleague25/photos/players/110x140/177815.png
2018-19-player-177,2018-19,player,177,Cenk Tosun,Tosun,FWD,8,,A,,,https://resources.premierleague.com/premierleague25/photos/players/110x140/66838.png
2018-19-player-393,2018-19,player,393,Richarlison de Andrade,Richarlison,MID,8,,A,,,https://resources.premierleague.com/premierleague25/photos/players/110x140/212319.png
2018-19-player-469,2018-19,player,469,Kevin Mirallas,Mirallas,MID,8,,A,,,https://resources.premierleague.com/premierleague25/photos/players/110x140/26901.png
2018-19-player-470,2018-19,player,470,Sandro Ramírez,Sandro,FWD,8,,A,,,https://resources.premierleague.com/premierleague25/photos/players/110x140/108438.png
2018-19-player-484,2018-19,player,484,Lucas Digne,Digne,DEF,8,,A,,,https://resources.premierleague.com/premierleague25/photos/players/110x140/101188.png
2018-19-player-506,2018-19,player,506,Yerry Mina,Mina,DEF,8,,A,,,https://resources.premierleague.com/premierleague25/photos/players/110x140/164511.png
2018-19-player-507,2018-19,player,507,Bernard Anício Caldeira Duarte,Bernard,MID,8,,A,,,https://resources.premierleague.com/premierleague25/photos/players/110x140/100649.png
2018-19-player-508,2018-19,player,508,André Filipe Tavares Gomes,André Gomes,MID,8,,A,,,https://resources.premierleague.com/premierleague25/photos/players/110x140/120250.png
2018-19-player-526,2018-19,player,526,Kurt Zouma,Zouma,DEF,8,,A,,,https://resources.premierleague.com/premierleague25/photos/players/110x140/103192.png
2018-19-player-528,2018-19,player,528,Kieran Dowell,Dowell,MID,8,,A,,,https://resources.premierleague.com/premierleague25/photos/players/110x140/171270.png
2018-19-player-532,2018-19,player,532,Tyias Browning,Browning,DEF,8,,A,,,https://resources.premierleague.com/premierleague25/photos/players/110x140/149468.png
2018-19-player-9,2018-19,player,9,Calum Chambers,Chambers,DEF,9,,A,,,https://resources.premierleague.com/premierleague25/photos/players/110x140/101184.png
2018-19-player-178,2018-19,player,178,Marcus Bettinelli,Bettinelli,GKP,9,,A,,,https://resources.premierleague.com/premierleague25/photos/players/110x140/122074.png
2018-19-player-180,2018-19,player,180,Tim Ream,Ream,DEF,9,,A,,,https://resources.premierleague.com/premierleague25/photos/players/110x140/82514.png
2018-19-player-181,2018-19,player,181,Denis Odoi,Odoi,DEF,9,,A,,,https://resources.premierleague.com/premierleague25/photos/players/110x140/72681.png
2018-19-player-182,2018-19,player,182,Tom Cairney,Cairney,MID,9,,A,,,https://resources.premierleague.com/premierleague25/photos/players/110x140/76357.png
2018-19-player-183,2018-19,player,183,Kevin McDonald,McDonald,MID,9,,A,,,https://resources.premierleague.com/premierleague25/photos/players/110x140/55038.png
2018-19-player-184,2018-19,player,184,Ryan Sessegnon,Sessegnon,MID,9,,A,,,https://resources.premierleague.com/premierleague25/photos/players/110x140/184349.png
2018-19-player-185,2018-19,player,185,Stefan Johansen,Johansen,MID,9,,A,,,https://resources.premierleague.com/premierleague25/photos/players/110x140/61916.png
2018-19-player-186,2018-19,player,186,Floyd Ayité,Ayité,MID,9,,A,,,https://resources.premierleague.com/premierleague25/photos/players/110x140/54421.png
2018-19-player-187,2018-19,player,187,Neeskens Kebano,Kebano,MID,9,,A,,,https://resources.premierleague.com/premierleague25/photos/players/110x140/92259.png
2018-19-player-188,2018-19,player,188,Rui Pedro da Rocha Fonte,Fonte,MID,9,,A,,,https://resources.premierleague.com/premierleague25/photos/players/110x140/58476.png
2018-19-player-189,2018-19,player,189,Aboubakar Kamara,Kamara,FWD,9,,A,,,https://resources.premierleague.com/premierleague25/photos/players/110x140/197030.png
2018-19-player-455,2018-19,player,455,Maxime Le Marchand,Le Marchand,DEF,9,,A,,,https://resources.premierleague.com/premierleague25/photos/players/110x140/61739.png
2018-19-player-456,2018-19,player,456,Jean Michael Seri,Seri,MID,9,,A,,,https://resources.premierleague.com/premierleague25/photos/players/110x140/170271.png
2018-19-player-460,2018-19,player,460,Cyrus Christie,Christie,DEF,9,,A,,,https://resources.premierleague.com/premierleague25/photos/players/110x140/87107.png
2018-19-player-474,2018-19,player,474,Fabricio Agosto Ramírez,Fabri,GKP,9,,A,,,https://resources.premierleague.com/premierleague25/photos/players/110x140/40559.png
2018-19-player-478,2018-19,player,478,André Schürrle,Schürrle,MID,9,,A,,,https://resources.premierleague.com/premierleague25/photos/players/110x140/66842.png
2018-19-player-480,2018-19,player,480,Aleksandar Mitrovic,Mitrovic,FWD,9,,A,,,https://resources.premierleague.com/premierleague25/photos/players/110x140/128389.png
2018-19-player-487,2018-19,player,487,Alfie Mawson,Mawson,DEF,9,,A,,,https://resources.premierleague.com/premierleague25/photos/players/110x140/149266.png
2018-19-player-509,2018-19,player,509,Sergio Rico,Rico,GKP,9,,A,,,https://resources.premierleague.com/premierleague25/photos/players/110x140/94248.png
2018-19-player-510,2018-19,player,510,Joe Bryan,Bryan,DEF,9,,A,,,https://resources.premierleague.com/premierleague25/photos/players/110x140/101105.png
2018-19-player-511,2018-19,player,511,Timothy Fosu-Mensah,Fosu-Mensah,DEF,9,,A,,,https://resources.premierleague.com/premierleague25/photos/players/110x140/201084.png
2018-19-player-512,2018-19,player,512,André-Frank Zambo Anguissa,Zambo Anguissa,MID,9,,A,,,https://resources.premierleague.com/premierleague25/photos/players/110x140/203325.png
2018-19-player-513,2018-19,player,513,Luciano Vietto,Vietto,FWD,9,,A,,,https://resources.premierleague.com/premierleague25/photos/players/110x140/108093.png
2018-19-player-521,2018-19,player,521,Ibrahima Cissé,Cissé,MID,9,,A,,,https://resources.premierleague.com/premierleague25/photos/players/110x140/109999.png
2018-19-player-541,2018-19,player,541,Zeze Steven Sessegnon,Steven Sessegnon,DEF,9,,A,,,https://resources.premierleague.com/premierleague25/photos/players/110x140/208998.png
2018-19-player-575,2018-19,player,575,Ryan Babel,Babel,MID,9,,A,,,https://resources.premierleague.com/premierleague25/photos/players/110x140/19520.png
2018-19-player-593,2018-19,player,593,Håvard Nordtveit,Nordtveit,DEF,9,,A,,,https://resources.premierleague.com/premierleague25/photos/players/110x140/43626.png
2018-19-player-594,2018-19,player,594,Lazar Markovic,Markovic,MID,9,,A,,,https://resources.premierleague.com/premierleague25/photos/players/110x140/99323.png
2018-19-player-610,2018-19,player,610,Harvey Elliott,Elliott,MID,9,,A,,,https://resources.premierleague.com/premierleague25/photos/players/110x140/444884.png
2018-19-player-621,2018-19,player,621,Luca De La Torre,De La Torre,MID,9,,A,,,https://resources.premierleague.com/premierleague25/photos/players/110x140/176414.png
2018-19-player-146,2018-19,player,146,Jason Puncheon,Puncheon,MID,10,,A,,,https://resources.premierleague.com/premierleague25/photos/players/110x140/19197.png
2018-19-player-190,2018-19,player,190,Ben Hamer,Hamer,GKP,10,,A,,,https://resources.premierleague.com/premierleague25/photos/players/110x140/38038.png
2018-19-player-191,2018-19,player,191,Jonas Lössl,Lössl,GKP,10,,A,,,https://resources.premierleague.com/premierleague25/photos/players/110x140/57513.png
2018-19-player-192,2018-19,player,192,Christopher Schindler,Schindler,DEF,10,,A,,,https://resources.premierleague.com/premierleague25/photos/players/110x140/85368.png
2018-19-player-193,2018-19,player,193,Chris Löwe,Löwe,DEF,10,,A,,,https://resources.premierleague.com/premierleague25/photos/players/110x140/54284.png
2018-19-player-194,2018-19,player,194,Tommy Smith,Smith,DEF,10,,A,,,https://resources.premierleague.com/premierleague25/photos/players/110x140/104545.png
2018-19-player-195,2018-19,player,195,Mathias Jorgensen,Zanka,DEF,10,,A,,,https://resources.premierleague.com/premierleague25/photos/players/110x140/48760.png
2018-19-player-196,2018-19,player,196,Scott Malone,Malone,DEF,10,,A,,,https://resources.premierleague.com/premierleague25/photos/players/110x140/79733.png
2018-19-player-197,2018-19,player,197,Florent Hadergjonaj,Hadergjonaj,DEF,10,,A,,,https://resources.premierleague.com/premierleague25/photos/players/110x140/172246.png
2018-19-player-198,2018-19,player,198,Terence Kongolo,Kongolo,DEF,10,,A,,,https://resources.premierleague.com/premierleague25/photos/players/110x140/109434.png
2018-19-player-199,2018-19,player,199,Aaron Mooy,Mooy,MID,10,,A,,,https://resources.premierleague.com/premierleague25/photos/players/110x140/74471.png
2018-19-player-200,2018-19,player,200,Rajiv van La Parra,van La Parra,MID,10,,A,,,https://resources.premierleague.com/premierleague25/photos/players/110x140/51344.png
2018-19-player-201,2018-19,player,201,Jonathan Hogg,Hogg,MID,10,,A,,,https://resources.premierleague.com/premierleague25/photos/players/110x140/79619.png
2018-19-player-202,2018-19,player,202,Philip Billing,Billing,MID,10,,A,,,https://resources.premierleague.com/premierleague25/photos/players/110x140/168991.png
2018-19-player-203,2018-19,player,203,Tom Ince,Ince,MID,10,,A,,,https://resources.premierleague.com/premierleague25/photos/players/110x140/86176.png
2018-19-player-204,2018-19,player,204,Danny Williams,Williams,MID,10,,A,,,https://resources.premierleague.com/premierleague25/photos/players/110x140/80755.png
2018-19-player-205,2018-19,player,205,Abdelhamid Sabiri,Sabiri,MID,10,,A,,,https://resources.premierleague.com/premierleague25/photos/players/110x140/246878.png
2018-19-player-206,2018-19,player,206,Alex Pritchard,Pritchard,MID,10,,A,,,https://resources.premierleague.com/premierleague25/photos/players/110x140/106450.png
2018-19-player-207,2018-19,player,207,Ramadan Sobhi,Sobhi,MID,10,,A,,,https://resources.premierleague.com/premierleague25/photos/players/110x140/205102.png
2018-19-player-208,2018-19,player,208,Juninho Bacuna,Bacuna,MID,10,,A,,,https://resources.premierleague.com/premierleague25/photos/players/110x140/204380.png
2018-19-player-209,2018-19,player,209,Collin Quaner,Quaner,FWD,10,,A,,,https://resources.premierleague.com/premierleague25/photos/players/110x140/84112.png
2018-19-player-210,2018-19,player,210,Laurent Depoitre,Depoitre,FWD,10,,A,,,https://resources.premierleague.com/premierleague25/photos/players/110x140/147303.png
2018-19-player-211,2018-19,player,211,Steve Mounie,Mounie,FWD,10,,A,,,https://resources.premierleague.com/premierleague25/photos/players/110x140/169141.png
2018-19-player-212,2018-19,player,212,Elias Kachunga,Kachunga,FWD,10,,A,,,https://resources.premierleague.com/premierleague25/photos/players/110x140/87428.png
2018-19-player-461,2018-19,player,461,Erik Durm,Durm,DEF,10,,A,,,https://resources.premierleague.com/premierleague25/photos/players/110x140/118884.png
2018-19-player-471,2018-19,player,471,Adama Diakhaby,Diakhaby,MID,10,,A,,,https://resources.premierleague.com/premierleague25/photos/players/110x140/233497.png
2018-19-player-514,2018-19,player,514,Isaac Mbenza,Mbenza,MID,10,,A,,,https://resources.premierleague.com/premierleague25/photos/players/110x140/204454.png
2018-19-player-522,2018-19,player,522,Jon Gorenc Stankovic,Stankovic,DEF,10,,A,,,https://resources.premierleague.com/premierleague25/photos/players/110x140/192301.png
2018-19-player-533,2018-19,player,533,Ryan Schofield,Schofield,GKP,10,,A,,,https://resources.premierleague.com/premierleague25/photos/players/110x140/241791.png
2018-19-player-585,2018-19,player,585,Karlan Grant,Grant,FWD,10,,A,,,https://resources.premierleague.com/premierleague25/photos/players/110x140/180294.png
2018-19-player-598,2018-19,player,598,Joel Coleman,Coleman,GKP,10,,A,,,https://resources.premierleague.com/premierleague25/photos/players/110x140/168977.png
2018-19-player-601,2018-19,player,601,Demeaco Duhaney,Duhaney,DEF,10,,A,,,https://resources.premierleague.com/premierleague25/photos/players/110x140/175351.png
2018-19-player-606,2018-19,player,606,Matthew Daly,Daly,MID,10,,A,,,https://resources.premierleague.com/premierleague25/photos/players/110x140/450314.png
2018-19-player-607,2018-19,player,607,Aaron Rowe,Rowe,MID,10,,A,,,https://resources.premierleague.com/premierleague25/photos/players/110x140/440113.png
2018-19-player-213,2018-19,player,213,Kasper Schmeichel,Schmeichel,GKP,11,,A,,,https://resources.premierleague.com/premierleague25/photos/players/110x140/17745.png
2018-19-player-214,2018-19,player,214,Eldin Jakupovic,Jakupovic,GKP,11,,A,,,https://resources.premierleague.com/premierleague25/photos/players/110x140/11974.png
2018-19-player-215,2018-19,player,215,Wes Morgan,Morgan,DEF,11,,A,,,https://resources.premierleague.com/premierleague25/photos/players/110x140/15033.png
2018-19-player-216,2018-19,player,216,Christian Fuchs,Fuchs,DEF,11,,A,,,https://resources.premierleague.com/premierleague25/photos/players/110x140/37402.png
2018-19-player-217,2018-19,player,217,Danny Simpson,Simpson,DEF,11,,A,,,https://resources.premierleague.com/premierleague25/photos/players/110x140/40725.png
2018-19-player-218,2018-19,player,218,Yohan Benalouane,Benalouane,DEF,11,,A,,,https://resources.premierleague.com/premierleague25/photos/players/110x140/41321.png
2018-19-player-219,2018-19,player,219,Benjamin Chilwell,Chilwell,DEF,11,,A,,,https://resources.premierleague.com/premierleague25/photos/players/110x140/172850.png
2018-19-player-220,2018-19,player,220,Harry Maguire,Maguire,DEF,11,,A,,,https://resources.premierleague.com/premierleague25/photos/players/110x140/95658.png
2018-19-player-221,2018-19,player,221,Ricardo Domingos Barbosa Pereira,Pereira,DEF,11,,A,,,https://resources.premierleague.com/premierleague25/photos/players/110x140/111931.png
2018-19-player-222,2018-19,player,222,Jonny Evans,Evans,DEF,11,,A,,,https://resources.premierleague.com/premierleague25/photos/players/110x140/37642.png
2018-19-player-224,2018-19,player,224,Marc Albrighton,Albrighton,MID,11,,A,,,https://resources.premierleague.com/premierleague25/photos/players/110x140/51938.png
2018-19-player-225,2018-19,player,225,Demarai Gray,Gray,MID,11,,A,,,https://resources.premierleague.com/premierleague25/photos/players/110x140/172632.png
2018-19-player-226,2018-19,player,226,Daniel Amartey,Amartey,MID,11,,A,,,https://resources.premierleague.com/premierleague25/photos/players/110x140/155569.png
2018-19-player-227,2018-19,player,227,Wilfred Ndidi,Ndidi,MID,11,,A,,,https://resources.premierleague.com/premierleague25/photos/players/110x140/203341.png
2018-19-player-228,2018-19,player,228,Vicente Iborra,Iborra,MID,11,,A,,,https://resources.premierleague.com/premierleague25/photos/players/110x140/54513.png
2018-19-player-229,2018-19,player,229,Matty James,James,MID,11,,A,,,https://resources.premierleague.com/premierleague25/photos/players/110x140/61604.png
2018-19-player-230,2018-19,player,230,Hamza Choudhury,Choudhury,MID,11,,A,,,https://resources.premierleague.com/premierleague25/photos/players/110x140/197469.png
2018-19-player-231,2018-19,player,231,Adrien Sebastian Perruchet Silva,Silva,MID,11,,A,,,https://resources.premierleague.com/premierleague25/photos/players/110x140/46483.png
2018-19-player-232,2018-19,player,232,Fousseni Diabaté,Diabaté,MID,11,,A,,,https://resources.premierleague.com/premierleague25/photos/players/110x140/210207.png
2018-19-player-233,2018-19,player,233,James Maddison,Maddison,MID,11,,A,,,https://resources.premierleague.com/premierleague25/photos/players/110x140/172780.png
2018-19-player-234,2018-19,player,234,Jamie Vardy,Vardy,FWD,11,,A,,,https://resources.premierleague.com/premierleague25/photos/players/110x140/101668.png
2018-19-player-235,2018-19,player,235,Shinji Okazaki,Okazaki,FWD,11,,A,,,https://resources.premierleague.com/premierleague25/photos/players/110x140/78412.png
2018-19-player-236,2018-19,player,236,Kelechi Iheanacho,Iheanacho,FWD,11,,A,,,https://resources.premierleague.com/premierleague25/photos/players/110x140/173515.png
2018-19-player-457,2018-19,player,457,Danny Ward,Ward,GKP,11,,A,,,https://resources.premierleague.com/premierleague25/photos/players/110x140/95463.png
2018-19-player-492,2018-19,player,492,Rachid Ghezzal,Ghezzal,MID,11,,A,,,https://resources.premierleague.com/premierleague25/photos/players/110x140/115858.png
2018-19-player-501,2018-19,player,501,Filip Benkovic,Benkovic,DEF,11,,A,,,https://resources.premierleague.com/premierleague25/photos/players/110x140/213405.png
2018-19-player-515,2018-19,player,515,Çaglar Söyüncü,Söyüncü,DEF,11,,A,,,https://resources.premierleague.com/premierleague25/photos/players/110x140/218031.png
2018-19-player-527,2018-19,player,527,Nampalys Mendy,Mendy,MID,11,,A,,,https://resources.premierleague.com/premierleague25/photos/players/110x140/86881.png
2018-19-player-558,2018-19,player,558,Josh Knight,Knight,DEF,11,,A,,,https://resources.premierleague.com/premierleague25/photos/players/110x140/201667.png
2018-19-player-571,2018-19,player,571,Harvey Barnes,Barnes,MID,11,,A,,,https://resources.premierleague.com/premierleague25/photos/players/110x140/201666.png
2018-19-player-591,2018-19,player,591,Youri Tielemans,Tielemans,MID,11,,A,,,https://resources.premierleague.com/premierleague25/photos/players/110x140/166989.png
2018-19-player-237,2018-19,player,237,Simon Mignolet,Mignolet,GKP,12,,A,,,https://resources.premierleague.com/premierleague25/photos/players/110x140/66797.png
2018-19-player-238,2018-19,player,238,Loris Karius,Karius,GKP,12,,A,,,https://resources.premierleague.com/premierleague25/photos/players/110x140/104542.png
2018-19-player-239,2018-19,player,239,Dejan Lovren,Lovren,DEF,12,,A,,,https://resources.premierleague.com/premierleague25/photos/players/110x140/38454.png
2018-19-player-240,2018-19,player,240,Alberto Moreno,Moreno,DEF,12,,A,,,https://resources.premierleague.com/premierleague25/photos/players/110x140/100059.png
2018-19-player-242,2018-19,player,242,Joseph Gomez,Gomez,DEF,12,,A,,,https://resources.premierleague.com/premierleague25/photos/players/110x140/171287.png
2018-19-player-243,2018-19,player,243,Joel Matip,Matip,DEF,12,,A,,,https://resources.premierleague.com/premierleague25/photos/players/110x140/60914.png
2018-19-player-244,2018-19,player,244,Ragnar Klavan,Klavan,DEF,12,,A,,,https://resources.premierleague.com/premierleague25/photos/players/110x140/33871.png
2018-19-player-245,2018-19,player,245,Trent Alexander-Arnold,Alexander-Arnold,DEF,12,,A,,,https://resources.premierleague.com/premierleague25/photos/players/110x140/169187.png
2018-19-player-246,2018-19,player,246,Virgil van Dijk,van Dijk,DEF,12,,A,,,https://resources.premierleague.com/premierleague25/photos/players/110x140/97032.png
2018-19-player-247,2018-19,player,247,Andrew Robertson,Robertson,DEF,12,,A,,,https://resources.premierleague.com/premierleague25/photos/players/110x140/122798.png
2018-19-player-248,2018-19,player,248,Alex Oxlade-Chamberlain,Chamberlain,MID,12,,A,,,https://resources.premierleague.com/premierleague25/photos/players/110x140/81880.png
2018-19-player-249,2018-19,player,249,Jordan Henderson,Henderson,MID,12,,A,,,https://resources.premierleague.com/premierleague25/photos/players/110x140/56979.png
2018-19-player-250,2018-19,player,250,Adam Lallana,Lallana,MID,12,,A,,,https://resources.premierleague.com/premierleague25/photos/players/110x140/39155.png
2018-19-player-251,2018-19,player,251,Sadio Mané,Mané,MID,12,,A,,,https://resources.premierleague.com/premierleague25/photos/players/110x140/110979.png
2018-19-player-252,2018-19,player,252,Georginio Wijnaldum,Wijnaldum,MID,12,,A,,,https://resources.premierleague.com/premierleague25/photos/players/110x140/41733.png
2018-19-player-253,2018-19,player,253,Mohamed Salah,Salah,MID,12,,A,,,https://resources.premierleague.com/premierleague25/photos/players/110x140/118748.png
2018-19-player-254,2018-19,player,254,James Milner,Milner,MID,12,,A,,,https://resources.premierleague.com/premierleague25/photos/players/110x140/15157.png
2018-19-player-255,2018-19,player,255,Fabio Henrique Tavares,Fabinho,MID,12,,A,,,https://resources.premierleague.com/premierleague25/photos/players/110x140/116643.png
2018-19-player-256,2018-19,player,256,Naby Keita,Keita,MID,12,,A,,,https://resources.premierleague.com/premierleague25/photos/players/110x140/175592.png
2018-19-player-257,2018-19,player,257,Roberto Firmino,Firmino,FWD,12,,A,,,https://resources.premierleague.com/premierleague25/photos/players/110x140/92217.png
2018-19-player-462,2018-19,player,462,Xherdan Shaqiri,Shaqiri,MID,12,,A,,,https://resources.premierleague.com/premierleague25/photos/players/110x140/68312.png
2018-19-player-468,2018-19,player,468,Alisson Ramses Becker,Alisson,GKP,12,,A,,,https://resources.premierleague.com/premierleague25/photos/players/110x140/116535.png
2018-19-player-472,2018-19,player,472,Daniel Sturridge,Sturridge,FWD,12,,A,,,https://resources.premierleague.com/premierleague25/photos/players/110x140/40755.png
2018-19-player-543,2018-19,player,543,Divock Origi,Origi,FWD,12,,A,,,https://resources.premierleague.com/premierleague25/photos/players/110x140/152760.png
2018-19-player-557,2018-19,player,557,Rafael Camacho,Camacho,MID,12,,A,,,https://resources.premierleague.com/premierleague25/photos/players/110x140/217989.png
2018-19-player-597,2018-19,player,597,Curtis Jones,Jones,MID,12,,A,,,https://resources.premierleague.com/premierleague25/photos/players/110x140/206915.png
2018-19-player-223,2018-19,player,223,Riyad Mahrez,Mahrez,MID,13,,A,,,https://resources.premierleague.com/premierleague25/photos/players/110x140/103025.png
2018-19-player-260,2018-19,player,260,Ederson Santana de Moraes,Ederson,GKP,13,,A,,,https://resources.premierleague.com/premierleague25/photos/players/110x140/121160.png
2018-19-player-261,2018-19,player,261,Claudio Bravo,Bravo,GKP,13,,A,,,https://resources.premierleague.com/premierleague25/photos/players/110x140/33148.png
2018-19-player-262,2018-19,player,262,John Stones,Stones,DEF,13,,A,,,https://resources.premierleague.com/premierleague25/photos/players/110x140/97299.png
2018-19-player-263,2018-19,player,263,Vincent Kompany,Kompany,DEF,13,,A,,,https://resources.premierleague.com/premierleague25/photos/players/110x140/17476.png
2018-19-player-264,2018-19,player,264,Nicolás Otamendi,Otamendi,DEF,13,,A,,,https://resources.premierleague.com/premierleague25/photos/players/110x140/57410.png
2018-19-player-265,2018-19,player,265,Kyle Walker,Walker,DEF,13,,A,,,https://resources.premierleague.com/premierleague25/photos/players/110x140/58621.png
2018-19-player-266,2018-19,player,266,Danilo Luiz da Silva,Danilo,DEF,13,,A,,,https://resources.premierleague.com/premierleague25/photos/players/110x140/100180.png
2018-19-player-267,2018-19,player,267,Benjamin Mendy,Mendy,DEF,13,,A,,,https://resources.premierleague.com/premierleague25/photos/players/110x140/102826.png
2018-19-player-268,2018-19,player,268,Aymeric Laporte,Laporte,DEF,13,,A,,,https://resources.premierleague.com/premierleague25/photos/players/110x140/146941.png
2018-19-player-269,2018-19,player,269,Fabian Delph,Delph,DEF,13,,A,,,https://resources.premierleague.com/premierleague25/photos/players/110x140/41823.png
2018-19-player-270,2018-19,player,270,Raheem Sterling,Sterling,MID,13,,A,,,https://resources.premierleague.com/premierleague25/photos/players/110x140/103955.png
2018-19-player-271,2018-19,player,271,David Silva,David Silva,MID,13,,A,,,https://resources.premierleague.com/premierleague25/photos/players/110x140/20664.png
2018-19-player-272,2018-19,player,272,Fernando Luiz Rosa,Fernandinho,MID,13,,A,,,https://resources.premierleague.com/premierleague25/photos/players/110x140/27789.png
2018-19-player-273,2018-19,player,273,Kevin De Bruyne,De Bruyne,MID,13,,A,,,https://resources.premierleague.com/premierleague25/photos/players/110x140/61366.png
2018-19-player-274,2018-19,player,274,Ilkay Gündogan,Gündogan,MID,13,,A,,,https://resources.premierleague.com/premierleague25/photos/players/110x140/59859.png
2018-19-player-275,2018-19,player,275,Leroy Sané,Sané,MID,13,,A,,,https://resources.premierleague.com/premierleague25/photos/players/110x140/182156.png
2018-19-player-276,2018-19,player,276,Bernardo Mota Veiga de Carvalho e Silva,Bernardo Silva,MID,13,,A,,,https://resources.premierleague.com/premierleague25/photos/players/110x140/165809.png
2018-19-player-277,2018-19,player,277,Phil Foden,Foden,MID,13,,A,,,https://resources.premierleague.com/premierleague25/photos/players/110x140/209244.png
2018-19-player-278,2018-19,player,278,Brahim Diaz,Diaz,MID,13,,A,,,https://resources.premierleague.com/premierleague25/photos/players/110x140/216183.png
2018-19-player-279,2018-19,player,279,Oleksandr Zinchenko,Zinchenko,MID,13,,A,,,https://resources.premierleague.com/premierleague25/photos/players/110x140/206325.png
2018-19-player-280,2018-19,player,280,Sergio Agüero,Agüero,FWD,13,,A,,,https://resources.premierleague.com/premierleague25/photos/players/110x140/37572.png
2018-19-player-281,2018-19,player,281,Gabriel Fernando de Jesus,Jesus,FWD,13,,A,,,https://resources.premierleague.com/premierleague25/photos/players/110x140/205651.png
2018-19-player-529,2018-19,player,529,Arijanet Muric,Muric,GKP,13,,A,,,https://resources.premierleague.com/premierleague25/photos/players/110x140/232917.png
2018-19-player-604,2018-19,player,604,Philippe Sandler,Sandler,DEF,13,,A,,,https://resources.premierleague.com/premierleague25/photos/players/110x140/230428.png
2018-19-player-282,2018-19,player,282,David de Gea,de Gea,GKP,14,,A,,,https://resources.premierleague.com/premierleague25/photos/players/110x140/51940.png
2018-19-player-283,2018-19,player,283,Sergio Romero,Romero,GKP,14,,A,,,https://resources.premierleague.com/premierleague25/photos/players/110x140/42899.png
2018-19-player-284,2018-19,player,284,Chris Smalling,Smalling,DEF,14,,A,,,https://resources.premierleague.com/premierleague25/photos/players/110x140/55909.png
2018-19-player-285,2018-19,player,285,Phil Jones,Jones,DEF,14,,A,,,https://resources.premierleague.com/premierleague25/photos/players/110x140/76359.png
2018-19-player-286,2018-19,player,286,Luke Shaw,Shaw,DEF,14,,A,,,https://resources.premierleague.com/premierleague25/photos/players/110x140/106760.png
2018-19-player-287,2018-19,player,287,Marcos Rojo,Rojo,DEF,14,,A,,,https://resources.premierleague.com/premierleague25/photos/players/110x140/58893.png
2018-19-player-288,2018-19,player,288,Antonio Valencia,Valencia,DEF,14,,A,,,https://resources.premierleague.com/premierleague25/photos/players/110x140/20695.png
2018-19-player-289,2018-19,player,289,Matteo Darmian,Darmian,DEF,14,,A,,,https://resources.premierleague.com/premierleague25/photos/players/110x140/40002.png
2018-19-player-290,2018-19,player,290,Daley Blind,Blind,DEF,14,,A,,,https://resources.premierleague.com/premierleague25/photos/players/110x140/58877.png
2018-19-player-291,2018-19,player,291,Eric Bailly,Bailly,DEF,14,,A,,,https://resources.premierleague.com/premierleague25/photos/players/110x140/197365.png
2018-19-player-292,2018-19,player,292,Victor Lindelöf,Lindelöf,DEF,14,,A,,,https://resources.premierleague.com/premierleague25/photos/players/110x140/184667.png
2018-19-player-293,2018-19,player,293,Ashley Young,Young,DEF,14,,A,,,https://resources.premierleague.com/premierleague25/photos/players/110x140/18892.png
2018-19-player-294,2018-19,player,294,José Diogo Dalot Teixeira,Dalot,DEF,14,,A,,,https://resources.premierleague.com/premierleague25/photos/players/110x140/216051.png
2018-19-player-295,2018-19,player,295,Alexis Sánchez,Sánchez,MID,14,,A,,,https://resources.premierleague.com/premierleague25/photos/players/110x140/37265.png
2018-19-player-296,2018-19,player,296,Nemanja Matic,Matic,MID,14,,A,,,https://resources.premierleague.com/premierleague25/photos/players/110x140/62398.png
2018-19-player-297,2018-19,player,297,Juan Mata,Mata,MID,14,,A,,,https://resources.premierleague.com/premierleague25/photos/players/110x140/43670.png
2018-19-player-298,2018-19,player,298,Marouane Fellaini,Fellaini,MID,14,,A,,,https://resources.premierleague.com/premierleague25/photos/players/110x140/41184.png
2018-19-player-299,2018-19,player,299,Ander Herrera,Herrera,MID,14,,A,,,https://resources.premierleague.com/premierleague25/photos/players/110x140/59846.png
2018-19-player-300,2018-19,player,300,Jesse Lingard,Lingard,MID,14,,A,,,https://resources.premierleague.com/premierleague25/photos/players/110x140/109322.png
2018-19-player-301,2018-19,player,301,Anthony Martial,Martial,MID,14,,A,,,https://resources.premierleague.com/premierleague25/photos/players/110x140/148225.png
2018-19-player-302,2018-19,player,302,Paul Pogba,Pogba,MID,14,,A,,,https://resources.premierleague.com/premierleague25/photos/players/110x140/74208.png
2018-19-player-303,2018-19,player,303,Scott McTominay,McTominay,MID,14,,A,,,https://resources.premierleague.com/premierleague25/photos/players/110x140/195851.png
2018-19-player-304,2018-19,player,304,Frederico Rodrigues de Paula Santos,Fred,MID,14,,A,,,https://resources.premierleague.com/premierleague25/photos/players/110x140/101582.png
2018-19-player-305,2018-19,player,305,Marcus Rashford,Rashford,FWD,14,,A,,,https://resources.premierleague.com/premierleague25/photos/players/110x140/176297.png
2018-19-player-306,2018-19,player,306,Romelu Lukaku,Lukaku,FWD,14,,A,,,https://resources.premierleague.com/premierleague25/photos/players/110x140/66749.png
2018-19-player-481,2018-19,player,481,Andreas Pereira,Pereira,MID,14,,A,,,https://resources.premierleague.com/premierleague25/photos/players/110x140/156689.png
2018-19-player-520,2018-19,player,520,Lee Grant,Grant,GKP,14,,A,,,https://resources.premierleague.com/premierleague25/photos/players/110x140/6744.png
2018-19-player-568,2018-19,player,568,Angel Gomes,Gomes,MID,14,,A,,,https://resources.premierleague.com/premierleague25/photos/players/110x140/209041.png
2018-19-player-602,2018-19,player,602,James Garner,Garner,MID,14,,A,,,https://resources.premierleague.com/premierleague25/photos/players/110x140/232928.png
2018-19-player-603,2018-19,player,603,Tahith Chong,Chong,MID,14,,A,,,https://resources.premierleague.com/premierleague25/photos/players/110x140/222677.png
2018-19-player-608,2018-19,player,608,Mason Greenwood,Greenwood,FWD,14,,A,,,https://resources.premierleague.com/premierleague25/photos/players/110x140/220688.png
2018-19-player-307,2018-19,player,307,Robert Elliot,Elliot,GKP,15,,A,,,https://resources.premierleague.com/premierleague25/photos/players/110x140/19838.png
2018-19-player-308,2018-19,player,308,Karl Darlow,Darlow,GKP,15,,A,,,https://resources.premierleague.com/premierleague25/photos/players/110x140/59735.png
2018-19-player-309,2018-19,player,309,Martin Dubravka,Dubravka,GKP,15,,A,,,https://resources.premierleague.com/premierleague25/photos/players/110x140/67089.png
2018-19-player-310,2018-19,player,310,DeAndre Yedlin,Yedlin,DEF,15,,A,,,https://resources.premierleague.com/premierleague25/photos/players/110x140/151119.png
2018-19-player-311,2018-19,player,311,Ciaran Clark,Clark,DEF,15,,A,,,https://resources.premierleague.com/premierleague25/photos/players/110x140/58845.png
2018-19-player-312,2018-19,player,312,Jamaal Lascelles,Lascelles,DEF,15,,A,,,https://resources.premierleague.com/premierleague25/photos/players/110x140/101148.png
2018-19-player-313,2018-19,player,313,Paul Dummett,Dummett,DEF,15,,A,,,https://resources.premierleague.com/premierleague25/photos/players/110x140/106618.png
2018-19-player-314,2018-19,player,314,Florian Lejeune,Lejeune,DEF,15,,A,,,https://resources.premierleague.com/premierleague25/photos/players/110x140/77359.png
2018-19-player-315,2018-19,player,315,Javier Manquillo,Manquillo,DEF,15,,A,,,https://resources.premierleague.com/premierleague25/photos/players/110x140/109528.png
2018-19-player-316,2018-19,player,316,Chancel Mbemba,Mbemba,DEF,15,,A,,,https://resources.premierleague.com/premierleague25/photos/players/110x140/149736.png
2018-19-player-317,2018-19,player,317,Matt Ritchie,Ritchie,MID,15,,A,,,https://resources.premierleague.com/premierleague25/photos/players/110x140/56983.png
2018-19-player-318,2018-19,player,318,Jonjo Shelvey,Shelvey,MID,15,,A,,,https://resources.premierleague.com/premierleague25/photos/players/110x140/50232.png
2018-19-player-319,2018-19,player,319,Mohamed Diamé,Diamé,MID,15,,A,,,https://resources.premierleague.com/premierleague25/photos/players/110x140/28147.png
2018-19-player-320,2018-19,player,320,Christian Atsu,Atsu,MID,15,,A,,,https://resources.premierleague.com/premierleague25/photos/players/110x140/104953.png
2018-19-player-321,2018-19,player,321,Jacob Murphy,Murphy,MID,15,,A,,,https://resources.premierleague.com/premierleague25/photos/players/110x140/114243.png
2018-19-player-322,2018-19,player,322,Mikel Merino,Merino,MID,15,,A,,,https://resources.premierleague.com/premierleague25/photos/players/110x140/195384.png
2018-19-player-323,2018-19,player,323,Isaac Hayden,Hayden,MID,15,,A,,,https://resources.premierleague.com/premierleague25/photos/players/110x140/153127.png
2018-19-player-324,2018-19,player,324,Sung-yueng Ki,Ki Sung-yueng,MID,15,,A,,,https://resources.premierleague.com/premierleague25/photos/players/110x140/76542.png
2018-19-player-325,2018-19,player,325,Dwight Gayle,Gayle,FWD,15,,A,,,https://resources.premierleague.com/premierleague25/photos/players/110x140/104547.png
2018-19-player-326,2018-19,player,326,Ayoze Pérez,Pérez,FWD,15,,A,,,https://resources.premierleague.com/premierleague25/photos/players/110x140/168580.png
2018-19-player-327,2018-19,player,327,Jose Luis Mato Sanmartín,Joselu,FWD,15,,A,,,https://resources.premierleague.com/premierleague25/photos/players/110x140/61316.png
2018-19-player-458,2018-19,player,458,Robert Kenedy Nunes do Nascimento,Kenedy,MID,15,,A,,,https://resources.premierleague.com/premierleague25/photos/players/110x140/167767.png
2018-19-player-482,2018-19,player,482,Fabian Schär,Schär,DEF,15,,A,,,https://resources.premierleague.com/premierleague25/photos/players/110x140/119471.png
2018-19-player-488,2018-19,player,488,Yoshinori Muto,Muto,FWD,15,,A,,,https://resources.premierleague.com/premierleague25/photos/players/110x140/196118.png
2018-19-player-493,2018-19,player,493,Salomón Rondón,Rondón,FWD,15,,A,,,https://resources.premierleague.com/premierleague25/photos/players/110x140/57134.png
2018-19-player-516,2018-19,player,516,Federico Fernández,Fernández,DEF,15,,A,,,https://resources.premierleague.com/premierleague25/photos/players/110x140/57145.png
2018-19-player-530,2018-19,player,530,Jamie Sterry,Sterry,DEF,15,,A,,,https://resources.premierleague.com/premierleague25/photos/players/110x140/181397.png
2018-19-player-531,2018-19,player,531,Sean Longstaff,Longstaff,MID,15,,A,,,https://resources.premierleague.com/premierleague25/photos/players/110x140/180135.png
2018-19-player-553,2018-19,player,553,Frederick Woodman,Woodman,GKP,15,,A,,,https://resources.premierleague.com/premierleague25/photos/players/110x140/155503.png
2018-19-player-577,2018-19,player,577,Callum Roberts,Roberts,MID,15,,A,,,https://resources.premierleague.com/premierleague25/photos/players/110x140/172551.png
2018-19-player-587,2018-19,player,587,Miguel Almirón,Almirón,MID,15,,A,,,https://resources.premierleague.com/premierleague25/photos/players/110x140/179018.png
2018-19-player-588,2018-19,player,588,Antonio Barreca,Barreca,DEF,15,,A,,,https://resources.premierleague.com/premierleague25/photos/players/110x140/159039.png
2018-19-player-622,2018-19,player,622,Kelland Watts,Watts,MID,15,,A,,,https://resources.premierleague.com/premierleague25/photos/players/110x140/232977.png
2018-19-player-623,2018-19,player,623,Lewis Cass,Cass,DEF,15,,A,,,https://resources.premierleague.com/premierleague25/photos/players/110x140/232960.png
2018-19-player-258,2018-19,player,258,Danny Ings,Ings,FWD,16,,A,,,https://resources.premierleague.com/premierleague25/photos/players/110x140/84939.png
2018-19-player-328,2018-19,player,328,Alex McCarthy,McCarthy,GKP,16,,A,,,https://resources.premierleague.com/premierleague25/photos/players/110x140/58376.png
2018-19-player-329,2018-19,player,329,Fraser Forster,Forster,GKP,16,,A,,,https://resources.premierleague.com/premierleague25/photos/players/110x140/40383.png
2018-19-player-330,2018-19,player,330,Ryan Bertrand,Bertrand,DEF,16,,A,,,https://resources.premierleague.com/premierleague25/photos/players/110x140/40146.png
2018-19-player-331,2018-19,player,331,Maya Yoshida,Yoshida,DEF,16,,A,,,https://resources.premierleague.com/premierleague25/photos/players/110x140/80447.png
2018-19-player-332,2018-19,player,332,Cédric Soares,Cédric,DEF,16,,A,,,https://resources.premierleague.com/premierleague25/photos/players/110x140/58822.png
2018-19-player-333,2018-19,player,333,Jack Stephens,Stephens,DEF,16,,A,,,https://resources.premierleague.com/premierleague25/photos/players/110x140/88900.png
2018-19-player-334,2018-19,player,334,Sam McQueen,McQueen,DEF,16,,A,,,https://resources.premierleague.com/premierleague25/photos/players/110x140/153373.png
2018-19-player-335,2018-19,player,335,Jan Bednarek,Bednarek,DEF,16,,A,,,https://resources.premierleague.com/premierleague25/photos/players/110x140/171771.png
2018-19-player-336,2018-19,player,336,Wesley Hoedt,Hoedt,DEF,16,,A,,,https://resources.premierleague.com/premierleague25/photos/players/110x140/167075.png
2018-19-player-337,2018-19,player,337,Steven Davis,Davis,MID,16,,A,,,https://resources.premierleague.com/premierleague25/photos/players/110x140/17339.png
2018-19-player-338,2018-19,player,338,James Ward-Prowse,Ward-Prowse,MID,16,,A,,,https://resources.premierleague.com/premierleague25/photos/players/110x140/101178.png
2018-19-player-339,2018-19,player,339,Oriol Romeu Vidal,Oriol Romeu,MID,16,,A,,,https://resources.premierleague.com/premierleague25/photos/players/110x140/78056.png
2018-19-player-340,2018-19,player,340,Pierre-Emile Højbjerg,Højbjerg,MID,16,,A,,,https://resources.premierleague.com/premierleague25/photos/players/110x140/132015.png
2018-19-player-341,2018-19,player,341,Sofiane Boufal,Boufal,MID,16,,A,,,https://resources.premierleague.com/premierleague25/photos/players/110x140/128198.png
2018-19-player-342,2018-19,player,342,Joshua Sims,Sims,MID,16,,A,,,https://resources.premierleague.com/premierleague25/photos/players/110x140/153379.png
2018-19-player-343,2018-19,player,343,Nathan Redmond,Redmond,MID,16,,A,,,https://resources.premierleague.com/premierleague25/photos/players/110x140/83283.png
2018-19-player-344,2018-19,player,344,Mario Lemina,Lemina,MID,16,,A,,,https://resources.premierleague.com/premierleague25/photos/players/110x140/151086.png
2018-19-player-345,2018-19,player,345,Stuart Armstrong,Armstrong,MID,16,,A,,,https://resources.premierleague.com/premierleague25/photos/players/110x140/91047.png
2018-19-player-346,2018-19,player,346,Mohamed Elyounoussi,Elyounoussi,MID,16,,A,,,https://resources.premierleague.com/premierleague25/photos/players/110x140/96787.png
2018-19-player-347,2018-19,player,347,Shane Long,Long,FWD,16,,A,,,https://resources.premierleague.com/premierleague25/photos/players/110x140/20452.png
2018-19-player-348,2018-19,player,348,Charlie Austin,Austin,FWD,16,,A,,,https://resources.premierleague.com/premierleague25/photos/players/110x140/78356.png
2018-19-player-349,2018-19,player,349,Manolo Gabbiadini,Gabbiadini,FWD,16,,A,,,https://resources.premierleague.com/premierleague25/photos/players/110x140/61548.png
2018-19-player-350,2018-19,player,350,Guido Carrillo,Carrillo,FWD,16,,A,,,https://resources.premierleague.com/premierleague25/photos/players/110x140/98914.png
2018-19-player-452,2018-19,player,452,Angus Gunn,Gunn,GKP,16,,A,,,https://resources.premierleague.com/premierleague25/photos/players/110x140/107265.png
2018-19-player-463,2018-19,player,463,Jannik Vestergaard,Vestergaard,DEF,16,,A,,,https://resources.premierleague.com/premierleague25/photos/players/110x140/93100.png
2018-19-player-479,2018-19,player,479,Matt Targett,Targett,DEF,16,,A,,,https://resources.premierleague.com/premierleague25/photos/players/110x140/169359.png
2018-19-player-550,2018-19,player,550,Michael Obafemi,Obafemi,FWD,16,,A,,,https://resources.premierleague.com/premierleague25/photos/players/110x140/220598.png
2018-19-player-556,2018-19,player,556,Yan Valery,Valery,DEF,16,,A,,,https://resources.premierleague.com/premierleague25/photos/players/110x140/213482.png
2018-19-player-562,2018-19,player,562,Tyreke Johnson,Johnson,MID,16,,A,,,https://resources.premierleague.com/premierleague25/photos/players/110x140/204481.png
2018-19-player-565,2018-19,player,565,Kayne Ramsay,Ramsay,DEF,16,,A,,,https://resources.premierleague.com/premierleague25/photos/players/110x140/232797.png
2018-19-player-570,2018-19,player,570,Callum Slattery,Slattery,MID,16,,A,,,https://resources.premierleague.com/premierleague25/photos/players/110x140/193109.png
2018-19-player-574,2018-19,player,574,Sam Gallagher,Gallagher,FWD,16,,A,,,https://resources.premierleague.com/premierleague25/photos/players/110x140/153371.png
2018-19-player-595,2018-19,player,595,Alfie Jones,Jones,DEF,16,,A,,,https://resources.premierleague.com/premierleague25/photos/players/110x140/176706.png
2018-19-player-351,2018-19,player,351,Hugo Lloris,Lloris,GKP,17,,A,,,https://resources.premierleague.com/premierleague25/photos/players/110x140/37915.png
2018-19-player-352,2018-19,player,352,Michel Vorm,Vorm,GKP,17,,A,,,https://resources.premierleague.com/premierleague25/photos/players/110x140/39215.png
2018-19-player-353,2018-19,player,353,Toby Alderweireld,Alderweireld,DEF,17,,A,,,https://resources.premierleague.com/premierleague25/photos/players/110x140/55605.png
2018-19-player-354,2018-19,player,354,Danny Rose,Rose,DEF,17,,A,,,https://resources.premierleague.com/premierleague25/photos/players/110x140/38290.png
2018-19-player-355,2018-19,player,355,Jan Vertonghen,Vertonghen,DEF,17,,A,,,https://resources.premierleague.com/premierleague25/photos/players/110x140/39194.png
2018-19-player-356,2018-19,player,356,Ben Davies,Davies,DEF,17,,A,,,https://resources.premierleague.com/premierleague25/photos/players/110x140/115556.png
2018-19-player-357,2018-19,player,357,Kieran Trippier,Trippier,DEF,17,,A,,,https://resources.premierleague.com/premierleague25/photos/players/110x140/77794.png
2018-19-player-358,2018-19,player,358,Kyle Walker-Peters,Walker-Peters,DEF,17,,A,,,https://resources.premierleague.com/premierleague25/photos/players/110x140/158534.png
2018-19-player-359,2018-19,player,359,Davinson Sánchez,Sánchez,DEF,17,,A,,,https://resources.premierleague.com/premierleague25/photos/players/110x140/173904.png
2018-19-player-360,2018-19,player,360,Serge Aurier,Aurier,DEF,17,,A,,,https://resources.premierleague.com/premierleague25/photos/players/110x140/80226.png
2018-19-player-361,2018-19,player,361,Eric Dier,Dier,MID,17,,A,,,https://resources.premierleague.com/premierleague25/photos/players/110x140/93264.png
2018-19-player-362,2018-19,player,362,Mousa Dembélé,Dembélé,MID,17,,A,,,https://resources.premierleague.com/premierleague25/photos/players/110x140/39104.png
2018-19-player-363,2018-19,player,363,Erik Lamela,Lamela,MID,17,,A,,,https://resources.premierleague.com/premierleague25/photos/players/110x140/62974.png
2018-19-player-364,2018-19,player,364,Christian Eriksen,Eriksen,MID,17,,A,,,https://resources.premierleague.com/premierleague25/photos/players/110x140/80607.png
2018-19-player-365,2018-19,player,365,Bamidele Alli,Alli,MID,17,,A,,,https://resources.premierleague.com/premierleague25/photos/players/110x140/108823.png
2018-19-player-366,2018-19,player,366,Victor Wanyama,Wanyama,MID,17,,A,,,https://resources.premierleague.com/premierleague25/photos/players/110x140/54756.png
2018-19-player-367,2018-19,player,367,Heung-Min Son,Son,MID,17,,A,,,https://resources.premierleague.com/premierleague25/photos/players/110x140/85971.png
2018-19-player-368,2018-19,player,368,Harry Winks,Winks,MID,17,,A,,,https://resources.premierleague.com/premierleague25/photos/players/110x140/157668.png
2018-19-player-369,2018-19,player,369,Moussa Sissoko,Sissoko,MID,17,,A,,,https://resources.premierleague.com/premierleague25/photos/players/110x140/45268.png
2018-19-player-370,2018-19,player,370,Lucas Rodrigues Moura da Silva,Lucas Moura,MID,17,,A,,,https://resources.premierleague.com/premierleague25/photos/players/110x140/95715.png
2018-19-player-371,2018-19,player,371,Fernando Llorente,Llorente,FWD,17,,A,,,https://resources.premierleague.com/premierleague25/photos/players/110x140/19760.png
2018-19-player-372,2018-19,player,372,Harry Kane,Kane,FWD,17,,A,,,https://resources.premierleague.com/premierleague25/photos/players/110x140/78830.png
2018-19-player-497,2018-19,player,497,Georges-Kévin Nkoudou,Nkoudou,MID,17,,A,,,https://resources.premierleague.com/premierleague25/photos/players/110x140/168566.png
2018-19-player-523,2018-19,player,523,Luke Amos,Amos,MID,17,,A,,,https://resources.premierleague.com/premierleague25/photos/players/110x140/168764.png
2018-19-player-536,2018-19,player,536,Paulo Gazzaniga,Gazzaniga,GKP,17,,A,,,https://resources.premierleague.com/premierleague25/photos/players/110x140/102884.png
2018-19-player-538,2018-19,player,538,Alfie Whiteman,Whiteman,GKP,17,,A,,,https://resources.premierleague.com/premierleague25/photos/players/110x140/175941.png
2018-19-player-540,2018-19,player,540,Oliver Skipp,Skipp,MID,17,,A,,,https://resources.premierleague.com/premierleague25/photos/players/110x140/209042.png
2018-19-player-549,2018-19,player,549,Juan Foyth,Foyth,DEF,17,,A,,,https://resources.premierleague.com/premierleague25/photos/players/110x140/234908.png
2018-19-player-561,2018-19,player,561,Timothy Eyoma,Eyoma,DEF,17,,A,,,https://resources.premierleague.com/premierleague25/photos/players/110x140/209040.png
2018-19-player-578,2018-19,player,578,Kazaiah Sterling,Sterling,FWD,17,,A,,,https://resources.premierleague.com/premierleague25/photos/players/110x140/198504.png
2018-19-player-612,2018-19,player,612,George Marsh,Marsh,MID,17,,A,,,https://resources.premierleague.com/premierleague25/photos/players/110x140/204820.png
2018-19-player-614,2018-19,player,614,Vincent Janssen,Janssen,FWD,17,,A,,,https://resources.premierleague.com/premierleague25/photos/players/110x140/165990.png
2018-19-player-373,2018-19,player,373,Heurelho Gomes,Gomes,GKP,18,,A,,,https://resources.premierleague.com/premierleague25/photos/players/110x140/18656.png
2018-19-player-374,2018-19,player,374,Pontus Dahlberg,Dahlberg,GKP,18,,A,,,https://resources.premierleague.com/premierleague25/photos/players/110x140/206882.png
2018-19-player-375,2018-19,player,375,Younes Kaboul,Kaboul,DEF,18,,A,,,https://resources.premierleague.com/premierleague25/photos/players/110x140/37742.png
2018-19-player-376,2018-19,player,376,Craig Cathcart,Cathcart,DEF,18,,A,,,https://resources.premierleague.com/premierleague25/photos/players/110x140/41338.png
2018-19-player-377,2018-19,player,377,Sebastian Prödl,Prödl,DEF,18,,A,,,https://resources.premierleague.com/premierleague25/photos/players/110x140/41945.png
2018-19-player-378,2018-19,player,378,José Holebas,Holebas,DEF,18,,A,,,https://resources.premierleague.com/premierleague25/photos/players/110x140/40868.png
2018-19-player-379,2018-19,player,379,Miguel Britos,Britos,DEF,18,,A,,,https://resources.premierleague.com/premierleague25/photos/players/110x140/52153.png
2018-19-player-380,2018-19,player,380,Christian Kabasele,Kabasele,DEF,18,,A,,,https://resources.premierleague.com/premierleague25/photos/players/110x140/85624.png
2018-19-player-381,2018-19,player,381,Daryl Janmaat,Janmaat,DEF,18,,A,,,https://resources.premierleague.com/premierleague25/photos/players/110x140/52940.png
2018-19-player-382,2018-19,player,382,Adrian Mariappa,Mariappa,DEF,18,,A,,,https://resources.premierleague.com/premierleague25/photos/players/110x140/20145.png
2018-19-player-383,2018-19,player,383,Francisco Femenía Far,Kiko Femenía,DEF,18,,A,,,https://resources.premierleague.com/premierleague25/photos/players/110x140/54484.png
2018-19-player-384,2018-19,player,384,Marvin Zeegelaar,Zeegelaar,DEF,18,,A,,,https://resources.premierleague.com/premierleague25/photos/players/110x140/66247.png
2018-19-player-385,2018-19,player,385,Marc Navarro,Navarro,DEF,18,,A,,,https://resources.premierleague.com/premierleague25/photos/players/110x140/220166.png
2018-19-player-386,2018-19,player,386,Adam Masina,Masina,DEF,18,,A,,,https://resources.premierleague.com/premierleague25/photos/players/110x140/155651.png
2018-19-player-387,2018-19,player,387,Nathaniel Chalobah,Chalobah,MID,18,,A,,,https://resources.premierleague.com/premierleague25/photos/players/110x140/89085.png
2018-19-player-388,2018-19,player,388,Tom Cleverley,Cleverley,MID,18,,A,,,https://resources.premierleague.com/premierleague25/photos/players/110x140/43250.png
2018-19-player-389,2018-19,player,389,Etienne Capoue,Capoue,MID,18,,A,,,https://resources.premierleague.com/premierleague25/photos/players/110x140/38439.png
2018-19-player-390,2018-19,player,390,Abdoulaye Doucouré,Doucouré,MID,18,,A,,,https://resources.premierleague.com/premierleague25/photos/players/110x140/121599.png
2018-19-player-391,2018-19,player,391,Roberto Pereyra,Pereyra,MID,18,,A,,,https://resources.premierleague.com/premierleague25/photos/players/110x140/61566.png
2018-19-player-392,2018-19,player,392,Will Hughes,Hughes,MID,18,,A,,,https://resources.premierleague.com/premierleague25/photos/players/110x140/108413.png
2018-19-player-394,2018-19,player,394,Gerard Deulofeu,Deulofeu,MID,18,,A,,,https://resources.premierleague.com/premierleague25/photos/players/110x140/94924.png
2018-19-player-395,2018-19,player,395,Andre Gray,Gray,FWD,18,,A,,,https://resources.premierleague.com/premierleague25/photos/players/110x140/73426.png
2018-19-player-396,2018-19,player,396,Troy Deeney,Deeney,FWD,18,,A,,,https://resources.premierleague.com/premierleague25/photos/players/110x140/41725.png
2018-19-player-397,2018-19,player,397,Stefano Okaka,Okaka,FWD,18,,A,,,https://resources.premierleague.com/premierleague25/photos/players/110x140/20046.png
2018-19-player-398,2018-19,player,398,Jerome Sinclair,Sinclair,FWD,18,,A,,,https://resources.premierleague.com/premierleague25/photos/players/110x140/133801.png
2018-19-player-445,2018-19,player,445,Ben Foster,Foster,GKP,18,,A,,,https://resources.premierleague.com/premierleague25/photos/players/110x140/9089.png
2018-19-player-446,2018-19,player,446,Ken Sema,Sema,MID,18,,A,,,https://resources.premierleague.com/premierleague25/photos/players/110x140/157775.png
2018-19-player-517,2018-19,player,517,Domingos Quina,Quina,MID,18,,A,,,https://resources.premierleague.com/premierleague25/photos/players/110x140/216058.png
2018-19-player-524,2018-19,player,524,Isaac Success Ajayi,Success,FWD,18,,A,,,https://resources.premierleague.com/premierleague25/photos/players/110x140/173514.png
2018-19-player-544,2018-19,player,544,Ben Wilmot,Wilmot,DEF,18,,A,,,https://resources.premierleague.com/premierleague25/photos/players/110x140/241289.png
2018-19-player-554,2018-19,player,554,Adalberto Peñaranda,Peñaranda,FWD,18,,A,,,https://resources.premierleague.com/premierleague25/photos/players/110x140/194401.png
2018-19-player-399,2018-19,player,399,Adrián San Miguel del Castillo,Adrián,GKP,19,,A,,,https://resources.premierleague.com/premierleague25/photos/players/110x140/60706.png
2018-19-player-400,2018-19,player,400,Lukasz Fabianski,Fabianski,GKP,19,,A,,,https://resources.premierleague.com/premierleague25/photos/players/110x140/37096.png
2018-19-player-401,2018-19,player,401,Winston Reid,Reid,DEF,19,,A,,,https://resources.premierleague.com/premierleague25/photos/players/110x140/48717.png
2018-19-player-402,2018-19,player,402,Aaron Cresswell,Cresswell,DEF,19,,A,,,https://resources.premierleague.com/premierleague25/photos/players/110x140/55459.png
2018-19-player-403,2018-19,player,403,Angelo Ogbonna,Ogbonna,DEF,19,,A,,,https://resources.premierleague.com/premierleague25/photos/players/110x140/40669.png
2018-19-player-404,2018-19,player,404,Sam Byram,Byram,DEF,19,,A,,,https://resources.premierleague.com/premierleague25/photos/players/110x140/113564.png
2018-19-player-405,2018-19,player,405,Pablo Zabaleta,Zabaleta,DEF,19,,A,,,https://resources.premierleague.com/premierleague25/photos/players/110x140/20658.png
2018-19-player-406,2018-19,player,406,Declan Rice,Rice,DEF,19,,A,,,https://resources.premierleague.com/premierleague25/photos/players/110x140/204480.png
2018-19-player-407,2018-19,player,407,Reece Oxford,Oxford,DEF,19,,A,,,https://resources.premierleague.com/premierleague25/photos/players/110x140/173792.png
2018-19-player-408,2018-19,player,408,Ryan Fredericks,Fredericks,DEF,19,,A,,,https://resources.premierleague.com/premierleague25/photos/players/110x140/81012.png
2018-19-player-409,2018-19,player,409,Issa Diop,Diop,DEF,19,,A,,,https://resources.premierleague.com/premierleague25/photos/players/110x140/219924.png
2018-19-player-410,2018-19,player,410,Arthur Masuaku,Masuaku,MID,19,,A,,,https://resources.premierleague.com/premierleague25/photos/players/110x140/105717.png
2018-19-player-411,2018-19,player,411,Mark Noble,Noble,MID,19,,A,,,https://resources.premierleague.com/premierleague25/photos/players/110x140/18073.png
2018-19-player-413,2018-19,player,413,Pedro Obiang,Obiang,MID,19,,A,,,https://resources.premierleague.com/premierleague25/photos/players/110x140/59779.png
2018-19-player-414,2018-19,player,414,Manuel Lanzini,Lanzini,MID,19,,A,,,https://resources.premierleague.com/premierleague25/photos/players/110x140/86934.png
2018-19-player-415,2018-19,player,415,Michail Antonio,Antonio,MID,19,,A,,,https://resources.premierleague.com/premierleague25/photos/players/110x140/57531.png
2018-19-player-416,2018-19,player,416,Edimilson Fernandes,Fernandes,MID,19,,A,,,https://resources.premierleague.com/premierleague25/photos/players/110x140/163526.png
2018-19-player-417,2018-19,player,417,Marko Arnautovic,Arnautovic,FWD,19,,A,,,https://resources.premierleague.com/premierleague25/photos/players/110x140/41464.png
2018-19-player-418,2018-19,player,418,Andy Carroll,Carroll,FWD,19,,A,,,https://resources.premierleague.com/premierleague25/photos/players/110x140/40142.png
2018-19-player-419,2018-19,player,419,Javier Hernández Balcázar,Chicharito,FWD,19,,A,,,https://resources.premierleague.com/premierleague25/photos/players/110x140/43020.png
2018-19-player-420,2018-19,player,420,Jordan Hugill,Hugill,FWD,19,,A,,,https://resources.premierleague.com/premierleague25/photos/players/110x140/167522.png
2018-19-player-447,2018-19,player,447,Jack Wilshere,Wilshere,MID,19,,A,,,https://resources.premierleague.com/premierleague25/photos/players/110x140/54102.png
2018-19-player-453,2018-19,player,453,Andriy Yarmolenko,Yarmolenko,MID,19,,A,,,https://resources.premierleague.com/premierleague25/photos/players/110x140/56377.png
2018-19-player-464,2018-19,player,464,Fabián Balbuena,Balbuena,DEF,19,,A,,,https://resources.premierleague.com/premierleague25/photos/players/110x140/166640.png
2018-19-player-465,2018-19,player,465,Felipe Anderson Pereira Gomes,Felipe Anderson,MID,19,,A,,,https://resources.premierleague.com/premierleague25/photos/players/110x140/101537.png
2018-19-player-489,2018-19,player,489,Robert Snodgrass,Snodgrass,MID,19,,A,,,https://resources.premierleague.com/premierleague25/photos/players/110x140/18987.png
2018-19-player-502,2018-19,player,502,Lucas Pérez,Lucas,FWD,19,,A,,,https://resources.premierleague.com/premierleague25/photos/players/110x140/155851.png
2018-19-player-518,2018-19,player,518,Carlos Sánchez,Carlos Sánchez,MID,19,,A,,,https://resources.premierleague.com/premierleague25/photos/players/110x140/42824.png
2018-19-player-539,2018-19,player,539,Grady Diangana,Diangana,MID,19,,A,,,https://resources.premierleague.com/premierleague25/photos/players/110x140/179830.png
2018-19-player-547,2018-19,player,547,Joe Powell,Powell,MID,19,,A,,,https://resources.premierleague.com/premierleague25/photos/players/110x140/195860.png
2018-19-player-548,2018-19,player,548,Conor Coventry,Coventry,MID,19,,A,,,https://resources.premierleague.com/premierleague25/photos/players/110x140/222017.png
2018-19-player-560,2018-19,player,560,Alexandre Nascimento Costa Silva,Xande Silva,FWD,19,,A,,,https://resources.premierleague.com/premierleague25/photos/players/110x140/209925.png
2018-19-player-569,2018-19,player,569,Samir Nasri,Nasri,MID,19,,A,,,https://resources.premierleague.com/premierleague25/photos/players/110x140/28554.png
2018-19-player-605,2018-19,player,605,Ben Johnson,Johnson,DEF,19,,A,,,https://resources.premierleague.com/premierleague25/photos/players/110x140/222018.png
2018-19-player-611,2018-19,player,611,Nathan Holland,Holland,MID,19,,A,,,https://resources.premierleague.com/premierleague25/photos/players/110x140/183487.png
2018-19-player-421,2018-19,player,421,John Ruddy,Ruddy,GKP,20,,A,,,https://resources.premierleague.com/premierleague25/photos/players/110x140/19236.png
2018-19-player-422,2018-19,player,422,Will Norris,Norris,GKP,20,,A,,,https://resources.premierleague.com/premierleague25/photos/players/110x140/168399.png
2018-19-player-423,2018-19,player,423,Willy Boly,Boly,DEF,20,,A,,,https://resources.premierleague.com/premierleague25/photos/players/110x140/90585.png
2018-19-player-424,2018-19,player,424,Barry Douglas,Douglas,DEF,20,,A,,,https://resources.premierleague.com/premierleague25/photos/players/110x140/57913.png
2018-19-player-425,2018-19,player,425,Matt Doherty,Doherty,DEF,20,,A,,,https://resources.premierleague.com/premierleague25/photos/players/110x140/87835.png
2018-19-player-426,2018-19,player,426,Romain Saïss,Saïss,DEF,20,,A,,,https://resources.premierleague.com/premierleague25/photos/players/110x140/107613.png
2018-19-player-427,2018-19,player,427,Ryan Bennett,Bennett,DEF,20,,A,,,https://resources.premierleague.com/premierleague25/photos/players/110x140/41727.png
2018-19-player-428,2018-19,player,428,Danny Batth,Batth,DEF,20,,A,,,https://resources.premierleague.com/premierleague25/photos/players/110x140/77610.png
2018-19-player-429,2018-19,player,429,Roderick Jefferson Gonçalves Miranda,Miranda,DEF,20,,A,,,https://resources.premierleague.com/premierleague25/photos/players/110x140/67184.png
2018-19-player-430,2018-19,player,430,Conor Coady,Coady,DEF,20,,A,,,https://resources.premierleague.com/premierleague25/photos/players/110x140/94147.png
2018-19-player-431,2018-19,player,431,Rúben Gonçalo Silva Nascimento Vinagre,Vinagre,DEF,20,,A,,,https://resources.premierleague.com/premierleague25/photos/players/110x140/216054.png
2018-19-player-432,2018-19,player,432,Diogo Jota,Jota,MID,20,,A,,,https://resources.premierleague.com/premierleague25/photos/players/110x140/194634.png
2018-19-player-433,2018-19,player,433,Rúben Diogo da Silva Neves,Neves,MID,20,,A,,,https://resources.premierleague.com/premierleague25/photos/players/110x140/171317.png
2018-19-player-434,2018-19,player,434,Ivan Cavaleiro,Cavaleiro,MID,20,,A,,,https://resources.premierleague.com/premierleague25/photos/players/110x140/166324.png
2018-19-player-435,2018-19,player,435,Hélder Costa,Costa,MID,20,,A,,,https://resources.premierleague.com/premierleague25/photos/players/110x140/165808.png
2018-19-player-436,2018-19,player,436,Bright Enobakhare,Enobakhare,MID,20,,A,,,https://resources.premierleague.com/premierleague25/photos/players/110x140/198847.png
2018-19-player-437,2018-19,player,437,Raúl Jiménez,Jiménez,FWD,20,,A,,,https://resources.premierleague.com/premierleague25/photos/players/110x140/102057.png
2018-19-player-438,2018-19,player,438,Bonatini Lohner Maia Bonatini,Bonatini,FWD,20,,A,,,https://resources.premierleague.com/premierleague25/photos/players/110x140/141569.png
2018-19-player-448,2018-19,player,448,Morgan Gibbs-White,Gibbs-White,MID,20,,A,,,https://resources.premierleague.com/premierleague25/photos/players/110x140/222531.png
2018-19-player-449,2018-19,player,449,Rafa Mir,Mir,FWD,20,,A,,,https://resources.premierleague.com/premierleague25/photos/players/110x140/219929.png
2018-19-player-454,2018-19,player,454,Rui Pedro dos Santos Patrício,Patrício,GKP,20,,A,,,https://resources.premierleague.com/premierleague25/photos/players/110x140/38533.png
2018-19-player-475,2018-19,player,475,João Filipe Iria Santos Moutinho,Moutinho,MID,20,,A,,,https://resources.premierleague.com/premierleague25/photos/players/110x140/19624.png
2018-19-player-483,2018-19,player,483,Jonathan Castro Otto,Jonny,DEF,20,,A,,,https://resources.premierleague.com/premierleague25/photos/players/110x140/114128.png
2018-19-player-500,2018-19,player,500,Adama Traoré,Traoré,MID,20,,A,,,https://resources.premierleague.com/premierleague25/photos/players/110x140/159533.png
2018-19-player-519,2018-19,player,519,Leander Dendoncker,Dendoncker,MID,20,,A,,,https://resources.premierleague.com/premierleague25/photos/players/110x140/151589.png
2018-19-player-525,2018-19,player,525,Kortney Hause,Hause,DEF,20,,A,,,https://resources.premierleague.com/premierleague25/photos/players/110x140/123354.png
2018-19-player-555,2018-19,player,555,Ryan John Giles,Giles,MID,20,,A,,,https://resources.premierleague.com/premierleague25/photos/players/110x140/232351.png
2018-19-player-567,2018-19,player,567,Max Kilman,Kilman,DEF,20,,A,,,https://resources.premierleague.com/premierleague25/photos/players/110x140/214048.png
2018-19-player-596,2018-19,player,596,Cameron John,John,DEF,20,,A,,,https://resources.premierleague.com/premierleague25/photos/players/110x140/215409.png
2018-19-team-1,2018-19,team,1,Arsenal,Arsenal,,1,3,,,,
2018-19-team-2,2018-19,team,2,Bournemouth,Bournemouth,,2,91,,,,
2018-19-team-3,2018-19,team,3,Brighton,Brighton,,3,36,,,,
2018-19-team-4,2018-19,team,4,Burnley,Burnley,,4,90,,,,
2018-19-team-5,2018-19,team,5,Cardiff,Cardiff,,5,97,,,,
2018-19-team-6,2018-19,team,6,Chelsea,Chelsea,,6,8,,,,
2018-19-team-7,2018-19,team,7,Crystal Palace,Crystal Palace,,7,31,,,,
2018-19-team-8,2018-19,team,8,Everton,Everton,,8,11,,,,
2018-19-team-9,2018-19,team,9,Fulham,Fulham,,9,54,,,,
2018-19-team-10,2018-19,team,10,Huddersfield,Huddersfield,,10,38,,,,
2018-19-team-11,2018-19,team,11,Leicester,Leicester,,11,13,,,,
2018-19-team-12,2018-19,team,12,Liverpool,Liverpool,,12,14,,,,
2018-19-team-13,2018-19,team,13,Man City,Man City,,13,43,,,,
2018-19-team-14,2018-19,team,14,Man Utd,Man Utd,,14,1,,,,
2018-19-team-15,2018-19,team,15,Newcastle,Newcastle,,15,4,,,,
2018-19-team-16,2018-19,team,16,Southampton,Southampton,,16,20,,,,
2018-19-team-17,2018-19,team,17,Spurs,Spurs,,17,6,,,,
2018-19-team-18,2018-19,team,18,Watford,Watford,,18,57,,,,
2018-19-team-19,2018-19,team,19,West Ham,West Ham,,19,21,,,,
2018-19-team-20,2018-19,team,20,Wolves,Wolves,,20,39,,,,
2019-20-player-1,2019-20,player,1,Shkodran Mustafi,Mustafi,DEF,1,,A,,,https://resources.premierleague.com/premierleague25/photos/players/110x140/69140.png
2019-20-player-2,2019-20,player,2,Héctor Bellerín,Bellerín,DEF,1,,A,,,https://resources.premierleague.com/premierleague25/photos/players/110x140/98745.png
2019-20-player-3,2019-20,player,3,Sead Kolasinac,Kolasinac,DEF,1,,A,,,https://resources.premierleague.com/premierleague25/photos/players/110x140/111457.png
2019-20-player-4,2019-20,player,4,Ainsley Maitland-Niles,Maitland-Niles,DEF,1,,A,,,https://resources.premierleague.com/premierleague25/photos/players/110x140/154043.png
2019-20-player-5,2019-20,player,5,Sokratis Papastathopoulos,Sokratis,DEF,1,,A,,,https://resources.premierleague.com/premierleague25/photos/players/110x140/39476.png
2019-20-player-6,2019-20,player,6,Nacho Monreal,Monreal,DEF,1,,A,,,https://resources.premierleague.com/premierleague25/photos/players/110x140/38411.png
2019-20-player-7,2019-20,player,7,Laurent Koscielny,Koscielny,DEF,1,,A,,,https://resources.premierleague.com/premierleague25/photos/players/110x140/51507.png
2019-20-player-8,2019-20,player,8,Konstantinos Mavropanos,Mavropanos,DEF,1,,A,,,https://resources.premierleague.com/premierleague25/photos/players/110x140/233963.png
2019-20-player-9,2019-20,player,9,Carl Jenkinson,Jenkinson,DEF,1,,A,,,https://resources.premierleague.com/premierleague25/photos/players/110x140/80254.png
2019-20-player-10,2019-20,player,10,Rob Holding,Holding,DEF,1,,A,,,https://resources.premierleague.com/premierleague25/photos/players/110x140/156074.png
2019-20-player-11,2019-20,player,11,Pierre-Emerick Aubameyang,Aubameyang,FWD,1,,A,,,https://resources.premierleague.com/premierleague25/photos/players/110x140/54694.png
2019-20-player-12,2019-20,player,12,Alexandre Lacazette,Lacazette,FWD,1,,A,,,https://resources.premierleague.com/premierleague25/photos/players/110x140/59966.png
2019-20-player-13,2019-20,player,13,Edward Nketiah,Nketiah,FWD,1,,A,,,https://resources.premierleague.com/premierleague25/photos/players/110x140/205533.png
2019-20-player-14,2019-20,player,14,Bernd Leno,Leno,GKP,1,,A,,,https://resources.premierleague.com/premierleague25/photos/players/110x140/80201.png
2019-20-player-15,2019-20,player,15,Mesut Özil,Özil,MID,1,,A,,,https://resources.premierleague.com/premierleague25/photos/players/110x140/37605.png
2019-20-player-16,2019-20,player,16,Henrikh Mkhitaryan,Mkhitaryan,MID,1,,A,,,https://resources.premierleague.com/premierleague25/photos/players/110x140/57249.png
2019-20-player-18,2019-20,player,18,Granit Xhaka,Xhaka,MID,1,,A,,,https://resources.premierleague.com/premierleague25/photos/players/110x140/84450.png
2019-20-player-19,2019-20,player,19,Lucas Torreira,Torreira,MID,1,,A,,,https://resources.premierleague.com/premierleague25/photos/players/110x140/198849.png
2019-20-player-20,2019-20,player,20,Mohamed Elneny,Elneny,MID,1,,A,,,https://resources.premierleague.com/premierleague25/photos/players/110x140/153256.png
2019-20-player-21,2019-20,player,21,Matteo Guendouzi,Guendouzi,MID,1,,A,,,https://resources.premierleague.com/premierleague25/photos/players/110x140/242166.png
2019-20-player-106,2019-20,player,106,David Luiz Moreira Marinho,David Luiz,DEF,1,,A,,,https://resources.premierleague.com/premierleague25/photos/players/110x140/41270.png
2019-20-player-427,2019-20,player,427,Emiliano Martínez,Martínez,GKP,1,,A,,,https://resources.premierleague.com/premierleague25/photos/players/110x140/98980.png
2019-20-player-467,2019-20,player,467,Calum Chambers,Chambers,DEF,1,,A,,,https://resources.premierleague.com/premierleague25/photos/players/110x140/101184.png
2019-20-player-469,2019-20,player,469,Daniel Ceballos Fernández,Ceballos,MID,1,,A,,,https://resources.premierleague.com/premierleague25/photos/players/110x140/182539.png
2019-20-player-486,2019-20,player,486,Cédric Soares,Cédric,DEF,1,,A,,,https://resources.premierleague.com/premierleague25/photos/players/110x140/58822.png
2019-20-player-488,2019-20,player,488,Nicolas Pépé,Pépé,MID,1,,A,,,https://resources.premierleague.com/premierleague25/photos/players/110x140/195735.png
2019-20-player-489,2019-20,player,489,Reiss Nelson,Nelson,MID,1,,A,,,https://resources.premierleague.com/premierleague25/photos/players/110x140/200641.png
2019-20-player-490,2019-20,player,490,Joseph Willock,Willock,MID,1,,A,,,https://resources.premierleague.com/premierleague25/photos/players/110x140/200089.png
2019-20-player-504,2019-20,player,504,Gabriel Teodoro Martinelli Silva,Martinelli,FWD,1,,A,,,https://resources.premierleague.com/premierleague25/photos/players/110x140/444145.png
2019-20-player-515,2019-20,player,515,Kieran Tierney,Tierney,DEF,1,,A,,,https://resources.premierleague.com/premierleague25/photos/players/110x140/192895.png
2019-20-player-541,2019-20,player,541,Bukayo Saka,Saka,MID,1,,A,,,https://resources.premierleague.com/premierleague25/photos/players/110x140/223340.png
2019-20-player-576,2019-20,player,576,Emile Smith Rowe,Smith Rowe,MID,1,,A,,,https://resources.premierleague.com/premierleague25/photos/players/110x140/209289.png
2019-20-player-585,2019-20,player,585,Tyreece John-Jules,John-Jules,FWD,1,,A,,,https://resources.premierleague.com/premierleague25/photos/players/110x140/232233.png
2019-20-player-617,2019-20,player,617,Pablo Marí,Marí,DEF,1,,A,,,https://resources.premierleague.com/premierleague25/photos/players/110x140/92371.png
2019-20-player-636,2019-20,player,636,Zech Medley,Medley,DEF,1,,A,,,https://resources.premierleague.com/premierleague25/photos/players/110x140/209037.png
2019-20-player-646,2019-20,player,646,Matt Macey,Macey,GKP,1,,A,,,https://resources.premierleague.com/premierleague25/photos/players/110x140/113534.png
2019-20-player-647,2019-20,player,647,Matthew Smith,Smith,DEF,1,,A,,,https://resources.premierleague.com/premierleague25/photos/players/110x140/232241.png
2019-20-player-22,2019-20,player,22,Ahmed El Mohamady,El Mohamady,DEF,2,,A,,,https://resources.premierleague.com/premierleague25/photos/players/110x140/37339.png
2019-20-player-23,2019-20,player,23,James Chester,Chester,DEF,2,,A,,,https://resources.premierleague.com/premierleague25/photos/players/110x140/43252.png
2019-20-player-24,2019-20,player,24,Neil Taylor,Taylor,DEF,2,,A,,,https://resources.premierleague.com/premierleague25/photos/players/110x140/47390.png
2019-20-player-25,2019-20,player,25,Kortney Hause,Hause,DEF,2,,A,,,https://resources.premierleague.com/premierleague25/photos/players/110x140/123354.png
2019-20-player-26,2019-20,player,26,Jonathan Kodjia,Kodjia,FWD,2,,A,,,https://resources.premierleague.com/premierleague25/photos/players/110x140/54764.png
2019-20-player-27,2019-20,player,27,Ørjan Nyland,Nyland,GKP,2,,A,,,https://resources.premierleague.com/premierleague25/photos/players/110x140/98770.png
2019-20-player-28,2019-20,player,28,Conor Hourihane,Hourihane,MID,2,,A,,,https://resources.premierleague.com/premierleague25/photos/players/110x140/85242.png
2019-20-player-29,2019-20,player,29,Jack Grealish,Grealish,MID,2,,A,,,https://resources.premierleague.com/premierleague25/photos/players/110x140/114283.png
2019-20-player-30,2019-20,player,30,Anwar El Ghazi,El Ghazi,MID,2,,A,,,https://resources.premierleague.com/premierleague25/photos/players/110x140/193488.png
2019-20-player-31,2019-20,player,31,John McGinn,McGinn,MID,2,,A,,,https://resources.premierleague.com/premierleague25/photos/players/110x140/122806.png
2019-20-player-32,2019-20,player,32,Andre Green,Green,MID,2,,A,,,https://resources.premierleague.com/premierleague25/photos/players/110x140/174597.png
2019-20-player-33,2019-20,player,33,Birkir Bjarnason,Bjarnason,MID,2,,A,,,https://resources.premierleague.com/premierleague25/photos/players/110x140/27770.png
2019-20-player-34,2019-20,player,34,Keinan Davis,Davis,MID,2,,A,,,https://resources.premierleague.com/premierleague25/photos/players/110x140/221239.png
2019-20-player-35,2019-20,player,35,Henri Lansbury,Lansbury,MID,2,,A,,,https://resources.premierleague.com/premierleague25/photos/players/110x140/40564.png
2019-20-player-36,2019-20,player,36,José Ignacio Peleteiro Romallo,Jota,MID,2,,A,,,https://resources.premierleague.com/premierleague25/photos/players/110x140/89274.png
2019-20-player-94,2019-20,player,94,Tom Heaton,Heaton,GKP,2,,A,,,https://resources.premierleague.com/premierleague25/photos/players/110x140/21205.png
2019-20-player-120,2019-20,player,120,Daniel Drinkwater,Drinkwater,MID,2,,A,,,https://resources.premierleague.com/premierleague25/photos/players/110x140/61603.png
2019-20-player-309,2019-20,player,309,Matt Targett,Targett,DEF,2,,A,,,https://resources.premierleague.com/premierleague25/photos/players/110x140/169359.png
2019-20-player-428,2019-20,player,428,Wesley Moraes,Wesley,FWD,2,,A,,,https://resources.premierleague.com/premierleague25/photos/players/110x140/213345.png
2019-20-player-429,2019-20,player,429,Jed Steer,Steer,GKP,2,,A,,,https://resources.premierleague.com/premierleague25/photos/players/110x140/79852.png
2019-20-player-445,2019-20,player,445,Tyrone Mings,Mings,DEF,2,,A,,,https://resources.premierleague.com/premierleague25/photos/players/110x140/149484.png
2019-20-player-452,2019-20,player,452,Ezri Konsa Ngoyo,Konsa,DEF,2,,A,,,https://resources.premierleague.com/premierleague25/photos/players/110x140/199798.png
2019-20-player-455,2019-20,player,455,Bjorn Engels,Engels,DEF,2,,A,,,https://resources.premierleague.com/premierleague25/photos/players/110x140/108156.png
2019-20-player-458,2019-20,player,458,Frédéric Guilbert,Guilbert,DEF,2,,A,,,https://resources.premierleague.com/premierleague25/photos/players/110x140/203368.png
2019-20-player-465,2019-20,player,465,Mahmoud Ahmed Ibrahim Hassan,Trézéguet,MID,2,,A,,,https://resources.premierleague.com/premierleague25/photos/players/110x140/148508.png
2019-20-player-470,2019-20,player,470,Douglas Luiz Soares de Paulo,Douglas Luiz,MID,2,,A,,,https://resources.premierleague.com/premierleague25/photos/players/110x140/230046.png
2019-20-player-474,2019-20,player,474,Lovre Kalinic,Kalinic,GKP,2,,A,,,https://resources.premierleague.com/premierleague25/photos/players/110x140/88175.png
2019-20-player-491,2019-20,player,491,Marvelous Nakamba,Nakamba,MID,2,,A,,,https://resources.premierleague.com/premierleague25/photos/players/110x140/184704.png
2019-20-player-600,2019-20,player,600,Indiana Vassilev,Vassilev,MID,2,,A,,,https://resources.premierleague.com/premierleague25/photos/players/110x140/223349.png
2019-20-player-603,2019-20,player,603,José Reina,Reina,GKP,2,,A,,,https://resources.premierleague.com/premierleague25/photos/players/110x140/8432.png
2019-20-player-613,2019-20,player,613,Mbwana Samatta,Samatta,FWD,2,,A,,,https://resources.premierleague.com/premierleague25/photos/players/110x140/217487.png
2019-20-player-623,2019-20,player,623,Borja González Tomás,Bastón,FWD,2,,A,,,https://resources.premierleague.com/premierleague25/photos/players/110x140/83091.png
2019-20-player-659,2019-20,player,659,Kaine Hayden,Hayden,MID,2,,A,,,https://resources.premierleague.com/premierleague25/photos/players/110x140/490098.png
2019-20-player-58,2019-20,player,58,Steve Cook,Steve Cook,DEF,3,,A,,,https://resources.premierleague.com/premierleague25/photos/players/110x140/56917.png
2019-20-player-59,2019-20,player,59,Nathan Aké,Aké,DEF,3,,A,,,https://resources.premierleague.com/premierleague25/photos/players/110x140/126184.png
2019-20-player-60,2019-20,player,60,Charlie Daniels,Daniels,DEF,3,,A,,,https://resources.premierleague.com/premierleague25/photos/players/110x140/41320.png
2019-20-player-61,2019-20,player,61,Chris Mepham,Mepham,DEF,3,,A,,,https://resources.premierleague.com/premierleague25/photos/players/110x140/223911.png
2019-20-player-62,2019-20,player,62,Simon Francis,Francis,DEF,3,,A,,,https://resources.premierleague.com/premierleague25/photos/players/110x140/15149.png
2019-20-player-63,2019-20,player,63,Adam Smith,Adam Smith,DEF,3,,A,,,https://resources.premierleague.com/premierleague25/photos/players/110x140/54469.png
2019-20-player-64,2019-20,player,64,Lloyd Kelly,Kelly,DEF,3,,A,,,https://resources.premierleague.com/premierleague25/photos/players/110x140/235530.png
2019-20-player-65,2019-20,player,65,Diego Rico,Rico,DEF,3,,A,,,https://resources.premierleague.com/premierleague25/photos/players/110x140/171129.png
2019-20-player-66,2019-20,player,66,Jack Simpson,Simpson,DEF,3,,A,,,https://resources.premierleague.com/premierleague25/photos/players/110x140/222434.png
2019-20-player-67,2019-20,player,67,Callum Wilson,Callum Wilson,FWD,3,,A,,,https://resources.premierleague.com/premierleague25/photos/players/110x140/75115.png
2019-20-player-68,2019-20,player,68,Joshua King,King,FWD,3,,A,,,https://resources.premierleague.com/premierleague25/photos/players/110x140/78007.png
2019-20-player-69,2019-20,player,69,Dominic Solanke,Solanke,FWD,3,,A,,,https://resources.premierleague.com/premierleague25/photos/players/110x140/154566.png
2019-20-player-71,2019-20,player,71,Sam Surridge,Surridge,FWD,3,,A,,,https://resources.premierleague.com/premierleague25/photos/players/110x140/217331.png
2019-20-player-72,2019-20,player,72,Asmir Begovic,Begovic,GKP,3,,A,,,https://resources.premierleague.com/premierleague25/photos/players/110x140/40349.png
2019-20-player-73,2019-20,player,73,Artur Boruc,Boruc,GKP,3,,A,,,https://resources.premierleague.com/premierleague25/photos/players/110x140/18726.png
2019-20-player-74,2019-20,player,74,Mark Travers,Travers,GKP,3,,A,,,https://resources.premierleague.com/premierleague25/photos/players/110x140/229600.png
2019-20-player-75,2019-20,player,75,Ryan Fraser,Fraser,MID,3,,A,,,https://resources.premierleague.com/premierleague25/photos/players/110x140/90105.png
2019-20-player-76,2019-20,player,76,David Brooks,Brooks,MID,3,,A,,,https://resources.premierleague.com/premierleague25/photos/players/110x140/111317.png
2019-20-player-77,2019-20,player,77,Junior Stanislas,Stanislas,MID,3,,A,,,https://resources.premierleague.com/premierleague25/photos/players/110x140/56872.png
2019-20-player-78,2019-20,player,78,Jordon Ibe,Ibe,MID,3,,A,,,https://resources.premierleague.com/premierleague25/photos/players/110x140/103912.png
2019-20-player-79,2019-20,player,79,Lewis Cook,Lewis Cook,MID,3,,A,,,https://resources.premierleague.com/premierleague25/photos/players/110x140/155408.png
2019-20-player-80,2019-20,player,80,Andrew Surman,Surman,MID,3,,A,,,https://resources.premierleague.com/premierleague25/photos/players/110x140/15237.png
2019-20-player-81,2019-20,player,81,Dan Gosling,Gosling,MID,3,,A,,,https://resources.premierleague.com/premierleague25/photos/players/110x140/40387.png
2019-20-player-82,2019-20,player,82,Jefferson Lerma,Lerma,MID,3,,A,,,https://resources.premierleague.com/premierleague25/photos/players/110x140/152551.png
2019-20-player-446,2019-20,player,446,Jack Stacey,Stacey,DEF,3,,A,,,https://resources.premierleague.com/premierleague25/photos/players/110x140/154131.png
2019-20-player-476,2019-20,player,476,Philip Billing,Billing,MID,3,,A,,,https://resources.premierleague.com/premierleague25/photos/players/110x140/168991.png
2019-20-player-492,2019-20,player,492,Arnaut Danjuma Groeneveld,Danjuma,MID,3,,A,,,https://resources.premierleague.com/premierleague25/photos/players/110x140/220307.png
2019-20-player-494,2019-20,player,494,Aaron Ramsdale,Ramsdale,GKP,3,,A,,,https://resources.premierleague.com/premierleague25/photos/players/110x140/225321.png
2019-20-player-505,2019-20,player,505,Harry Wilson,Harry Wilson,MID,3,,A,,,https://resources.premierleague.com/premierleague25/photos/players/110x140/153682.png
2019-20-player-564,2019-20,player,564,Christian Saydee,Saydee,MID,3,,A,,,https://resources.premierleague.com/premierleague25/photos/players/110x140/461017.png
2019-20-player-565,2019-20,player,565,Gavin Kilkenny,Kilkenny,MID,3,,A,,,https://resources.premierleague.com/premierleague25/photos/players/110x140/444183.png
2019-20-player-574,2019-20,player,574,Mihai-Alexandru Dobre,Dobre,MID,3,,A,,,https://resources.premierleague.com/premierleague25/photos/players/110x140/207300.png
2019-20-player-37,2019-20,player,37,Shane Duffy,Duffy,DEF,4,,A,,,https://resources.premierleague.com/premierleague25/photos/players/110x140/61933.png
2019-20-player-38,2019-20,player,38,Martín Montoya,Montoya,DEF,4,,A,,,https://resources.premierleague.com/premierleague25/photos/players/110x140/86153.png
2019-20-player-39,2019-20,player,39,Bernardo Fernandes da Silva Junior,Bernardo,DEF,4,,A,,,https://resources.premierleague.com/premierleague25/photos/players/110x140/209362.png
2019-20-player-40,2019-20,player,40,Leon Balogun,Balogun,DEF,4,,A,,,https://resources.premierleague.com/premierleague25/photos/players/110x140/52484.png
2019-20-player-41,2019-20,player,41,Gaëtan Bong,Bong,DEF,4,,A,,,https://resources.premierleague.com/premierleague25/photos/players/110x140/42748.png
2019-20-player-42,2019-20,player,42,Lewis Dunk,Dunk,DEF,4,,A,,,https://resources.premierleague.com/premierleague25/photos/players/110x140/83299.png
2019-20-player-43,2019-20,player,43,Matthew Clarke,Clarke,DEF,4,,A,,,https://resources.premierleague.com/premierleague25/photos/players/110x140/178173.png
2019-20-player-44,2019-20,player,44,Glenn Murray,Murray,FWD,4,,A,,,https://resources.premierleague.com/premierleague25/photos/players/110x140/20529.png
2019-20-player-45,2019-20,player,45,Jürgen Locadia,Locadia,FWD,4,,A,,,https://resources.premierleague.com/premierleague25/photos/players/110x140/106757.png
2019-20-player-46,2019-20,player,46,Florin Andone,Andone,FWD,4,,A,,,https://resources.premierleague.com/premierleague25/photos/players/110x140/93284.png
2019-20-player-47,2019-20,player,47,Mathew Ryan,Ryan,GKP,4,,A,,,https://resources.premierleague.com/premierleague25/photos/players/110x140/131897.png
2019-20-player-48,2019-20,player,48,David Button,Button,GKP,4,,A,,,https://resources.premierleague.com/premierleague25/photos/players/110x140/50093.png
2019-20-player-49,2019-20,player,49,Pascal Groß,Groß,MID,4,,A,,,https://resources.premierleague.com/premierleague25/photos/players/110x140/60307.png
2019-20-player-50,2019-20,player,50,Alireza Jahanbakhsh,Jahanbakhsh,MID,4,,A,,,https://resources.premierleague.com/premierleague25/photos/players/110x140/165210.png
2019-20-player-51,2019-20,player,51,José Heriberto Izquierdo Mena,Izquierdo,MID,4,,A,,,https://resources.premierleague.com/premierleague25/photos/players/110x140/167473.png
2019-20-player-52,2019-20,player,52,Anthony Knockaert,Knockaert,MID,4,,A,,,https://resources.premierleague.com/premierleague25/photos/players/110x140/83543.png
2019-20-player-53,2019-20,player,53,Yves Bissouma,Bissouma,MID,4,,A,,,https://resources.premierleague.com/premierleague25/photos/players/110x140/227127.png
2019-20-player-54,2019-20,player,54,Davy Pröpper,Pröpper,MID,4,,A,,,https://resources.premierleague.com/premierleague25/photos/players/110x140/66242.png
2019-20-player-55,2019-20,player,55,Solomon March,March,MID,4,,A,,,https://resources.premierleague.com/premierleague25/photos/players/110x140/109345.png
2019-20-player-56,2019-20,player,56,Beram Kayal,Kayal,MID,4,,A,,,https://resources.premierleague.com/premierleague25/photos/players/110x140/38490.png
2019-20-player-57,2019-20,player,57,Dale Stephens,Stephens,MID,4,,A,,,https://resources.premierleague.com/premierleague25/photos/players/110x140/40845.png
2019-20-player-421,2019-20,player,421,Leandro Trossard,Trossard,MID,4,,A,,,https://resources.premierleague.com/premierleague25/photos/players/110x140/116216.png
2019-20-player-475,2019-20,player,475,Dan Burn,Burn,DEF,4,,A,,,https://resources.premierleague.com/premierleague25/photos/players/110x140/78916.png
2019-20-player-493,2019-20,player,493,Adam Webster,Webster,DEF,4,,A,,,https://resources.premierleague.com/premierleague25/photos/players/110x140/110735.png
2019-20-player-502,2019-20,player,502,Neal Maupay,Maupay,FWD,4,,A,,,https://resources.premierleague.com/premierleague25/photos/players/110x140/115382.png
2019-20-player-516,2019-20,player,516,Aaron Mooy,Mooy,MID,4,,A,,,https://resources.premierleague.com/premierleague25/photos/players/110x140/74471.png
2019-20-player-534,2019-20,player,534,Aaron Connolly,Connolly,FWD,4,,A,,,https://resources.premierleague.com/premierleague25/photos/players/110x140/233425.png
2019-20-player-536,2019-20,player,536,Tudor Baluta,Baluta,DEF,4,,A,,,https://resources.premierleague.com/premierleague25/photos/players/110x140/213056.png
2019-20-player-537,2019-20,player,537,Steven Alzate,Alzate,MID,4,,A,,,https://resources.premierleague.com/premierleague25/photos/players/110x140/235382.png
2019-20-player-546,2019-20,player,546,Ezequiel Schelotto,Schelotto,DEF,4,,A,,,https://resources.premierleague.com/premierleague25/photos/players/110x140/74375.png
2019-20-player-586,2019-20,player,586,Tariq Lamptey,Lamptey,DEF,4,,A,,,https://resources.premierleague.com/premierleague25/photos/players/110x140/232792.png
2019-20-player-627,2019-20,player,627,Alexis Mac Allister,Mac Allister,MID,4,,A,,,https://resources.premierleague.com/premierleague25/photos/players/110x140/243016.png
2019-20-player-666,2019-20,player,666,Alex Cochrane,Cochrane,DEF,4,,A,,,https://resources.premierleague.com/premierleague25/photos/players/110x140/215066.png
2019-20-player-83,2019-20,player,83,Ben Mee,Mee,DEF,5,,A,,,https://resources.premierleague.com/premierleague25/photos/players/110x140/51927.png
2019-20-player-84,2019-20,player,84,James Tarkowski,Tarkowski,DEF,5,,A,,,https://resources.premierleague.com/premierleague25/photos/players/110x140/17761.png
2019-20-player-85,2019-20,player,85,Matthew Lowton,Lowton,DEF,5,,A,,,https://resources.premierleague.com/premierleague25/photos/players/110x140/68983.png
2019-20-player-86,2019-20,player,86,Phil Bardsley,Bardsley,DEF,5,,A,,,https://resources.premierleague.com/premierleague25/photos/players/110x140/17997.png
2019-20-player-87,2019-20,player,87,Charlie Taylor,Taylor,DEF,5,,A,,,https://resources.premierleague.com/premierleague25/photos/players/110x140/103914.png
2019-20-player-88,2019-20,player,88,Kevin Long,Long,DEF,5,,A,,,https://resources.premierleague.com/premierleague25/photos/players/110x140/41674.png
2019-20-player-89,2019-20,player,89,Ben Gibson,Gibson,DEF,5,,A,,,https://resources.premierleague.com/premierleague25/photos/players/110x140/83312.png
2019-20-player-90,2019-20,player,90,Ashley Barnes,Barnes,FWD,5,,A,,,https://resources.premierleague.com/premierleague25/photos/players/110x140/44699.png
2019-20-player-91,2019-20,player,91,Chris Wood,Wood,FWD,5,,A,,,https://resources.premierleague.com/premierleague25/photos/players/110x140/60689.png
2019-20-player-92,2019-20,player,92,Matej Vydra,Vydra,FWD,5,,A,,,https://resources.premierleague.com/premierleague25/photos/players/110x140/81183.png
2019-20-player-93,2019-20,player,93,Nick Pope,Pope,GKP,5,,A,,,https://resources.premierleague.com/premierleague25/photos/players/110x140/98747.png
2019-20-player-95,2019-20,player,95,Joe Hart,Hart,GKP,5,,A,,,https://resources.premierleague.com/premierleague25/photos/players/110x140/15749.png
2019-20-player-96,2019-20,player,96,Johann Berg Gudmundsson,Gudmundsson,MID,5,,A,,,https://resources.premierleague.com/premierleague25/photos/players/110x140/60586.png
2019-20-player-97,2019-20,player,97,Dwight McNeil,McNeil,MID,5,,A,,,https://resources.premierleague.com/premierleague25/photos/players/110x140/433154.png
2019-20-player-98,2019-20,player,98,Robbie Brady,Brady,MID,5,,A,,,https://resources.premierleague.com/premierleague25/photos/players/110x140/90517.png
2019-20-player-99,2019-20,player,99,Steven Defour,Defour,MID,5,,A,,,https://resources.premierleague.com/premierleague25/photos/players/110x140/39847.png
2019-20-player-100,2019-20,player,100,Jeff Hendrick,Hendrick,MID,5,,A,,,https://resources.premierleague.com/premierleague25/photos/players/110x140/83314.png
2019-20-player-101,2019-20,player,101,Ashley Westwood,Westwood,MID,5,,A,,,https://resources.premierleague.com/premierleague25/photos/players/110x140/60551.png
2019-20-player-102,2019-20,player,102,Jack Cork,Cork,MID,5,,A,,,https://resources.premierleague.com/premierleague25/photos/players/110x140/40145.png
2019-20-player-430,2019-20,player,430,Aaron Lennon,Lennon,MID,5,,A,,,https://resources.premierleague.com/premierleague25/photos/players/110x140/17349.png
2019-20-player-447,2019-20,player,447,Erik Pieters,Pieters,DEF,5,,A,,,https://resources.premierleague.com/premierleague25/photos/players/110x140/39487.png
2019-20-player-451,2019-20,player,451,Jay Rodriguez,Rodriguez,FWD,5,,A,,,https://resources.premierleague.com/premierleague25/photos/players/110x140/44683.png
2019-20-player-495,2019-20,player,495,Bailey Peacock-Farrell,Peacock-Farrell,GKP,5,,A,,,https://resources.premierleague.com/premierleague25/photos/players/110x140/220037.png
2019-20-player-571,2019-20,player,571,Mace Goodridge,Goodridge,MID,5,,A,,,https://resources.premierleague.com/premierleague25/photos/players/110x140/195064.png
2019-20-player-572,2019-20,player,572,Anthony Driscoll-Glennon,Driscoll-Glennon,DEF,5,,A,,,https://resources.premierleague.com/premierleague25/photos/players/110x140/195471.png
2019-20-player-596,2019-20,player,596,Abd-Al-Ali Morakinyo Olaposi Koiki,Koiki,DEF,5,,A,,,https://resources.premierleague.com/premierleague25/photos/players/110x140/432793.png
2019-20-player-620,2019-20,player,620,Josh Brownhill,Brownhill,MID,5,,A,,,https://resources.premierleague.com/premierleague25/photos/players/110x140/172782.png
2019-20-player-638,2019-20,player,638,Jimmy Dunne,Dunne,DEF,5,,A,,,https://resources.premierleague.com/premierleague25/photos/players/110x140/218023.png
2019-20-player-639,2019-20,player,639,Bobby Thomas,Thomas,DEF,5,,A,,,https://resources.premierleague.com/premierleague25/photos/players/110x140/461102.png
2019-20-player-640,2019-20,player,640,Max Thompson,Thompson,FWD,5,,A,,,https://resources.premierleague.com/premierleague25/photos/players/110x140/461450.png
2019-20-player-641,2019-20,player,641,Lukas Jensen,Jensen,GKP,5,,A,,,https://resources.premierleague.com/premierleague25/photos/players/110x140/449974.png
2019-20-player-653,2019-20,player,653,Josh Benson,Benson,MID,5,,A,,,https://resources.premierleague.com/premierleague25/photos/players/110x140/217401.png
2019-20-player-665,2019-20,player,665,Joel Mumbongo,Mumbongo,FWD,5,,A,,,https://resources.premierleague.com/premierleague25/photos/players/110x140/430367.png
2019-20-player-103,2019-20,player,103,Marcos Alonso,Alonso,DEF,6,,A,,,https://resources.premierleague.com/premierleague25/photos/players/110x140/82263.png
2019-20-player-104,2019-20,player,104,Antonio Rüdiger,Rüdiger,DEF,6,,A,,,https://resources.premierleague.com/premierleague25/photos/players/110x140/102380.png
2019-20-player-105,2019-20,player,105,César Azpilicueta,Azpilicueta,DEF,6,,A,,,https://resources.premierleague.com/premierleague25/photos/players/110x140/41328.png
2019-20-player-107,2019-20,player,107,Emerson Palmieri dos Santos,Emerson,DEF,6,,A,,,https://resources.premierleague.com/premierleague25/photos/players/110x140/109533.png
2019-20-player-108,2019-20,player,108,Andreas Christensen,Christensen,DEF,6,,A,,,https://resources.premierleague.com/premierleague25/photos/players/110x140/135363.png
2019-20-player-109,2019-20,player,109,Davide Zappacosta,Zappacosta,DEF,6,,A,,,https://resources.premierleague.com/premierleague25/photos/players/110x140/105700.png
2019-20-player-110,2019-20,player,110,Olivier Giroud,Giroud,FWD,6,,A,,,https://resources.premierleague.com/premierleague25/photos/players/110x140/44346.png
2019-20-player-111,2019-20,player,111,Kepa Arrizabalaga,Kepa,GKP,6,,A,,,https://resources.premierleague.com/premierleague25/photos/players/110x140/109745.png
2019-20-player-112,2019-20,player,112,Willy Caballero,Caballero,GKP,6,,A,,,https://resources.premierleague.com/premierleague25/photos/players/110x140/20310.png
2019-20-player-113,2019-20,player,113,Willian Borges Da Silva,Willian,MID,6,,A,,,https://resources.premierleague.com/premierleague25/photos/players/110x140/47431.png
2019-20-player-114,2019-20,player,114,Pedro Rodríguez Ledesma,Pedro,MID,6,,A,,,https://resources.premierleague.com/premierleague25/photos/players/110x140/49579.png
2019-20-player-115,2019-20,player,115,Ruben Loftus-Cheek,Loftus-Cheek,MID,6,,A,,,https://resources.premierleague.com/premierleague25/photos/players/110x140/126187.png
2019-20-player-116,2019-20,player,116,Callum Hudson-Odoi,Hudson-Odoi,MID,6,,A,,,https://resources.premierleague.com/premierleague25/photos/players/110x140/209046.png
2019-20-player-117,2019-20,player,117,Ross Barkley,Barkley,MID,6,,A,,,https://resources.premierleague.com/premierleague25/photos/players/110x140/88894.png
2019-20-player-118,2019-20,player,118,Jorge Luiz Frello Filho,Jorginho,MID,6,,A,,,https://resources.premierleague.com/premierleague25/photos/players/110x140/85955.png
2019-20-player-119,2019-20,player,119,N'Golo Kanté,Kanté,MID,6,,A,,,https://resources.premierleague.com/premierleague25/photos/players/110x140/116594.png
2019-20-player-121,2019-20,player,121,Ethan Ampadu,Ampadu,MID,6,,A,,,https://resources.premierleague.com/premierleague25/photos/players/110x140/199598.png
2019-20-player-431,2019-20,player,431,Christian Pulisic,Pulisic,MID,6,,A,,,https://resources.premierleague.com/premierleague25/photos/players/110x140/176413.png
2019-20-player-432,2019-20,player,432,Mateo Kovacic,Kovacic,MID,6,,A,,,https://resources.premierleague.com/premierleague25/photos/players/110x140/91651.png
2019-20-player-459,2019-20,player,459,Kurt Zouma,Zouma,DEF,6,,A,,,https://resources.premierleague.com/premierleague25/photos/players/110x140/103192.png
2019-20-player-460,2019-20,player,460,Tammy Abraham,Abraham,FWD,6,,A,,,https://resources.premierleague.com/premierleague25/photos/players/110x140/173879.png
2019-20-player-461,2019-20,player,461,Michy Batshuayi,Batshuayi,FWD,6,,A,,,https://resources.premierleague.com/premierleague25/photos/players/110x140/94245.png
2019-20-player-462,2019-20,player,462,Robert Kenedy Nunes do Nascimento,Kenedy,MID,6,,A,,,https://resources.premierleague.com/premierleague25/photos/players/110x140/167767.png
2019-20-player-463,2019-20,player,463,Mason Mount,Mount,MID,6,,A,,,https://resources.premierleague.com/premierleague25/photos/players/110x140/184341.png
2019-20-player-506,2019-20,player,506,Reece James,James,DEF,6,,A,,,https://resources.premierleague.com/premierleague25/photos/players/110x140/225796.png
2019-20-player-529,2019-20,player,529,Fikayo Tomori,Tomori,DEF,6,,A,,,https://resources.premierleague.com/premierleague25/photos/players/110x140/194794.png
2019-20-player-533,2019-20,player,533,Billy Gilmour,Gilmour,MID,6,,A,,,https://resources.premierleague.com/premierleague25/photos/players/110x140/243568.png
2019-20-player-545,2019-20,player,545,Addji Keaninkin Marc-Israel Guehi,Guehi,DEF,6,,A,,,https://resources.premierleague.com/premierleague25/photos/players/110x140/209036.png
2019-20-player-630,2019-20,player,630,Faustino Anjorin,Anjorin,MID,6,,A,,,https://resources.premierleague.com/premierleague25/photos/players/110x140/223332.png
2019-20-player-631,2019-20,player,631,Armando Broja,Broja,FWD,6,,A,,,https://resources.premierleague.com/premierleague25/photos/players/110x140/440323.png
2019-20-player-657,2019-20,player,657,Lewis Bate,Bate,MID,6,,A,,,https://resources.premierleague.com/premierleague25/photos/players/110x140/450529.png
2019-20-player-123,2019-20,player,123,Patrick van Aanholt,van Aanholt,DEF,7,,A,,,https://resources.premierleague.com/premierleague25/photos/players/110x140/74230.png
2019-20-player-124,2019-20,player,124,James Tomkins,Tomkins,DEF,7,,A,,,https://resources.premierleague.com/premierleague25/photos/players/110x140/49413.png
2019-20-player-125,2019-20,player,125,Mamadou Sakho,Sakho,DEF,7,,A,,,https://resources.premierleague.com/premierleague25/photos/players/110x140/40784.png
2019-20-player-126,2019-20,player,126,Joel Ward,Ward,DEF,7,,A,,,https://resources.premierleague.com/premierleague25/photos/players/110x140/55494.png
2019-20-player-127,2019-20,player,127,Scott Dann,Dann,DEF,7,,A,,,https://resources.premierleague.com/premierleague25/photos/players/110x140/19188.png
2019-20-player-128,2019-20,player,128,Martin Kelly,Kelly,DEF,7,,A,,,https://resources.premierleague.com/premierleague25/photos/players/110x140/58786.png
2019-20-player-129,2019-20,player,129,Christian Benteke,Benteke,FWD,7,,A,,,https://resources.premierleague.com/premierleague25/photos/players/110x140/54861.png
2019-20-player-130,2019-20,player,130,Connor Wickham,Wickham,FWD,7,,A,,,https://resources.premierleague.com/premierleague25/photos/players/110x140/59125.png
2019-20-player-131,2019-20,player,131,Vicente Guaita,Guaita,GKP,7,,A,,,https://resources.premierleague.com/premierleague25/photos/players/110x140/40836.png
2019-20-player-132,2019-20,player,132,Wayne Hennessey,Hennessey,GKP,7,,A,,,https://resources.premierleague.com/premierleague25/photos/players/110x140/20066.png
2019-20-player-133,2019-20,player,133,Wilfried Zaha,Zaha,MID,7,,A,,,https://resources.premierleague.com/premierleague25/photos/players/110x140/82403.png
2019-20-player-134,2019-20,player,134,Luka Milivojevic,Milivojevic,MID,7,,A,,,https://resources.premierleague.com/premierleague25/photos/players/110x140/66975.png
2019-20-player-135,2019-20,player,135,Andros Townsend,Townsend,MID,7,,A,,,https://resources.premierleague.com/premierleague25/photos/players/110x140/60252.png
2019-20-player-136,2019-20,player,136,Max Meyer,Meyer,MID,7,,A,,,https://resources.premierleague.com/premierleague25/photos/players/110x140/141020.png
2019-20-player-137,2019-20,player,137,Jeffrey Schlupp,Schlupp,MID,7,,A,,,https://resources.premierleague.com/premierleague25/photos/players/110x140/86417.png
2019-20-player-138,2019-20,player,138,James McArthur,McArthur,MID,7,,A,,,https://resources.premierleague.com/premierleague25/photos/players/110x140/50471.png
2019-20-player-139,2019-20,player,139,Cheikhou Kouyaté,Kouyaté,MID,7,,A,,,https://resources.premierleague.com/premierleague25/photos/players/110x140/55037.png
2019-20-player-140,2019-20,player,140,Luke Dreher,Dreher,MID,7,,A,,,https://resources.premierleague.com/premierleague25/photos/players/110x140/221275.png
2019-20-player-157,2019-20,player,157,James McCarthy,McCarthy,MID,7,,A,,,https://resources.premierleague.com/premierleague25/photos/players/110x140/50472.png
2019-20-player-468,2019-20,player,468,Jordan Ayew,Ayew,FWD,7,,A,,,https://resources.premierleague.com/premierleague25/photos/players/110x140/80146.png
2019-20-player-503,2019-20,player,503,Gary Cahill,Cahill,DEF,7,,A,,,https://resources.premierleague.com/premierleague25/photos/players/110x140/19419.png
2019-20-player-510,2019-20,player,510,Víctor Camarasa,Camarasa,MID,7,,A,,,https://resources.premierleague.com/premierleague25/photos/players/110x140/175946.png
2019-20-player-539,2019-20,player,539,Jairo Riedewald,Riedewald,MID,7,,A,,,https://resources.premierleague.com/premierleague25/photos/players/110x140/173954.png
2019-20-player-556,2019-20,player,556,Stephen Henderson,Henderson,GKP,7,,A,,,https://resources.premierleague.com/premierleague25/photos/players/110x140/42525.png
2019-20-player-578,2019-20,player,578,Sam Woods,Woods,DEF,7,,A,,,https://resources.premierleague.com/premierleague25/photos/players/110x140/221272.png
2019-20-player-579,2019-20,player,579,Tyrick Mitchell,Mitchell,DEF,7,,A,,,https://resources.premierleague.com/premierleague25/photos/players/110x140/244723.png
2019-20-player-580,2019-20,player,580,Brandon Pierrick,Pierrick,MID,7,,A,,,https://resources.premierleague.com/premierleague25/photos/players/110x140/466955.png
2019-20-player-581,2019-20,player,581,James Daly,Daly,FWD,7,,A,,,https://resources.premierleague.com/premierleague25/photos/players/110x140/432705.png
2019-20-player-588,2019-20,player,588,Nya Kirby,Kirby,MID,7,,A,,,https://resources.premierleague.com/premierleague25/photos/players/110x140/209043.png
2019-20-player-608,2019-20,player,608,Giovanni McGregor,McGregor,MID,7,,A,,,https://resources.premierleague.com/premierleague25/photos/players/110x140/234720.png
2019-20-player-635,2019-20,player,635,Nikola Tavares,Tavares,DEF,7,,A,,,https://resources.premierleague.com/premierleague25/photos/players/110x140/235599.png
2019-20-player-668,2019-20,player,668,John-Kymani Gordon,Gordon,MID,7,,A,,,https://resources.premierleague.com/premierleague25/photos/players/110x140/461382.png
2019-20-player-17,2019-20,player,17,Alex Iwobi,Iwobi,MID,8,,A,,,https://resources.premierleague.com/premierleague25/photos/players/110x140/153133.png
2019-20-player-141,2019-20,player,141,Lucas Digne,Digne,DEF,8,,A,,,https://resources.premierleague.com/premierleague25/photos/players/110x140/101188.png
2019-20-player-142,2019-20,player,142,Yerry Mina,Mina,DEF,8,,A,,,https://resources.premierleague.com/premierleague25/photos/players/110x140/164511.png
2019-20-player-143,2019-20,player,143,Michael Keane,Keane,DEF,8,,A,,,https://resources.premierleague.com/premierleague25/photos/players/110x140/106611.png
2019-20-player-144,2019-20,player,144,Seamus Coleman,Coleman,DEF,8,,A,,,https://resources.premierleague.com/premierleague25/photos/players/110x140/59949.png
2019-20-player-145,2019-20,player,145,Leighton Baines,Baines,DEF,8,,A,,,https://resources.premierleague.com/premierleague25/photos/players/110x140/12745.png
2019-20-player-146,2019-20,player,146,Cenk Tosun,Tosun,FWD,8,,A,,,https://resources.premierleague.com/premierleague25/photos/players/110x140/66838.png
2019-20-player-147,2019-20,player,147,Dominic Calvert-Lewin,Calvert-Lewin,FWD,8,,A,,,https://resources.premierleague.com/premierleague25/photos/players/110x140/177815.png
2019-20-player-148,2019-20,player,148,Jordan Pickford,Pickford,GKP,8,,A,,,https://resources.premierleague.com/premierleague25/photos/players/110x140/111234.png
2019-20-player-149,2019-20,player,149,Maarten Stekelenburg,Stekelenburg,GKP,8,,A,,,https://resources.premierleague.com/premierleague25/photos/players/110x140/10318.png
2019-20-player-150,2019-20,player,150,Richarlison de Andrade,Richarlison,MID,8,,A,,,https://resources.premierleague.com/premierleague25/photos/players/110x140/212319.png
2019-20-player-151,2019-20,player,151,Gylfi Sigurdsson,Sigurdsson,MID,8,,A,,,https://resources.premierleague.com/premierleague25/photos/players/110x140/55422.png
2019-20-player-152,2019-20,player,152,Bernard Anício Caldeira Duarte,Bernard,MID,8,,A,,,https://resources.premierleague.com/premierleague25/photos/players/110x140/100649.png
2019-20-player-153,2019-20,player,153,Theo Walcott,Walcott,MID,8,,A,,,https://resources.premierleague.com/premierleague25/photos/players/110x140/20467.png
2019-20-player-154,2019-20,player,154,Tom Davies,Davies,MID,8,,A,,,https://resources.premierleague.com/premierleague25/photos/players/110x140/173807.png
2019-20-player-155,2019-20,player,155,Ademola Lookman,Lookman,MID,8,,A,,,https://resources.premierleague.com/premierleague25/photos/players/110x140/219352.png
2019-20-player-156,2019-20,player,156,Idrissa Gueye,Gueye,MID,8,,A,,,https://resources.premierleague.com/premierleague25/photos/players/110x140/80801.png
2019-20-player-158,2019-20,player,158,Morgan Schneiderlin,Schneiderlin,MID,8,,A,,,https://resources.premierleague.com/premierleague25/photos/players/110x140/42774.png
2019-20-player-205,2019-20,player,205,Fabian Delph,Delph,DEF,8,,A,,,https://resources.premierleague.com/premierleague25/photos/players/110x140/41823.png
2019-20-player-422,2019-20,player,422,André Filipe Tavares Gomes,André Gomes,MID,8,,A,,,https://resources.premierleague.com/premierleague25/photos/players/110x140/120250.png
2019-20-player-477,2019-20,player,477,Lewis Gibson,Gibson,DEF,8,,A,,,https://resources.premierleague.com/premierleague25/photos/players/110x140/232964.png
2019-20-player-478,2019-20,player,478,Mason Holgate,Holgate,DEF,8,,A,,,https://resources.premierleague.com/premierleague25/photos/players/110x140/194164.png
2019-20-player-479,2019-20,player,479,Jonas Lössl,Lössl,GKP,8,,A,,,https://resources.premierleague.com/premierleague25/photos/players/110x140/57513.png
2019-20-player-496,2019-20,player,496,Moise Kean,Kean,FWD,8,,A,,,https://resources.premierleague.com/premierleague25/photos/players/110x140/242058.png
2019-20-player-497,2019-20,player,497,Jean-Philippe Gbamin,Gbamin,MID,8,,A,,,https://resources.premierleague.com/premierleague25/photos/players/110x140/160987.png
2019-20-player-511,2019-20,player,511,Djibril Sidibé,Sidibé,DEF,8,,A,,,https://resources.premierleague.com/premierleague25/photos/players/110x140/102747.png
2019-20-player-557,2019-20,player,557,Beni Baningime,Baningime,MID,8,,A,,,https://resources.premierleague.com/premierleague25/photos/players/110x140/195855.png
2019-20-player-561,2019-20,player,561,Anthony Gordon,Gordon,FWD,8,,A,,,https://resources.premierleague.com/premierleague25/photos/players/110x140/232826.png
2019-20-player-570,2019-20,player,570,Oumar Niasse,Niasse,FWD,8,,A,,,https://resources.premierleague.com/premierleague25/photos/players/110x140/113688.png
2019-20-player-577,2019-20,player,577,Rhu-endly Martina,Cuco Martina,DEF,8,,A,,,https://resources.premierleague.com/premierleague25/photos/players/110x140/56192.png
2019-20-player-629,2019-20,player,629,João Manuel Neves Virgínia,Virgínia,GKP,8,,A,,,https://resources.premierleague.com/premierleague25/photos/players/110x140/222627.png
2019-20-player-637,2019-20,player,637,Jarrad Branthwaite,Branthwaite,DEF,8,,A,,,https://resources.premierleague.com/premierleague25/photos/players/110x140/480455.png
2019-20-player-667,2019-20,player,667,Ellis Simms,Simms,FWD,8,,A,,,https://resources.premierleague.com/premierleague25/photos/players/110x140/218997.png
2019-20-player-159,2019-20,player,159,Ricardo Domingos Barbosa Pereira,Pereira,DEF,9,,A,,,https://resources.premierleague.com/premierleague25/photos/players/110x140/111931.png
2019-20-player-161,2019-20,player,161,Benjamin Chilwell,Chilwell,DEF,9,,A,,,https://resources.premierleague.com/premierleague25/photos/players/110x140/172850.png
2019-20-player-162,2019-20,player,162,Jonny Evans,Evans,DEF,9,,A,,,https://resources.premierleague.com/premierleague25/photos/players/110x140/37642.png
2019-20-player-163,2019-20,player,163,Christian Fuchs,Fuchs,DEF,9,,A,,,https://resources.premierleague.com/premierleague25/photos/players/110x140/37402.png
2019-20-player-164,2019-20,player,164,Çaglar Söyüncü,Söyüncü,DEF,9,,A,,,https://resources.premierleague.com/premierleague25/photos/players/110x140/218031.png
2019-20-player-165,2019-20,player,165,Wes Morgan,Morgan,DEF,9,,A,,,https://resources.premierleague.com/premierleague25/photos/players/110x140/15033.png
2019-20-player-166,2019-20,player,166,Jamie Vardy,Vardy,FWD,9,,A,,,https://resources.premierleague.com/premierleague25/photos/players/110x140/101668.png
2019-20-player-167,2019-20,player,167,Kelechi Iheanacho,Iheanacho,FWD,9,,A,,,https://resources.premierleague.com/premierleague25/photos/players/110x140/173515.png
2019-20-player-168,2019-20,player,168,Kasper Schmeichel,Schmeichel,GKP,9,,A,,,https://resources.premierleague.com/premierleague25/photos/players/110x140/17745.png
2019-20-player-169,2019-20,player,169,Eldin Jakupovic,Jakupovic,GKP,9,,A,,,https://resources.premierleague.com/premierleague25/photos/players/110x140/11974.png
2019-20-player-170,2019-20,player,170,Danny Ward,Ward,GKP,9,,A,,,https://resources.premierleague.com/premierleague25/photos/players/110x140/95463.png
2019-20-player-171,2019-20,player,171,James Maddison,Maddison,MID,9,,A,,,https://resources.premierleague.com/premierleague25/photos/players/110x140/172780.png
2019-20-player-172,2019-20,player,172,Harvey Barnes,Barnes,MID,9,,A,,,https://resources.premierleague.com/premierleague25/photos/players/110x140/201666.png
2019-20-player-173,2019-20,player,173,Rachid Ghezzal,Ghezzal,MID,9,,A,,,https://resources.premierleague.com/premierleague25/photos/players/110x140/115858.png
2019-20-player-174,2019-20,player,174,Marc Albrighton,Albrighton,MID,9,,A,,,https://resources.premierleague.com/premierleague25/photos/players/110x140/51938.png
2019-20-player-175,2019-20,player,175,Demarai Gray,Gray,MID,9,,A,,,https://resources.premierleague.com/premierleague25/photos/players/110x140/172632.png
2019-20-player-176,2019-20,player,176,Wilfred Ndidi,Ndidi,MID,9,,A,,,https://resources.premierleague.com/premierleague25/photos/players/110x140/203341.png
2019-20-player-177,2019-20,player,177,Matty James,James,MID,9,,A,,,https://resources.premierleague.com/premierleague25/photos/players/110x140/61604.png
2019-20-player-178,2019-20,player,178,Daniel Amartey,Amartey,MID,9,,A,,,https://resources.premierleague.com/premierleague25/photos/players/110x140/155569.png
2019-20-player-179,2019-20,player,179,Nampalys Mendy,Mendy,MID,9,,A,,,https://resources.premierleague.com/premierleague25/photos/players/110x140/86881.png
2019-20-player-180,2019-20,player,180,Hamza Choudhury,Choudhury,MID,9,,A,,,https://resources.premierleague.com/premierleague25/photos/players/110x140/197469.png
2019-20-player-265,2019-20,player,265,Ayoze Pérez,Pérez,MID,9,,A,,,https://resources.premierleague.com/premierleague25/photos/players/110x140/168580.png
2019-20-player-404,2019-20,player,404,Ryan Bennett,Bennett,DEF,9,,A,,,https://resources.premierleague.com/premierleague25/photos/players/110x140/41727.png
2019-20-player-433,2019-20,player,433,James Justin,Justin,DEF,9,,A,,,https://resources.premierleague.com/premierleague25/photos/players/110x140/220627.png
2019-20-player-448,2019-20,player,448,Youri Tielemans,Tielemans,MID,9,,A,,,https://resources.premierleague.com/premierleague25/photos/players/110x140/166989.png
2019-20-player-480,2019-20,player,480,Andy King,King,MID,9,,A,,,https://resources.premierleague.com/premierleague25/photos/players/110x140/13152.png
2019-20-player-517,2019-20,player,517,Dennis Praet,Praet,MID,9,,A,,,https://resources.premierleague.com/premierleague25/photos/players/110x140/106837.png
2019-20-player-597,2019-20,player,597,Filip Benkovic,Benkovic,DEF,9,,A,,,https://resources.premierleague.com/premierleague25/photos/players/110x140/213405.png
2019-20-player-660,2019-20,player,660,Luke Thomas,Thomas,DEF,9,,A,,,https://resources.premierleague.com/premierleague25/photos/players/110x140/244619.png
2019-20-player-661,2019-20,player,661,George Hirst,Hirst,FWD,9,,A,,,https://resources.premierleague.com/premierleague25/photos/players/110x140/222625.png
2019-20-player-662,2019-20,player,662,Darnell Johnson,Johnson,DEF,9,,A,,,https://resources.premierleague.com/premierleague25/photos/players/110x140/173810.png
2019-20-player-181,2019-20,player,181,Andrew Robertson,Robertson,DEF,10,,A,,,https://resources.premierleague.com/premierleague25/photos/players/110x140/122798.png
2019-20-player-182,2019-20,player,182,Trent Alexander-Arnold,Alexander-Arnold,DEF,10,,A,,,https://resources.premierleague.com/premierleague25/photos/players/110x140/169187.png
2019-20-player-183,2019-20,player,183,Virgil van Dijk,van Dijk,DEF,10,,A,,,https://resources.premierleague.com/premierleague25/photos/players/110x140/97032.png
2019-20-player-184,2019-20,player,184,Joseph Gomez,Gomez,DEF,10,,A,,,https://resources.premierleague.com/premierleague25/photos/players/110x140/171287.png
2019-20-player-185,2019-20,player,185,Joel Matip,Matip,DEF,10,,A,,,https://resources.premierleague.com/premierleague25/photos/players/110x140/60914.png
2019-20-player-186,2019-20,player,186,Dejan Lovren,Lovren,DEF,10,,A,,,https://resources.premierleague.com/premierleague25/photos/players/110x140/38454.png
2019-20-player-187,2019-20,player,187,Roberto Firmino,Firmino,FWD,10,,A,,,https://resources.premierleague.com/premierleague25/photos/players/110x140/92217.png
2019-20-player-188,2019-20,player,188,Divock Origi,Origi,FWD,10,,A,,,https://resources.premierleague.com/premierleague25/photos/players/110x140/152760.png
2019-20-player-189,2019-20,player,189,Alisson Ramses Becker,Alisson,GKP,10,,A,,,https://resources.premierleague.com/premierleague25/photos/players/110x140/116535.png
2019-20-player-190,2019-20,player,190,Simon Mignolet,Mignolet,GKP,10,,A,,,https://resources.premierleague.com/premierleague25/photos/players/110x140/66797.png
2019-20-player-191,2019-20,player,191,Mohamed Salah,Salah,MID,10,,A,,,https://resources.premierleague.com/premierleague25/photos/players/110x140/118748.png
2019-20-player-192,2019-20,player,192,Sadio Mané,Mané,MID,10,,A,,,https://resources.premierleague.com/premierleague25/photos/players/110x140/110979.png
2019-20-player-193,2019-20,player,193,Alex Oxlade-Chamberlain,Chamberlain,MID,10,,A,,,https://resources.premierleague.com/premierleague25/photos/players/110x140/81880.png
2019-20-player-194,2019-20,player,194,Xherdan Shaqiri,Shaqiri,MID,10,,A,,,https://resources.premierleague.com/premierleague25/photos/players/110x140/68312.png
2019-20-player-195,2019-20,player,195,Adam Lallana,Lallana,MID,10,,A,,,https://resources.premierleague.com/premierleague25/photos/players/110x140/39155.png
2019-20-player-196,2019-20,player,196,Naby Keita,Keita,MID,10,,A,,,https://resources.premierleague.com/premierleague25/photos/players/110x140/175592.png
2019-20-player-197,2019-20,player,197,Fabio Henrique Tavares,Fabinho,MID,10,,A,,,https://resources.premierleague.com/premierleague25/photos/players/110x140/116643.png
2019-20-player-198,2019-20,player,198,Jordan Henderson,Henderson,MID,10,,A,,,https://resources.premierleague.com/premierleague25/photos/players/110x140/56979.png
2019-20-player-199,2019-20,player,199,Georginio Wijnaldum,Wijnaldum,MID,10,,A,,,https://resources.premierleague.com/premierleague25/photos/players/110x140/41733.png
2019-20-player-200,2019-20,player,200,James Milner,Milner,MID,10,,A,,,https://resources.premierleague.com/premierleague25/photos/players/110x140/15157.png
2019-20-player-201,2019-20,player,201,Rafael Camacho,Camacho,MID,10,,A,,,https://resources.premierleague.com/premierleague25/photos/players/110x140/217989.png
2019-20-player-464,2019-20,player,464,Rhian Brewster,Brewster,FWD,10,,A,,,https://resources.premierleague.com/premierleague25/photos/players/110x140/195473.png
2019-20-player-526,2019-20,player,526,Adrián San Miguel del Castillo,Adrián,GKP,10,,A,,,https://resources.premierleague.com/premierleague25/photos/players/110x140/60706.png
2019-20-player-530,2019-20,player,530,Andy Lonergan,Lonergan,GKP,10,,A,,,https://resources.premierleague.com/premierleague25/photos/players/110x140/11948.png
2019-20-player-531,2019-20,player,531,Caoimhin Kelleher,Kelleher,GKP,10,,A,,,https://resources.premierleague.com/premierleague25/photos/players/110x140/200720.png
2019-20-player-550,2019-20,player,550,Harvey Elliott,Elliott,MID,10,,A,,,https://resources.premierleague.com/premierleague25/photos/players/110x140/444884.png
2019-20-player-569,2019-20,player,569,Curtis Jones,Jones,MID,10,,A,,,https://resources.premierleague.com/premierleague25/photos/players/110x140/206915.png
2019-20-player-575,2019-20,player,575,Neco Williams,Williams,DEF,10,,A,,,https://resources.premierleague.com/premierleague25/photos/players/110x140/215136.png
2019-20-player-589,2019-20,player,589,Nathaniel Phillips,Phillips,DEF,10,,A,,,https://resources.premierleague.com/premierleague25/photos/players/110x140/197464.png
2019-20-player-590,2019-20,player,590,Takumi Minamino,Minamino,MID,10,,A,,,https://resources.premierleague.com/premierleague25/photos/players/110x140/157882.png
2019-20-player-628,2019-20,player,628,Ki-Jana Hoever,Hoever,DEF,10,,A,,,https://resources.premierleague.com/premierleague25/photos/players/110x140/441271.png
2019-20-player-202,2019-20,player,202,Aymeric Laporte,Laporte,DEF,11,,A,,,https://resources.premierleague.com/premierleague25/photos/players/110x140/146941.png
2019-20-player-203,2019-20,player,203,Kyle Walker,Walker,DEF,11,,A,,,https://resources.premierleague.com/premierleague25/photos/players/110x140/58621.png
2019-20-player-204,2019-20,player,204,Benjamin Mendy,Mendy,DEF,11,,A,,,https://resources.premierleague.com/premierleague25/photos/players/110x140/102826.png
2019-20-player-206,2019-20,player,206,Oleksandr Zinchenko,Zinchenko,DEF,11,,A,,,https://resources.premierleague.com/premierleague25/photos/players/110x140/206325.png
2019-20-player-207,2019-20,player,207,John Stones,Stones,DEF,11,,A,,,https://resources.premierleague.com/premierleague25/photos/players/110x140/97299.png
2019-20-player-208,2019-20,player,208,Nicolás Otamendi,Otamendi,DEF,11,,A,,,https://resources.premierleague.com/premierleague25/photos/players/110x140/57410.png
2019-20-player-209,2019-20,player,209,Danilo Luiz da Silva,Danilo,DEF,11,,A,,,https://resources.premierleague.com/premierleague25/photos/players/110x140/100180.png
2019-20-player-210,2019-20,player,210,Sergio Agüero,Agüero,FWD,11,,A,,,https://resources.premierleague.com/premierleague25/photos/players/110x140/37572.png
2019-20-player-211,2019-20,player,211,Gabriel Fernando de Jesus,Jesus,FWD,11,,A,,,https://resources.premierleague.com/premierleague25/photos/players/110x140/205651.png
2019-20-player-212,2019-20,player,212,Ederson Santana de Moraes,Ederson,GKP,11,,A,,,https://resources.premierleague.com/premierleague25/photos/players/110x140/121160.png
2019-20-player-213,2019-20,player,213,Claudio Bravo,Bravo,GKP,11,,A,,,https://resources.premierleague.com/premierleague25/photos/players/110x140/33148.png
2019-20-player-214,2019-20,player,214,Raheem Sterling,Sterling,MID,11,,A,,,https://resources.premierleague.com/premierleague25/photos/players/110x140/103955.png
2019-20-player-215,2019-20,player,215,Kevin De Bruyne,De Bruyne,MID,11,,A,,,https://resources.premierleague.com/premierleague25/photos/players/110x140/61366.png
2019-20-player-216,2019-20,player,216,Leroy Sané,Sané,MID,11,,A,,,https://resources.premierleague.com/premierleague25/photos/players/110x140/182156.png
2019-20-player-217,2019-20,player,217,Riyad Mahrez,Mahrez,MID,11,,A,,,https://resources.premierleague.com/premierleague25/photos/players/110x140/103025.png
2019-20-player-218,2019-20,player,218,Bernardo Mota Veiga de Carvalho e Silva,Bernardo Silva,MID,11,,A,,,https://resources.premierleague.com/premierleague25/photos/players/110x140/165809.png
2019-20-player-219,2019-20,player,219,David Silva,David Silva,MID,11,,A,,,https://resources.premierleague.com/premierleague25/photos/players/110x140/20664.png
2019-20-player-220,2019-20,player,220,Phil Foden,Foden,MID,11,,A,,,https://resources.premierleague.com/premierleague25/photos/players/110x140/209244.png
2019-20-player-221,2019-20,player,221,Fernando Luiz Rosa,Fernandinho,MID,11,,A,,,https://resources.premierleague.com/premierleague25/photos/players/110x140/27789.png
2019-20-player-222,2019-20,player,222,Ilkay Gündogan,Gündogan,MID,11,,A,,,https://resources.premierleague.com/premierleague25/photos/players/110x140/59859.png
2019-20-player-440,2019-20,player,440,José Ángel Esmorís Tasende,Angeliño,DEF,11,,A,,,https://resources.premierleague.com/premierleague25/photos/players/110x140/145235.png
2019-20-player-443,2019-20,player,443,Rodrigo Hernandez,Rodrigo,MID,11,,A,,,https://resources.premierleague.com/premierleague25/photos/players/110x140/220566.png
2019-20-player-518,2019-20,player,518,João Pedro Cavaco Cancelo,Cancelo,DEF,11,,A,,,https://resources.premierleague.com/premierleague25/photos/players/110x140/121145.png
2019-20-player-544,2019-20,player,544,Eric Garcia,Garcia,DEF,11,,A,,,https://resources.premierleague.com/premierleague25/photos/players/110x140/432656.png
2019-20-player-562,2019-20,player,562,Scott Carson,Carson,GKP,11,,A,,,https://resources.premierleague.com/premierleague25/photos/players/110x140/17601.png
2019-20-player-642,2019-20,player,642,Taylor Harwood-Bellis,Harwood-Bellis,DEF,11,,A,,,https://resources.premierleague.com/premierleague25/photos/players/110x140/245719.png
2019-20-player-643,2019-20,player,643,Cole Palmer,Palmer,MID,11,,A,,,https://resources.premierleague.com/premierleague25/photos/players/110x140/244851.png
2019-20-player-644,2019-20,player,644,Tommy Doyle,Doyle,MID,11,,A,,,https://resources.premierleague.com/premierleague25/photos/players/110x140/220394.png
2019-20-player-122,2019-20,player,122,Aaron Wan-Bissaka,Wan-Bissaka,DEF,12,,A,,,https://resources.premierleague.com/premierleague25/photos/players/110x140/214590.png
2019-20-player-160,2019-20,player,160,Harry Maguire,Maguire,DEF,12,,A,,,https://resources.premierleague.com/premierleague25/photos/players/110x140/95658.png
2019-20-player-223,2019-20,player,223,Chris Smalling,Smalling,DEF,12,,A,,,https://resources.premierleague.com/premierleague25/photos/players/110x140/55909.png
2019-20-player-224,2019-20,player,224,Ashley Young,Young,DEF,12,,A,,,https://resources.premierleague.com/premierleague25/photos/players/110x140/18892.png
2019-20-player-225,2019-20,player,225,Victor Lindelöf,Lindelöf,DEF,12,,A,,,https://resources.premierleague.com/premierleague25/photos/players/110x140/184667.png
2019-20-player-226,2019-20,player,226,Luke Shaw,Shaw,DEF,12,,A,,,https://resources.premierleague.com/premierleague25/photos/players/110x140/106760.png
2019-20-player-227,2019-20,player,227,Marcos Rojo,Rojo,DEF,12,,A,,,https://resources.premierleague.com/premierleague25/photos/players/110x140/58893.png
2019-20-player-228,2019-20,player,228,Eric Bailly,Bailly,DEF,12,,A,,,https://resources.premierleague.com/premierleague25/photos/players/110x140/197365.png
2019-20-player-229,2019-20,player,229,José Diogo Dalot Teixeira,Dalot,DEF,12,,A,,,https://resources.premierleague.com/premierleague25/photos/players/110x140/216051.png
2019-20-player-230,2019-20,player,230,Matteo Darmian,Darmian,DEF,12,,A,,,https://resources.premierleague.com/premierleague25/photos/players/110x140/40002.png
2019-20-player-231,2019-20,player,231,Phil Jones,Jones,DEF,12,,A,,,https://resources.premierleague.com/premierleague25/photos/players/110x140/76359.png
2019-20-player-232,2019-20,player,232,Romelu Lukaku,Lukaku,FWD,12,,A,,,https://resources.premierleague.com/premierleague25/photos/players/110x140/66749.png
2019-20-player-233,2019-20,player,233,Marcus Rashford,Rashford,FWD,12,,A,,,https://resources.premierleague.com/premierleague25/photos/players/110x140/176297.png
2019-20-player-234,2019-20,player,234,Mason Greenwood,Greenwood,FWD,12,,A,,,https://resources.premierleague.com/premierleague25/photos/players/110x140/220688.png
2019-20-player-235,2019-20,player,235,David de Gea,de Gea,GKP,12,,A,,,https://resources.premierleague.com/premierleague25/photos/players/110x140/51940.png
2019-20-player-236,2019-20,player,236,Sergio Romero,Romero,GKP,12,,A,,,https://resources.premierleague.com/premierleague25/photos/players/110x140/42899.png
2019-20-player-237,2019-20,player,237,Lee Grant,Grant,GKP,12,,A,,,https://resources.premierleague.com/premierleague25/photos/players/110x140/6744.png
2019-20-player-238,2019-20,player,238,Paul Pogba,Pogba,MID,12,,A,,,https://resources.premierleague.com/premierleague25/photos/players/110x140/74208.png
2019-20-player-239,2019-20,player,239,Anthony Martial,Martial,MID,12,,A,,,https://resources.premierleague.com/premierleague25/photos/players/110x140/148225.png
2019-20-player-240,2019-20,player,240,Alexis Sánchez,Sánchez,MID,12,,A,,,https://resources.premierleague.com/premierleague25/photos/players/110x140/37265.png
2019-20-player-241,2019-20,player,241,Jesse Lingard,Lingard,MID,12,,A,,,https://resources.premierleague.com/premierleague25/photos/players/110x140/109322.png
2019-20-player-242,2019-20,player,242,Juan Mata,Mata,MID,12,,A,,,https://resources.premierleague.com/premierleague25/photos/players/110x140/43670.png
2019-20-player-243,2019-20,player,243,Daniel James,James,MID,12,,A,,,https://resources.premierleague.com/premierleague25/photos/players/110x140/200617.png
2019-20-player-244,2019-20,player,244,Frederico Rodrigues de Paula Santos,Fred,MID,12,,A,,,https://resources.premierleague.com/premierleague25/photos/players/110x140/101582.png
2019-20-player-245,2019-20,player,245,Angel Gomes,Gomes,MID,12,,A,,,https://resources.premierleague.com/premierleague25/photos/players/110x140/209041.png
2019-20-player-246,2019-20,player,246,Andreas Pereira,Pereira,MID,12,,A,,,https://resources.premierleague.com/premierleague25/photos/players/110x140/156689.png
2019-20-player-247,2019-20,player,247,Nemanja Matic,Matic,MID,12,,A,,,https://resources.premierleague.com/premierleague25/photos/players/110x140/62398.png
2019-20-player-248,2019-20,player,248,Scott McTominay,McTominay,MID,12,,A,,,https://resources.premierleague.com/premierleague25/photos/players/110x140/195851.png
2019-20-player-249,2019-20,player,249,Tahith Chong,Chong,MID,12,,A,,,https://resources.premierleague.com/premierleague25/photos/players/110x140/222677.png
2019-20-player-250,2019-20,player,250,James Garner,Garner,MID,12,,A,,,https://resources.premierleague.com/premierleague25/photos/players/110x140/232928.png
2019-20-player-481,2019-20,player,481,Axel Tuanzebe,Tuanzebe,DEF,12,,A,,,https://resources.premierleague.com/premierleague25/photos/players/110x140/180804.png
2019-20-player-549,2019-20,player,549,Brandon Williams,Williams,DEF,12,,A,,,https://resources.premierleague.com/premierleague25/photos/players/110x140/232937.png
2019-20-player-618,2019-20,player,618,Bruno Miguel Borges Fernandes,Fernandes,MID,12,,A,,,https://resources.premierleague.com/premierleague25/photos/players/110x140/141746.png
2019-20-player-624,2019-20,player,624,Odion Ighalo,Ighalo,FWD,12,,A,,,https://resources.premierleague.com/premierleague25/photos/players/110x140/58498.png
2019-20-player-658,2019-20,player,658,Timothy Fosu-Mensah,Fosu-Mensah,DEF,12,,A,,,https://resources.premierleague.com/premierleague25/photos/players/110x140/201084.png
2019-20-player-251,2019-20,player,251,Matt Ritchie,Ritchie,DEF,13,,A,,,https://resources.premierleague.com/premierleague25/photos/players/110x140/56983.png
2019-20-player-252,2019-20,player,252,Fabian Schär,Schär,DEF,13,,A,,,https://resources.premierleague.com/premierleague25/photos/players/110x140/119471.png
2019-20-player-253,2019-20,player,253,DeAndre Yedlin,Yedlin,DEF,13,,A,,,https://resources.premierleague.com/premierleague25/photos/players/110x140/151119.png
2019-20-player-254,2019-20,player,254,Federico Fernández,Fernández,DEF,13,,A,,,https://resources.premierleague.com/premierleague25/photos/players/110x140/57145.png
2019-20-player-255,2019-20,player,255,Paul Dummett,Dummett,DEF,13,,A,,,https://resources.premierleague.com/premierleague25/photos/players/110x140/106618.png
2019-20-player-256,2019-20,player,256,Javier Manquillo,Manquillo,DEF,13,,A,,,https://resources.premierleague.com/premierleague25/photos/players/110x140/109528.png
2019-20-player-257,2019-20,player,257,Florian Lejeune,Lejeune,DEF,13,,A,,,https://resources.premierleague.com/premierleague25/photos/players/110x140/77359.png
2019-20-player-258,2019-20,player,258,Jamaal Lascelles,Lascelles,DEF,13,,A,,,https://resources.premierleague.com/premierleague25/photos/players/110x140/101148.png
2019-20-player-259,2019-20,player,259,Ciaran Clark,Clark,DEF,13,,A,,,https://resources.premierleague.com/premierleague25/photos/players/110x140/58845.png
2019-20-player-260,2019-20,player,260,Yoshinori Muto,Muto,FWD,13,,A,,,https://resources.premierleague.com/premierleague25/photos/players/110x140/196118.png
2019-20-player-261,2019-20,player,261,Jose Luis Mato Sanmartín,Joselu,FWD,13,,A,,,https://resources.premierleague.com/premierleague25/photos/players/110x140/61316.png
2019-20-player-262,2019-20,player,262,Martin Dubravka,Dubravka,GKP,13,,A,,,https://resources.premierleague.com/premierleague25/photos/players/110x140/67089.png
2019-20-player-263,2019-20,player,263,Karl Darlow,Darlow,GKP,13,,A,,,https://resources.premierleague.com/premierleague25/photos/players/110x140/59735.png
2019-20-player-264,2019-20,player,264,Frederick Woodman,Woodman,GKP,13,,A,,,https://resources.premierleague.com/premierleague25/photos/players/110x140/155503.png
2019-20-player-266,2019-20,player,266,Miguel Almirón,Almirón,MID,13,,A,,,https://resources.premierleague.com/premierleague25/photos/players/110x140/179018.png
2019-20-player-267,2019-20,player,267,Christian Atsu,Atsu,MID,13,,A,,,https://resources.premierleague.com/premierleague25/photos/players/110x140/104953.png
2019-20-player-268,2019-20,player,268,Sung-yueng Ki,Ki Sung-yueng,MID,13,,A,,,https://resources.premierleague.com/premierleague25/photos/players/110x140/76542.png
2019-20-player-269,2019-20,player,269,Jonjo Shelvey,Shelvey,MID,13,,A,,,https://resources.premierleague.com/premierleague25/photos/players/110x140/50232.png
2019-20-player-270,2019-20,player,270,Sean Longstaff,Longstaff,MID,13,,A,,,https://resources.premierleague.com/premierleague25/photos/players/110x140/180135.png
2019-20-player-271,2019-20,player,271,Isaac Hayden,Hayden,MID,13,,A,,,https://resources.premierleague.com/premierleague25/photos/players/110x140/153127.png
2019-20-player-332,2019-20,player,332,Danny Rose,Rose,DEF,13,,A,,,https://resources.premierleague.com/premierleague25/photos/players/110x140/38290.png
2019-20-player-466,2019-20,player,466,Joelinton Cássio Apolinário de Lira,Joelinton,FWD,13,,A,,,https://resources.premierleague.com/premierleague25/photos/players/110x140/180974.png
2019-20-player-482,2019-20,player,482,Jack Colback,Colback,MID,13,,A,,,https://resources.premierleague.com/premierleague25/photos/players/110x140/58771.png
2019-20-player-483,2019-20,player,483,Jacob Murphy,Murphy,MID,13,,A,,,https://resources.premierleague.com/premierleague25/photos/players/110x140/114243.png
2019-20-player-498,2019-20,player,498,Jetro Willems,Willems,DEF,13,,A,,,https://resources.premierleague.com/premierleague25/photos/players/110x140/92159.png
2019-20-player-499,2019-20,player,499,Rolando Aarons,Aarons,MID,13,,A,,,https://resources.premierleague.com/premierleague25/photos/players/110x140/155513.png
2019-20-player-500,2019-20,player,500,Allan Saint-Maximin,Saint-Maximin,MID,13,,A,,,https://resources.premierleague.com/premierleague25/photos/players/110x140/170137.png
2019-20-player-519,2019-20,player,519,Emil Krafth,Krafth,DEF,13,,A,,,https://resources.premierleague.com/premierleague25/photos/players/110x140/111773.png
2019-20-player-520,2019-20,player,520,Andy Carroll,Carroll,FWD,13,,A,,,https://resources.premierleague.com/premierleague25/photos/players/110x140/40142.png
2019-20-player-540,2019-20,player,540,Matthew Longstaff,Matthew Longstaff,MID,13,,A,,,https://resources.premierleague.com/premierleague25/photos/players/110x140/223175.png
2019-20-player-554,2019-20,player,554,Dwight Gayle,Gayle,FWD,13,,A,,,https://resources.premierleague.com/premierleague25/photos/players/110x140/104547.png
2019-20-player-573,2019-20,player,573,Robert Elliot,Elliot,GKP,13,,A,,,https://resources.premierleague.com/premierleague25/photos/players/110x140/19838.png
2019-20-player-598,2019-20,player,598,Thomas Allan,Allan,MID,13,,A,,,https://resources.premierleague.com/premierleague25/photos/players/110x140/232957.png
2019-20-player-599,2019-20,player,599,Kelland Watts,Watts,DEF,13,,A,,,https://resources.premierleague.com/premierleague25/photos/players/110x140/232977.png
2019-20-player-610,2019-20,player,610,Liam Gibson,Gibson,DEF,13,,A,,,https://resources.premierleague.com/premierleague25/photos/players/110x140/156069.png
2019-20-player-612,2019-20,player,612,Nabil Bentaleb,Bentaleb,MID,13,,A,,,https://resources.premierleague.com/premierleague25/photos/players/110x140/126407.png
2019-20-player-614,2019-20,player,614,Valentino Lazaro,Lazaro,MID,13,,A,,,https://resources.premierleague.com/premierleague25/photos/players/110x140/116543.png
2019-20-player-656,2019-20,player,656,Jack Young,Young,MID,13,,A,,,https://resources.premierleague.com/premierleague25/photos/players/110x140/232979.png
2019-20-player-272,2019-20,player,272,Timm Klose,Klose,DEF,14,,A,,,https://resources.premierleague.com/premierleague25/photos/players/110x140/84384.png
2019-20-player-273,2019-20,player,273,Ben Godfrey,Godfrey,DEF,14,,A,,,https://resources.premierleague.com/premierleague25/photos/players/110x140/198826.png
2019-20-player-274,2019-20,player,274,Maximillian Aarons,Aarons,DEF,14,,A,,,https://resources.premierleague.com/premierleague25/photos/players/110x140/232980.png
2019-20-player-275,2019-20,player,275,Christoph Zimmermann,Zimmermann,DEF,14,,A,,,https://resources.premierleague.com/premierleague25/photos/players/110x140/192303.png
2019-20-player-276,2019-20,player,276,Jamal Lewis,Lewis,DEF,14,,A,,,https://resources.premierleague.com/premierleague25/photos/players/110x140/194799.png
2019-20-player-277,2019-20,player,277,Grant Hanley,Hanley,DEF,14,,A,,,https://resources.premierleague.com/premierleague25/photos/players/110x140/83428.png
2019-20-player-278,2019-20,player,278,Teemu Pukki,Pukki,FWD,14,,A,,,https://resources.premierleague.com/premierleague25/photos/players/110x140/57127.png
2019-20-player-279,2019-20,player,279,Dennis Srbeny,Srbeny,FWD,14,,A,,,https://resources.premierleague.com/premierleague25/photos/players/110x140/179587.png
2019-20-player-280,2019-20,player,280,Tim Krul,Krul,GKP,14,,A,,,https://resources.premierleague.com/premierleague25/photos/players/110x140/20480.png
2019-20-player-281,2019-20,player,281,Michael McGovern,McGovern,GKP,14,,A,,,https://resources.premierleague.com/premierleague25/photos/players/110x140/18499.png
2019-20-player-282,2019-20,player,282,Mario Vrancic,Vrancic,MID,14,,A,,,https://resources.premierleague.com/premierleague25/photos/players/110x140/37614.png
2019-20-player-283,2019-20,player,283,Emiliano Buendía,Buendía,MID,14,,A,,,https://resources.premierleague.com/premierleague25/photos/players/110x140/195546.png
2019-20-player-284,2019-20,player,284,Onel Hernández,Hernández,MID,14,,A,,,https://resources.premierleague.com/premierleague25/photos/players/110x140/89470.png
2019-20-player-285,2019-20,player,285,Marco Stiepermann,Stiepermann,MID,14,,A,,,https://resources.premierleague.com/premierleague25/photos/players/110x140/71738.png
2019-20-player-286,2019-20,player,286,Kenny McLean,McLean,MID,14,,A,,,https://resources.premierleague.com/premierleague25/photos/players/110x140/78607.png
2019-20-player-287,2019-20,player,287,Todd Cantwell,Cantwell,MID,14,,A,,,https://resources.premierleague.com/premierleague25/photos/players/110x140/193111.png
2019-20-player-288,2019-20,player,288,Moritz Leitner,Leitner,MID,14,,A,,,https://resources.premierleague.com/premierleague25/photos/players/110x140/87396.png
2019-20-player-289,2019-20,player,289,Alexander Tettey,Tettey,MID,14,,A,,,https://resources.premierleague.com/premierleague25/photos/players/110x140/18665.png
2019-20-player-290,2019-20,player,290,Tom Trybull,Trybull,MID,14,,A,,,https://resources.premierleague.com/premierleague25/photos/players/110x140/90440.png
2019-20-player-434,2019-20,player,434,Josip Drmic,Drmic,FWD,14,,A,,,https://resources.premierleague.com/premierleague25/photos/players/110x140/81048.png
2019-20-player-435,2019-20,player,435,Patrick Roberts,Roberts,MID,14,,A,,,https://resources.premierleague.com/premierleague25/photos/players/110x140/124165.png
2019-20-player-449,2019-20,player,449,Ralf Fahrmann,Fahrmann,GKP,14,,A,,,https://resources.premierleague.com/premierleague25/photos/players/110x140/28082.png
2019-20-player-454,2019-20,player,454,Sam Byram,Byram,DEF,14,,A,,,https://resources.premierleague.com/premierleague25/photos/players/110x140/113564.png
2019-20-player-484,2019-20,player,484,Philip Heise,Heise,DEF,14,,A,,,https://resources.premierleague.com/premierleague25/photos/players/110x140/101061.png
2019-20-player-507,2019-20,player,507,Ibrahim Amadou,Amadou,MID,14,,A,,,https://resources.premierleague.com/premierleague25/photos/players/110x140/128348.png
2019-20-player-538,2019-20,player,538,Adam Idah,Idah,FWD,14,,A,,,https://resources.premierleague.com/premierleague25/photos/players/110x140/432735.png
2019-20-player-551,2019-20,player,551,Archie Mair,Mair,GKP,14,,A,,,https://resources.premierleague.com/premierleague25/photos/players/110x140/233849.png
2019-20-player-552,2019-20,player,552,Akin Famewo,Famewo,DEF,14,,A,,,https://resources.premierleague.com/premierleague25/photos/players/110x140/232667.png
2019-20-player-601,2019-20,player,601,Ondrej Duda,Duda,MID,14,,A,,,https://resources.premierleague.com/premierleague25/photos/players/110x140/139110.png
2019-20-player-602,2019-20,player,602,Lukas Rupp,Rupp,MID,14,,A,,,https://resources.premierleague.com/premierleague25/photos/players/110x140/76306.png
2019-20-player-632,2019-20,player,632,Josh Martin,Martin,MID,14,,A,,,https://resources.premierleague.com/premierleague25/photos/players/110x140/439485.png
2019-20-player-650,2019-20,player,650,Jordan Thomas,Thomas,DEF,14,,A,,,https://resources.premierleague.com/premierleague25/photos/players/110x140/444253.png
2019-20-player-669,2019-20,player,669,Daniel Adshead,Adshead,MID,14,,A,,,https://resources.premierleague.com/premierleague25/photos/players/110x140/431924.png
2019-20-player-70,2019-20,player,70,Lys Mousset,Mousset,FWD,15,,A,,,https://resources.premierleague.com/premierleague25/photos/players/110x140/178304.png
2019-20-player-291,2019-20,player,291,Enda Stevens,Stevens,DEF,15,,A,,,https://resources.premierleague.com/premierleague25/photos/players/110x140/63426.png
2019-20-player-292,2019-20,player,292,Kieron Freeman,Freeman,DEF,15,,A,,,https://resources.premierleague.com/premierleague25/photos/players/110x140/87121.png
2019-20-player-293,2019-20,player,293,Jack O'Connell,O'Connell,DEF,15,,A,,,https://resources.premierleague.com/premierleague25/photos/players/110x140/146610.png
2019-20-player-294,2019-20,player,294,George Baldock,Baldock,DEF,15,,A,,,https://resources.premierleague.com/premierleague25/photos/players/110x140/82691.png
2019-20-player-295,2019-20,player,295,John Egan,Egan,DEF,15,,A,,,https://resources.premierleague.com/premierleague25/photos/players/110x140/108416.png
2019-20-player-296,2019-20,player,296,Richard Stearman,Stearman,DEF,15,,A,,,https://resources.premierleague.com/premierleague25/photos/players/110x140/18832.png
2019-20-player-297,2019-20,player,297,John Lundstram,Lundstram,DEF,15,,A,,,https://resources.premierleague.com/premierleague25/photos/players/110x140/153723.png
2019-20-player-298,2019-20,player,298,Billy Sharp,Sharp,FWD,15,,A,,,https://resources.premierleague.com/premierleague25/photos/players/110x140/18867.png
2019-20-player-299,2019-20,player,299,Jake Eastwood,Eastwood,GKP,15,,A,,,https://resources.premierleague.com/premierleague25/photos/players/110x140/213280.png
2019-20-player-300,2019-20,player,300,Mark Duffy,Duffy,MID,15,,A,,,https://resources.premierleague.com/premierleague25/photos/players/110x140/59614.png
2019-20-player-301,2019-20,player,301,John Fleck,Fleck,MID,15,,A,,,https://resources.premierleague.com/premierleague25/photos/players/110x140/47247.png
2019-20-player-302,2019-20,player,302,Oliver Norwood,Norwood,MID,15,,A,,,https://resources.premierleague.com/premierleague25/photos/players/110x140/79934.png
2019-20-player-303,2019-20,player,303,David McGoldrick,McGoldrick,FWD,15,,A,,,https://resources.premierleague.com/premierleague25/photos/players/110x140/27436.png
2019-20-player-423,2019-20,player,423,Chris Basham,Basham,DEF,15,,A,,,https://resources.premierleague.com/premierleague25/photos/players/110x140/40386.png
2019-20-player-436,2019-20,player,436,Simon Moore,Moore,GKP,15,,A,,,https://resources.premierleague.com/premierleague25/photos/players/110x140/74854.png
2019-20-player-441,2019-20,player,441,Luke Freeman,Freeman,MID,15,,A,,,https://resources.premierleague.com/premierleague25/photos/players/110x140/49083.png
2019-20-player-444,2019-20,player,444,Phil Jagielka,Jagielka,DEF,15,,A,,,https://resources.premierleague.com/premierleague25/photos/players/110x140/7645.png
2019-20-player-453,2019-20,player,453,Callum Robinson,Callum Robinson,MID,15,,A,,,https://resources.premierleague.com/premierleague25/photos/players/110x140/171975.png
2019-20-player-456,2019-20,player,456,Ravel Morrison,Morrison,MID,15,,A,,,https://resources.premierleague.com/premierleague25/photos/players/110x140/90518.png
2019-20-player-471,2019-20,player,471,Dean Henderson,Henderson,GKP,15,,A,,,https://resources.premierleague.com/premierleague25/photos/players/110x140/172649.png
2019-20-player-472,2019-20,player,472,Ben Osborn,Osborn,MID,15,,A,,,https://resources.premierleague.com/premierleague25/photos/players/110x140/167878.png
2019-20-player-501,2019-20,player,501,Oliver McBurnie,McBurnie,FWD,15,,A,,,https://resources.premierleague.com/premierleague25/photos/players/110x140/169432.png
2019-20-player-521,2019-20,player,521,Michael Verrips,Verrips,GKP,15,,A,,,https://resources.premierleague.com/premierleague25/photos/players/110x140/194126.png
2019-20-player-522,2019-20,player,522,Muhamed Bešić,Bešić,MID,15,,A,,,https://resources.premierleague.com/premierleague25/photos/players/110x140/87447.png
2019-20-player-547,2019-20,player,547,Leon Clarke,Clarke,FWD,15,,A,,,https://resources.premierleague.com/premierleague25/photos/players/110x140/18440.png
2019-20-player-591,2019-20,player,591,Jack Rodwell,Rodwell,MID,15,,A,,,https://resources.premierleague.com/premierleague25/photos/players/110x140/49384.png
2019-20-player-611,2019-20,player,611,Jack Robinson,Jack Robinson,DEF,15,,A,,,https://resources.premierleague.com/premierleague25/photos/players/110x140/83427.png
2019-20-player-621,2019-20,player,621,Sander Berge,Berge,MID,15,,A,,,https://resources.premierleague.com/premierleague25/photos/players/110x140/207189.png
2019-20-player-622,2019-20,player,622,Richairo Zivkovic,Zivkovic,FWD,15,,A,,,https://resources.premierleague.com/premierleague25/photos/players/110x140/147612.png
2019-20-player-625,2019-20,player,625,Panagiotis Retsos,Retsos,DEF,15,,A,,,https://resources.premierleague.com/premierleague25/photos/players/110x140/222786.png
2019-20-player-304,2019-20,player,304,Jannik Vestergaard,Vestergaard,DEF,16,,A,,,https://resources.premierleague.com/premierleague25/photos/players/110x140/93100.png
2019-20-player-305,2019-20,player,305,Ryan Bertrand,Bertrand,DEF,16,,A,,,https://resources.premierleague.com/premierleague25/photos/players/110x140/40146.png
2019-20-player-306,2019-20,player,306,Yan Valery,Valery,DEF,16,,A,,,https://resources.premierleague.com/premierleague25/photos/players/110x140/213482.png
2019-20-player-307,2019-20,player,307,Jan Bednarek,Bednarek,DEF,16,,A,,,https://resources.premierleague.com/premierleague25/photos/players/110x140/171771.png
2019-20-player-308,2019-20,player,308,Jack Stephens,Stephens,DEF,16,,A,,,https://resources.premierleague.com/premierleague25/photos/players/110x140/88900.png
2019-20-player-310,2019-20,player,310,Maya Yoshida,Yoshida,DEF,16,,A,,,https://resources.premierleague.com/premierleague25/photos/players/110x140/80447.png
2019-20-player-311,2019-20,player,311,Kayne Ramsay,Ramsay,DEF,16,,A,,,https://resources.premierleague.com/premierleague25/photos/players/110x140/232797.png
2019-20-player-312,2019-20,player,312,Charlie Austin,Austin,FWD,16,,A,,,https://resources.premierleague.com/premierleague25/photos/players/110x140/78356.png
2019-20-player-313,2019-20,player,313,Danny Ings,Ings,FWD,16,,A,,,https://resources.premierleague.com/premierleague25/photos/players/110x140/84939.png
2019-20-player-314,2019-20,player,314,Michael Obafemi,Obafemi,FWD,16,,A,,,https://resources.premierleague.com/premierleague25/photos/players/110x140/220598.png
2019-20-player-315,2019-20,player,315,Shane Long,Long,FWD,16,,A,,,https://resources.premierleague.com/premierleague25/photos/players/110x140/20452.png
2019-20-player-316,2019-20,player,316,Sam Gallagher,Gallagher,FWD,16,,A,,,https://resources.premierleague.com/premierleague25/photos/players/110x140/153371.png
2019-20-player-317,2019-20,player,317,Fraser Forster,Forster,GKP,16,,A,,,https://resources.premierleague.com/premierleague25/photos/players/110x140/40383.png
2019-20-player-318,2019-20,player,318,Alex McCarthy,McCarthy,GKP,16,,A,,,https://resources.premierleague.com/premierleague25/photos/players/110x140/58376.png
2019-20-player-319,2019-20,player,319,Angus Gunn,Gunn,GKP,16,,A,,,https://resources.premierleague.com/premierleague25/photos/players/110x140/107265.png
2019-20-player-320,2019-20,player,320,Nathan Redmond,Redmond,MID,16,,A,,,https://resources.premierleague.com/premierleague25/photos/players/110x140/83283.png
2019-20-player-321,2019-20,player,321,James Ward-Prowse,Ward-Prowse,MID,16,,A,,,https://resources.premierleague.com/premierleague25/photos/players/110x140/101178.png
2019-20-player-322,2019-20,player,322,Mohamed Elyounoussi,Elyounoussi,MID,16,,A,,,https://resources.premierleague.com/premierleague25/photos/players/110x140/96787.png
2019-20-player-323,2019-20,player,323,Stuart Armstrong,Armstrong,MID,16,,A,,,https://resources.premierleague.com/premierleague25/photos/players/110x140/91047.png
2019-20-player-324,2019-20,player,324,Mario Lemina,Lemina,MID,16,,A,,,https://resources.premierleague.com/premierleague25/photos/players/110x140/151086.png
2019-20-player-325,2019-20,player,325,Pierre-Emile Højbjerg,Højbjerg,MID,16,,A,,,https://resources.premierleague.com/premierleague25/photos/players/110x140/132015.png
2019-20-player-326,2019-20,player,326,Tyreke Johnson,Johnson,MID,16,,A,,,https://resources.premierleague.com/premierleague25/photos/players/110x140/204481.png
2019-20-player-327,2019-20,player,327,Callum Slattery,Slattery,MID,16,,A,,,https://resources.premierleague.com/premierleague25/photos/players/110x140/193109.png
2019-20-player-328,2019-20,player,328,Oriol Romeu Vidal,Oriol Romeu,MID,16,,A,,,https://resources.premierleague.com/premierleague25/photos/players/110x140/78056.png
2019-20-player-337,2019-20,player,337,Kyle Walker-Peters,Walker-Peters,DEF,16,,A,,,https://resources.premierleague.com/premierleague25/photos/players/110x140/158534.png
2019-20-player-437,2019-20,player,437,Che Adams,Adams,FWD,16,,A,,,https://resources.premierleague.com/premierleague25/photos/players/110x140/200439.png
2019-20-player-438,2019-20,player,438,Moussa Djenepo,Djenepo,MID,16,,A,,,https://resources.premierleague.com/premierleague25/photos/players/110x140/431131.png
2019-20-player-485,2019-20,player,485,Wesley Hoedt,Hoedt,DEF,16,,A,,,https://resources.premierleague.com/premierleague25/photos/players/110x140/167075.png
2019-20-player-508,2019-20,player,508,Sofiane Boufal,Boufal,MID,16,,A,,,https://resources.premierleague.com/premierleague25/photos/players/110x140/128198.png
2019-20-player-532,2019-20,player,532,Kevin Danso,Danso,DEF,16,,A,,,https://resources.premierleague.com/premierleague25/photos/players/110x140/135720.png
2019-20-player-535,2019-20,player,535,Daniel N'Lundulu,N'Lundulu,FWD,16,,A,,,https://resources.premierleague.com/premierleague25/photos/players/110x140/200088.png
2019-20-player-548,2019-20,player,548,Harry Lewis,Lewis,GKP,16,,A,,,https://resources.premierleague.com/premierleague25/photos/players/110x140/198044.png
2019-20-player-584,2019-20,player,584,William Smallbone,Smallbone,MID,16,,A,,,https://resources.premierleague.com/premierleague25/photos/players/110x140/214466.png
2019-20-player-633,2019-20,player,633,Nathan Tella,Tella,MID,16,,A,,,https://resources.premierleague.com/premierleague25/photos/players/110x140/203389.png
2019-20-player-645,2019-20,player,645,Jake Vokins,Vokins,DEF,16,,A,,,https://resources.premierleague.com/premierleague25/photos/players/110x140/214470.png
2019-20-player-649,2019-20,player,649,Alexandre Jankewitz,Jankewitz,MID,16,,A,,,https://resources.premierleague.com/premierleague25/photos/players/110x140/449781.png
2019-20-player-654,2019-20,player,654,Will Ferry,Ferry,MID,16,,A,,,https://resources.premierleague.com/premierleague25/photos/players/110x140/422306.png
2019-20-player-663,2019-20,player,663,Jacob Maddox,Maddox,MID,16,,A,,,https://resources.premierleague.com/premierleague25/photos/players/110x140/174590.png
2019-20-player-329,2019-20,player,329,Ben Davies,Davies,DEF,17,,A,,,https://resources.premierleague.com/premierleague25/photos/players/110x140/115556.png
2019-20-player-330,2019-20,player,330,Jan Vertonghen,Vertonghen,DEF,17,,A,,,https://resources.premierleague.com/premierleague25/photos/players/110x140/39194.png
2019-20-player-331,2019-20,player,331,Toby Alderweireld,Alderweireld,DEF,17,,A,,,https://resources.premierleague.com/premierleague25/photos/players/110x140/55605.png
2019-20-player-333,2019-20,player,333,Davinson Sánchez,Sánchez,DEF,17,,A,,,https://resources.premierleague.com/premierleague25/photos/players/110x140/173904.png
2019-20-player-334,2019-20,player,334,Kieran Trippier,Trippier,DEF,17,,A,,,https://resources.premierleague.com/premierleague25/photos/players/110x140/77794.png
2019-20-player-335,2019-20,player,335,Juan Foyth,Foyth,DEF,17,,A,,,https://resources.premierleague.com/premierleague25/photos/players/110x140/234908.png
2019-20-player-336,2019-20,player,336,Serge Aurier,Aurier,DEF,17,,A,,,https://resources.premierleague.com/premierleague25/photos/players/110x140/80226.png
2019-20-player-338,2019-20,player,338,Harry Kane,Kane,FWD,17,,A,,,https://resources.premierleague.com/premierleague25/photos/players/110x140/78830.png
2019-20-player-339,2019-20,player,339,Vincent Janssen,Janssen,FWD,17,,A,,,https://resources.premierleague.com/premierleague25/photos/players/110x140/165990.png
2019-20-player-340,2019-20,player,340,Hugo Lloris,Lloris,GKP,17,,A,,,https://resources.premierleague.com/premierleague25/photos/players/110x140/37915.png
2019-20-player-341,2019-20,player,341,Paulo Gazzaniga,Gazzaniga,GKP,17,,A,,,https://resources.premierleague.com/premierleague25/photos/players/110x140/102884.png
2019-20-player-342,2019-20,player,342,Heung-Min Son,Son,MID,17,,A,,,https://resources.premierleague.com/premierleague25/photos/players/110x140/85971.png
2019-20-player-343,2019-20,player,343,Christian Eriksen,Eriksen,MID,17,,A,,,https://resources.premierleague.com/premierleague25/photos/players/110x140/80607.png
2019-20-player-344,2019-20,player,344,Bamidele Alli,Alli,MID,17,,A,,,https://resources.premierleague.com/premierleague25/photos/players/110x140/108823.png
2019-20-player-345,2019-20,player,345,Lucas Rodrigues Moura da Silva,Lucas Moura,MID,17,,A,,,https://resources.premierleague.com/premierleague25/photos/players/110x140/95715.png
2019-20-player-346,2019-20,player,346,Erik Lamela,Lamela,MID,17,,A,,,https://resources.premierleague.com/premierleague25/photos/players/110x140/62974.png
2019-20-player-347,2019-20,player,347,Harry Winks,Winks,MID,17,,A,,,https://resources.premierleague.com/premierleague25/photos/players/110x140/157668.png
2019-20-player-348,2019-20,player,348,Victor Wanyama,Wanyama,MID,17,,A,,,https://resources.premierleague.com/premierleague25/photos/players/110x140/54756.png
2019-20-player-349,2019-20,player,349,Moussa Sissoko,Sissoko,MID,17,,A,,,https://resources.premierleague.com/premierleague25/photos/players/110x140/45268.png
2019-20-player-350,2019-20,player,350,Eric Dier,Dier,MID,17,,A,,,https://resources.premierleague.com/premierleague25/photos/players/110x140/93264.png
2019-20-player-351,2019-20,player,351,Luke Amos,Amos,MID,17,,A,,,https://resources.premierleague.com/premierleague25/photos/players/110x140/168764.png
2019-20-player-352,2019-20,player,352,Oliver Skipp,Skipp,MID,17,,A,,,https://resources.premierleague.com/premierleague25/photos/players/110x140/209042.png
2019-20-player-442,2019-20,player,442,Tanguy Ndombele,Ndombele,MID,17,,A,,,https://resources.premierleague.com/premierleague25/photos/players/110x140/231372.png
2019-20-player-509,2019-20,player,509,Troy Parrott,Parrott,FWD,17,,A,,,https://resources.premierleague.com/premierleague25/photos/players/110x140/447235.png
2019-20-player-523,2019-20,player,523,Giovani Lo Celso,Lo Celso,MID,17,,A,,,https://resources.premierleague.com/premierleague25/photos/players/110x140/200826.png
2019-20-player-524,2019-20,player,524,Ryan Sessegnon,Sessegnon,MID,17,,A,,,https://resources.premierleague.com/premierleague25/photos/players/110x140/184349.png
2019-20-player-527,2019-20,player,527,Georges-Kévin Nkoudou,Nkoudou,MID,17,,A,,,https://resources.premierleague.com/premierleague25/photos/players/110x140/168566.png
2019-20-player-543,2019-20,player,543,Alfie Whiteman,Whiteman,GKP,17,,A,,,https://resources.premierleague.com/premierleague25/photos/players/110x140/175941.png
2019-20-player-555,2019-20,player,555,Michel Vorm,Vorm,GKP,17,,A,,,https://resources.premierleague.com/premierleague25/photos/players/110x140/39215.png
2019-20-player-558,2019-20,player,558,Brandon Austin,Austin,GKP,17,,A,,,https://resources.premierleague.com/premierleague25/photos/players/110x140/214572.png
2019-20-player-583,2019-20,player,583,Japhet Tanganga,Tanganga,DEF,17,,A,,,https://resources.premierleague.com/premierleague25/photos/players/110x140/199584.png
2019-20-player-605,2019-20,player,605,Gedson Carvalho Fernandes,Fernandes,MID,17,,A,,,https://resources.premierleague.com/premierleague25/photos/players/110x140/195774.png
2019-20-player-615,2019-20,player,615,Steven Bergwijn,Bergwijn,MID,17,,A,,,https://resources.premierleague.com/premierleague25/photos/players/110x140/194252.png
2019-20-player-634,2019-20,player,634,Harvey White,White,MID,17,,A,,,https://resources.premierleague.com/premierleague25/photos/players/110x140/448791.png
2019-20-player-655,2019-20,player,655,Dennis Cirkin,Cirkin,DEF,17,,A,,,https://resources.premierleague.com/premierleague25/photos/players/110x140/461195.png
2019-20-player-353,2019-20,player,353,José Holebas,Holebas,DEF,18,,A,,,https://resources.premierleague.com/premierleague25/photos/players/110x140/40868.png
2019-20-player-354,2019-20,player,354,Christian Kabasele,Kabasele,DEF,18,,A,,,https://resources.premierleague.com/premierleague25/photos/players/110x140/85624.png
2019-20-player-355,2019-20,player,355,Adam Masina,Masina,DEF,18,,A,,,https://resources.premierleague.com/premierleague25/photos/players/110x140/155651.png
2019-20-player-356,2019-20,player,356,Adrian Mariappa,Mariappa,DEF,18,,A,,,https://resources.premierleague.com/premierleague25/photos/players/110x140/20145.png
2019-20-player-357,2019-20,player,357,Francisco Femenía Far,Kiko Femenía,DEF,18,,A,,,https://resources.premierleague.com/premierleague25/photos/players/110x140/54484.png
2019-20-player-358,2019-20,player,358,Craig Cathcart,Cathcart,DEF,18,,A,,,https://resources.premierleague.com/premierleague25/photos/players/110x140/41338.png
2019-20-player-359,2019-20,player,359,Daryl Janmaat,Janmaat,DEF,18,,A,,,https://resources.premierleague.com/premierleague25/photos/players/110x140/52940.png
2019-20-player-360,2019-20,player,360,Marc Navarro,Navarro,DEF,18,,A,,,https://resources.premierleague.com/premierleague25/photos/players/110x140/220166.png
2019-20-player-361,2019-20,player,361,Sebastian Prödl,Prödl,DEF,18,,A,,,https://resources.premierleague.com/premierleague25/photos/players/110x140/41945.png
2019-20-player-362,2019-20,player,362,Troy Deeney,Deeney,FWD,18,,A,,,https://resources.premierleague.com/premierleague25/photos/players/110x140/41725.png
2019-20-player-363,2019-20,player,363,Gerard Deulofeu,Deulofeu,FWD,18,,A,,,https://resources.premierleague.com/premierleague25/photos/players/110x140/94924.png
2019-20-player-364,2019-20,player,364,Andre Gray,Gray,FWD,18,,A,,,https://resources.premierleague.com/premierleague25/photos/players/110x140/73426.png
2019-20-player-365,2019-20,player,365,Isaac Success Ajayi,Success,FWD,18,,A,,,https://resources.premierleague.com/premierleague25/photos/players/110x140/173514.png
2019-20-player-366,2019-20,player,366,Ben Foster,Foster,GKP,18,,A,,,https://resources.premierleague.com/premierleague25/photos/players/110x140/9089.png
2019-20-player-367,2019-20,player,367,Pontus Dahlberg,Dahlberg,GKP,18,,A,,,https://resources.premierleague.com/premierleague25/photos/players/110x140/206882.png
2019-20-player-368,2019-20,player,368,Abdoulaye Doucouré,Doucouré,MID,18,,A,,,https://resources.premierleague.com/premierleague25/photos/players/110x140/121599.png
2019-20-player-369,2019-20,player,369,Roberto Pereyra,Pereyra,MID,18,,A,,,https://resources.premierleague.com/premierleague25/photos/players/110x140/61566.png
2019-20-player-370,2019-20,player,370,Will Hughes,Hughes,MID,18,,A,,,https://resources.premierleague.com/premierleague25/photos/players/110x140/108413.png
2019-20-player-371,2019-20,player,371,Tom Cleverley,Cleverley,MID,18,,A,,,https://resources.premierleague.com/premierleague25/photos/players/110x140/43250.png
2019-20-player-372,2019-20,player,372,Ken Sema,Sema,MID,18,,A,,,https://resources.premierleague.com/premierleague25/photos/players/110x140/157775.png
2019-20-player-373,2019-20,player,373,Etienne Capoue,Capoue,MID,18,,A,,,https://resources.premierleague.com/premierleague25/photos/players/110x140/38439.png
2019-20-player-374,2019-20,player,374,Nathaniel Chalobah,Chalobah,MID,18,,A,,,https://resources.premierleague.com/premierleague25/photos/players/110x140/89085.png
2019-20-player-375,2019-20,player,375,Domingos Quina,Quina,MID,18,,A,,,https://resources.premierleague.com/premierleague25/photos/players/110x140/216058.png
2019-20-player-439,2019-20,player,439,Craig Dawson,Dawson,DEF,18,,A,,,https://resources.premierleague.com/premierleague25/photos/players/110x140/60232.png
2019-20-player-512,2019-20,player,512,Danny Welbeck,Welbeck,FWD,18,,A,,,https://resources.premierleague.com/premierleague25/photos/players/110x140/50175.png
2019-20-player-513,2019-20,player,513,Heurelho da Silva Gomes,Gomes,GKP,18,,A,,,https://resources.premierleague.com/premierleague25/photos/players/110x140/18656.png
2019-20-player-525,2019-20,player,525,Ismaïla Sarr,Sarr,MID,18,,A,,,https://resources.premierleague.com/premierleague25/photos/players/110x140/232185.png
2019-20-player-542,2019-20,player,542,Dimitri Foulquier,Foulquier,DEF,18,,A,,,https://resources.premierleague.com/premierleague25/photos/players/110x140/96767.png
2019-20-player-563,2019-20,player,563,Ayotomiwa Dele-Bashiru,Dele-Bashiru,MID,18,,A,,,https://resources.premierleague.com/premierleague25/photos/players/110x140/175353.png
2019-20-player-592,2019-20,player,592,João Pedro Junqueira de Jesus,João Pedro,FWD,18,,A,,,https://resources.premierleague.com/premierleague25/photos/players/110x140/475168.png
2019-20-player-604,2019-20,player,604,Ignacio Pussetto,Pussetto,MID,18,,A,,,https://resources.premierleague.com/premierleague25/photos/players/110x140/168290.png
2019-20-player-648,2019-20,player,648,Adalberto Peñaranda,Peñaranda,FWD,18,,A,,,https://resources.premierleague.com/premierleague25/photos/players/110x140/194401.png
2019-20-player-376,2019-20,player,376,Aaron Cresswell,Cresswell,DEF,19,,A,,,https://resources.premierleague.com/premierleague25/photos/players/110x140/55459.png
2019-20-player-377,2019-20,player,377,Angelo Ogbonna,Ogbonna,DEF,19,,A,,,https://resources.premierleague.com/premierleague25/photos/players/110x140/40669.png
2019-20-player-378,2019-20,player,378,Arthur Masuaku,Masuaku,DEF,19,,A,,,https://resources.premierleague.com/premierleague25/photos/players/110x140/105717.png
2019-20-player-379,2019-20,player,379,Pablo Zabaleta,Zabaleta,DEF,19,,A,,,https://resources.premierleague.com/premierleague25/photos/players/110x140/20658.png
2019-20-player-380,2019-20,player,380,Ryan Fredericks,Fredericks,DEF,19,,A,,,https://resources.premierleague.com/premierleague25/photos/players/110x140/81012.png
2019-20-player-381,2019-20,player,381,Issa Diop,Diop,DEF,19,,A,,,https://resources.premierleague.com/premierleague25/photos/players/110x140/219924.png
2019-20-player-382,2019-20,player,382,Fabián Balbuena,Balbuena,DEF,19,,A,,,https://resources.premierleague.com/premierleague25/photos/players/110x140/166640.png
2019-20-player-383,2019-20,player,383,Winston Reid,Reid,DEF,19,,A,,,https://resources.premierleague.com/premierleague25/photos/players/110x140/48717.png
2019-20-player-384,2019-20,player,384,Ben Johnson,Johnson,DEF,19,,A,,,https://resources.premierleague.com/premierleague25/photos/players/110x140/222018.png
2019-20-player-385,2019-20,player,385,Marko Arnautovic,Arnautovic,FWD,19,,A,,,https://resources.premierleague.com/premierleague25/photos/players/110x140/41464.png
2019-20-player-386,2019-20,player,386,Javier Hernández Balcázar,Chicharito,FWD,19,,A,,,https://resources.premierleague.com/premierleague25/photos/players/110x140/43020.png
2019-20-player-387,2019-20,player,387,Alexandre Nascimento Costa Silva,Xande Silva,FWD,19,,A,,,https://resources.premierleague.com/premierleague25/photos/players/110x140/209925.png
2019-20-player-388,2019-20,player,388,Lukasz Fabianski,Fabianski,GKP,19,,A,,,https://resources.premierleague.com/premierleague25/photos/players/110x140/37096.png
2019-20-player-389,2019-20,player,389,Michail Antonio,Antonio,MID,19,,A,,,https://resources.premierleague.com/premierleague25/photos/players/110x140/57531.png
2019-20-player-390,2019-20,player,390,Felipe Anderson Pereira Gomes,Felipe Anderson,MID,19,,A,,,https://resources.premierleague.com/premierleague25/photos/players/110x140/101537.png
2019-20-player-391,2019-20,player,391,Manuel Lanzini,Lanzini,MID,19,,A,,,https://resources.premierleague.com/premierleague25/photos/players/110x140/86934.png
2019-20-player-392,2019-20,player,392,Andriy Yarmolenko,Yarmolenko,MID,19,,A,,,https://resources.premierleague.com/premierleague25/photos/players/110x140/56377.png
2019-20-player-393,2019-20,player,393,Robert Snodgrass,Snodgrass,MID,19,,A,,,https://resources.premierleague.com/premierleague25/photos/players/110x140/18987.png
2019-20-player-394,2019-20,player,394,Jack Wilshere,Wilshere,MID,19,,A,,,https://resources.premierleague.com/premierleague25/photos/players/110x140/54102.png
2019-20-player-395,2019-20,player,395,Declan Rice,Rice,MID,19,,A,,,https://resources.premierleague.com/premierleague25/photos/players/110x140/204480.png
2019-20-player-396,2019-20,player,396,Mark Noble,Noble,MID,19,,A,,,https://resources.premierleague.com/premierleague25/photos/players/110x140/18073.png
2019-20-player-397,2019-20,player,397,Carlos Sánchez,Carlos Sánchez,MID,19,,A,,,https://resources.premierleague.com/premierleague25/photos/players/110x140/42824.png
2019-20-player-398,2019-20,player,398,Grady Diangana,Diangana,MID,19,,A,,,https://resources.premierleague.com/premierleague25/photos/players/110x140/179830.png
2019-20-player-399,2019-20,player,399,Pablo Fornals,Fornals,MID,19,,A,,,https://resources.premierleague.com/premierleague25/photos/players/110x140/217593.png
2019-20-player-400,2019-20,player,400,Pedro Obiang,Obiang,MID,19,,A,,,https://resources.premierleague.com/premierleague25/photos/players/110x140/59779.png
2019-20-player-450,2019-20,player,450,Roberto Jimenez Gago,Roberto,GKP,19,,A,,,https://resources.premierleague.com/premierleague25/photos/players/110x140/40694.png
2019-20-player-457,2019-20,player,457,Sébastien Haller,Haller,FWD,19,,A,,,https://resources.premierleague.com/premierleague25/photos/players/110x140/103123.png
2019-20-player-514,2019-20,player,514,Albian Ajeti,Ajeti,FWD,19,,A,,,https://resources.premierleague.com/premierleague25/photos/players/110x140/181008.png
2019-20-player-553,2019-20,player,553,David Martin,Martin,GKP,19,,A,,,https://resources.premierleague.com/premierleague25/photos/players/110x140/19194.png
2019-20-player-568,2019-20,player,568,Nathan Holland,Holland,MID,19,,A,,,https://resources.premierleague.com/premierleague25/photos/players/110x140/183487.png
2019-20-player-582,2019-20,player,582,Joseph Anang,Anang,GKP,19,,A,,,https://resources.premierleague.com/premierleague25/photos/players/110x140/447879.png
2019-20-player-593,2019-20,player,593,Jeremy Ngakia,Ngakia,DEF,19,,A,,,https://resources.premierleague.com/premierleague25/photos/players/110x140/232391.png
2019-20-player-594,2019-20,player,594,Gonçalo Bento Soares Cardoso,Cardoso,DEF,19,,A,,,https://resources.premierleague.com/premierleague25/photos/players/110x140/459373.png
2019-20-player-595,2019-20,player,595,Bernardo Costa Da Rosa,Rosa,MID,19,,A,,,https://resources.premierleague.com/premierleague25/photos/players/110x140/243710.png
2019-20-player-606,2019-20,player,606,Darren Randolph,Randolph,GKP,19,,A,,,https://resources.premierleague.com/premierleague25/photos/players/110x140/32259.png
2019-20-player-616,2019-20,player,616,Tomas Soucek,Soucek,MID,19,,A,,,https://resources.premierleague.com/premierleague25/photos/players/110x140/215439.png
2019-20-player-626,2019-20,player,626,Jarrod Bowen,Bowen,MID,19,,A,,,https://resources.premierleague.com/premierleague25/photos/players/110x140/178186.png
2019-20-player-651,2019-20,player,651,Alfie Lewis,Lewis,MID,19,,A,,,https://resources.premierleague.com/premierleague25/photos/players/110x140/215407.png
2019-20-player-664,2019-20,player,664,Conor Coventry,Coventry,MID,19,,A,,,https://resources.premierleague.com/premierleague25/photos/players/110x140/222017.png
2019-20-player-401,2019-20,player,401,Matt Doherty,Doherty,DEF,20,,A,,,https://resources.premierleague.com/premierleague25/photos/players/110x140/87835.png
2019-20-player-402,2019-20,player,402,Jonathan Castro Otto,Jonny,DEF,20,,A,,,https://resources.premierleague.com/premierleague25/photos/players/110x140/114128.png
2019-20-player-403,2019-20,player,403,Conor Coady,Coady,DEF,20,,A,,,https://resources.premierleague.com/premierleague25/photos/players/110x140/94147.png
2019-20-player-405,2019-20,player,405,Willy Boly,Boly,DEF,20,,A,,,https://resources.premierleague.com/premierleague25/photos/players/110x140/90585.png
2019-20-player-406,2019-20,player,406,Rúben Gonçalo Silva Nascimento Vinagre,Vinagre,DEF,20,,A,,,https://resources.premierleague.com/premierleague25/photos/players/110x140/216054.png
2019-20-player-407,2019-20,player,407,Romain Saïss,Saïss,DEF,20,,A,,,https://resources.premierleague.com/premierleague25/photos/players/110x140/107613.png
2019-20-player-408,2019-20,player,408,Max Kilman,Kilman,DEF,20,,A,,,https://resources.premierleague.com/premierleague25/photos/players/110x140/214048.png
2019-20-player-409,2019-20,player,409,Raúl Jiménez,Jiménez,FWD,20,,A,,,https://resources.premierleague.com/premierleague25/photos/players/110x140/102057.png
2019-20-player-410,2019-20,player,410,Diogo Jota,Jota,FWD,20,,A,,,https://resources.premierleague.com/premierleague25/photos/players/110x140/194634.png
2019-20-player-411,2019-20,player,411,Rui Pedro dos Santos Patrício,Patrício,GKP,20,,A,,,https://resources.premierleague.com/premierleague25/photos/players/110x140/38533.png
2019-20-player-412,2019-20,player,412,John Ruddy,Ruddy,GKP,20,,A,,,https://resources.premierleague.com/premierleague25/photos/players/110x140/19236.png
2019-20-player-413,2019-20,player,413,Will Norris,Norris,GKP,20,,A,,,https://resources.premierleague.com/premierleague25/photos/players/110x140/168399.png
2019-20-player-414,2019-20,player,414,Rúben Diogo da Silva Neves,Neves,MID,20,,A,,,https://resources.premierleague.com/premierleague25/photos/players/110x140/171317.png
2019-20-player-415,2019-20,player,415,João Filipe Iria Santos Moutinho,Moutinho,MID,20,,A,,,https://resources.premierleague.com/premierleague25/photos/players/110x140/19624.png
2019-20-player-416,2019-20,player,416,Morgan Gibbs-White,Gibbs-White,MID,20,,A,,,https://resources.premierleague.com/premierleague25/photos/players/110x140/222531.png
2019-20-player-417,2019-20,player,417,Adama Traoré,Traoré,MID,20,,A,,,https://resources.premierleague.com/premierleague25/photos/players/110x140/159533.png
2019-20-player-418,2019-20,player,418,Hélder Costa,Costa,MID,20,,A,,,https://resources.premierleague.com/premierleague25/photos/players/110x140/165808.png
2019-20-player-419,2019-20,player,419,Ivan Cavaleiro,Cavaleiro,MID,20,,A,,,https://resources.premierleague.com/premierleague25/photos/players/110x140/166324.png
2019-20-player-420,2019-20,player,420,Leander Dendoncker,Dendoncker,MID,20,,A,,,https://resources.premierleague.com/premierleague25/photos/players/110x140/151589.png
2019-20-player-473,2019-20,player,473,Jesús Vallejo Lázaro,Vallejo,DEF,20,,A,,,https://resources.premierleague.com/premierleague25/photos/players/110x140/178876.png
2019-20-player-487,2019-20,player,487,Patrick Cutrone,Cutrone,FWD,20,,A,,,https://resources.premierleague.com/premierleague25/photos/players/110x140/209353.png
2019-20-player-528,2019-20,player,528,Pedro Lomba Neto,Neto,MID,20,,A,,,https://resources.premierleague.com/premierleague25/photos/players/110x140/247632.png
2019-20-player-559,2019-20,player,559,Bernard Ashley-Seal,Ashley-Seal,FWD,20,,A,,,https://resources.premierleague.com/premierleague25/photos/players/110x140/194798.png
2019-20-player-560,2019-20,player,560,Taylor Perry,Perry,MID,20,,A,,,https://resources.premierleague.com/premierleague25/photos/players/110x140/232361.png
2019-20-player-566,2019-20,player,566,Owen Otasowie,Otasowie,MID,20,,A,,,https://resources.premierleague.com/premierleague25/photos/players/110x140/250604.png
2019-20-player-567,2019-20,player,567,Luke Cundle,Cundle,MID,20,,A,,,https://resources.premierleague.com/premierleague25/photos/players/110x140/245923.png
2019-20-player-587,2019-20,player,587,Oskar Buur,Buur,DEF,20,,A,,,https://resources.premierleague.com/premierleague25/photos/players/110x140/179456.png
2019-20-player-607,2019-20,player,607,Ryan Giles,Giles,DEF,20,,A,,,https://resources.premierleague.com/premierleague25/photos/players/110x140/232351.png
2019-20-player-609,2019-20,player,609,Bruno André Cavaco Jordao,Jordao,MID,20,,A,,,https://resources.premierleague.com/premierleague25/photos/players/110x140/428610.png
2019-20-player-619,2019-20,player,619,Daniel Castelo Podence,Podence,MID,20,,A,,,https://resources.premierleague.com/premierleague25/photos/players/110x140/200600.png
2019-20-player-652,2019-20,player,652,Leonardo Campana,Campana,FWD,20,,A,,,https://resources.premierleague.com/premierleague25/photos/players/110x140/474003.png
2019-20-team-1,2019-20,team,1,Arsenal,Arsenal,,1,3,,,,
2019-20-team-2,2019-20,team,2,Aston Villa,Aston Villa,,2,7,,,,
2019-20-team-3,2019-20,team,3,Bournemouth,Bournemouth,,3,91,,,,
2019-20-team-4,2019-20,team,4,Brighton,Brighton,,4,36,,,,
2019-20-team-5,2019-20,team,5,Burnley,Burnley,,5,90,,,,
2019-20-team-6,2019-20,team,6,Chelsea,Chelsea,,6,8,,,,
2019-20-team-7,2019-20,team,7,Crystal Palace,Crystal Palace,,7,31,,,,
2019-20-team-8,2019-20,team,8,Everton,Everton,,8,11,,,,
2019-20-team-9,2019-20,team,9,Leicester,Leicester,,9,13,,,,
2019-20-team-10,2019-20,team,10,Liverpool,Liverpool,,10,14,,,,
2019-20-team-11,2019-20,team,11,Man City,Man City,,11,43,,,,
2019-20-team-12,2019-20,team,12,Man Utd,Man Utd,,12,1,,,,
2019-20-team-13,2019-20,team,13,Newcastle,Newcastle,,13,4,,,,
2019-20-team-14,2019-20,team,14,Norwich,Norwich,,14,45,,,,
2019-20-team-15,2019-20,team,15,Sheffield Utd,Sheffield Utd,,15,49,,,,
2019-20-team-16,2019-20,team,16,Southampton,Southampton,,16,20,,,,
2019-20-team-17,2019-20,team,17,Spurs,Spurs,,17,6,,,,
2019-20-team-18,2019-20,team,18,Watford,Watford,,18,57,,,,
2019-20-team-19,2019-20,team,19,West Ham,West Ham,,19,21,,,,
2019-20-team-20,2019-20,team,20,Wolves,Wolves,,20,39,,,,
2022-23-player-3,2022-23,player,3,Granit Xhaka,Xhaka,MID,1,,A,,,https://resources.premierleague.com/premierleague25/photos/players/110x140/84450.png
2022-23-player-4,2022-23,player,4,Mohamed Elneny,Elneny,MID,1,,A,,,https://resources.premierleague.com/premierleague25/photos/players/110x140/153256.png
2022-23-player-5,2022-23,player,5,Rob Holding,Holding,DEF,1,,A,,,https://resources.premierleague.com/premierleague25/photos/players/110x140/156074.png
2022-23-player-6,2022-23,player,6,Thomas Partey,Partey,MID,1,,A,,,https://resources.premierleague.com/premierleague25/photos/players/110x140/167199.png
2022-23-player-7,2022-23,player,7,Martin Ødegaard,Ødegaard,MID,1,,A,,,https://resources.premierleague.com/premierleague25/photos/players/110x140/184029.png
2022-23-player-8,2022-23,player,8,Kieran Tierney,Tierney,DEF,1,,A,,,https://resources.premierleague.com/premierleague25/photos/players/110x140/192895.png
2022-23-player-9,2022-23,player,9,Nicolas Pépé,Pépé,MID,1,,A,,,https://resources.premierleague.com/premierleague25/photos/players/110x140/195735.png
2022-23-player-10,2022-23,player,10,Benjamin White,White,DEF,1,,A,,,https://resources.premierleague.com/premierleague25/photos/players/110x140/198869.png
2022-23-player-11,2022-23,player,11,Eddie Nketiah,Nketiah,FWD,1,,A,,,https://resources.premierleague.com/premierleague25/photos/players/110x140/205533.png
2022-23-player-12,2022-23,player,12,Emile Smith Rowe,Smith Rowe,MID,1,,A,,,https://resources.premierleague.com/premierleague25/photos/players/110x140/209289.png
2022-23-player-13,2022-23,player,13,Bukayo Saka,Saka,MID,1,,A,,,https://resources.premierleague.com/premierleague25/photos/players/110x140/223340.png
2022-23-player-14,2022-23,player,14,Takehiro Tomiyasu,Tomiyasu,DEF,1,,A,,,https://resources.premierleague.com/premierleague25/photos/players/110x140/223723.png
2022-23-player-15,2022-23,player,15,Aaron Ramsdale,Ramsdale,GKP,1,,A,,,https://resources.premierleague.com/premierleague25/photos/players/110x140/225321.png
2022-23-player-16,2022-23,player,16,Gabriel dos Santos Magalhães,Gabriel,DEF,1,,A,,,https://resources.premierleague.com/premierleague25/photos/players/110x140/226597.png
2022-23-player-17,2022-23,player,17,Nuno Varela Tavares,Tavares,DEF,1,,A,,,https://resources.premierleague.com/premierleague25/photos/players/110x140/437626.png
2022-23-player-19,2022-23,player,19,Gabriel Martinelli Silva,Martinelli,MID,1,,A,,,https://resources.premierleague.com/premierleague25/photos/players/110x140/444145.png
2022-23-player-20,2022-23,player,20,Pablo Marí Villar,Pablo Marí,DEF,1,,A,,,https://resources.premierleague.com/premierleague25/photos/players/110x140/92371.png
2022-23-player-22,2022-23,player,22,Lucas Torreira di Pascua,Torreira,MID,1,,A,,,https://resources.premierleague.com/premierleague25/photos/players/110x140/198849.png
2022-23-player-23,2022-23,player,23,Reiss Nelson,Nelson,MID,1,,A,,,https://resources.premierleague.com/premierleague25/photos/players/110x140/200641.png
2022-23-player-24,2022-23,player,24,Matt Turner,Turner,GKP,1,,A,,,https://resources.premierleague.com/premierleague25/photos/players/110x140/224068.png
2022-23-player-25,2022-23,player,25,Fábio Ferreira Vieira,Fábio Vieira,MID,1,,A,,,https://resources.premierleague.com/premierleague25/photos/players/110x140/438098.png
2022-23-player-26,2022-23,player,26,William Saliba,Saliba,DEF,1,,A,,,https://resources.premierleague.com/premierleague25/photos/players/110x140/462424.png
2022-23-player-27,2022-23,player,27,Marcus Oliveira Alencar,Marquinhos,MID,1,,A,,,https://resources.premierleague.com/premierleague25/photos/players/110x140/479683.png
2022-23-player-28,2022-23,player,28,Gabriel Fernando de Jesus,Jesus,FWD,1,,A,,,https://resources.premierleague.com/premierleague25/photos/players/110x140/205651.png
2022-23-player-111,2022-23,player,111,Leandro Trossard,Trossard,MID,1,,A,,,https://resources.premierleague.com/premierleague25/photos/players/110x140/116216.png
2022-23-player-130,2022-23,player,130,Jorge Luiz Frello Filho,Jorginho,MID,1,,A,,,https://resources.premierleague.com/premierleague25/photos/players/110x140/85955.png
2022-23-player-313,2022-23,player,313,Oleksandr Zinchenko,Zinchenko,DEF,1,,A,,,https://resources.premierleague.com/premierleague25/photos/players/110x140/206325.png
2022-23-player-607,2022-23,player,607,Matthew Smith,Smith,MID,1,,A,,,https://resources.premierleague.com/premierleague25/photos/players/110x140/232241.png
2022-23-player-630,2022-23,player,630,Ethan Nwaneri,Nwaneri,MID,1,,A,,,https://resources.premierleague.com/premierleague25/photos/players/110x140/499175.png
2022-23-player-631,2022-23,player,631,Lino Sousa,Sousa,DEF,1,,A,,,https://resources.premierleague.com/premierleague25/photos/players/110x140/514315.png
2022-23-player-655,2022-23,player,655,Karl Hein,Hein,GKP,1,,A,,,https://resources.premierleague.com/premierleague25/photos/players/110x140/463748.png
2022-23-player-668,2022-23,player,668,Amario Cozier-Duberry,Cozier-Duberry,MID,1,,A,,,https://resources.premierleague.com/premierleague25/photos/players/110x140/519324.png
2022-23-player-685,2022-23,player,685,Nathan Butler-Oyedeji,Butler-Oyedeji,FWD,1,,A,,,https://resources.premierleague.com/premierleague25/photos/players/110x140/461025.png
2022-23-player-710,2022-23,player,710,Jakub Kiwior,Kiwior,DEF,1,,A,,,https://resources.premierleague.com/premierleague25/photos/players/110x140/440854.png
2022-23-player-751,2022-23,player,751,Reuell Walters,Walters,DEF,1,,A,,,https://resources.premierleague.com/premierleague25/photos/players/110x140/535262.png
2022-23-player-767,2022-23,player,767,Mauro Bandeira,Bandeira,MID,1,,A,,,https://resources.premierleague.com/premierleague25/photos/players/110x140/504751.png
2022-23-player-29,2022-23,player,29,Philippe Coutinho Correia,Coutinho,MID,2,,A,,,https://resources.premierleague.com/premierleague25/photos/players/110x140/84583.png
2022-23-player-31,2022-23,player,31,Emiliano Martínez Romero,Martínez,GKP,2,,A,,,https://resources.premierleague.com/premierleague25/photos/players/110x140/98980.png
2022-23-player-32,2022-23,player,32,Calum Chambers,Chambers,DEF,2,,A,,,https://resources.premierleague.com/premierleague25/photos/players/110x140/101184.png
2022-23-player-33,2022-23,player,33,Lucas Digne,Digne,DEF,2,,A,,,https://resources.premierleague.com/premierleague25/photos/players/110x140/101188.png
2022-23-player-34,2022-23,player,34,Bertrand Traoré,Traoré,MID,2,,A,,,https://resources.premierleague.com/premierleague25/photos/players/110x140/110504.png
2022-23-player-35,2022-23,player,35,Robin Olsen,Olsen,GKP,2,,A,,,https://resources.premierleague.com/premierleague25/photos/players/110x140/111782.png
2022-23-player-36,2022-23,player,36,Morgan Sanson,Sanson,MID,2,,A,,,https://resources.premierleague.com/premierleague25/photos/players/110x140/122775.png
2022-23-player-37,2022-23,player,37,John McGinn,McGinn,MID,2,,A,,,https://resources.premierleague.com/premierleague25/photos/players/110x140/122806.png
2022-23-player-38,2022-23,player,38,Kortney Hause,Hause,DEF,2,,A,,,https://resources.premierleague.com/premierleague25/photos/players/110x140/123354.png
2022-23-player-39,2022-23,player,39,Tyrone Mings,Mings,DEF,2,,A,,,https://resources.premierleague.com/premierleague25/photos/players/110x140/149484.png
2022-23-player-40,2022-23,player,40,Ollie Watkins,Watkins,FWD,2,,A,,,https://resources.premierleague.com/premierleague25/photos/players/110x140/178301.png
2022-23-player-41,2022-23,player,41,Marvelous Nakamba,Nakamba,MID,2,,A,,,https://resources.premierleague.com/premierleague25/photos/players/110x140/184704.png
2022-23-player-42,2022-23,player,42,Emiliano Buendía Stati,Buendía,MID,2,,A,,,https://resources.premierleague.com/premierleague25/photos/players/110x140/195546.png
2022-23-player-43,2022-23,player,43,Matty Cash,Cash,DEF,2,,A,,,https://resources.premierleague.com/premierleague25/photos/players/110x140/199796.png
2022-23-player-44,2022-23,player,44,Ezri Konsa Ngoyo,Konsa,DEF,2,,A,,,https://resources.premierleague.com/premierleague25/photos/players/110x140/199798.png
2022-23-player-45,2022-23,player,45,Leon Bailey,Bailey,MID,2,,A,,,https://resources.premierleague.com/premierleague25/photos/players/110x140/215711.png
2022-23-player-46,2022-23,player,46,Douglas Luiz Soares de Paulo,Douglas Luiz,MID,2,,A,,,https://resources.premierleague.com/premierleague25/photos/players/110x140/230046.png
2022-23-player-47,2022-23,player,47,Jacob Ramsey,Ramsey,MID,2,,A,,,https://resources.premierleague.com/premierleague25/photos/players/110x140/232653.png
2022-23-player-49,2022-23,player,49,Tim Iroegbunam,Iroegbunam,MID,2,,A,,,https://resources.premierleague.com/premierleague25/photos/players/110x140/490094.png
2022-23-player-50,2022-23,player,50,Diego Carlos Santos Silva,Diego Carlos,DEF,2,,A,,,https://resources.premierleague.com/premierleague25/photos/players/110x140/165659.png
2022-23-player-51,2022-23,player,51,Anwar El Ghazi,El Ghazi,MID,2,,A,,,https://resources.premierleague.com/premierleague25/photos/players/110x140/193488.png
2022-23-player-52,2022-23,player,52,Keinan Davis,Davis,FWD,2,,A,,,https://resources.premierleague.com/premierleague25/photos/players/110x140/221239.png
2022-23-player-53,2022-23,player,53,Boubacar Kamara,Kamara,MID,2,,A,,,https://resources.premierleague.com/premierleague25/photos/players/110x140/226944.png
2022-23-player-54,2022-23,player,54,Cameron Archer,Archer,FWD,2,,A,,,https://resources.premierleague.com/premierleague25/photos/players/110x140/433979.png
2022-23-player-55,2022-23,player,55,Jaden Philogene-Bidace,Philogene-Bidace,MID,2,,A,,,https://resources.premierleague.com/premierleague25/photos/players/110x140/481624.png
2022-23-player-56,2022-23,player,56,Frédéric Guilbert,Guilbert,DEF,2,,A,,,https://resources.premierleague.com/premierleague25/photos/players/110x140/203368.png
2022-23-player-479,2022-23,player,479,Leander Dendoncker,Dendoncker,MID,2,,A,,,https://resources.premierleague.com/premierleague25/photos/players/110x140/151589.png
2022-23-player-525,2022-23,player,525,Ludwig Augustinsson,Augustinsson,DEF,2,,A,,,https://resources.premierleague.com/premierleague25/photos/players/110x140/155561.png
2022-23-player-537,2022-23,player,537,Kaine Kesler Hayden,Kesler Hayden,DEF,2,,A,,,https://resources.premierleague.com/premierleague25/photos/players/110x140/537043.png
2022-23-player-538,2022-23,player,538,Ashley Young,Young,DEF,2,,A,,,https://resources.premierleague.com/premierleague25/photos/players/110x140/18892.png
2022-23-player-638,2022-23,player,638,Lamare Bogarde,Bogarde,DEF,2,,A,,,https://resources.premierleague.com/premierleague25/photos/players/110x140/515597.png
2022-23-player-670,2022-23,player,670,Filip Marschall,Marschall,GKP,2,,A,,,https://resources.premierleague.com/premierleague25/photos/players/110x140/462381.png
2022-23-player-672,2022-23,player,672,Kadan Young,Kadan Young,MID,2,,A,,,https://resources.premierleague.com/premierleague25/photos/players/110x140/537403.png
2022-23-player-694,2022-23,player,694,Alexandre Moreno Lopera,Álex Moreno,DEF,2,,A,,,https://resources.premierleague.com/premierleague25/photos/players/110x140/106468.png
2022-23-player-707,2022-23,player,707,Viljami Sinisalo,Sinisalo,GKP,2,,A,,,https://resources.premierleague.com/premierleague25/photos/players/110x140/248164.png
2022-23-player-711,2022-23,player,711,Jhon Durán,Durán,FWD,2,,A,,,https://resources.premierleague.com/premierleague25/photos/players/110x140/476344.png
2022-23-player-744,2022-23,player,744,Sil Swinkels,Swinkels,DEF,2,,A,,,https://resources.premierleague.com/premierleague25/photos/players/110x140/514287.png
2022-23-player-745,2022-23,player,745,Oliwier Zych,Zych,GKP,2,,A,,,https://resources.premierleague.com/premierleague25/photos/players/110x140/516159.png
2022-23-player-753,2022-23,player,753,James Wright,Wright,GKP,2,,A,,,https://resources.premierleague.com/premierleague25/photos/players/110x140/481283.png
2022-23-player-754,2022-23,player,754,Sebastian Revan,Revan,DEF,2,,A,,,https://resources.premierleague.com/premierleague25/photos/players/110x140/479641.png
2022-23-player-755,2022-23,player,755,Travis Patterson,Patterson,MID,2,,A,,,https://resources.premierleague.com/premierleague25/photos/players/110x140/534836.png
2022-23-player-761,2022-23,player,761,Tommi O'Reilly,O'Reilly,MID,2,,A,,,https://resources.premierleague.com/premierleague25/photos/players/110x140/515599.png
2022-23-player-57,2022-23,player,57,Adam Smith,Smith,DEF,3,,A,,,https://resources.premierleague.com/premierleague25/photos/players/110x140/54469.png
2022-23-player-58,2022-23,player,58,Junior Stanislas,Stanislas,MID,3,,A,,,https://resources.premierleague.com/premierleague25/photos/players/110x140/56872.png
2022-23-player-59,2022-23,player,59,Ryan Fredericks,Fredericks,DEF,3,,A,,,https://resources.premierleague.com/premierleague25/photos/players/110x140/81012.png
2022-23-player-60,2022-23,player,60,David Brooks,Brooks,MID,3,,A,,,https://resources.premierleague.com/premierleague25/photos/players/110x140/111317.png
2022-23-player-61,2022-23,player,61,Jamal Lowe,Lowe,MID,3,,A,,,https://resources.premierleague.com/premierleague25/photos/players/110x140/128309.png
2022-23-player-62,2022-23,player,62,Kieffer Moore,Moore,FWD,3,,A,,,https://resources.premierleague.com/premierleague25/photos/players/110x140/128340.png
2022-23-player-63,2022-23,player,63,Emiliano Marcondes,Marcondes,MID,3,,A,,,https://resources.premierleague.com/premierleague25/photos/players/110x140/133845.png
2022-23-player-64,2022-23,player,64,Jefferson Lerma Solís,Lerma,MID,3,,A,,,https://resources.premierleague.com/premierleague25/photos/players/110x140/152551.png
2022-23-player-65,2022-23,player,65,Jack Stacey,Stacey,DEF,3,,A,,,https://resources.premierleague.com/premierleague25/photos/players/110x140/154131.png
2022-23-player-66,2022-23,player,66,Dominic Solanke,Solanke,FWD,3,,A,,,https://resources.premierleague.com/premierleague25/photos/players/110x140/154566.png
2022-23-player-67,2022-23,player,67,Lewis Cook,Cook,MID,3,,A,,,https://resources.premierleague.com/premierleague25/photos/players/110x140/155408.png
2022-23-player-68,2022-23,player,68,Ben Pearson,Pearson,MID,3,,A,,,https://resources.premierleague.com/premierleague25/photos/players/110x140/156687.png
2022-23-player-69,2022-23,player,69,Ryan Christie,Christie,MID,3,,A,,,https://resources.premierleague.com/premierleague25/photos/players/110x140/158499.png
2022-23-player-70,2022-23,player,70,Philip Billing,Billing,MID,3,,A,,,https://resources.premierleague.com/premierleague25/photos/players/110x140/168991.png
2022-23-player-71,2022-23,player,71,Chris Mepham,Mepham,DEF,3,,A,,,https://resources.premierleague.com/premierleague25/photos/players/110x140/223911.png
2022-23-player-72,2022-23,player,72,Mark Travers,Travers,GKP,3,,A,,,https://resources.premierleague.com/premierleague25/photos/players/110x140/229600.png
2022-23-player-73,2022-23,player,73,Lloyd Kelly,Kelly,DEF,3,,A,,,https://resources.premierleague.com/premierleague25/photos/players/110x140/235530.png
2022-23-player-74,2022-23,player,74,Siriki Dembélé,Dembélé,MID,3,,A,,,https://resources.premierleague.com/premierleague25/photos/players/110x140/244085.png
2022-23-player-75,2022-23,player,75,Jaidon Anthony,Anthony,MID,3,,A,,,https://resources.premierleague.com/premierleague25/photos/players/110x140/444180.png
2022-23-player-76,2022-23,player,76,Jordan Zemura,Zemura,DEF,3,,A,,,https://resources.premierleague.com/premierleague25/photos/players/110x140/447932.png
2022-23-player-77,2022-23,player,77,Will Dennis,Dennis,GKP,3,,A,,,https://resources.premierleague.com/premierleague25/photos/players/110x140/444172.png
2022-23-player-404,2022-23,player,404,Jack Stephens,Stephens,DEF,3,,A,,,https://resources.premierleague.com/premierleague25/photos/players/110x140/88900.png
2022-23-player-505,2022-23,player,505,Joe Rothwell,Rothwell,MID,3,,A,,,https://resources.premierleague.com/premierleague25/photos/players/110x140/156685.png
2022-23-player-535,2022-23,player,535,Marcus Tavernier,Tavernier,MID,3,,A,,,https://resources.premierleague.com/premierleague25/photos/players/110x140/201658.png
2022-23-player-539,2022-23,player,539,James Hill,Hill,DEF,3,,A,,,https://resources.premierleague.com/premierleague25/photos/players/110x140/463981.png
2022-23-player-571,2022-23,player,571,Darren Randolph,Randolph,GKP,3,,A,,,https://resources.premierleague.com/premierleague25/photos/players/110x140/32259.png
2022-23-player-574,2022-23,player,574,Norberto Murara Neto,Neto,GKP,3,,A,,,https://resources.premierleague.com/premierleague25/photos/players/110x140/69752.png
2022-23-player-576,2022-23,player,576,Marcos Senesi,Senesi,DEF,3,,A,,,https://resources.premierleague.com/premierleague25/photos/players/110x140/221466.png
2022-23-player-597,2022-23,player,597,Christian Saydee,Saydee,FWD,3,,A,,,https://resources.premierleague.com/premierleague25/photos/players/110x140/461017.png
2022-23-player-598,2022-23,player,598,Owen Bevan,Bevan,DEF,3,,A,,,https://resources.premierleague.com/premierleague25/photos/players/110x140/518906.png
2022-23-player-649,2022-23,player,649,Cameron Plain,Plain,GKP,3,,A,,,https://resources.premierleague.com/premierleague25/photos/players/110x140/461012.png
2022-23-player-695,2022-23,player,695,Daniel Adu-Adjei,Adu-Adjei,FWD,3,,A,,,https://resources.premierleague.com/premierleague25/photos/players/110x140/590760.png
2022-23-player-696,2022-23,player,696,Michael Dacosta Gonzalez,Dacosta Gonzalez,MID,3,,A,,,https://resources.premierleague.com/premierleague25/photos/players/110x140/596572.png
2022-23-player-697,2022-23,player,697,Dominic Sadi,Sadi,FWD,3,,A,,,https://resources.premierleague.com/premierleague25/photos/players/110x140/550596.png
2022-23-player-705,2022-23,player,705,Dango Ouattara,Ouattara,MID,3,,A,,,https://resources.premierleague.com/premierleague25/photos/players/110x140/533463.png
2022-23-player-706,2022-23,player,706,Euan Pollock,Pollock,FWD,3,,A,,,https://resources.premierleague.com/premierleague25/photos/players/110x140/461013.png
2022-23-player-714,2022-23,player,714,Antoine Semenyo,Semenyo,FWD,3,,A,,,https://resources.premierleague.com/premierleague25/photos/players/110x140/437730.png
2022-23-player-718,2022-23,player,718,Matías Viña,Viña,DEF,3,,A,,,https://resources.premierleague.com/premierleague25/photos/players/110x140/244704.png
2022-23-player-722,2022-23,player,722,Illia Zabarnyi,Zabarnyi,DEF,3,,A,,,https://resources.premierleague.com/premierleague25/photos/players/110x140/477580.png
2022-23-player-723,2022-23,player,723,Hamed Traorè,H.Traorè,MID,3,,A,,,https://resources.premierleague.com/premierleague25/photos/players/110x140/424044.png
2022-23-player-737,2022-23,player,737,Ben Greenwood,Greenwood,DEF,3,,A,,,https://resources.premierleague.com/premierleague25/photos/players/110x140/474772.png
2022-23-player-738,2022-23,player,738,Max Kinsey-Wellings,Kinsey-Wellings,DEF,3,,A,,,https://resources.premierleague.com/premierleague25/photos/players/110x140/496683.png
2022-23-player-78,2022-23,player,78,Pontus Jansson,Jansson,DEF,4,,A,,,https://resources.premierleague.com/premierleague25/photos/players/110x140/61810.png
2022-23-player-79,2022-23,player,79,Christian Nørgaard,Nørgaard,MID,4,,A,,,https://resources.premierleague.com/premierleague25/photos/players/110x140/128295.png
2022-23-player-80,2022-23,player,80,Ivan Toney,Toney,FWD,4,,A,,,https://resources.premierleague.com/premierleague25/photos/players/110x140/144485.png
2022-23-player-81,2022-23,player,81,David Raya Martin,Raya,GKP,4,,A,,,https://resources.premierleague.com/premierleague25/photos/players/110x140/154561.png
2022-23-player-82,2022-23,player,82,Sergi Canós Tenés,Canós,DEF,4,,A,,,https://resources.premierleague.com/premierleague25/photos/players/110x140/174932.png
2022-23-player-83,2022-23,player,83,Josh Dasilva,Dasilva,MID,4,,A,,,https://resources.premierleague.com/premierleague25/photos/players/110x140/183656.png
2022-23-player-84,2022-23,player,84,Kristoffer Ajer,Ajer,DEF,4,,A,,,https://resources.premierleague.com/premierleague25/photos/players/110x140/191866.png
2022-23-player-85,2022-23,player,85,Rico Henry,Henry,DEF,4,,A,,,https://resources.premierleague.com/premierleague25/photos/players/110x140/194010.png
2022-23-player-86,2022-23,player,86,Vitaly Janelt,Janelt,MID,4,,A,,,https://resources.premierleague.com/premierleague25/photos/players/110x140/204580.png
2022-23-player-87,2022-23,player,87,Saman Ghoddos,Ghoddos,MID,4,,A,,,https://resources.premierleague.com/premierleague25/photos/players/110x140/205836.png
2022-23-player-88,2022-23,player,88,Mathias Jensen,Jensen,MID,4,,A,,,https://resources.premierleague.com/premierleague25/photos/players/110x140/207283.png
2022-23-player-89,2022-23,player,89,Yoane Wissa,Wissa,MID,4,,A,,,https://resources.premierleague.com/premierleague25/photos/players/110x140/216646.png
2022-23-player-90,2022-23,player,90,Mads Roerslev Rasmussen,Roerslev,DEF,4,,A,,,https://resources.premierleague.com/premierleague25/photos/players/110x140/226956.png
2022-23-player-91,2022-23,player,91,Mads Bech Sørensen,Bech,DEF,4,,A,,,https://resources.premierleague.com/premierleague25/photos/players/110x140/228044.png
2022-23-player-92,2022-23,player,92,Ethan Pinnock,Pinnock,DEF,4,,A,,,https://resources.premierleague.com/premierleague25/photos/players/110x140/231065.png
2022-23-player-93,2022-23,player,93,Frank Onyeka,Onyeka,MID,4,,A,,,https://resources.premierleague.com/premierleague25/photos/players/110x140/428580.png
2022-23-player-94,2022-23,player,94,Shandon Baptiste,Baptiste,MID,4,,A,,,https://resources.premierleague.com/premierleague25/photos/players/110x140/432160.png
2022-23-player-95,2022-23,player,95,Bryan Mbeumo,Mbeumo,FWD,4,,A,,,https://resources.premierleague.com/premierleague25/photos/players/110x140/446008.png
2022-23-player-96,2022-23,player,96,Charlie Goode,Goode,DEF,4,,A,,,https://resources.premierleague.com/premierleague25/photos/players/110x140/213687.png
2022-23-player-97,2022-23,player,97,Marcus Forss,Forss,FWD,4,,A,,,https://resources.premierleague.com/premierleague25/photos/players/110x140/216620.png
2022-23-player-98,2022-23,player,98,Dominic Thompson,Thompson,DEF,4,,A,,,https://resources.premierleague.com/premierleague25/photos/players/110x140/232247.png
2022-23-player-99,2022-23,player,99,Mads Bidstrup,Bidstrup,MID,4,,A,,,https://resources.premierleague.com/premierleague25/photos/players/110x140/481405.png
2022-23-player-100,2022-23,player,100,Ellery Balcombe,Balcombe,GKP,4,,A,,,https://resources.premierleague.com/premierleague25/photos/players/110x140/235448.png
2022-23-player-510,2022-23,player,510,Aaron Hickey,Hickey,DEF,4,,A,,,https://resources.premierleague.com/premierleague25/photos/players/110x140/472713.png
2022-23-player-515,2022-23,player,515,Keane Lewis-Potter,Lewis-Potter,MID,4,,A,,,https://resources.premierleague.com/premierleague25/photos/players/110x140/249231.png
2022-23-player-517,2022-23,player,517,Thomas Strakosha,Strakosha,GKP,4,,A,,,https://resources.premierleague.com/premierleague25/photos/players/110x140/140200.png
2022-23-player-526,2022-23,player,526,Ben Mee,Mee,DEF,4,,A,,,https://resources.premierleague.com/premierleague25/photos/players/110x140/51927.png
2022-23-player-540,2022-23,player,540,Fin Stevens,Stevens,DEF,4,,A,,,https://resources.premierleague.com/premierleague25/photos/players/110x140/450550.png
2022-23-player-541,2022-23,player,541,Halil Dervişoğlu,Dervişoğlu,FWD,4,,A,,,https://resources.premierleague.com/premierleague25/photos/players/110x140/434662.png
2022-23-player-580,2022-23,player,580,Mikkel Damsgaard,Damsgaard,MID,4,,A,,,https://resources.premierleague.com/premierleague25/photos/players/110x140/440089.png
2022-23-player-595,2022-23,player,595,Mathias Jorgensen,Zanka,DEF,4,,A,,,https://resources.premierleague.com/premierleague25/photos/players/110x140/48760.png
2022-23-player-632,2022-23,player,632,Ryan Trevitt,Trevitt,MID,4,,A,,,https://resources.premierleague.com/premierleague25/photos/players/110x140/591357.png
2022-23-player-633,2022-23,player,633,Matthew Cox,Cox,GKP,4,,A,,,https://resources.premierleague.com/premierleague25/photos/players/110x140/503300.png
2022-23-player-646,2022-23,player,646,Tristan Crama,Crama,DEF,4,,A,,,https://resources.premierleague.com/premierleague25/photos/players/110x140/592661.png
2022-23-player-650,2022-23,player,650,Yegor Yarmolyuk,Yarmolyuk,MID,4,,A,,,https://resources.premierleague.com/premierleague25/photos/players/110x140/601975.png
2022-23-player-688,2022-23,player,688,Kevin Schade,Schade,MID,4,,A,,,https://resources.premierleague.com/premierleague25/photos/players/110x140/513418.png
2022-23-player-752,2022-23,player,752,Michael Olakigbe,Olakigbe,MID,4,,A,,,https://resources.premierleague.com/premierleague25/photos/players/110x140/501284.png
2022-23-player-101,2022-23,player,101,Adam Lallana,Lallana,MID,5,,A,,,https://resources.premierleague.com/premierleague25/photos/players/110x140/39155.png
2022-23-player-102,2022-23,player,102,Jason Steele,Steele,GKP,5,,A,,,https://resources.premierleague.com/premierleague25/photos/players/110x140/49262.png
2022-23-player-103,2022-23,player,103,Danny Welbeck,Welbeck,FWD,5,,A,,,https://resources.premierleague.com/premierleague25/photos/players/110x140/50175.png
2022-23-player-104,2022-23,player,104,Pascal Groß,Groß,MID,5,,A,,,https://resources.premierleague.com/premierleague25/photos/players/110x140/60307.png
2022-23-player-106,2022-23,player,106,Lewis Dunk,Dunk,DEF,5,,A,,,https://resources.premierleague.com/premierleague25/photos/players/110x140/83299.png
2022-23-player-107,2022-23,player,107,Solly March,March,MID,5,,A,,,https://resources.premierleague.com/premierleague25/photos/players/110x140/109345.png
2022-23-player-108,2022-23,player,108,Adam Webster,Webster,DEF,5,,A,,,https://resources.premierleague.com/premierleague25/photos/players/110x140/110735.png
2022-23-player-109,2022-23,player,109,Joël Veltman,Veltman,DEF,5,,A,,,https://resources.premierleague.com/premierleague25/photos/players/110x140/111478.png
2022-23-player-113,2022-23,player,113,Robert Sánchez,Sánchez,GKP,5,,A,,,https://resources.premierleague.com/premierleague25/photos/players/110x140/215059.png
2022-23-player-114,2022-23,player,114,Tariq Lamptey,Lamptey,DEF,5,,A,,,https://resources.premierleague.com/premierleague25/photos/players/110x140/232792.png
2022-23-player-115,2022-23,player,115,Steven Alzate,Alzate,MID,5,,A,,,https://resources.premierleague.com/premierleague25/photos/players/110x140/235382.png
2022-23-player-116,2022-23,player,116,Alexis Mac Allister,Mac Allister,MID,5,,A,,,https://resources.premierleague.com/premierleague25/photos/players/110x140/243016.png
2022-23-player-117,2022-23,player,117,Jakub Moder,Moder,MID,5,,A,,,https://resources.premierleague.com/premierleague25/photos/players/110x140/243505.png
2022-23-player-118,2022-23,player,118,Enock Mwepu,Mwepu,MID,5,,A,,,https://resources.premierleague.com/premierleague25/photos/players/110x140/423649.png
2022-23-player-119,2022-23,player,119,Jeremy Sarmiento Morante,Sarmiento,MID,5,,A,,,https://resources.premierleague.com/premierleague25/photos/players/110x140/441192.png
2022-23-player-120,2022-23,player,120,Moisés Caicedo Corozo,Caicedo,MID,5,,A,,,https://resources.premierleague.com/premierleague25/photos/players/110x140/486672.png
2022-23-player-121,2022-23,player,121,Taylor Richards,Richards,MID,5,,A,,,https://resources.premierleague.com/premierleague25/photos/players/110x140/209045.png
2022-23-player-122,2022-23,player,122,Haydon Roberts,Roberts,DEF,5,,A,,,https://resources.premierleague.com/premierleague25/photos/players/110x140/433589.png
2022-23-player-123,2022-23,player,123,Deniz Undav,Undav,FWD,5,,A,,,https://resources.premierleague.com/premierleague25/photos/players/110x140/450434.png
2022-23-player-124,2022-23,player,124,Kaoru Mitoma,Mitoma,MID,5,,A,,,https://resources.premierleague.com/premierleague25/photos/players/110x140/451340.png
2022-23-player-125,2022-23,player,125,Julio Enciso,Enciso,FWD,5,,A,,,https://resources.premierleague.com/premierleague25/photos/players/110x140/474120.png
2022-23-player-126,2022-23,player,126,Kacper Kozłowski,Kozłowski,MID,5,,A,,,https://resources.premierleague.com/premierleague25/photos/players/110x140/484658.png
2022-23-player-149,2022-23,player,149,Billy Gilmour,Gilmour,MID,5,,A,,,https://resources.premierleague.com/premierleague25/photos/players/110x140/243568.png
2022-23-player-542,2022-23,player,542,Kjell Scherpen,Scherpen,GKP,5,,A,,,https://resources.premierleague.com/premierleague25/photos/players/110x140/240514.png
2022-23-player-543,2022-23,player,543,Matt Clarke,Clarke,DEF,5,,A,,,https://resources.premierleague.com/premierleague25/photos/players/110x140/178173.png
2022-23-player-544,2022-23,player,544,Jan Paul van Hecke,Van Hecke,DEF,5,,A,,,https://resources.premierleague.com/premierleague25/photos/players/110x140/469142.png
2022-23-player-559,2022-23,player,559,Levi Colwill,Colwill,DEF,5,,A,,,https://resources.premierleague.com/premierleague25/photos/players/110x140/460028.png
2022-23-player-586,2022-23,player,586,Pervis Estupiñán,Estupiñán,DEF,5,,A,,,https://resources.premierleague.com/premierleague25/photos/players/110x140/204214.png
2022-23-player-596,2022-23,player,596,Evan Ferguson,Ferguson,FWD,5,,A,,,https://resources.premierleague.com/premierleague25/photos/players/110x140/487117.png
2022-23-player-640,2022-23,player,640,Ed Turns,Turns,DEF,5,,A,,,https://resources.premierleague.com/premierleague25/photos/players/110x140/448496.png
2022-23-player-651,2022-23,player,651,Andrew Moran,Moran,MID,5,,A,,,https://resources.premierleague.com/premierleague25/photos/players/110x140/513834.png
2022-23-player-652,2022-23,player,652,James Furlong,Furlong,DEF,5,,A,,,https://resources.premierleague.com/premierleague25/photos/players/110x140/440123.png
2022-23-player-677,2022-23,player,677,Jack Hinshelwood,Hinshelwood,MID,5,,A,,,https://resources.premierleague.com/premierleague25/photos/players/110x140/532529.png
2022-23-player-679,2022-23,player,679,Facundo Buonanotte,Buonanotte,MID,5,,A,,,https://resources.premierleague.com/premierleague25/photos/players/110x140/536916.png
2022-23-player-719,2022-23,player,719,Yasin Ayari,Ayari,MID,5,,A,,,https://resources.premierleague.com/premierleague25/photos/players/110x140/509416.png
2022-23-player-736,2022-23,player,736,Odeluga Offiah,Offiah,DEF,5,,A,,,https://resources.premierleague.com/premierleague25/photos/players/110x140/445548.png
2022-23-player-756,2022-23,player,756,Tom McGill,McGill,GKP,5,,A,,,https://resources.premierleague.com/premierleague25/photos/players/110x140/209288.png
2022-23-player-762,2022-23,player,762,Cameron Peupion,Peupion,MID,5,,A,,,https://resources.premierleague.com/premierleague25/photos/players/110x140/491598.png
2022-23-player-765,2022-23,player,765,Imari Samuels,Samuels,DEF,5,,A,,,https://resources.premierleague.com/premierleague25/photos/players/110x140/447720.png
2022-23-player-48,2022-23,player,48,Carney Chukwuemeka,Chukwuemeka,MID,6,,A,,,https://resources.premierleague.com/premierleague25/photos/players/110x140/478912.png
2022-23-player-112,2022-23,player,112,Marc Cucurella Saseta,Cucurella,DEF,6,,A,,,https://resources.premierleague.com/premierleague25/photos/players/110x140/179268.png
2022-23-player-127,2022-23,player,127,César Azpilicueta,Azpilicueta,DEF,6,,A,,,https://resources.premierleague.com/premierleague25/photos/players/110x140/41328.png
2022-23-player-128,2022-23,player,128,Thiago Emiliano da Silva,Thiago Silva,DEF,6,,A,,,https://resources.premierleague.com/premierleague25/photos/players/110x140/51090.png
2022-23-player-129,2022-23,player,129,Marcos Alonso,Alonso,DEF,6,,A,,,https://resources.premierleague.com/premierleague25/photos/players/110x140/82263.png
2022-23-player-131,2022-23,player,131,Ross Barkley,Barkley,MID,6,,A,,,https://resources.premierleague.com/premierleague25/photos/players/110x140/88894.png
2022-23-player-132,2022-23,player,132,Mateo Kovacic,Kovacic,MID,6,,A,,,https://resources.premierleague.com/premierleague25/photos/players/110x140/91651.png
2022-23-player-133,2022-23,player,133,Kepa Arrizabalaga,Arrizabalaga,GKP,6,,A,,,https://resources.premierleague.com/premierleague25/photos/players/110x140/109745.png
2022-23-player-134,2022-23,player,134,N'Golo Kanté,Kanté,MID,6,,A,,,https://resources.premierleague.com/premierleague25/photos/players/110x140/116594.png
2022-23-player-135,2022-23,player,135,Hakim Ziyech,Ziyech,MID,6,,A,,,https://resources.premierleague.com/premierleague25/photos/players/110x140/124183.png
2022-23-player-136,2022-23,player,136,Ruben Loftus-Cheek,Loftus-Cheek,MID,6,,A,,,https://resources.premierleague.com/premierleague25/photos/players/110x140/126187.png
2022-23-player-137,2022-23,player,137,Timo Werner,Werner,FWD,6,,A,,,https://resources.premierleague.com/premierleague25/photos/players/110x140/165153.png
2022-23-player-138,2022-23,player,138,Robert Kenedy Nunes do Nascimento,Kenedy,DEF,6,,A,,,https://resources.premierleague.com/premierleague25/photos/players/110x140/167767.png
2022-23-player-139,2022-23,player,139,Ben Chilwell,Chilwell,DEF,6,,A,,,https://resources.premierleague.com/premierleague25/photos/players/110x140/172850.png
2022-23-player-140,2022-23,player,140,Christian Pulisic,Pulisic,MID,6,,A,,,https://resources.premierleague.com/premierleague25/photos/players/110x140/176413.png
2022-23-player-141,2022-23,player,141,Trevoh Chalobah,Chalobah,DEF,6,,A,,,https://resources.premierleague.com/premierleague25/photos/players/110x140/180736.png
2022-23-player-142,2022-23,player,142,Mason Mount,Mount,MID,6,,A,,,https://resources.premierleague.com/premierleague25/photos/players/110x140/184341.png
2022-23-player-143,2022-23,player,143,Malang Sarr,Sarr,DEF,6,,A,,,https://resources.premierleague.com/premierleague25/photos/players/110x140/204727.png
2022-23-player-144,2022-23,player,144,Callum Hudson-Odoi,Hudson-Odoi,MID,6,,A,,,https://resources.premierleague.com/premierleague25/photos/players/110x140/209046.png
2022-23-player-145,2022-23,player,145,Kai Havertz,Havertz,FWD,6,,A,,,https://resources.premierleague.com/premierleague25/photos/players/110x140/219847.png
2022-23-player-146,2022-23,player,146,Reece James,James,DEF,6,,A,,,https://resources.premierleague.com/premierleague25/photos/players/110x140/225796.png
2022-23-player-147,2022-23,player,147,Edouard Mendy,Mendy,GKP,6,,A,,,https://resources.premierleague.com/premierleague25/photos/players/110x140/228286.png
2022-23-player-148,2022-23,player,148,Conor Gallagher,Gallagher,MID,6,,A,,,https://resources.premierleague.com/premierleague25/photos/players/110x140/232787.png
2022-23-player-150,2022-23,player,150,Armando Broja,Broja,FWD,6,,A,,,https://resources.premierleague.com/premierleague25/photos/players/110x140/440323.png
2022-23-player-151,2022-23,player,151,Ethan Ampadu,Ampadu,DEF,6,,A,,,https://resources.premierleague.com/premierleague25/photos/players/110x140/199598.png
2022-23-player-272,2022-23,player,272,Wesley Fofana,W.Fofana,DEF,6,,A,,,https://resources.premierleague.com/premierleague25/photos/players/110x140/444463.png
2022-23-player-304,2022-23,player,304,Raheem Sterling,Sterling,MID,6,,A,,,https://resources.premierleague.com/premierleague25/photos/players/110x140/103955.png
2022-23-player-520,2022-23,player,520,Kalidou Koulibaly,Koulibaly,DEF,6,,A,,,https://resources.premierleague.com/premierleague25/photos/players/110x140/86129.png
2022-23-player-606,2022-23,player,606,Harvey Vale,Vale,MID,6,,A,,,https://resources.premierleague.com/premierleague25/photos/players/110x140/491785.png
2022-23-player-616,2022-23,player,616,Denis Zakaria,Zakaria,MID,6,,A,,,https://resources.premierleague.com/premierleague25/photos/players/110x140/212701.png
2022-23-player-617,2022-23,player,617,Pierre-Emerick Aubameyang,Aubameyang,FWD,6,,A,,,https://resources.premierleague.com/premierleague25/photos/players/110x140/54694.png
2022-23-player-635,2022-23,player,635,Marcus Bettinelli,Bettinelli,GKP,6,,A,,,https://resources.premierleague.com/premierleague25/photos/players/110x140/122074.png
2022-23-player-653,2022-23,player,653,Omari Hutchinson,Hutchinson,MID,6,,A,,,https://resources.premierleague.com/premierleague25/photos/players/110x140/503301.png
2022-23-player-661,2022-23,player,661,Lewis Hall,Hall,MID,6,,A,,,https://resources.premierleague.com/premierleague25/photos/players/110x140/487838.png
2022-23-player-673,2022-23,player,673,Bashir Humphreys,Humphreys,DEF,6,,A,,,https://resources.premierleague.com/premierleague25/photos/players/110x140/461188.png
2022-23-player-684,2022-23,player,684,David Datro Fofana,D.D.Fofana,FWD,6,,A,,,https://resources.premierleague.com/premierleague25/photos/players/110x140/520295.png
2022-23-player-689,2022-23,player,689,Benoît Badiashile,Badiashile,DEF,6,,A,,,https://resources.premierleague.com/premierleague25/photos/players/110x140/242880.png
2022-23-player-690,2022-23,player,690,João Félix Sequeira,João Félix,FWD,6,,A,,,https://resources.premierleague.com/premierleague25/photos/players/110x140/428399.png
2022-23-player-699,2022-23,player,699,Mykhailo Mudryk,Mudryk,MID,6,,A,,,https://resources.premierleague.com/premierleague25/photos/players/110x140/465920.png
2022-23-player-702,2022-23,player,702,Andrey Nascimento dos Santos,Andrey Santos,MID,6,,A,,,https://resources.premierleague.com/premierleague25/photos/players/110x140/532605.png
2022-23-player-708,2022-23,player,708,Noni Madueke,Madueke,MID,6,,A,,,https://resources.premierleague.com/premierleague25/photos/players/110x140/248857.png
2022-23-player-724,2022-23,player,724,Enzo Fernández,Enzo,MID,6,,A,,,https://resources.premierleague.com/premierleague25/photos/players/110x140/448047.png
2022-23-player-771,2022-23,player,771,Ethan Wady,Wady,GKP,6,,A,,,https://resources.premierleague.com/premierleague25/photos/players/110x140/447107.png
2022-23-player-775,2022-23,player,775,Alfie Gilchrist,Gilchrist,DEF,6,,A,,,https://resources.premierleague.com/premierleague25/photos/players/110x140/514280.png
2022-23-player-18,2022-23,player,18,Albert Sambi Lokonga,Sambi,MID,7,,A,,,https://resources.premierleague.com/premierleague25/photos/players/110x140/437742.png
2022-23-player-152,2022-23,player,152,Vicente Guaita,Guaita,GKP,7,,A,,,https://resources.premierleague.com/premierleague25/photos/players/110x140/40836.png
2022-23-player-153,2022-23,player,153,James Tomkins,Tomkins,DEF,7,,A,,,https://resources.premierleague.com/premierleague25/photos/players/110x140/49413.png
2022-23-player-154,2022-23,player,154,James McArthur,McArthur,MID,7,,A,,,https://resources.premierleague.com/premierleague25/photos/players/110x140/50471.png
2022-23-player-155,2022-23,player,155,Christian Benteke,Benteke,FWD,7,,A,,,https://resources.premierleague.com/premierleague25/photos/players/110x140/54861.png
2022-23-player-156,2022-23,player,156,Joel Ward,Ward,DEF,7,,A,,,https://resources.premierleague.com/premierleague25/photos/players/110x140/55494.png
2022-23-player-157,2022-23,player,157,Nathaniel Clyne,Clyne,DEF,7,,A,,,https://resources.premierleague.com/premierleague25/photos/players/110x140/57328.png
2022-23-player-158,2022-23,player,158,Luka Milivojevic,Milivojevic,MID,7,,A,,,https://resources.premierleague.com/premierleague25/photos/players/110x140/66975.png
2022-23-player-159,2022-23,player,159,Jordan Ayew,J.Ayew,MID,7,,A,,,https://resources.premierleague.com/premierleague25/photos/players/110x140/80146.png
2022-23-player-160,2022-23,player,160,Wilfried Zaha,Zaha,MID,7,,A,,,https://resources.premierleague.com/premierleague25/photos/players/110x140/82403.png
2022-23-player-161,2022-23,player,161,Jeffrey Schlupp,Schlupp,MID,7,,A,,,https://resources.premierleague.com/premierleague25/photos/players/110x140/86417.png
2022-23-player-163,2022-23,player,163,Will Hughes,Hughes,MID,7,,A,,,https://resources.premierleague.com/premierleague25/photos/players/110x140/108413.png
2022-23-player-164,2022-23,player,164,Jairo Riedewald,Riedewald,MID,7,,A,,,https://resources.premierleague.com/premierleague25/photos/players/110x140/173954.png
2022-23-player-165,2022-23,player,165,Joachim Andersen,Andersen,DEF,7,,A,,,https://resources.premierleague.com/premierleague25/photos/players/110x140/174874.png
2022-23-player-166,2022-23,player,166,Odsonne Edouard,Edouard,FWD,7,,A,,,https://resources.premierleague.com/premierleague25/photos/players/110x140/199670.png
2022-23-player-167,2022-23,player,167,Marc Guéhi,Guéhi,DEF,7,,A,,,https://resources.premierleague.com/premierleague25/photos/players/110x140/209036.png
2022-23-player-168,2022-23,player,168,Jean-Philippe Mateta,Mateta,FWD,7,,A,,,https://resources.premierleague.com/premierleague25/photos/players/110x140/231747.png
2022-23-player-169,2022-23,player,169,Eberechi Eze,Eze,MID,7,,A,,,https://resources.premierleague.com/premierleague25/photos/players/110x140/232413.png
2022-23-player-170,2022-23,player,170,Tyrick Mitchell,Mitchell,DEF,7,,A,,,https://resources.premierleague.com/premierleague25/photos/players/110x140/244723.png
2022-23-player-171,2022-23,player,171,Michael Olise,Olise,MID,7,,A,,,https://resources.premierleague.com/premierleague25/photos/players/110x140/443661.png
2022-23-player-172,2022-23,player,172,Jesurun Rak-Sakyi,Rak-Sakyi,MID,7,,A,,,https://resources.premierleague.com/premierleague25/photos/players/110x140/450542.png
2022-23-player-173,2022-23,player,173,Malcolm Ebiowei,Ebiowei,MID,7,,A,,,https://resources.premierleague.com/premierleague25/photos/players/110x140/450535.png
2022-23-player-174,2022-23,player,174,Nathan Ferguson,Ferguson,DEF,7,,A,,,https://resources.premierleague.com/premierleague25/photos/players/110x140/232423.png
2022-23-player-175,2022-23,player,175,Sam Johnstone,Johnstone,GKP,7,,A,,,https://resources.premierleague.com/premierleague25/photos/players/110x140/101982.png
2022-23-player-495,2022-23,player,495,Remi Matthews,Matthews,GKP,7,,A,,,https://resources.premierleague.com/premierleague25/photos/players/110x140/169593.png
2022-23-player-496,2022-23,player,496,Luke Plange,Plange,FWD,7,,A,,,https://resources.premierleague.com/premierleague25/photos/players/110x140/450541.png
2022-23-player-514,2022-23,player,514,Cheick Doucouré,C.Doucouré,MID,7,,A,,,https://resources.premierleague.com/premierleague25/photos/players/110x140/438464.png
2022-23-player-530,2022-23,player,530,Chris Richards,Richards,DEF,7,,A,,,https://resources.premierleague.com/premierleague25/photos/players/110x140/427623.png
2022-23-player-590,2022-23,player,590,Joseph Whitworth,Whitworth,GKP,7,,A,,,https://resources.premierleague.com/premierleague25/photos/players/110x140/487818.png
2022-23-player-601,2022-23,player,601,Kaden Rodney,Rodney,MID,7,,A,,,https://resources.premierleague.com/premierleague25/photos/players/110x140/530318.png
2022-23-player-604,2022-23,player,604,Killian Phillips,Phillips,MID,7,,A,,,https://resources.premierleague.com/premierleague25/photos/players/110x140/532135.png
2022-23-player-634,2022-23,player,634,John-Kymani Gordon,Gordon,FWD,7,,A,,,https://resources.premierleague.com/premierleague25/photos/players/110x140/461382.png
2022-23-player-642,2022-23,player,642,Kofi Balmer,Balmer,DEF,7,,A,,,https://resources.premierleague.com/premierleague25/photos/players/110x140/422287.png
2022-23-player-644,2022-23,player,644,Owen Goodman,Goodman,GKP,7,,A,,,https://resources.premierleague.com/premierleague25/photos/players/110x140/515496.png
2022-23-player-654,2022-23,player,654,Jack Wells-Morrison,Wells-Morrison,MID,7,,A,,,https://resources.premierleague.com/premierleague25/photos/players/110x140/515503.png
2022-23-player-676,2022-23,player,676,David Ozoh,Ozoh,MID,7,,A,,,https://resources.premierleague.com/premierleague25/photos/players/110x140/531989.png
2022-23-player-725,2022-23,player,725,Naouirou Ahamada,Ahamada,MID,7,,A,,,https://resources.premierleague.com/premierleague25/photos/players/110x140/466117.png
2022-23-player-766,2022-23,player,766,Tayo Adaramola,Adaramola,DEF,7,,A,,,https://resources.premierleague.com/premierleague25/photos/players/110x140/501468.png
2022-23-player-110,2022-23,player,110,Neal Maupay,Maupay,FWD,8,,A,,,https://resources.premierleague.com/premierleague25/photos/players/110x140/115382.png
2022-23-player-176,2022-23,player,176,Asmir Begović,Begović,GKP,8,,A,,,https://resources.premierleague.com/premierleague25/photos/players/110x140/40349.png
2022-23-player-177,2022-23,player,177,Salomón Rondón,Rondón,FWD,8,,A,,,https://resources.premierleague.com/premierleague25/photos/players/110x140/57134.png
2022-23-player-178,2022-23,player,178,Seamus Coleman,Coleman,DEF,8,,A,,,https://resources.premierleague.com/premierleague25/photos/players/110x140/59949.png
2022-23-player-179,2022-23,player,179,Andros Townsend,Townsend,MID,8,,A,,,https://resources.premierleague.com/premierleague25/photos/players/110x140/60252.png
2022-23-player-180,2022-23,player,180,Michael Keane,Keane,DEF,8,,A,,,https://resources.premierleague.com/premierleague25/photos/players/110x140/106611.png
2022-23-player-181,2022-23,player,181,Dele Alli,Dele,MID,8,,A,,,https://resources.premierleague.com/premierleague25/photos/players/110x140/108823.png
2022-23-player-182,2022-23,player,182,Jordan Pickford,Pickford,GKP,8,,A,,,https://resources.premierleague.com/premierleague25/photos/players/110x140/111234.png
2022-23-player-183,2022-23,player,183,Allan Marques Loureiro,Allan,MID,8,,A,,,https://resources.premierleague.com/premierleague25/photos/players/110x140/119765.png
2022-23-player-184,2022-23,player,184,André Tavares Gomes,André Gomes,MID,8,,A,,,https://resources.premierleague.com/premierleague25/photos/players/110x140/120250.png
2022-23-player-185,2022-23,player,185,Abdoulaye Doucouré,A.Doucouré,MID,8,,A,,,https://resources.premierleague.com/premierleague25/photos/players/110x140/121599.png
2022-23-player-186,2022-23,player,186,Alex Iwobi,Iwobi,MID,8,,A,,,https://resources.premierleague.com/premierleague25/photos/players/110x140/153133.png
2022-23-player-187,2022-23,player,187,Jean-Philippe Gbamin,Gbamin,MID,8,,A,,,https://resources.premierleague.com/premierleague25/photos/players/110x140/160987.png
2022-23-player-188,2022-23,player,188,Yerry Mina,Mina,DEF,8,,A,,,https://resources.premierleague.com/premierleague25/photos/players/110x140/164511.png
2022-23-player-189,2022-23,player,189,Demarai Gray,Gray,MID,8,,A,,,https://resources.premierleague.com/premierleague25/photos/players/110x140/172632.png
2022-23-player-190,2022-23,player,190,Tom Davies,Davies,MID,8,,A,,,https://resources.premierleague.com/premierleague25/photos/players/110x140/173807.png
2022-23-player-191,2022-23,player,191,Dominic Calvert-Lewin,Calvert-Lewin,FWD,8,,A,,,https://resources.premierleague.com/premierleague25/photos/players/110x140/177815.png
2022-23-player-192,2022-23,player,192,Mason Holgate,Holgate,DEF,8,,A,,,https://resources.premierleague.com/premierleague25/photos/players/110x140/194164.png
2022-23-player-193,2022-23,player,193,Ben Godfrey,Godfrey,DEF,8,,A,,,https://resources.premierleague.com/premierleague25/photos/players/110x140/198826.png
2022-23-player-194,2022-23,player,194,Vitalii Mykolenko,Mykolenko,DEF,8,,A,,,https://resources.premierleague.com/premierleague25/photos/players/110x140/224967.png
2022-23-player-196,2022-23,player,196,Jarrad Branthwaite,Branthwaite,DEF,8,,A,,,https://resources.premierleague.com/premierleague25/photos/players/110x140/480455.png
2022-23-player-197,2022-23,player,197,Nathan Patterson,Patterson,DEF,8,,A,,,https://resources.premierleague.com/premierleague25/photos/players/110x140/243571.png
2022-23-player-198,2022-23,player,198,Niels Nkounkou,Nkounkou,DEF,8,,A,,,https://resources.premierleague.com/premierleague25/photos/players/110x140/495542.png
2022-23-player-199,2022-23,player,199,James Tarkowski,Tarkowski,DEF,8,,A,,,https://resources.premierleague.com/premierleague25/photos/players/110x140/17761.png
2022-23-player-475,2022-23,player,475,Conor Coady,Coady,DEF,8,,A,,,https://resources.premierleague.com/premierleague25/photos/players/110x140/94147.png
2022-23-player-531,2022-23,player,531,Rúben Nascimento Vinagre,Vinagre,DEF,8,,A,,,https://resources.premierleague.com/premierleague25/photos/players/110x140/216054.png
2022-23-player-534,2022-23,player,534,Dwight McNeil,McNeil,MID,8,,A,,,https://resources.premierleague.com/premierleague25/photos/players/110x140/433154.png
2022-23-player-560,2022-23,player,560,Stanley Mills,Mills,MID,8,,A,,,https://resources.premierleague.com/premierleague25/photos/players/110x140/510328.png
2022-23-player-561,2022-23,player,561,Lewis Warrington,Warrington,MID,8,,A,,,https://resources.premierleague.com/premierleague25/photos/players/110x140/461453.png
2022-23-player-570,2022-23,player,570,James Garner,Garner,MID,8,,A,,,https://resources.premierleague.com/premierleague25/photos/players/110x140/232928.png
2022-23-player-577,2022-23,player,577,Amadou Onana,Onana,MID,8,,A,,,https://resources.premierleague.com/premierleague25/photos/players/110x140/449871.png
2022-23-player-605,2022-23,player,605,Reece Welch,Welch,DEF,8,,A,,,https://resources.premierleague.com/premierleague25/photos/players/110x140/474907.png
2022-23-player-611,2022-23,player,611,Idrissa Gueye,Gueye,MID,8,,A,,,https://resources.premierleague.com/premierleague25/photos/players/110x140/80801.png
2022-23-player-627,2022-23,player,627,Eldin Jakupovic,Jakupović,GKP,8,,A,,,https://resources.premierleague.com/premierleague25/photos/players/110x140/11974.png
2022-23-player-637,2022-23,player,637,Kyle John,John,DEF,8,,A,,,https://resources.premierleague.com/premierleague25/photos/players/110x140/232829.png
2022-23-player-662,2022-23,player,662,Thomas Cannon,Cannon,FWD,8,,A,,,https://resources.premierleague.com/premierleague25/photos/players/110x140/461416.png
2022-23-player-678,2022-23,player,678,Isaac Price,Price,MID,8,,A,,,https://resources.premierleague.com/premierleague25/photos/players/110x140/491559.png
2022-23-player-686,2022-23,player,686,Ellis Simms,Simms,FWD,8,,A,,,https://resources.premierleague.com/premierleague25/photos/players/110x140/218997.png
2022-23-player-757,2022-23,player,757,Ishé Samuels-Smith,Samuels-Smith,DEF,8,,A,,,https://resources.premierleague.com/premierleague25/photos/players/110x140/536238.png
2022-23-player-760,2022-23,player,760,Andy Lonergan,Lonergan,GKP,8,,A,,,https://resources.premierleague.com/premierleague25/photos/players/110x140/11948.png
2022-23-player-768,2022-23,player,768,Sean McAllister,McAllister,MID,8,,A,,,https://resources.premierleague.com/premierleague25/photos/players/110x140/486623.png
2022-23-player-1,2022-23,player,1,Cédric Alves Soares,Cédric,DEF,9,,A,,,https://resources.premierleague.com/premierleague25/photos/players/110x140/58822.png
2022-23-player-2,2022-23,player,2,Bernd Leno,Leno,GKP,9,,A,,,https://resources.premierleague.com/premierleague25/photos/players/110x140/80201.png
2022-23-player-105,2022-23,player,105,Shane Duffy,Duffy,DEF,9,,A,,,https://resources.premierleague.com/premierleague25/photos/players/110x140/61933.png
2022-23-player-200,2022-23,player,200,Tom Cairney,Cairney,MID,9,,A,,,https://resources.premierleague.com/premierleague25/photos/players/110x140/76357.png
2022-23-player-201,2022-23,player,201,Tim Ream,Ream,DEF,9,,A,,,https://resources.premierleague.com/premierleague25/photos/players/110x140/82514.png
2022-23-player-202,2022-23,player,202,Anthony Knockaert,Knockaert,MID,9,,A,,,https://resources.premierleague.com/premierleague25/photos/players/110x140/83543.png
2022-23-player-203,2022-23,player,203,Nathaniel Chalobah,Chalobah,MID,9,,A,,,https://resources.premierleague.com/premierleague25/photos/players/110x140/89085.png
2022-23-player-204,2022-23,player,204,Neeskens Kebano,Kebano,MID,9,,A,,,https://resources.premierleague.com/premierleague25/photos/players/110x140/92259.png
2022-23-player-205,2022-23,player,205,Bobby De Cordova-Reid,De Cordova-Reid,MID,9,,A,,,https://resources.premierleague.com/premierleague25/photos/players/110x140/96994.png
2022-23-player-206,2022-23,player,206,Joe Bryan,Bryan,DEF,9,,A,,,https://resources.premierleague.com/premierleague25/photos/players/110x140/101105.png
2022-23-player-207,2022-23,player,207,Paulo Gazzaniga Farias,Gazzaniga,GKP,9,,A,,,https://resources.premierleague.com/premierleague25/photos/players/110x140/102884.png
2022-23-player-208,2022-23,player,208,Terence Kongolo,Kongolo,DEF,9,,A,,,https://resources.premierleague.com/premierleague25/photos/players/110x140/109434.png
2022-23-player-209,2022-23,player,209,Tosin Adarabioyo,Tosin,DEF,9,,A,,,https://resources.premierleague.com/premierleague25/photos/players/110x140/109646.png
2022-23-player-210,2022-23,player,210,Aleksandar Mitrović,Mitrović,FWD,9,,A,,,https://resources.premierleague.com/premierleague25/photos/players/110x140/128389.png
2022-23-player-211,2022-23,player,211,Harrison Reed,Reed,MID,9,,A,,,https://resources.premierleague.com/premierleague25/photos/players/110x140/153366.png
2022-23-player-212,2022-23,player,212,Harry Wilson,Wilson,MID,9,,A,,,https://resources.premierleague.com/premierleague25/photos/players/110x140/153682.png
2022-23-player-213,2022-23,player,213,Marek Rodák,Rodák,GKP,9,,A,,,https://resources.premierleague.com/premierleague25/photos/players/110x140/155529.png
2022-23-player-214,2022-23,player,214,Ivan Neves Abreu Cavaleiro,Cavaleiro,MID,9,,A,,,https://resources.premierleague.com/premierleague25/photos/players/110x140/166324.png
2022-23-player-215,2022-23,player,215,Kenny Tete,Tete,DEF,9,,A,,,https://resources.premierleague.com/premierleague25/photos/players/110x140/167074.png
2022-23-player-216,2022-23,player,216,Josh Onomah,Onomah,MID,9,,A,,,https://resources.premierleague.com/premierleague25/photos/players/110x140/168765.png
2022-23-player-217,2022-23,player,217,Antonee Robinson,Robinson,DEF,9,,A,,,https://resources.premierleague.com/premierleague25/photos/players/110x140/169528.png
2022-23-player-218,2022-23,player,218,Rodrigo Muniz Carvalho,Muniz,FWD,9,,A,,,https://resources.premierleague.com/premierleague25/photos/players/110x140/244042.png
2022-23-player-219,2022-23,player,219,Jay Stansfield,Stansfield,FWD,9,,A,,,https://resources.premierleague.com/premierleague25/photos/players/110x140/490146.png
2022-23-player-220,2022-23,player,220,João Palhinha Gonçalves,Palhinha,MID,9,,A,,,https://resources.premierleague.com/premierleague25/photos/players/110x140/154296.png
2022-23-player-231,2022-23,player,231,Daniel James,James,MID,9,,A,,,https://resources.premierleague.com/premierleague25/photos/players/110x140/200617.png
2022-23-player-346,2022-23,player,346,Andreas Hoelgebaum Pereira,Andreas,MID,9,,A,,,https://resources.premierleague.com/premierleague25/photos/players/110x140/156689.png
2022-23-player-470,2022-23,player,470,Issa Diop,Diop,DEF,9,,A,,,https://resources.premierleague.com/premierleague25/photos/players/110x140/219924.png
2022-23-player-521,2022-23,player,521,Tyrese Francois,Francois,MID,9,,A,,,https://resources.premierleague.com/premierleague25/photos/players/110x140/432931.png
2022-23-player-532,2022-23,player,532,Kevin Mbabu,Mbabu,DEF,9,,A,,,https://resources.premierleague.com/premierleague25/photos/players/110x140/120721.png
2022-23-player-546,2022-23,player,546,Luke Harris,Harris,MID,9,,A,,,https://resources.premierleague.com/premierleague25/photos/players/110x140/515024.png
2022-23-player-562,2022-23,player,562,Manor Solomon,Solomon,MID,9,,A,,,https://resources.premierleague.com/premierleague25/photos/players/110x140/235674.png
2022-23-player-591,2022-23,player,591,Terry Ablade,Ablade,FWD,9,,A,,,https://resources.premierleague.com/premierleague25/photos/players/110x140/247664.png
2022-23-player-613,2022-23,player,613,Layvin Kurzawa,Kurzawa,DEF,9,,A,,,https://resources.premierleague.com/premierleague25/photos/players/110x140/89068.png
2022-23-player-614,2022-23,player,614,Willian Borges da Silva,Willian,MID,9,,A,,,https://resources.premierleague.com/premierleague25/photos/players/110x140/47431.png
2022-23-player-618,2022-23,player,618,Carlos Vinícius Alves Morais,Vinícius,FWD,9,,A,,,https://resources.premierleague.com/premierleague25/photos/players/110x140/245824.png
2022-23-player-636,2022-23,player,636,Stefan Parkes,Parkes,DEF,9,,A,,,https://resources.premierleague.com/premierleague25/photos/players/110x140/478227.png
2022-23-player-641,2022-23,player,641,Martial Godo,Godo,MID,9,,A,,,https://resources.premierleague.com/premierleague25/photos/players/110x140/573062.png
2022-23-player-667,2022-23,player,667,Kristian Sekularac,Sekularac,MID,9,,A,,,https://resources.premierleague.com/premierleague25/photos/players/110x140/511504.png
2022-23-player-726,2022-23,player,726,Sasa Lukic,Lukic,MID,9,,A,,,https://resources.premierleague.com/premierleague25/photos/players/110x140/212314.png
2022-23-player-747,2022-23,player,747,George Wickens,Wickens,GKP,9,,A,,,https://resources.premierleague.com/premierleague25/photos/players/110x140/235449.png
2022-23-player-750,2022-23,player,750,Charlie Robinson,C.Robinson,DEF,9,,A,,,https://resources.premierleague.com/premierleague25/photos/players/110x140/547673.png
2022-23-player-763,2022-23,player,763,Matthew Dibley-Dias,Dibley-Dias,MID,9,,A,,,https://resources.premierleague.com/premierleague25/photos/players/110x140/515023.png
2022-23-player-248,2022-23,player,248,Kasper Schmeichel,Schmeichel,GKP,10,,A,,,https://resources.premierleague.com/premierleague25/photos/players/110x140/17745.png
2022-23-player-249,2022-23,player,249,Jonny Evans,Evans,DEF,10,,A,,,https://resources.premierleague.com/premierleague25/photos/players/110x140/37642.png
2022-23-player-250,2022-23,player,250,Ryan Bertrand,Bertrand,DEF,10,,A,,,https://resources.premierleague.com/premierleague25/photos/players/110x140/40146.png
2022-23-player-251,2022-23,player,251,Marc Albrighton,Albrighton,MID,10,,A,,,https://resources.premierleague.com/premierleague25/photos/players/110x140/51938.png
2022-23-player-252,2022-23,player,252,Nampalys Mendy,Mendy,MID,10,,A,,,https://resources.premierleague.com/premierleague25/photos/players/110x140/86881.png
2022-23-player-253,2022-23,player,253,Jannik Vestergaard,Vestergaard,DEF,10,,A,,,https://resources.premierleague.com/premierleague25/photos/players/110x140/93100.png
2022-23-player-254,2022-23,player,254,Danny Ward,Ward,GKP,10,,A,,,https://resources.premierleague.com/premierleague25/photos/players/110x140/95463.png
2022-23-player-255,2022-23,player,255,Jamie Vardy,Vardy,FWD,10,,A,,,https://resources.premierleague.com/premierleague25/photos/players/110x140/101668.png
2022-23-player-256,2022-23,player,256,Ricardo Barbosa Pereira,Ricardo,DEF,10,,A,,,https://resources.premierleague.com/premierleague25/photos/players/110x140/111931.png
2022-23-player-257,2022-23,player,257,Daniel Amartey,Amartey,DEF,10,,A,,,https://resources.premierleague.com/premierleague25/photos/players/110x140/155569.png
2022-23-player-258,2022-23,player,258,Timothy Castagne,Castagne,DEF,10,,A,,,https://resources.premierleague.com/premierleague25/photos/players/110x140/166477.png
2022-23-player-259,2022-23,player,259,Youri Tielemans,Tielemans,MID,10,,A,,,https://resources.premierleague.com/premierleague25/photos/players/110x140/166989.png
2022-23-player-260,2022-23,player,260,Ayoze Pérez,Pérez,MID,10,,A,,,https://resources.premierleague.com/premierleague25/photos/players/110x140/168580.png
2022-23-player-261,2022-23,player,261,James Maddison,Maddison,MID,10,,A,,,https://resources.premierleague.com/premierleague25/photos/players/110x140/172780.png
2022-23-player-262,2022-23,player,262,Kelechi Iheanacho,Iheanacho,FWD,10,,A,,,https://resources.premierleague.com/premierleague25/photos/players/110x140/173515.png
2022-23-player-263,2022-23,player,263,Hamza Choudhury,Choudhury,MID,10,,A,,,https://resources.premierleague.com/premierleague25/photos/players/110x140/197469.png
2022-23-player-264,2022-23,player,264,Harvey Barnes,Barnes,MID,10,,A,,,https://resources.premierleague.com/premierleague25/photos/players/110x140/201666.png
2022-23-player-265,2022-23,player,265,Wilfred Ndidi,Ndidi,MID,10,,A,,,https://resources.premierleague.com/premierleague25/photos/players/110x140/203341.png
2022-23-player-266,2022-23,player,266,Kiernan Dewsbury-Hall,Dewsbury-Hall,MID,10,,A,,,https://resources.premierleague.com/premierleague25/photos/players/110x140/215413.png
2022-23-player-267,2022-23,player,267,Çaglar Söyüncü,Söyüncü,DEF,10,,A,,,https://resources.premierleague.com/premierleague25/photos/players/110x140/218031.png
2022-23-player-268,2022-23,player,268,James Justin,Justin,DEF,10,,A,,,https://resources.premierleague.com/premierleague25/photos/players/110x140/220627.png
2022-23-player-269,2022-23,player,269,Boubakary Soumaré,Soumaré,MID,10,,A,,,https://resources.premierleague.com/premierleague25/photos/players/110x140/225902.png
2022-23-player-270,2022-23,player,270,Luke Thomas,Thomas,DEF,10,,A,,,https://resources.premierleague.com/premierleague25/photos/players/110x140/244619.png
2022-23-player-271,2022-23,player,271,Patson Daka,Daka,FWD,10,,A,,,https://resources.premierleague.com/premierleague25/photos/players/110x140/245419.png
2022-23-player-273,2022-23,player,273,Lewis Brunt,Brunt,DEF,10,,A,,,https://resources.premierleague.com/premierleague25/photos/players/110x140/232620.png
2022-23-player-548,2022-23,player,548,Daniel Iversen,Iversen,GKP,10,,A,,,https://resources.premierleague.com/premierleague25/photos/players/110x140/207270.png
2022-23-player-549,2022-23,player,549,Dennis Praet,Praet,MID,10,,A,,,https://resources.premierleague.com/premierleague25/photos/players/110x140/106837.png
2022-23-player-581,2022-23,player,581,Alex Smithies,Smithies,GKP,10,,A,,,https://resources.premierleague.com/premierleague25/photos/players/110x140/45220.png
2022-23-player-612,2022-23,player,612,Wout Faes,Faes,DEF,10,,A,,,https://resources.premierleague.com/premierleague25/photos/players/110x140/218218.png
2022-23-player-639,2022-23,player,639,Sammy Braybrooke,Braybrooke,MID,10,,A,,,https://resources.premierleague.com/premierleague25/photos/players/110x140/519223.png
2022-23-player-645,2022-23,player,645,Joe Wormleighton,Wormleighton,DEF,10,,A,,,https://resources.premierleague.com/premierleague25/photos/players/110x140/514284.png
2022-23-player-687,2022-23,player,687,Kasey McAteer,McAteer,MID,10,,A,,,https://resources.premierleague.com/premierleague25/photos/players/110x140/461587.png
2022-23-player-709,2022-23,player,709,Victor Kristiansen,Kristiansen,DEF,10,,A,,,https://resources.premierleague.com/premierleague25/photos/players/110x140/481510.png
2022-23-player-715,2022-23,player,715,Mateus Cardoso Lemos Martins,Tetê,MID,10,,A,,,https://resources.premierleague.com/premierleague25/photos/players/110x140/225295.png
2022-23-player-727,2022-23,player,727,Harry Souttar,Souttar,DEF,10,,A,,,https://resources.premierleague.com/premierleague25/photos/players/110x140/194190.png
2022-23-player-735,2022-23,player,735,Wanya Marçal-Madivadua,Marçal-Madivadua,MID,10,,A,,,https://resources.premierleague.com/premierleague25/photos/players/110x140/461584.png
2022-23-player-221,2022-23,player,221,Liam Cooper,Cooper,DEF,11,,A,,,https://resources.premierleague.com/premierleague25/photos/players/110x140/55914.png
2022-23-player-222,2022-23,player,222,Luke Ayling,Ayling,DEF,11,,A,,,https://resources.premierleague.com/premierleague25/photos/players/110x140/66588.png
2022-23-player-223,2022-23,player,223,Mateusz Klich,Klich,MID,11,,A,,,https://resources.premierleague.com/premierleague25/photos/players/110x140/72222.png
2022-23-player-224,2022-23,player,224,Adam Forshaw,Forshaw,MID,11,,A,,,https://resources.premierleague.com/premierleague25/photos/players/110x140/80179.png
2022-23-player-225,2022-23,player,225,Rodrigo Moreno,Rodrigo,MID,11,,A,,,https://resources.premierleague.com/premierleague25/photos/players/110x140/80954.png
2022-23-player-226,2022-23,player,226,Stuart Dallas,Dallas,DEF,11,,A,,,https://resources.premierleague.com/premierleague25/photos/players/110x140/87873.png
2022-23-player-227,2022-23,player,227,Patrick Bamford,Bamford,FWD,11,,A,,,https://resources.premierleague.com/premierleague25/photos/players/110x140/106617.png
2022-23-player-228,2022-23,player,228,Diego Llorente,Llorente,DEF,11,,A,,,https://resources.premierleague.com/premierleague25/photos/players/110x140/149915.png
2022-23-player-229,2022-23,player,229,Tyler Roberts,Roberts,MID,11,,A,,,https://resources.premierleague.com/premierleague25/photos/players/110x140/173821.png
2022-23-player-230,2022-23,player,230,Robin Koch,Koch,DEF,11,,A,,,https://resources.premierleague.com/premierleague25/photos/players/110x140/193645.png
2022-23-player-232,2022-23,player,232,Raphael Dias Belloli,Raphinha,MID,11,,A,,,https://resources.premierleague.com/premierleague25/photos/players/110x140/219961.png
2022-23-player-233,2022-23,player,233,Jack Harrison,Harrison,MID,11,,A,,,https://resources.premierleague.com/premierleague25/photos/players/110x140/221399.png
2022-23-player-234,2022-23,player,234,Jamie Shackleton,Shackleton,MID,11,,A,,,https://resources.premierleague.com/premierleague25/photos/players/110x140/221610.png
2022-23-player-235,2022-23,player,235,Pascal Struijk,Struijk,DEF,11,,A,,,https://resources.premierleague.com/premierleague25/photos/players/110x140/222694.png
2022-23-player-236,2022-23,player,236,Kristoffer Klaesson,Klaesson,GKP,11,,A,,,https://resources.premierleague.com/premierleague25/photos/players/110x140/223081.png
2022-23-player-237,2022-23,player,237,Sam Greenwood,Greenwood,FWD,11,,A,,,https://resources.premierleague.com/premierleague25/photos/players/110x140/248937.png
2022-23-player-238,2022-23,player,238,Illan Meslier,Meslier,GKP,11,,A,,,https://resources.premierleague.com/premierleague25/photos/players/110x140/437495.png
2022-23-player-239,2022-23,player,239,Junior Firpo Adames,Firpo,DEF,11,,A,,,https://resources.premierleague.com/premierleague25/photos/players/110x140/443967.png
2022-23-player-240,2022-23,player,240,Crysencio Summerville,Summerville,MID,11,,A,,,https://resources.premierleague.com/premierleague25/photos/players/110x140/450070.png
2022-23-player-241,2022-23,player,241,Lewis Bate,Bate,MID,11,,A,,,https://resources.premierleague.com/premierleague25/photos/players/110x140/450529.png
2022-23-player-242,2022-23,player,242,Joe Gelhardt,Gelhardt,FWD,11,,A,,,https://resources.premierleague.com/premierleague25/photos/players/110x140/462635.png
2022-23-player-243,2022-23,player,243,Leo Fuhr Hjelde,Hjelde,DEF,11,,A,,,https://resources.premierleague.com/premierleague25/photos/players/110x140/477547.png
2022-23-player-244,2022-23,player,244,Rasmus Kristensen,Kristensen,DEF,11,,A,,,https://resources.premierleague.com/premierleague25/photos/players/110x140/224209.png
2022-23-player-245,2022-23,player,245,Marc Roca Junqué,Roca,MID,11,,A,,,https://resources.premierleague.com/premierleague25/photos/players/110x140/234370.png
2022-23-player-246,2022-23,player,246,Brenden Aaronson,Aaronson,MID,11,,A,,,https://resources.premierleague.com/premierleague25/photos/players/110x140/427637.png
2022-23-player-247,2022-23,player,247,Darko Gyabi,Gyabi,MID,11,,A,,,https://resources.premierleague.com/premierleague25/photos/players/110x140/470294.png
2022-23-player-506,2022-23,player,506,Tyler Adams,Adams,MID,11,,A,,,https://resources.premierleague.com/premierleague25/photos/players/110x140/200785.png
2022-23-player-508,2022-23,player,508,Luis Sinisterra Lucumí,Sinisterra,MID,11,,A,,,https://resources.premierleague.com/premierleague25/photos/players/110x140/224995.png
2022-23-player-547,2022-23,player,547,Cody Drameh,Drameh,DEF,11,,A,,,https://resources.premierleague.com/premierleague25/photos/players/110x140/433590.png
2022-23-player-565,2022-23,player,565,Archie Gray,Gray,MID,11,,A,,,https://resources.premierleague.com/premierleague25/photos/players/110x140/547701.png
2022-23-player-578,2022-23,player,578,Joel Robles,Robles,GKP,11,,A,,,https://resources.premierleague.com/premierleague25/photos/players/110x140/78315.png
2022-23-player-619,2022-23,player,619,Wilfried Gnonto,Gnonto,FWD,11,,A,,,https://resources.premierleague.com/premierleague25/photos/players/110x140/492859.png
2022-23-player-659,2022-23,player,659,Mateo Joseph Fernández,Mateo Joseph,FWD,11,,A,,,https://resources.premierleague.com/premierleague25/photos/players/110x140/565297.png
2022-23-player-663,2022-23,player,663,Sonny Perkins,Perkins,FWD,11,,A,,,https://resources.premierleague.com/premierleague25/photos/players/110x140/496228.png
2022-23-player-691,2022-23,player,691,Maximilian Wöber,Wöber,DEF,11,,A,,,https://resources.premierleague.com/premierleague25/photos/players/110x140/220087.png
2022-23-player-700,2022-23,player,700,Georginio Rutter,Rutter,FWD,11,,A,,,https://resources.premierleague.com/premierleague25/photos/players/110x140/463067.png
2022-23-player-720,2022-23,player,720,Weston McKennie,McKennie,MID,11,,A,,,https://resources.premierleague.com/premierleague25/photos/players/110x140/241519.png
2022-23-player-742,2022-23,player,742,Jeremiah Chilokoa-Mullen,Chilokoa-Mullen,DEF,11,,A,,,https://resources.premierleague.com/premierleague25/photos/players/110x140/470296.png
2022-23-player-743,2022-23,player,743,Diogo Pinheiro Monteiro,Monteiro,DEF,11,,A,,,https://resources.premierleague.com/premierleague25/photos/players/110x140/491008.png
2022-23-player-274,2022-23,player,274,James Milner,Milner,MID,12,,A,,,https://resources.premierleague.com/premierleague25/photos/players/110x140/15157.png
2022-23-player-275,2022-23,player,275,Jordan Henderson,Henderson,MID,12,,A,,,https://resources.premierleague.com/premierleague25/photos/players/110x140/56979.png
2022-23-player-276,2022-23,player,276,Joel Matip,Matip,DEF,12,,A,,,https://resources.premierleague.com/premierleague25/photos/players/110x140/60914.png
2022-23-player-277,2022-23,player,277,Thiago Alcántara do Nascimento,Thiago,MID,12,,A,,,https://resources.premierleague.com/premierleague25/photos/players/110x140/61558.png
2022-23-player-278,2022-23,player,278,Alex Oxlade-Chamberlain,Chamberlain,MID,12,,A,,,https://resources.premierleague.com/premierleague25/photos/players/110x140/81880.png
2022-23-player-279,2022-23,player,279,Roberto Firmino,Firmino,FWD,12,,A,,,https://resources.premierleague.com/premierleague25/photos/players/110x140/92217.png
2022-23-player-280,2022-23,player,280,Virgil van Dijk,Van Dijk,DEF,12,,A,,,https://resources.premierleague.com/premierleague25/photos/players/110x140/97032.png
2022-23-player-281,2022-23,player,281,Alisson Ramses Becker,Alisson,GKP,12,,A,,,https://resources.premierleague.com/premierleague25/photos/players/110x140/116535.png
2022-23-player-282,2022-23,player,282,Fabio Henrique Tavares,Fabinho,MID,12,,A,,,https://resources.premierleague.com/premierleague25/photos/players/110x140/116643.png
2022-23-player-283,2022-23,player,283,Mohamed Salah,Salah,MID,12,,A,,,https://resources.premierleague.com/premierleague25/photos/players/110x140/118748.png
2022-23-player-284,2022-23,player,284,Andrew Robertson,Robertson,DEF,12,,A,,,https://resources.premierleague.com/premierleague25/photos/players/110x140/122798.png
2022-23-player-285,2022-23,player,285,Trent Alexander-Arnold,Alexander-Arnold,DEF,12,,A,,,https://resources.premierleague.com/premierleague25/photos/players/110x140/169187.png
2022-23-player-286,2022-23,player,286,Joseph Gomez,Gomez,DEF,12,,A,,,https://resources.premierleague.com/premierleague25/photos/players/110x140/171287.png
2022-23-player-287,2022-23,player,287,Naby Keita,Keita,MID,12,,A,,,https://resources.premierleague.com/premierleague25/photos/players/110x140/175592.png
2022-23-player-288,2022-23,player,288,Diogo Teixeira da Silva,Diogo Jota,FWD,12,,A,,,https://resources.premierleague.com/premierleague25/photos/players/110x140/194634.png
2022-23-player-289,2022-23,player,289,Caoimhin Kelleher,Kelleher,GKP,12,,A,,,https://resources.premierleague.com/premierleague25/photos/players/110x140/200720.png
2022-23-player-290,2022-23,player,290,Ibrahima Konaté,Konaté,DEF,12,,A,,,https://resources.premierleague.com/premierleague25/photos/players/110x140/204716.png
2022-23-player-291,2022-23,player,291,Curtis Jones,Jones,MID,12,,A,,,https://resources.premierleague.com/premierleague25/photos/players/110x140/206915.png
2022-23-player-292,2022-23,player,292,Konstantinos Tsimikas,Tsimikas,DEF,12,,A,,,https://resources.premierleague.com/premierleague25/photos/players/110x140/214285.png
2022-23-player-293,2022-23,player,293,Luis Díaz,Luis Díaz,MID,12,,A,,,https://resources.premierleague.com/premierleague25/photos/players/110x140/244731.png
2022-23-player-294,2022-23,player,294,Harvey Elliott,Elliott,MID,12,,A,,,https://resources.premierleague.com/premierleague25/photos/players/110x140/444884.png
2022-23-player-296,2022-23,player,296,Fábio Freitas Gouveia Carvalho,Carvalho,MID,12,,A,,,https://resources.premierleague.com/premierleague25/photos/players/110x140/244858.png
2022-23-player-297,2022-23,player,297,Darwin Núñez Ribeiro,Darwin,FWD,12,,A,,,https://resources.premierleague.com/premierleague25/photos/players/110x140/447203.png
2022-23-player-298,2022-23,player,298,Calvin Ramsay,Ramsay,DEF,12,,A,,,https://resources.premierleague.com/premierleague25/photos/players/110x140/489580.png
2022-23-player-497,2022-23,player,497,Adrián San Miguel del Castillo,Adrián,GKP,12,,A,,,https://resources.premierleague.com/premierleague25/photos/players/110x140/60706.png
2022-23-player-498,2022-23,player,498,Rhys Williams,R.Williams,DEF,12,,A,,,https://resources.premierleague.com/premierleague25/photos/players/110x140/219937.png
2022-23-player-499,2022-23,player,499,Ben Davies,Davies,DEF,12,,A,,,https://resources.premierleague.com/premierleague25/photos/players/110x140/152898.png
2022-23-player-500,2022-23,player,500,Sepp van den Berg,Van den Berg,DEF,12,,A,,,https://resources.premierleague.com/premierleague25/photos/players/110x140/444765.png
2022-23-player-501,2022-23,player,501,Nathaniel Phillips,Phillips,DEF,12,,A,,,https://resources.premierleague.com/premierleague25/photos/players/110x140/197464.png
2022-23-player-563,2022-23,player,563,Luke Chambers,Chambers,DEF,12,,A,,,https://resources.premierleague.com/premierleague25/photos/players/110x140/462491.png
2022-23-player-564,2022-23,player,564,Stefan Bajcetic,Bajcetic,MID,12,,A,,,https://resources.premierleague.com/premierleague25/photos/players/110x140/535928.png
2022-23-player-584,2022-23,player,584,Bobby Clark,Clark,MID,12,,A,,,https://resources.premierleague.com/premierleague25/photos/players/110x140/491970.png
2022-23-player-592,2022-23,player,592,Harvey Davies,H.Davies,GKP,12,,A,,,https://resources.premierleague.com/premierleague25/photos/players/110x140/464353.png
2022-23-player-620,2022-23,player,620,Arthur Henrique Ramos de Oliveira Melo,Arthur,MID,12,,A,,,https://resources.premierleague.com/premierleague25/photos/players/110x140/204043.png
2022-23-player-665,2022-23,player,665,Ben Doak,Doak,MID,12,,A,,,https://resources.premierleague.com/premierleague25/photos/players/110x140/496208.png
2022-23-player-680,2022-23,player,680,Cody Gakpo,Gakpo,MID,12,,A,,,https://resources.premierleague.com/premierleague25/photos/players/110x140/243298.png
2022-23-player-299,2022-23,player,299,Kyle Walker,Walker,DEF,13,,A,,,https://resources.premierleague.com/premierleague25/photos/players/110x140/58621.png
2022-23-player-300,2022-23,player,300,Ilkay Gündogan,Gündogan,MID,13,,A,,,https://resources.premierleague.com/premierleague25/photos/players/110x140/59859.png
2022-23-player-301,2022-23,player,301,Kevin De Bruyne,De Bruyne,MID,13,,A,,,https://resources.premierleague.com/premierleague25/photos/players/110x140/61366.png
2022-23-player-302,2022-23,player,302,John Stones,Stones,DEF,13,,A,,,https://resources.premierleague.com/premierleague25/photos/players/110x140/97299.png
2022-23-player-303,2022-23,player,303,Riyad Mahrez,Mahrez,MID,13,,A,,,https://resources.premierleague.com/premierleague25/photos/players/110x140/103025.png
2022-23-player-305,2022-23,player,305,Jack Grealish,Grealish,MID,13,,A,,,https://resources.premierleague.com/premierleague25/photos/players/110x140/114283.png
2022-23-player-306,2022-23,player,306,João Cancelo,Cancelo,DEF,13,,A,,,https://resources.premierleague.com/premierleague25/photos/players/110x140/121145.png
2022-23-player-307,2022-23,player,307,Ederson Santana de Moraes,Ederson,GKP,13,,A,,,https://resources.premierleague.com/premierleague25/photos/players/110x140/121160.png
2022-23-player-308,2022-23,player,308,Nathan Aké,Aké,DEF,13,,A,,,https://resources.premierleague.com/premierleague25/photos/players/110x140/126184.png
2022-23-player-309,2022-23,player,309,Aymeric Laporte,Laporte,DEF,13,,A,,,https://resources.premierleague.com/premierleague25/photos/players/110x140/146941.png
2022-23-player-310,2022-23,player,310,Zack Steffen,Steffen,GKP,13,,A,,,https://resources.premierleague.com/premierleague25/photos/players/110x140/164484.png
2022-23-player-311,2022-23,player,311,Bernardo Veiga de Carvalho e Silva,Bernardo,MID,13,,A,,,https://resources.premierleague.com/premierleague25/photos/players/110x140/165809.png
2022-23-player-312,2022-23,player,312,Rúben Gato Alves Dias,Dias,DEF,13,,A,,,https://resources.premierleague.com/premierleague25/photos/players/110x140/171314.png
2022-23-player-314,2022-23,player,314,Phil Foden,Foden,MID,13,,A,,,https://resources.premierleague.com/premierleague25/photos/players/110x140/209244.png
2022-23-player-315,2022-23,player,315,Rodrigo Hernandez,Rodri,MID,13,,A,,,https://resources.premierleague.com/premierleague25/photos/players/110x140/220566.png
2022-23-player-316,2022-23,player,316,Cole Palmer,Palmer,MID,13,,A,,,https://resources.premierleague.com/premierleague25/photos/players/110x140/244851.png
2022-23-player-317,2022-23,player,317,James McAtee,McAtee,MID,13,,A,,,https://resources.premierleague.com/premierleague25/photos/players/110x140/432714.png
2022-23-player-318,2022-23,player,318,Erling Haaland,Haaland,FWD,13,,A,,,https://resources.premierleague.com/premierleague25/photos/players/110x140/223094.png
2022-23-player-319,2022-23,player,319,Julián Álvarez,Álvarez,FWD,13,,A,,,https://resources.premierleague.com/premierleague25/photos/players/110x140/461358.png
2022-23-player-320,2022-23,player,320,Luke Mbete-Tabu,Mbete,DEF,13,,A,,,https://resources.premierleague.com/premierleague25/photos/players/110x140/439510.png
2022-23-player-322,2022-23,player,322,Josh Wilson-Esbrand,Wilson-Esbrand,DEF,13,,A,,,https://resources.premierleague.com/premierleague25/photos/players/110x140/447880.png
2022-23-player-323,2022-23,player,323,Liam Delap,Delap,FWD,13,,A,,,https://resources.premierleague.com/premierleague25/photos/players/110x140/463034.png
2022-23-player-324,2022-23,player,324,Stefan Ortega Moreno,Ortega,GKP,13,,A,,,https://resources.premierleague.com/premierleague25/photos/players/110x140/88248.png
2022-23-player-325,2022-23,player,325,Kalvin Phillips,Phillips,MID,13,,A,,,https://resources.premierleague.com/premierleague25/photos/players/110x140/155405.png
2022-23-player-502,2022-23,player,502,Scott Carson,Carson,GKP,13,,A,,,https://resources.premierleague.com/premierleague25/photos/players/110x140/17601.png
2022-23-player-573,2022-23,player,573,Rico Lewis,Lewis,DEF,13,,A,,,https://resources.premierleague.com/premierleague25/photos/players/110x140/477064.png
2022-23-player-587,2022-23,player,587,Sergio Gómez,Sergio Gómez,DEF,13,,A,,,https://resources.premierleague.com/premierleague25/photos/players/110x140/437468.png
2022-23-player-599,2022-23,player,599,Claudio Gomes,Gomes,MID,13,,A,,,https://resources.premierleague.com/premierleague25/photos/players/110x140/219291.png
2022-23-player-600,2022-23,player,600,Ben Knight,Knight,MID,13,,A,,,https://resources.premierleague.com/premierleague25/photos/players/110x140/244932.png
2022-23-player-610,2022-23,player,610,Manuel Akanji,Akanji,DEF,13,,A,,,https://resources.premierleague.com/premierleague25/photos/players/110x140/211975.png
2022-23-player-712,2022-23,player,712,Máximo Perrone,Perrone,MID,13,,A,,,https://resources.premierleague.com/premierleague25/photos/players/110x140/482769.png
2022-23-player-772,2022-23,player,772,Alex Robertson,Robertson,MID,13,,A,,,https://resources.premierleague.com/premierleague25/photos/players/110x140/434043.png
2022-23-player-773,2022-23,player,773,Shea Charles,Charles,MID,13,,A,,,https://resources.premierleague.com/premierleague25/photos/players/110x140/463210.png
2022-23-player-774,2022-23,player,774,Nico O'Reilly,O'Reilly,MID,13,,A,,,https://resources.premierleague.com/premierleague25/photos/players/110x140/472769.png
2022-23-player-162,2022-23,player,162,Jack Butland,Butland,GKP,14,,A,,,https://resources.premierleague.com/premierleague25/photos/players/110x140/105666.png
2022-23-player-326,2022-23,player,326,Cristiano Ronaldo dos Santos Aveiro,Ronaldo,FWD,14,,A,,,https://resources.premierleague.com/premierleague25/photos/players/110x140/14937.png
2022-23-player-327,2022-23,player,327,David De Gea Quintana,De Gea,GKP,14,,A,,,https://resources.premierleague.com/premierleague25/photos/players/110x140/51940.png
2022-23-player-328,2022-23,player,328,Phil Jones,Jones,DEF,14,,A,,,https://resources.premierleague.com/premierleague25/photos/players/110x140/76359.png
2022-23-player-329,2022-23,player,329,Raphaël Varane,Varane,DEF,14,,A,,,https://resources.premierleague.com/premierleague25/photos/players/110x140/90152.png
2022-23-player-330,2022-23,player,330,Harry Maguire,Maguire,DEF,14,,A,,,https://resources.premierleague.com/premierleague25/photos/players/110x140/95658.png
2022-23-player-331,2022-23,player,331,Frederico Rodrigues de Paula Santos,Fred,MID,14,,A,,,https://resources.premierleague.com/premierleague25/photos/players/110x140/101582.png
2022-23-player-332,2022-23,player,332,Luke Shaw,Shaw,DEF,14,,A,,,https://resources.premierleague.com/premierleague25/photos/players/110x140/106760.png
2022-23-player-333,2022-23,player,333,Bruno Borges Fernandes,Fernandes,MID,14,,A,,,https://resources.premierleague.com/premierleague25/photos/players/110x140/141746.png
2022-23-player-334,2022-23,player,334,Alex Telles,Telles,DEF,14,,A,,,https://resources.premierleague.com/premierleague25/photos/players/110x140/152590.png
2022-23-player-335,2022-23,player,335,Marcus Rashford,Rashford,MID,14,,A,,,https://resources.premierleague.com/premierleague25/photos/players/110x140/176297.png
2022-23-player-336,2022-23,player,336,Donny van de Beek,Van de Beek,MID,14,,A,,,https://resources.premierleague.com/premierleague25/photos/players/110x140/180184.png
2022-23-player-337,2022-23,player,337,Victor Lindelöf,Lindelöf,DEF,14,,A,,,https://resources.premierleague.com/premierleague25/photos/players/110x140/184667.png
2022-23-player-338,2022-23,player,338,Scott McTominay,McTominay,MID,14,,A,,,https://resources.premierleague.com/premierleague25/photos/players/110x140/195851.png
2022-23-player-339,2022-23,player,339,Eric Bailly,Bailly,DEF,14,,A,,,https://resources.premierleague.com/premierleague25/photos/players/110x140/197365.png
2022-23-player-340,2022-23,player,340,Jadon Sancho,Sancho,MID,14,,A,,,https://resources.premierleague.com/premierleague25/photos/players/110x140/209243.png
2022-23-player-341,2022-23,player,341,Aaron Wan-Bissaka,Wan-Bissaka,DEF,14,,A,,,https://resources.premierleague.com/premierleague25/photos/players/110x140/214590.png
2022-23-player-342,2022-23,player,342,Diogo Dalot Teixeira,Dalot,DEF,14,,A,,,https://resources.premierleague.com/premierleague25/photos/players/110x140/216051.png
2022-23-player-343,2022-23,player,343,Brandon Williams,B.Williams,DEF,14,,A,,,https://resources.premierleague.com/premierleague25/photos/players/110x140/232937.png
2022-23-player-344,2022-23,player,344,Anthony Elanga,Elanga,MID,14,,A,,,https://resources.premierleague.com/premierleague25/photos/players/110x140/449434.png
2022-23-player-345,2022-23,player,345,Anthony Martial,Martial,FWD,14,,A,,,https://resources.premierleague.com/premierleague25/photos/players/110x140/148225.png
2022-23-player-347,2022-23,player,347,Facundo Pellistri Rebollo,Pellistri,MID,14,,A,,,https://resources.premierleague.com/premierleague25/photos/players/110x140/488404.png
2022-23-player-348,2022-23,player,348,Tom Heaton,Heaton,GKP,14,,A,,,https://resources.premierleague.com/premierleague25/photos/players/110x140/21205.png
2022-23-player-504,2022-23,player,504,Tyrell Malacia,Malacia,DEF,14,,A,,,https://resources.premierleague.com/premierleague25/photos/players/110x140/222690.png
2022-23-player-519,2022-23,player,519,Christian Eriksen,Eriksen,MID,14,,A,,,https://resources.premierleague.com/premierleague25/photos/players/110x140/80607.png
2022-23-player-533,2022-23,player,533,Lisandro Martínez,Martínez,DEF,14,,A,,,https://resources.premierleague.com/premierleague25/photos/players/110x140/221820.png
2022-23-player-550,2022-23,player,550,Amad Diallo,Amad,MID,14,,A,,,https://resources.premierleague.com/premierleague25/photos/players/110x140/493250.png
2022-23-player-551,2022-23,player,551,Zidane Iqbal,Iqbal,MID,14,,A,,,https://resources.premierleague.com/premierleague25/photos/players/110x140/461548.png
2022-23-player-569,2022-23,player,569,Alejandro Garnacho,Garnacho,MID,14,,A,,,https://resources.premierleague.com/premierleague25/photos/players/110x140/493105.png
2022-23-player-593,2022-23,player,593,Carlos Henrique Casimiro,Casemiro,MID,14,,A,,,https://resources.premierleague.com/premierleague25/photos/players/110x140/61256.png
2022-23-player-609,2022-23,player,609,Antony Matheus dos Santos,Antony,MID,14,,A,,,https://resources.premierleague.com/premierleague25/photos/players/110x140/467169.png
2022-23-player-615,2022-23,player,615,Matej Kovár,Kovár,GKP,14,,A,,,https://resources.premierleague.com/premierleague25/photos/players/110x140/446189.png
2022-23-player-643,2022-23,player,643,Kobbie Mainoo,Mainoo,MID,14,,A,,,https://resources.premierleague.com/premierleague25/photos/players/110x140/516895.png
2022-23-player-656,2022-23,player,656,Nathan Bishop,Bishop,GKP,14,,A,,,https://resources.premierleague.com/premierleague25/photos/players/110x140/250370.png
2022-23-player-660,2022-23,player,660,Shola Shoretire,Shoretire,FWD,14,,A,,,https://resources.premierleague.com/premierleague25/photos/players/110x140/472464.png
2022-23-player-674,2022-23,player,674,Rhys Bennett,Bennett,DEF,14,,A,,,https://resources.premierleague.com/premierleague25/photos/players/110x140/515500.png
2022-23-player-701,2022-23,player,701,Wout Weghorst,Weghorst,FWD,14,,A,,,https://resources.premierleague.com/premierleague25/photos/players/110x140/120202.png
2022-23-player-728,2022-23,player,728,Marcel Sabitzer,Sabitzer,MID,14,,A,,,https://resources.premierleague.com/premierleague25/photos/players/110x140/101338.png
2022-23-player-759,2022-23,player,759,Marc Jurado Gomez,Jurado,DEF,14,,A,,,https://resources.premierleague.com/premierleague25/photos/players/110x140/518467.png
2022-23-player-195,2022-23,player,195,Anthony Gordon,Gordon,MID,15,,A,,,https://resources.premierleague.com/premierleague25/photos/players/110x140/232826.png
2022-23-player-350,2022-23,player,350,Matt Ritchie,Ritchie,DEF,15,,A,,,https://resources.premierleague.com/premierleague25/photos/players/110x140/56983.png
2022-23-player-351,2022-23,player,351,Federico Fernández,Fernández,DEF,15,,A,,,https://resources.premierleague.com/premierleague25/photos/players/110x140/57145.png
2022-23-player-352,2022-23,player,352,Ciaran Clark,Clark,DEF,15,,A,,,https://resources.premierleague.com/premierleague25/photos/players/110x140/58845.png
2022-23-player-353,2022-23,player,353,Karl Darlow,Darlow,GKP,15,,A,,,https://resources.premierleague.com/premierleague25/photos/players/110x140/59735.png
2022-23-player-355,2022-23,player,355,Martin Dubravka,Dubravka,GKP,15,,A,,,https://resources.premierleague.com/premierleague25/photos/players/110x140/67089.png
2022-23-player-356,2022-23,player,356,Callum Wilson,Wilson,FWD,15,,A,,,https://resources.premierleague.com/premierleague25/photos/players/110x140/75115.png
2022-23-player-357,2022-23,player,357,Kieran Trippier,Trippier,DEF,15,,A,,,https://resources.premierleague.com/premierleague25/photos/players/110x140/77794.png
2022-23-player-358,2022-23,player,358,Dan Burn,Burn,DEF,15,,A,,,https://resources.premierleague.com/premierleague25/photos/players/110x140/78916.png
2022-23-player-359,2022-23,player,359,Ryan Fraser,Fraser,MID,15,,A,,,https://resources.premierleague.com/premierleague25/photos/players/110x140/90105.png
2022-23-player-360,2022-23,player,360,Jamaal Lascelles,Lascelles,DEF,15,,A,,,https://resources.premierleague.com/premierleague25/photos/players/110x140/101148.png
2022-23-player-361,2022-23,player,361,Dwight Gayle,Gayle,FWD,15,,A,,,https://resources.premierleague.com/premierleague25/photos/players/110x140/104547.png
2022-23-player-362,2022-23,player,362,Paul Dummett,Dummett,DEF,15,,A,,,https://resources.premierleague.com/premierleague25/photos/players/110x140/106618.png
2022-23-player-363,2022-23,player,363,Javier Manquillo Gaitán,Manquillo,DEF,15,,A,,,https://resources.premierleague.com/premierleague25/photos/players/110x140/109528.png
2022-23-player-364,2022-23,player,364,Emil Krafth,Krafth,DEF,15,,A,,,https://resources.premierleague.com/premierleague25/photos/players/110x140/111773.png
2022-23-player-365,2022-23,player,365,Jacob Murphy,Murphy,MID,15,,A,,,https://resources.premierleague.com/premierleague25/photos/players/110x140/114243.png
2022-23-player-366,2022-23,player,366,Fabian Schär,Schär,DEF,15,,A,,,https://resources.premierleague.com/premierleague25/photos/players/110x140/119471.png
2022-23-player-367,2022-23,player,367,Matt Targett,Targett,DEF,15,,A,,,https://resources.premierleague.com/premierleague25/photos/players/110x140/169359.png
2022-23-player-368,2022-23,player,368,Allan Saint-Maximin,Saint-Maximin,MID,15,,A,,,https://resources.premierleague.com/premierleague25/photos/players/110x140/170137.png
2022-23-player-369,2022-23,player,369,Miguel Almirón Rejala,Almirón,MID,15,,A,,,https://resources.premierleague.com/premierleague25/photos/players/110x140/179018.png
2022-23-player-370,2022-23,player,370,Sean Longstaff,S.Longstaff,MID,15,,A,,,https://resources.premierleague.com/premierleague25/photos/players/110x140/180135.png
2022-23-player-371,2022-23,player,371,Joelinton Cássio Apolinário de Lira,Joelinton,MID,15,,A,,,https://resources.premierleague.com/premierleague25/photos/players/110x140/180974.png
2022-23-player-372,2022-23,player,372,Jamal Lewis,Lewis,DEF,15,,A,,,https://resources.premierleague.com/premierleague25/photos/players/110x140/194799.png
2022-23-player-373,2022-23,player,373,Joe Willock,Willock,MID,15,,A,,,https://resources.premierleague.com/premierleague25/photos/players/110x140/200089.png
2022-23-player-374,2022-23,player,374,Bruno Guimarães Rodriguez Moura,Bruno Guimarães,MID,15,,A,,,https://resources.premierleague.com/premierleague25/photos/players/110x140/208706.png
2022-23-player-375,2022-23,player,375,Jeff Hendrick,Hendrick,MID,15,,A,,,https://resources.premierleague.com/premierleague25/photos/players/110x140/83314.png
2022-23-player-376,2022-23,player,376,Nick Pope,Pope,GKP,15,,A,,,https://resources.premierleague.com/premierleague25/photos/players/110x140/98747.png
2022-23-player-377,2022-23,player,377,Sven Botman,Botman,DEF,15,,A,,,https://resources.premierleague.com/premierleague25/photos/players/110x140/220237.png
2022-23-player-552,2022-23,player,552,Elliot Anderson,Anderson,MID,15,,A,,,https://resources.premierleague.com/premierleague25/photos/players/110x140/215379.png
2022-23-player-555,2022-23,player,555,Harrison Ashby,Ashby,DEF,15,,A,,,https://resources.premierleague.com/premierleague25/photos/players/110x140/441024.png
2022-23-player-594,2022-23,player,594,Alexander Isak,Isak,FWD,15,,A,,,https://resources.premierleague.com/premierleague25/photos/players/110x140/219168.png
2022-23-player-626,2022-23,player,626,Loris Karius,Karius,GKP,15,,A,,,https://resources.premierleague.com/premierleague25/photos/players/110x140/104542.png
2022-23-player-683,2022-23,player,683,Garang Kuol,Kuol,MID,15,,A,,,https://resources.premierleague.com/premierleague25/photos/players/110x140/564510.png
2022-23-player-741,2022-23,player,741,Lewis Miley,Miley,MID,15,,A,,,https://resources.premierleague.com/premierleague25/photos/players/110x140/547719.png
2022-23-player-776,2022-23,player,776,Mark Gillespie,Gillespie,GKP,15,,A,,,https://resources.premierleague.com/premierleague25/photos/players/110x140/81441.png
2022-23-player-295,2022-23,player,295,Neco Williams,N.Williams,DEF,16,,A,,,https://resources.premierleague.com/premierleague25/photos/players/110x140/215136.png
2022-23-player-349,2022-23,player,349,Jonjo Shelvey,Shelvey,MID,16,,A,,,https://resources.premierleague.com/premierleague25/photos/players/110x140/50232.png
2022-23-player-354,2022-23,player,354,Chris Wood,Wood,FWD,16,,A,,,https://resources.premierleague.com/premierleague25/photos/players/110x140/60689.png
2022-23-player-378,2022-23,player,378,Harry Arter,Arter,MID,16,,A,,,https://resources.premierleague.com/premierleague25/photos/players/110x140/48615.png
2022-23-player-379,2022-23,player,379,Steve Cook,Cook,DEF,16,,A,,,https://resources.premierleague.com/premierleague25/photos/players/110x140/56917.png
2022-23-player-380,2022-23,player,380,Lyle Taylor,Lyle Taylor,FWD,16,,A,,,https://resources.premierleague.com/premierleague25/photos/players/110x140/57647.png
2022-23-player-381,2022-23,player,381,Jack Colback,Colback,MID,16,,A,,,https://resources.premierleague.com/premierleague25/photos/players/110x140/58771.png
2022-23-player-382,2022-23,player,382,Brice Samba,Samba,GKP,16,,A,,,https://resources.premierleague.com/premierleague25/photos/players/110x140/102836.png
2022-23-player-383,2022-23,player,383,Carlos Ribeiro Dias,Cafú,MID,16,,A,,,https://resources.premierleague.com/premierleague25/photos/players/110x140/166325.png
2022-23-player-384,2022-23,player,384,Joe Lolley,Lolley,MID,16,,A,,,https://resources.premierleague.com/premierleague25/photos/players/110x140/168172.png
2022-23-player-385,2022-23,player,385,Scott McKenna,McKenna,DEF,16,,A,,,https://resources.premierleague.com/premierleague25/photos/players/110x140/168281.png
2022-23-player-386,2022-23,player,386,Mohamed Dräger,Dräger,DEF,16,,A,,,https://resources.premierleague.com/premierleague25/photos/players/110x140/173399.png
2022-23-player-387,2022-23,player,387,Ryan Yates,Yates,MID,16,,A,,,https://resources.premierleague.com/premierleague25/photos/players/110x140/204968.png
2022-23-player-388,2022-23,player,388,Joe Worrall,Worrall,DEF,16,,A,,,https://resources.premierleague.com/premierleague25/photos/players/110x140/208912.png
2022-23-player-389,2022-23,player,389,Jonathan Panzo,Panzo,DEF,16,,A,,,https://resources.premierleague.com/premierleague25/photos/players/110x140/209035.png
2022-23-player-390,2022-23,player,390,Xande Nascimento da Costa Silva,Xande Silva,MID,16,,A,,,https://resources.premierleague.com/premierleague25/photos/players/110x140/209925.png
2022-23-player-391,2022-23,player,391,Sam Surridge,Surridge,FWD,16,,A,,,https://resources.premierleague.com/premierleague25/photos/players/110x140/217331.png
2022-23-player-392,2022-23,player,392,Richie Laryea,Laryea,DEF,16,,A,,,https://resources.premierleague.com/premierleague25/photos/players/110x140/221403.png
2022-23-player-393,2022-23,player,393,Loïc Mbe Soh,Mbe Soh,DEF,16,,A,,,https://resources.premierleague.com/premierleague25/photos/players/110x140/242885.png
2022-23-player-394,2022-23,player,394,Brennan Johnson,Johnson,FWD,16,,A,,,https://resources.premierleague.com/premierleague25/photos/players/110x140/242898.png
2022-23-player-395,2022-23,player,395,Alex Mighten,Mighten,MID,16,,A,,,https://resources.premierleague.com/premierleague25/photos/players/110x140/244930.png
2022-23-player-396,2022-23,player,396,Braian Ojeda Rodríguez,Ojeda,MID,16,,A,,,https://resources.premierleague.com/premierleague25/photos/players/110x140/437476.png
2022-23-player-397,2022-23,player,397,Taiwo Awoniyi,Awoniyi,FWD,16,,A,,,https://resources.premierleague.com/premierleague25/photos/players/110x140/210156.png
2022-23-player-398,2022-23,player,398,Dean Henderson,Henderson,GKP,16,,A,,,https://resources.premierleague.com/premierleague25/photos/players/110x140/172649.png
2022-23-player-399,2022-23,player,399,Giulian Biancone,Biancone,DEF,16,,A,,,https://resources.premierleague.com/premierleague25/photos/players/110x140/437753.png
2022-23-player-474,2022-23,player,474,Willy Boly,Boly,DEF,16,,A,,,https://resources.premierleague.com/premierleague25/photos/players/110x140/90585.png
2022-23-player-493,2022-23,player,493,Morgan Gibbs-White,Gibbs-White,MID,16,,A,,,https://resources.premierleague.com/premierleague25/photos/players/110x140/222531.png
2022-23-player-507,2022-23,player,507,Moussa Niakhaté,Niakhaté,DEF,16,,A,,,https://resources.premierleague.com/premierleague25/photos/players/110x140/199170.png
2022-23-player-511,2022-23,player,511,Omar Richards,Richards,DEF,16,,A,,,https://resources.premierleague.com/premierleague25/photos/players/110x140/204822.png
2022-23-player-518,2022-23,player,518,Wayne Hennessey,Hennessey,GKP,16,,A,,,https://resources.premierleague.com/premierleague25/photos/players/110x140/20066.png
2022-23-player-523,2022-23,player,523,Harry Toffolo,Toffolo,DEF,16,,A,,,https://resources.premierleague.com/premierleague25/photos/players/110x140/114241.png
2022-23-player-524,2022-23,player,524,Lewis O'Brien,O'Brien,MID,16,,A,,,https://resources.premierleague.com/premierleague25/photos/players/110x140/243345.png
2022-23-player-527,2022-23,player,527,Jesse Lingard,Lingard,MID,16,,A,,,https://resources.premierleague.com/premierleague25/photos/players/110x140/109322.png
2022-23-player-536,2022-23,player,536,Orel Mangala,Mangala,MID,16,,A,,,https://resources.premierleague.com/premierleague25/photos/players/110x140/179519.png
2022-23-player-553,2022-23,player,553,Oliver Hammond,Hammond,MID,16,,A,,,https://resources.premierleague.com/premierleague25/photos/players/110x140/475492.png
2022-23-player-582,2022-23,player,582,Remo Freuler,Freuler,MID,16,,A,,,https://resources.premierleague.com/premierleague25/photos/players/110x140/89076.png
2022-23-player-583,2022-23,player,583,Cheikhou Kouyaté,Kouyaté,MID,16,,A,,,https://resources.premierleague.com/premierleague25/photos/players/110x140/55037.png
2022-23-player-585,2022-23,player,585,Emmanuel Dennis,Dennis,FWD,16,,A,,,https://resources.premierleague.com/premierleague25/photos/players/110x140/230251.png
2022-23-player-602,2022-23,player,602,Renan Augusto Lodi dos Santos,Renan Lodi,DEF,16,,A,,,https://resources.premierleague.com/premierleague25/photos/players/110x140/233420.png
2022-23-player-621,2022-23,player,621,Loïc Badé,Badé,DEF,16,,A,,,https://resources.premierleague.com/premierleague25/photos/players/110x140/500267.png
2022-23-player-628,2022-23,player,628,Serge Aurier,Aurier,DEF,16,,A,,,https://resources.premierleague.com/premierleague25/photos/players/110x140/80226.png
2022-23-player-666,2022-23,player,666,Dale Taylor,Dale Taylor,FWD,16,,A,,,https://resources.premierleague.com/premierleague25/photos/players/110x140/524069.png
2022-23-player-675,2022-23,player,675,Jordan Smith,Smith,GKP,16,,A,,,https://resources.premierleague.com/premierleague25/photos/players/110x140/184193.png
2022-23-player-681,2022-23,player,681,Gustavo Henrique Furtado Scarpa,Scarpa,MID,16,,A,,,https://resources.premierleague.com/premierleague25/photos/players/110x140/185253.png
2022-23-player-703,2022-23,player,703,Danilo dos Santos de Oliveira,Danilo,MID,16,,A,,,https://resources.premierleague.com/premierleague25/photos/players/110x140/513046.png
2022-23-player-729,2022-23,player,729,Keylor Navas,Navas,GKP,16,,A,,,https://resources.premierleague.com/premierleague25/photos/players/110x140/28411.png
2022-23-player-730,2022-23,player,730,Felipe Augusto de Almeida Monteiro,Felipe,DEF,16,,A,,,https://resources.premierleague.com/premierleague25/photos/players/110x140/116404.png
2022-23-player-734,2022-23,player,734,André Ayew,A.Ayew,MID,16,,A,,,https://resources.premierleague.com/premierleague25/photos/players/110x140/45124.png
2022-23-player-749,2022-23,player,749,George Shelvey,G.Shelvey,GKP,16,,A,,,https://resources.premierleague.com/premierleague25/photos/players/110x140/450197.png
2022-23-player-21,2022-23,player,21,Ainsley Maitland-Niles,Maitland-Niles,MID,17,,A,,,https://resources.premierleague.com/premierleague25/photos/players/110x140/154043.png
2022-23-player-321,2022-23,player,321,Roméo Lavia,Lavia,MID,17,,A,,,https://resources.premierleague.com/premierleague25/photos/players/110x140/514356.png
2022-23-player-400,2022-23,player,400,Theo Walcott,Walcott,MID,17,,A,,,https://resources.premierleague.com/premierleague25/photos/players/110x140/20467.png
2022-23-player-401,2022-23,player,401,Alex McCarthy,McCarthy,GKP,17,,A,,,https://resources.premierleague.com/premierleague25/photos/players/110x140/58376.png
2022-23-player-402,2022-23,player,402,Oriol Romeu Vidal,Romeu,MID,17,,A,,,https://resources.premierleague.com/premierleague25/photos/players/110x140/78056.png
2022-23-player-403,2022-23,player,403,Nathan Redmond,Redmond,MID,17,,A,,,https://resources.premierleague.com/premierleague25/photos/players/110x140/83283.png
2022-23-player-405,2022-23,player,405,Stuart Armstrong,S.Armstrong,MID,17,,A,,,https://resources.premierleague.com/premierleague25/photos/players/110x140/91047.png
2022-23-player-406,2022-23,player,406,Mohamed Elyounoussi,Elyounoussi,MID,17,,A,,,https://resources.premierleague.com/premierleague25/photos/players/110x140/96787.png
2022-23-player-407,2022-23,player,407,James Ward-Prowse,Ward-Prowse,MID,17,,A,,,https://resources.premierleague.com/premierleague25/photos/players/110x140/101178.png
2022-23-player-408,2022-23,player,408,Adam Armstrong,A.Armstrong,FWD,17,,A,,,https://resources.premierleague.com/premierleague25/photos/players/110x140/155511.png
2022-23-player-409,2022-23,player,409,Kyle Walker-Peters,Walker-Peters,DEF,17,,A,,,https://resources.premierleague.com/premierleague25/photos/players/110x140/158534.png
2022-23-player-410,2022-23,player,410,Jan Bednarek,Bednarek,DEF,17,,A,,,https://resources.premierleague.com/premierleague25/photos/players/110x140/171771.png
2022-23-player-411,2022-23,player,411,Che Adams,Adams,FWD,17,,A,,,https://resources.premierleague.com/premierleague25/photos/players/110x140/200439.png
2022-23-player-412,2022-23,player,412,Nathan Tella,Tella,MID,17,,A,,,https://resources.premierleague.com/premierleague25/photos/players/110x140/203389.png
2022-23-player-413,2022-23,player,413,Lyanco Silveira Neves Vojnovic,Lyanco,DEF,17,,A,,,https://resources.premierleague.com/premierleague25/photos/players/110x140/212721.png
2022-23-player-414,2022-23,player,414,Yan Valery,Valery,DEF,17,,A,,,https://resources.premierleague.com/premierleague25/photos/players/110x140/213482.png
2022-23-player-415,2022-23,player,415,Will Smallbone,Smallbone,MID,17,,A,,,https://resources.premierleague.com/premierleague25/photos/players/110x140/214466.png
2022-23-player-416,2022-23,player,416,Ibrahima Diallo,Diallo,MID,17,,A,,,https://resources.premierleague.com/premierleague25/photos/players/110x140/240143.png
2022-23-player-417,2022-23,player,417,Romain Perraud,Perraud,DEF,17,,A,,,https://resources.premierleague.com/premierleague25/photos/players/110x140/244560.png
2022-23-player-418,2022-23,player,418,Moussa Djenepo,Djenepo,MID,17,,A,,,https://resources.premierleague.com/premierleague25/photos/players/110x140/431131.png
2022-23-player-419,2022-23,player,419,Tino Livramento,Livramento,DEF,17,,A,,,https://resources.premierleague.com/premierleague25/photos/players/110x140/441191.png
2022-23-player-420,2022-23,player,420,Mohammed Salisu,Salisu,DEF,17,,A,,,https://resources.premierleague.com/premierleague25/photos/players/110x140/450527.png
2022-23-player-421,2022-23,player,421,Mateusz Lis,Lis,GKP,17,,A,,,https://resources.premierleague.com/premierleague25/photos/players/110x140/200428.png
2022-23-player-422,2022-23,player,422,Gavin Bazunu,Bazunu,GKP,17,,A,,,https://resources.premierleague.com/premierleague25/photos/players/110x140/456350.png
2022-23-player-423,2022-23,player,423,Armel Bella-Kotchap,Bella-Kotchap,DEF,17,,A,,,https://resources.premierleague.com/premierleague25/photos/players/110x140/477386.png
2022-23-player-424,2022-23,player,424,Willy Caballero,Caballero,GKP,17,,A,,,https://resources.premierleague.com/premierleague25/photos/players/110x140/20310.png
2022-23-player-512,2022-23,player,512,Joe Ayodele-Aribo,Aribo,MID,17,,A,,,https://resources.premierleague.com/premierleague25/photos/players/110x140/193204.png
2022-23-player-528,2022-23,player,528,Sékou Mara,Mara,FWD,17,,A,,,https://resources.premierleague.com/premierleague25/photos/players/110x140/476888.png
2022-23-player-622,2022-23,player,622,Juan Larios López,Larios,DEF,17,,A,,,https://resources.premierleague.com/premierleague25/photos/players/110x140/515571.png
2022-23-player-623,2022-23,player,623,Duje Caleta-Car,Caleta-Car,DEF,17,,A,,,https://resources.premierleague.com/premierleague25/photos/players/110x140/173271.png
2022-23-player-624,2022-23,player,624,Samuel Edozie,Edozie,MID,17,,A,,,https://resources.premierleague.com/premierleague25/photos/players/110x140/490503.png
2022-23-player-647,2022-23,player,647,Lewis Payne,Payne,MID,17,,A,,,https://resources.premierleague.com/premierleague25/photos/players/110x140/476161.png
2022-23-player-648,2022-23,player,648,Ryan Finnigan,Finnigan,MID,17,,A,,,https://resources.premierleague.com/premierleague25/photos/players/110x140/447372.png
2022-23-player-671,2022-23,player,671,Jimmy Morgan,Morgan,FWD,17,,A,,,https://resources.premierleague.com/premierleague25/photos/players/110x140/493736.png
2022-23-player-692,2022-23,player,692,Mislav Orsic,Orsic,MID,17,,A,,,https://resources.premierleague.com/premierleague25/photos/players/110x140/81205.png
2022-23-player-693,2022-23,player,693,Carlos Alcaraz,Alcaraz,MID,17,,A,,,https://resources.premierleague.com/premierleague25/photos/players/110x140/502697.png
2022-23-player-716,2022-23,player,716,James Bree,Bree,DEF,17,,A,,,https://resources.premierleague.com/premierleague25/photos/players/110x140/184386.png
2022-23-player-731,2022-23,player,731,Kamaldeen Sulemana,Kamaldeen,MID,17,,A,,,https://resources.premierleague.com/premierleague25/photos/players/110x140/504783.png
2022-23-player-732,2022-23,player,732,Paul Onuachu,Onuachu,FWD,17,,A,,,https://resources.premierleague.com/premierleague25/photos/players/110x140/147611.png
2022-23-player-769,2022-23,player,769,Kamari Doyle,Doyle,MID,17,,A,,,https://resources.premierleague.com/premierleague25/photos/players/110x140/494541.png
2022-23-player-770,2022-23,player,770,Dominic Ballard,Ballard,FWD,17,,A,,,https://resources.premierleague.com/premierleague25/photos/players/110x140/494543.png
2022-23-player-778,2022-23,player,778,Samuel Amo-Ameyaw,Amo-Ameyaw,MID,17,,A,,,https://resources.premierleague.com/premierleague25/photos/players/110x140/499724.png
2022-23-player-425,2022-23,player,425,Hugo Lloris,Lloris,GKP,18,,A,,,https://resources.premierleague.com/premierleague25/photos/players/110x140/37915.png
2022-23-player-426,2022-23,player,426,Fraser Forster,Forster,GKP,18,,A,,,https://resources.premierleague.com/premierleague25/photos/players/110x140/40383.png
2022-23-player-427,2022-23,player,427,Harry Kane,Kane,FWD,18,,A,,,https://resources.premierleague.com/premierleague25/photos/players/110x140/78830.png
2022-23-player-428,2022-23,player,428,Son Heung-min,Son,MID,18,,A,,,https://resources.premierleague.com/premierleague25/photos/players/110x140/85971.png
2022-23-player-429,2022-23,player,429,Matt Doherty,Doherty,DEF,18,,A,,,https://resources.premierleague.com/premierleague25/photos/players/110x140/87835.png
2022-23-player-430,2022-23,player,430,Eric Dier,Dier,DEF,18,,A,,,https://resources.premierleague.com/premierleague25/photos/players/110x140/93264.png
2022-23-player-431,2022-23,player,431,Lucas Rodrigues Moura da Silva,Lucas Moura,MID,18,,A,,,https://resources.premierleague.com/premierleague25/photos/players/110x140/95715.png
2022-23-player-432,2022-23,player,432,Ben Davies,Davies,DEF,18,,A,,,https://resources.premierleague.com/premierleague25/photos/players/110x140/115556.png
2022-23-player-433,2022-23,player,433,Pierre-Emile Højbjerg,Højbjerg,MID,18,,A,,,https://resources.premierleague.com/premierleague25/photos/players/110x140/132015.png
2022-23-player-434,2022-23,player,434,Harry Winks,Winks,MID,18,,A,,,https://resources.premierleague.com/premierleague25/photos/players/110x140/157668.png
2022-23-player-435,2022-23,player,435,Davinson Sánchez,Sánchez,DEF,18,,A,,,https://resources.premierleague.com/premierleague25/photos/players/110x140/173904.png
2022-23-player-436,2022-23,player,436,Ryan Sessegnon,R.Sessegnon,DEF,18,,A,,,https://resources.premierleague.com/premierleague25/photos/players/110x140/184349.png
2022-23-player-437,2022-23,player,437,Steven Bergwijn,Bergwijn,MID,18,,A,,,https://resources.premierleague.com/premierleague25/photos/players/110x140/194252.png
2022-23-player-438,2022-23,player,438,Sergio Reguilón,Reguilón,DEF,18,,A,,,https://resources.premierleague.com/premierleague25/photos/players/110x140/199249.png
2022-23-player-439,2022-23,player,439,Japhet Tanganga,Tanganga,DEF,18,,A,,,https://resources.premierleague.com/premierleague25/photos/players/110x140/199584.png
2022-23-player-440,2022-23,player,440,Rodrigo Bentancur,Bentancur,MID,18,,A,,,https://resources.premierleague.com/premierleague25/photos/players/110x140/202993.png
2022-23-player-441,2022-23,player,441,Oliver Skipp,Skipp,MID,18,,A,,,https://resources.premierleague.com/premierleague25/photos/players/110x140/209042.png
2022-23-player-442,2022-23,player,442,Joe Rodon,Rodon,DEF,18,,A,,,https://resources.premierleague.com/premierleague25/photos/players/110x140/214225.png
2022-23-player-443,2022-23,player,443,Cristian Romero,Romero,DEF,18,,A,,,https://resources.premierleague.com/premierleague25/photos/players/110x140/221632.png
2022-23-player-444,2022-23,player,444,Yves Bissouma,Bissouma,MID,18,,A,,,https://resources.premierleague.com/premierleague25/photos/players/110x140/227127.png
2022-23-player-445,2022-23,player,445,Emerson Leite de Souza Junior,Emerson Royal,DEF,18,,A,,,https://resources.premierleague.com/premierleague25/photos/players/110x140/241157.png
2022-23-player-446,2022-23,player,446,Dejan Kulusevski,Kulusevski,MID,18,,A,,,https://resources.premierleague.com/premierleague25/photos/players/110x140/445044.png
2022-23-player-447,2022-23,player,447,Dane Scarlett,Scarlett,FWD,18,,A,,,https://resources.premierleague.com/premierleague25/photos/players/110x140/490145.png
2022-23-player-448,2022-23,player,448,Ivan Perišić,Perišić,DEF,18,,A,,,https://resources.premierleague.com/premierleague25/photos/players/110x140/45034.png
2022-23-player-449,2022-23,player,449,Harvey White,White,MID,18,,A,,,https://resources.premierleague.com/premierleague25/photos/players/110x140/448791.png
2022-23-player-450,2022-23,player,450,Pape Matar Sarr,Sarr,MID,18,,A,,,https://resources.premierleague.com/premierleague25/photos/players/110x140/482442.png
2022-23-player-451,2022-23,player,451,Brandon Austin,Austin,GKP,18,,A,,,https://resources.premierleague.com/premierleague25/photos/players/110x140/214572.png
2022-23-player-452,2022-23,player,452,Alfie Devine,Devine,MID,18,,A,,,https://resources.premierleague.com/premierleague25/photos/players/110x140/496179.png
2022-23-player-453,2022-23,player,453,Troy Parrott,Parrott,FWD,18,,A,,,https://resources.premierleague.com/premierleague25/photos/players/110x140/447235.png
2022-23-player-454,2022-23,player,454,Richarlison de Andrade,Richarlison,FWD,18,,A,,,https://resources.premierleague.com/premierleague25/photos/players/110x140/212319.png
2022-23-player-513,2022-23,player,513,Clément Lenglet,Lenglet,DEF,18,,A,,,https://resources.premierleague.com/premierleague25/photos/players/110x140/171101.png
2022-23-player-522,2022-23,player,522,Djed Spence,Spence,DEF,18,,A,,,https://resources.premierleague.com/premierleague25/photos/players/110x140/232859.png
2022-23-player-554,2022-23,player,554,Bryan Gil Salvatierra,Bryan,MID,18,,A,,,https://resources.premierleague.com/premierleague25/photos/players/110x140/436234.png
2022-23-player-713,2022-23,player,713,Arnaut Danjuma,Danjuma,MID,18,,A,,,https://resources.premierleague.com/premierleague25/photos/players/110x140/220307.png
2022-23-player-733,2022-23,player,733,Pedro Porro,Pedro Porro,DEF,18,,A,,,https://resources.premierleague.com/premierleague25/photos/players/110x140/441164.png
2022-23-player-748,2022-23,player,748,Romaine Mundle,Mundle,MID,18,,A,,,https://resources.premierleague.com/premierleague25/photos/players/110x140/461199.png
2022-23-player-758,2022-23,player,758,George Abbott,Abbott,MID,18,,A,,,https://resources.premierleague.com/premierleague25/photos/players/110x140/519327.png
2022-23-player-764,2022-23,player,764,Matthew Craig,Craig,MID,18,,A,,,https://resources.premierleague.com/premierleague25/photos/players/110x140/461201.png
2022-23-player-777,2022-23,player,777,Yago de Santiago Alonso,Alonso,MID,18,,A,,,https://resources.premierleague.com/premierleague25/photos/players/110x140/492779.png
2022-23-player-30,2022-23,player,30,Danny Ings,Ings,FWD,19,,A,,,https://resources.premierleague.com/premierleague25/photos/players/110x140/84939.png
2022-23-player-455,2022-23,player,455,Lukasz Fabianski,Fabianski,GKP,19,,A,,,https://resources.premierleague.com/premierleague25/photos/players/110x140/37096.png
2022-23-player-456,2022-23,player,456,Angelo Ogbonna,Ogbonna,DEF,19,,A,,,https://resources.premierleague.com/premierleague25/photos/players/110x140/40669.png
2022-23-player-457,2022-23,player,457,Aaron Cresswell,Cresswell,DEF,19,,A,,,https://resources.premierleague.com/premierleague25/photos/players/110x140/55459.png
2022-23-player-458,2022-23,player,458,Michail Antonio,Antonio,FWD,19,,A,,,https://resources.premierleague.com/premierleague25/photos/players/110x140/57531.png
2022-23-player-460,2022-23,player,460,Manuel Lanzini,Lanzini,MID,19,,A,,,https://resources.premierleague.com/premierleague25/photos/players/110x140/86934.png
2022-23-player-461,2022-23,player,461,Kurt Zouma,Zouma,DEF,19,,A,,,https://resources.premierleague.com/premierleague25/photos/players/110x140/103192.png
2022-23-player-462,2022-23,player,462,Arthur Masuaku,Masuaku,DEF,19,,A,,,https://resources.premierleague.com/premierleague25/photos/players/110x140/105717.png
2022-23-player-463,2022-23,player,463,Vladimir Coufal,Coufal,DEF,19,,A,,,https://resources.premierleague.com/premierleague25/photos/players/110x140/164555.png
2022-23-player-464,2022-23,player,464,Saïd Benrahma,Benrahma,MID,19,,A,,,https://resources.premierleague.com/premierleague25/photos/players/110x140/172841.png
2022-23-player-465,2022-23,player,465,Jarrod Bowen,Bowen,MID,19,,A,,,https://resources.premierleague.com/premierleague25/photos/players/110x140/178186.png
2022-23-player-466,2022-23,player,466,Nikola Vlasic,Vlasic,MID,19,,A,,,https://resources.premierleague.com/premierleague25/photos/players/110x140/180151.png
2022-23-player-467,2022-23,player,467,Declan Rice,Rice,MID,19,,A,,,https://resources.premierleague.com/premierleague25/photos/players/110x140/204480.png
2022-23-player-468,2022-23,player,468,Tomas Soucek,Soucek,MID,19,,A,,,https://resources.premierleague.com/premierleague25/photos/players/110x140/215439.png
2022-23-player-469,2022-23,player,469,Pablo Fornals Malla,Fornals,MID,19,,A,,,https://resources.premierleague.com/premierleague25/photos/players/110x140/217593.png
2022-23-player-471,2022-23,player,471,Ben Johnson,Johnson,DEF,19,,A,,,https://resources.premierleague.com/premierleague25/photos/players/110x140/222018.png
2022-23-player-472,2022-23,player,472,Nayef Aguerd,Aguerd,DEF,19,,A,,,https://resources.premierleague.com/premierleague25/photos/players/110x140/210494.png
2022-23-player-473,2022-23,player,473,Alphonse Areola,Areola,GKP,19,,A,,,https://resources.premierleague.com/premierleague25/photos/players/110x140/84182.png
2022-23-player-509,2022-23,player,509,Flynn Downes,Downes,MID,19,,A,,,https://resources.premierleague.com/premierleague25/photos/players/110x140/220585.png
2022-23-player-529,2022-23,player,529,Gianluca Scamacca,Scamacca,FWD,19,,A,,,https://resources.premierleague.com/premierleague25/photos/players/110x140/195899.png
2022-23-player-545,2022-23,player,545,Emerson Palmieri dos Santos,Emerson,DEF,19,,A,,,https://resources.premierleague.com/premierleague25/photos/players/110x140/109533.png
2022-23-player-556,2022-23,player,556,Conor Coventry,Coventry,MID,19,,A,,,https://resources.premierleague.com/premierleague25/photos/players/110x140/222017.png
2022-23-player-572,2022-23,player,572,Armstrong Oko-Flex,Oko-Flex,MID,19,,A,,,https://resources.premierleague.com/premierleague25/photos/players/110x140/248865.png
2022-23-player-575,2022-23,player,575,Maxwel Cornet,Cornet,MID,19,,A,,,https://resources.premierleague.com/premierleague25/photos/players/110x140/149519.png
2022-23-player-588,2022-23,player,588,Thilo Kehrer,Kehrer,DEF,19,,A,,,https://resources.premierleague.com/premierleague25/photos/players/110x140/201057.png
2022-23-player-603,2022-23,player,603,Lucas Tolentino Coelho de Lima,Paquetá,MID,19,,A,,,https://resources.premierleague.com/premierleague25/photos/players/110x140/224024.png
2022-23-player-669,2022-23,player,669,Divin Mubama,Mubama,FWD,19,,A,,,https://resources.premierleague.com/premierleague25/photos/players/110x140/487837.png
2022-23-player-739,2022-23,player,739,Joseph Anang,Anang,GKP,19,,A,,,https://resources.premierleague.com/premierleague25/photos/players/110x140/447879.png
2022-23-player-740,2022-23,player,740,Krisztián Hegyi,Hegyi,GKP,19,,A,,,https://resources.premierleague.com/premierleague25/photos/players/110x140/483364.png
2022-23-player-746,2022-23,player,746,Kaelan Casey,Casey,DEF,19,,A,,,https://resources.premierleague.com/premierleague25/photos/players/110x140/518438.png
2022-23-player-459,2022-23,player,459,Craig Dawson,Dawson,DEF,20,,A,,,https://resources.premierleague.com/premierleague25/photos/players/110x140/60232.png
2022-23-player-476,2022-23,player,476,Raúl Jiménez,Jiménez,FWD,20,,A,,,https://resources.premierleague.com/premierleague25/photos/players/110x140/102057.png
2022-23-player-477,2022-23,player,477,Jonathan Castro Otto,Jonny,DEF,20,,A,,,https://resources.premierleague.com/premierleague25/photos/players/110x140/114128.png
2022-23-player-478,2022-23,player,478,José Malheiro de Sá,Sá,GKP,20,,A,,,https://resources.premierleague.com/premierleague25/photos/players/110x140/149065.png
2022-23-player-480,2022-23,player,480,Rúben da Silva Neves,Neves,MID,20,,A,,,https://resources.premierleague.com/premierleague25/photos/players/110x140/171317.png
2022-23-player-481,2022-23,player,481,Hwang Hee-chan,Hwang,MID,20,,A,,,https://resources.premierleague.com/premierleague25/photos/players/110x140/184754.png
2022-23-player-482,2022-23,player,482,Nélson Cabral Semedo,Semedo,DEF,20,,A,,,https://resources.premierleague.com/premierleague25/photos/players/110x140/200402.png
2022-23-player-483,2022-23,player,483,Daniel Castelo Podence,Podence,MID,20,,A,,,https://resources.premierleague.com/premierleague25/photos/players/110x140/200600.png
2022-23-player-484,2022-23,player,484,Max Kilman,Kilman,DEF,20,,A,,,https://resources.premierleague.com/premierleague25/photos/players/110x140/214048.png
2022-23-player-485,2022-23,player,485,Luke Cundle,Cundle,MID,20,,A,,,https://resources.premierleague.com/premierleague25/photos/players/110x140/245923.png
2022-23-player-486,2022-23,player,486,Pedro Lomba Neto,Neto,MID,20,,A,,,https://resources.premierleague.com/premierleague25/photos/players/110x140/247632.png
2022-23-player-487,2022-23,player,487,Rayan Aït-Nouri,Aït-Nouri,DEF,20,,A,,,https://resources.premierleague.com/premierleague25/photos/players/110x140/448514.png
2022-23-player-488,2022-23,player,488,Fabio Silva,Fabio Silva,FWD,20,,A,,,https://resources.premierleague.com/premierleague25/photos/players/110x140/449988.png
2022-23-player-489,2022-23,player,489,Toti António Gomes,Toti,DEF,20,,A,,,https://resources.premierleague.com/premierleague25/photos/players/110x140/510362.png
2022-23-player-490,2022-23,player,490,Francisco Jorge Tomás Oliveira,Chiquinho,MID,20,,A,,,https://resources.premierleague.com/premierleague25/photos/players/110x140/510363.png
2022-23-player-491,2022-23,player,491,Adama Traoré Diarra,Adama,MID,20,,A,,,https://resources.premierleague.com/premierleague25/photos/players/110x140/159533.png
2022-23-player-492,2022-23,player,492,Matija Šarkić,Šarkić,GKP,20,,A,,,https://resources.premierleague.com/premierleague25/photos/players/110x140/216208.png
2022-23-player-494,2022-23,player,494,Yerson Mosquera Valdelamar,Mosquera,DEF,20,,A,,,https://resources.premierleague.com/premierleague25/photos/players/110x140/501837.png
2022-23-player-503,2022-23,player,503,João Filipe Iria Santos Moutinho,Moutinho,MID,20,,A,,,https://resources.premierleague.com/premierleague25/photos/players/110x140/19624.png
2022-23-player-516,2022-23,player,516,Nathan Collins,Collins,DEF,20,,A,,,https://resources.premierleague.com/premierleague25/photos/players/110x140/432830.png
2022-23-player-557,2022-23,player,557,Jackson Smith,Smith,GKP,20,,A,,,https://resources.premierleague.com/premierleague25/photos/players/110x140/246799.png
2022-23-player-558,2022-23,player,558,Hugo Bueno López,Bueno,DEF,20,,A,,,https://resources.premierleague.com/premierleague25/photos/players/110x140/490721.png
2022-23-player-566,2022-23,player,566,Joseph Hodge,Hodge,MID,20,,A,,,https://resources.premierleague.com/premierleague25/photos/players/110x140/240299.png
2022-23-player-567,2022-23,player,567,Connor Ronan,Ronan,MID,20,,A,,,https://resources.premierleague.com/premierleague25/photos/players/110x140/198842.png
2022-23-player-568,2022-23,player,568,Chem Campbell,Campbell,MID,20,,A,,,https://resources.premierleague.com/premierleague25/photos/players/110x140/461026.png
2022-23-player-579,2022-23,player,579,Gonçalo Manuel Ganchinho Guedes,Guedes,MID,20,,A,,,https://resources.premierleague.com/premierleague25/photos/players/110x140/181284.png
2022-23-player-589,2022-23,player,589,Matheus Luiz Nunes,Matheus,MID,20,,A,,,https://resources.premierleague.com/premierleague25/photos/players/110x140/465351.png
2022-23-player-608,2022-23,player,608,Sasa Kalajdzic,Kalajdžić,FWD,20,,A,,,https://resources.premierleague.com/premierleague25/photos/players/110x140/429414.png
2022-23-player-625,2022-23,player,625,Diego Da Silva Costa,Diego Costa,FWD,20,,A,,,https://resources.premierleague.com/premierleague25/photos/players/110x140/18507.png
2022-23-player-629,2022-23,player,629,Boubacar Traoré,Traoré,MID,20,,A,,,https://resources.premierleague.com/premierleague25/photos/players/110x140/476502.png
2022-23-player-657,2022-23,player,657,Nathan Fraser,Fraser,FWD,20,,A,,,https://resources.premierleague.com/premierleague25/photos/players/110x140/531363.png
2022-23-player-658,2022-23,player,658,Harvey Griffiths,Griffiths,MID,20,,A,,,https://resources.premierleague.com/premierleague25/photos/players/110x140/449133.png
2022-23-player-664,2022-23,player,664,Dexter Lembikisa,Lembikisa,DEF,20,,A,,,https://resources.premierleague.com/premierleague25/photos/players/110x140/492776.png
2022-23-player-682,2022-23,player,682,Matheus Santos Carneiro Da Cunha,Cunha,FWD,20,,A,,,https://resources.premierleague.com/premierleague25/photos/players/110x140/430871.png
2022-23-player-698,2022-23,player,698,Mario Lemina,Lemina,MID,20,,A,,,https://resources.premierleague.com/premierleague25/photos/players/110x140/151086.png
2022-23-player-704,2022-23,player,704,Pablo Sarabia,Sarabia,MID,20,,A,,,https://resources.premierleague.com/premierleague25/photos/players/110x140/88484.png
2022-23-player-717,2022-23,player,717,Daniel Bentley,Bentley,GKP,20,,A,,,https://resources.premierleague.com/premierleague25/photos/players/110x140/79602.png
2022-23-player-721,2022-23,player,721,João Victor Gomes da Silva,João Gomes,MID,20,,A,,,https://resources.premierleague.com/premierleague25/photos/players/110x140/448089.png
2022-23-team-1,2022-23,team,1,Arsenal,Arsenal,,1,3,,,,
2022-23-team-2,2022-23,team,2,Aston Villa,Aston Villa,,2,7,,,,
2022-23-team-3,2022-23,team,3,Bournemouth,Bournemouth,,3,91,,,,
2022-23-team-4,2022-23,team,4,Brentford,Brentford,,4,94,,,,
2022-23-team-5,2022-23,team,5,Brighton,Brighton,,5,36,,,,
2022-23-team-6,2022-23,team,6,Chelsea,Chelsea,,6,8,,,,
2022-23-team-7,2022-23,team,7,Crystal Palace,Crystal Palace,,7,31,,,,
2022-23-team-8,2022-23,team,8,Everton,Everton,,8,11,,,,
2022-23-team-9,2022-23,team,9,Fulham,Fulham,,9,54,,,,
2022-23-team-10,2022-23,team,10,Leicester,Leicester,,10,13,,,,
2022-23-team-11,2022-23,team,11,Leeds,Leeds,,11,2,,,,
2022-23-team-12,2022-23,team,12,Liverpool,Liverpool,,12,14,,,,
2022-23-team-13,2022-23,team,13,Man City,Man City,,13,43,,,,
2022-23-team-14,2022-23,team,14,Man Utd,Man Utd,,14,1,,,,
2022-23-team-15,2022-23,team,15,Newcastle,Newcastle,,15,4,,,,
2022-23-team-16,2022-23,team,16,Nott'm Forest,Nott'm Forest,,16,17,,,,
2022-23-team-17,2022-23,team,17,Southampton,Southampton,,17,20,,,,
2022-23-team-18,2022-23,team,18,Spurs,Spurs,,18,6,,,,
2022-23-team-19,2022-23,team,19,West Ham,West Ham,,19,21,,,,
2022-23-team-20,2022-23,team,20,Wolves,Wolves,,20,39,,,,
2023-24-player-1,2023-24,player,1,Folarin Balogun,Balogun,FWD,1,,A,,,https://resources.premierleague.com/premierleague25/photos/players/110x140/232223.png
2023-24-player-2,2023-24,player,2,Cédric Alves Soares,Cédric,DEF,1,,A,,,https://resources.premierleague.com/premierleague25/photos/players/110x140/58822.png
2023-24-player-3,2023-24,player,3,Mohamed Elneny,M.Elneny,MID,1,,A,,,https://resources.premierleague.com/premierleague25/photos/players/110x140/153256.png
2023-24-player-4,2023-24,player,4,Fábio Ferreira Vieira,Fábio Vieira,MID,1,,A,,,https://resources.premierleague.com/premierleague25/photos/players/110x140/438098.png
2023-24-player-5,2023-24,player,5,Gabriel dos Santos Magalhães,Gabriel,DEF,1,,A,,,https://resources.premierleague.com/premierleague25/photos/players/110x140/226597.png
2023-24-player-6,2023-24,player,6,Kai Havertz,Havertz,MID,1,,A,,,https://resources.premierleague.com/premierleague25/photos/players/110x140/219847.png
2023-24-player-8,2023-24,player,8,Gabriel Fernando de Jesus,G.Jesus,FWD,1,,A,,,https://resources.premierleague.com/premierleague25/photos/players/110x140/205651.png
2023-24-player-9,2023-24,player,9,Jorge Luiz Frello Filho,Jorginho,MID,1,,A,,,https://resources.premierleague.com/premierleague25/photos/players/110x140/85955.png
2023-24-player-10,2023-24,player,10,Jakub Kiwior,Kiwior,DEF,1,,A,,,https://resources.premierleague.com/premierleague25/photos/players/110x140/440854.png
2023-24-player-11,2023-24,player,11,Marcus Oliveira Alencar,Marquinhos,MID,1,,A,,,https://resources.premierleague.com/premierleague25/photos/players/110x140/479683.png
2023-24-player-12,2023-24,player,12,Gabriel Martinelli Silva,Martinelli,MID,1,,A,,,https://resources.premierleague.com/premierleague25/photos/players/110x140/444145.png
2023-24-player-13,2023-24,player,13,Eddie Nketiah,Nketiah,FWD,1,,A,,,https://resources.premierleague.com/premierleague25/photos/players/110x140/205533.png
2023-24-player-14,2023-24,player,14,Martin Ødegaard,Ødegaard,MID,1,,A,,,https://resources.premierleague.com/premierleague25/photos/players/110x140/184029.png
2023-24-player-15,2023-24,player,15,Thomas Partey,Thomas,MID,1,,A,,,https://resources.premierleague.com/premierleague25/photos/players/110x140/167199.png
2023-24-player-16,2023-24,player,16,Nicolas Pépé,Pepe,MID,1,,A,,,https://resources.premierleague.com/premierleague25/photos/players/110x140/195735.png
2023-24-player-17,2023-24,player,17,Aaron Ramsdale,Ramsdale,GKP,1,,A,,,https://resources.premierleague.com/premierleague25/photos/players/110x140/225321.png
2023-24-player-18,2023-24,player,18,Rúnar Alex Rúnarsson,Rúnarsson,GKP,1,,A,,,https://resources.premierleague.com/premierleague25/photos/players/110x140/115918.png
2023-24-player-19,2023-24,player,19,Bukayo Saka,Saka,MID,1,,A,,,https://resources.premierleague.com/premierleague25/photos/players/110x140/223340.png
2023-24-player-20,2023-24,player,20,William Saliba,Saliba,DEF,1,,A,,,https://resources.premierleague.com/premierleague25/photos/players/110x140/462424.png
2023-24-player-22,2023-24,player,22,Emile Smith Rowe,Smith Rowe,MID,1,,A,,,https://resources.premierleague.com/premierleague25/photos/players/110x140/209289.png
2023-24-player-24,2023-24,player,24,Kieran Tierney,Tierney,DEF,1,,A,,,https://resources.premierleague.com/premierleague25/photos/players/110x140/192895.png
2023-24-player-25,2023-24,player,25,Takehiro Tomiyasu,Tomiyasu,DEF,1,,A,,,https://resources.premierleague.com/premierleague25/photos/players/110x140/223723.png
2023-24-player-26,2023-24,player,26,Leandro Trossard,Trossard,MID,1,,A,,,https://resources.premierleague.com/premierleague25/photos/players/110x140/116216.png
2023-24-player-29,2023-24,player,29,Benjamin White,White,DEF,1,,A,,,https://resources.premierleague.com/premierleague25/photos/players/110x140/198869.png
2023-24-player-30,2023-24,player,30,Granit Xhaka,Xhaka,MID,1,,A,,,https://resources.premierleague.com/premierleague25/photos/players/110x140/84450.png
2023-24-player-31,2023-24,player,31,Oleksandr Zinchenko,Zinchenko,DEF,1,,A,,,https://resources.premierleague.com/premierleague25/photos/players/110x140/206325.png
2023-24-player-113,2023-24,player,113,David Raya Martin,Raya,GKP,1,,A,,,https://resources.premierleague.com/premierleague25/photos/players/110x140/154561.png
2023-24-player-540,2023-24,player,540,Declan Rice,Rice,MID,1,,A,,,https://resources.premierleague.com/premierleague25/photos/players/110x140/204480.png
2023-24-player-578,2023-24,player,578,Reiss Nelson,Nelson,MID,1,,A,,,https://resources.premierleague.com/premierleague25/photos/players/110x140/200641.png
2023-24-player-585,2023-24,player,585,Jurriën Timber,J.Timber,DEF,1,,A,,,https://resources.premierleague.com/premierleague25/photos/players/110x140/445122.png
2023-24-player-646,2023-24,player,646,Karl Hein,Hein,GKP,1,,A,,,https://resources.premierleague.com/premierleague25/photos/players/110x140/463748.png
2023-24-player-735,2023-24,player,735,Charles Sagoe,Sagoe,MID,1,,A,,,https://resources.premierleague.com/premierleague25/photos/players/110x140/516874.png
2023-24-player-736,2023-24,player,736,Reuell Walters,Walters,DEF,1,,A,,,https://resources.premierleague.com/premierleague25/photos/players/110x140/535262.png
2023-24-player-737,2023-24,player,737,Bradley Ibrahim,Ibrahim,MID,1,,A,,,https://resources.premierleague.com/premierleague25/photos/players/110x140/535264.png
2023-24-player-764,2023-24,player,764,Myles Lewis-Skelly,Lewis-Skelly,MID,1,,A,,,https://resources.premierleague.com/premierleague25/photos/players/110x140/499169.png
2023-24-player-772,2023-24,player,772,Ethan Nwaneri,Nwaneri,MID,1,,A,,,https://resources.premierleague.com/premierleague25/photos/players/110x140/499175.png
2023-24-player-815,2023-24,player,815,Mauro Bandeira,Bandeira,MID,1,,A,,,https://resources.premierleague.com/premierleague25/photos/players/110x140/504751.png
2023-24-player-817,2023-24,player,817,James Sweet,Sweet,DEF,1,,A,,,https://resources.premierleague.com/premierleague25/photos/players/110x140/503308.png
2023-24-player-32,2023-24,player,32,Alexandre Moreno Lopera,Alex Moreno,DEF,2,,A,,,https://resources.premierleague.com/premierleague25/photos/players/110x140/106468.png
2023-24-player-34,2023-24,player,34,Leon Bailey,Bailey,MID,2,,A,,,https://resources.premierleague.com/premierleague25/photos/players/110x140/215711.png
2023-24-player-35,2023-24,player,35,Emiliano Buendía Stati,Buendia,MID,2,,A,,,https://resources.premierleague.com/premierleague25/photos/players/110x140/195546.png
2023-24-player-36,2023-24,player,36,Matty Cash,Cash,DEF,2,,A,,,https://resources.premierleague.com/premierleague25/photos/players/110x140/199796.png
2023-24-player-37,2023-24,player,37,Calum Chambers,Chambers,DEF,2,,A,,,https://resources.premierleague.com/premierleague25/photos/players/110x140/101184.png
2023-24-player-38,2023-24,player,38,Philippe Coutinho Correia,Coutinho,MID,2,,A,,,https://resources.premierleague.com/premierleague25/photos/players/110x140/84583.png
2023-24-player-39,2023-24,player,39,Keinan Davis,Davis,FWD,2,,A,,,https://resources.premierleague.com/premierleague25/photos/players/110x140/221239.png
2023-24-player-40,2023-24,player,40,Leander Dendoncker,Dendoncker,MID,2,,A,,,https://resources.premierleague.com/premierleague25/photos/players/110x140/151589.png
2023-24-player-41,2023-24,player,41,Diego Carlos Santos Silva,Diego Carlos,DEF,2,,A,,,https://resources.premierleague.com/premierleague25/photos/players/110x140/165659.png
2023-24-player-42,2023-24,player,42,Lucas Digne,Digne,DEF,2,,A,,,https://resources.premierleague.com/premierleague25/photos/players/110x140/101188.png
2023-24-player-43,2023-24,player,43,Douglas Luiz Soares de Paulo,Douglas Luiz,MID,2,,A,,,https://resources.premierleague.com/premierleague25/photos/players/110x140/230046.png
2023-24-player-44,2023-24,player,44,Jhon Durán,Duran,FWD,2,,A,,,https://resources.premierleague.com/premierleague25/photos/players/110x140/476344.png
2023-24-player-45,2023-24,player,45,Kortney Hause,Hause,DEF,2,,A,,,https://resources.premierleague.com/premierleague25/photos/players/110x140/123354.png
2023-24-player-46,2023-24,player,46,Tim Iroegbunam,Iroegbunam,MID,2,,A,,,https://resources.premierleague.com/premierleague25/photos/players/110x140/490094.png
2023-24-player-47,2023-24,player,47,Boubacar Kamara,Kamara,MID,2,,A,,,https://resources.premierleague.com/premierleague25/photos/players/110x140/226944.png
2023-24-player-48,2023-24,player,48,Ezri Konsa Ngoyo,Konsa,DEF,2,,A,,,https://resources.premierleague.com/premierleague25/photos/players/110x140/199798.png
2023-24-player-49,2023-24,player,49,Emiliano Martínez Romero,Martinez,GKP,2,,A,,,https://resources.premierleague.com/premierleague25/photos/players/110x140/98980.png
2023-24-player-50,2023-24,player,50,John McGinn,McGinn,MID,2,,A,,,https://resources.premierleague.com/premierleague25/photos/players/110x140/122806.png
2023-24-player-51,2023-24,player,51,Tyrone Mings,Mings,DEF,2,,A,,,https://resources.premierleague.com/premierleague25/photos/players/110x140/149484.png
2023-24-player-53,2023-24,player,53,Robin Olsen,Olsen,GKP,2,,A,,,https://resources.premierleague.com/premierleague25/photos/players/110x140/111782.png
2023-24-player-54,2023-24,player,54,Jaden Philogene-Bidace,Philogene,MID,2,,A,,,https://resources.premierleague.com/premierleague25/photos/players/110x140/481624.png
2023-24-player-55,2023-24,player,55,Jacob Ramsey,J.Ramsey,MID,2,,A,,,https://resources.premierleague.com/premierleague25/photos/players/110x140/232653.png
2023-24-player-56,2023-24,player,56,Morgan Sanson,Sanson,MID,2,,A,,,https://resources.premierleague.com/premierleague25/photos/players/110x140/122775.png
2023-24-player-57,2023-24,player,57,Viljami Sinisalo,Sinisalo,GKP,2,,A,,,https://resources.premierleague.com/premierleague25/photos/players/110x140/248164.png
2023-24-player-58,2023-24,player,58,Youri Tielemans,Tielemans,MID,2,,A,,,https://resources.premierleague.com/premierleague25/photos/players/110x140/166989.png
2023-24-player-59,2023-24,player,59,Bertrand Traoré,Bertrand Traoré,MID,2,,A,,,https://resources.premierleague.com/premierleague25/photos/players/110x140/110504.png
2023-24-player-60,2023-24,player,60,Ollie Watkins,Watkins,FWD,2,,A,,,https://resources.premierleague.com/premierleague25/photos/players/110x140/178301.png
2023-24-player-61,2023-24,player,61,Wesley Moraes Ferreira da Silva,Wesley,FWD,2,,A,,,https://resources.premierleague.com/premierleague25/photos/players/110x140/213345.png
2023-24-player-584,2023-24,player,584,Pau Torres,Pau,DEF,2,,A,,,https://resources.premierleague.com/premierleague25/photos/players/110x140/244954.png
2023-24-player-599,2023-24,player,599,Moussa Diaby,Diaby,MID,2,,A,,,https://resources.premierleague.com/premierleague25/photos/players/110x140/243557.png
2023-24-player-618,2023-24,player,618,Omari Kellyman,Kellyman,MID,2,,A,,,https://resources.premierleague.com/premierleague25/photos/players/110x140/549068.png
2023-24-player-670,2023-24,player,670,Filip Marschall,Marschall,GKP,2,,A,,,https://resources.premierleague.com/premierleague25/photos/players/110x140/462381.png
2023-24-player-672,2023-24,player,672,Nicolò Zaniolo,Zaniolo,MID,2,,A,,,https://resources.premierleague.com/premierleague25/photos/players/110x140/245414.png
2023-24-player-686,2023-24,player,686,Oliwier Zych,Zych,GKP,2,,A,,,https://resources.premierleague.com/premierleague25/photos/players/110x140/516159.png
2023-24-player-699,2023-24,player,699,Clément Lenglet,Lenglet,DEF,2,,A,,,https://resources.premierleague.com/premierleague25/photos/players/110x140/171101.png
2023-24-player-765,2023-24,player,765,Sam Proctor,Proctor,GKP,2,,A,,,https://resources.premierleague.com/premierleague25/photos/players/110x140/564505.png
2023-24-player-767,2023-24,player,767,Tommi O'Reilly,O'Reilly,MID,2,,A,,,https://resources.premierleague.com/premierleague25/photos/players/110x140/515599.png
2023-24-player-778,2023-24,player,778,James Wright,Wright,GKP,2,,A,,,https://resources.premierleague.com/premierleague25/photos/players/110x140/481283.png
2023-24-player-793,2023-24,player,793,Kaine Kesler-Hayden,Kesler-Hayden,DEF,2,,A,,,https://resources.premierleague.com/premierleague25/photos/players/110x140/465390.png
2023-24-player-803,2023-24,player,803,Morgan Rogers,Rogers,MID,2,,A,,,https://resources.premierleague.com/premierleague25/photos/players/110x140/244850.png
2023-24-player-818,2023-24,player,818,Joe Gauci,Gauci,GKP,2,,A,,,https://resources.premierleague.com/premierleague25/photos/players/110x140/462492.png
2023-24-player-854,2023-24,player,854,Finley Munroe,Munroe,DEF,2,,A,,,https://resources.premierleague.com/premierleague25/photos/players/110x140/521966.png
2023-24-player-865,2023-24,player,865,Kadan Young,Young,MID,2,,A,,,https://resources.premierleague.com/premierleague25/photos/players/110x140/537403.png
2023-24-player-866,2023-24,player,866,Lander Emery,Emery,GKP,2,,A,,,https://resources.premierleague.com/premierleague25/photos/players/110x140/646754.png
2023-24-player-62,2023-24,player,62,Jaidon Anthony,Anthony,MID,3,,A,,,https://resources.premierleague.com/premierleague25/photos/players/110x140/444180.png
2023-24-player-63,2023-24,player,63,Philip Billing,Billing,MID,3,,A,,,https://resources.premierleague.com/premierleague25/photos/players/110x140/168991.png
2023-24-player-64,2023-24,player,64,David Brooks,Brooks,MID,3,,A,,,https://resources.premierleague.com/premierleague25/photos/players/110x140/111317.png
2023-24-player-65,2023-24,player,65,Ryan Christie,Christie,MID,3,,A,,,https://resources.premierleague.com/premierleague25/photos/players/110x140/158499.png
2023-24-player-66,2023-24,player,66,Lewis Cook,L.Cook,MID,3,,A,,,https://resources.premierleague.com/premierleague25/photos/players/110x140/155408.png
2023-24-player-67,2023-24,player,67,Siriki Dembélé,Siriki,MID,3,,A,,,https://resources.premierleague.com/premierleague25/photos/players/110x140/244085.png
2023-24-player-68,2023-24,player,68,Ryan Fredericks,Fredericks,DEF,3,,A,,,https://resources.premierleague.com/premierleague25/photos/players/110x140/81012.png
2023-24-player-69,2023-24,player,69,James Hill,Hill,DEF,3,,A,,,https://resources.premierleague.com/premierleague25/photos/players/110x140/463981.png
2023-24-player-70,2023-24,player,70,Lloyd Kelly,Kelly,DEF,3,,A,,,https://resources.premierleague.com/premierleague25/photos/players/110x140/235530.png
2023-24-player-71,2023-24,player,71,Gavin Kilkenny,Kilkenny,MID,3,,A,,,https://resources.premierleague.com/premierleague25/photos/players/110x140/444183.png
2023-24-player-72,2023-24,player,72,Justin Kluivert,Kluivert,MID,3,,A,,,https://resources.premierleague.com/premierleague25/photos/players/110x140/222683.png
2023-24-player-73,2023-24,player,73,Jamal Lowe,Lowe,MID,3,,A,,,https://resources.premierleague.com/premierleague25/photos/players/110x140/128309.png
2023-24-player-74,2023-24,player,74,Emiliano Marcondes,Marcondes,MID,3,,A,,,https://resources.premierleague.com/premierleague25/photos/players/110x140/133845.png
2023-24-player-75,2023-24,player,75,Chris Mepham,Mepham,DEF,3,,A,,,https://resources.premierleague.com/premierleague25/photos/players/110x140/223911.png
2023-24-player-76,2023-24,player,76,Kieffer Moore,Moore,FWD,3,,A,,,https://resources.premierleague.com/premierleague25/photos/players/110x140/128340.png
2023-24-player-77,2023-24,player,77,Norberto Murara Neto,Neto,GKP,3,,A,,,https://resources.premierleague.com/premierleague25/photos/players/110x140/69752.png
2023-24-player-78,2023-24,player,78,Dango Ouattara,O.Dango,MID,3,,A,,,https://resources.premierleague.com/premierleague25/photos/players/110x140/533463.png
2023-24-player-79,2023-24,player,79,Ben Pearson,Pearson,MID,3,,A,,,https://resources.premierleague.com/premierleague25/photos/players/110x140/156687.png
2023-24-player-80,2023-24,player,80,Darren Randolph,Randolph,GKP,3,,A,,,https://resources.premierleague.com/premierleague25/photos/players/110x140/32259.png
2023-24-player-81,2023-24,player,81,Joe Rothwell,Rothwell,MID,3,,A,,,https://resources.premierleague.com/premierleague25/photos/players/110x140/156685.png
2023-24-player-82,2023-24,player,82,Antoine Semenyo,Semenyo,FWD,3,,A,,,https://resources.premierleague.com/premierleague25/photos/players/110x140/437730.png
2023-24-player-83,2023-24,player,83,Marcos Senesi,Senesi,DEF,3,,A,,,https://resources.premierleague.com/premierleague25/photos/players/110x140/221466.png
2023-24-player-84,2023-24,player,84,Adam Smith,Smith,DEF,3,,A,,,https://resources.premierleague.com/premierleague25/photos/players/110x140/54469.png
2023-24-player-85,2023-24,player,85,Dominic Solanke,Solanke,FWD,3,,A,,,https://resources.premierleague.com/premierleague25/photos/players/110x140/154566.png
2023-24-player-86,2023-24,player,86,Marcus Tavernier,Tavernier,MID,3,,A,,,https://resources.premierleague.com/premierleague25/photos/players/110x140/201658.png
2023-24-player-87,2023-24,player,87,Hamed Traorè,Hamed Traorè,MID,3,,A,,,https://resources.premierleague.com/premierleague25/photos/players/110x140/424044.png
2023-24-player-88,2023-24,player,88,Mark Travers,Travers,GKP,3,,A,,,https://resources.premierleague.com/premierleague25/photos/players/110x140/229600.png
2023-24-player-89,2023-24,player,89,Illia Zabarnyi,Zabarnyi,DEF,3,,A,,,https://resources.premierleague.com/premierleague25/photos/players/110x140/477580.png
2023-24-player-595,2023-24,player,595,Milos Kerkez,Kerkez,DEF,3,,A,,,https://resources.premierleague.com/premierleague25/photos/players/110x140/544877.png
2023-24-player-607,2023-24,player,607,Ionuț Radu,Radu,GKP,3,,A,,,https://resources.premierleague.com/premierleague25/photos/players/110x140/215531.png
2023-24-player-619,2023-24,player,619,Ben Greenwood,Greenwood,DEF,3,,A,,,https://resources.premierleague.com/premierleague25/photos/players/110x140/474772.png
2023-24-player-643,2023-24,player,643,Max Aarons,Aarons,DEF,3,,A,,,https://resources.premierleague.com/premierleague25/photos/players/110x140/232980.png
2023-24-player-644,2023-24,player,644,Alex Scott,Scott,MID,3,,A,,,https://resources.premierleague.com/premierleague25/photos/players/110x140/503139.png
2023-24-player-673,2023-24,player,673,Tyler Adams,Adams,MID,3,,A,,,https://resources.premierleague.com/premierleague25/photos/players/110x140/200785.png
2023-24-player-705,2023-24,player,705,Luis Sinisterra,Sinisterra,MID,3,,A,,,https://resources.premierleague.com/premierleague25/photos/players/110x140/224995.png
2023-24-player-799,2023-24,player,799,Romain Faivre,Faivre,MID,3,,A,,,https://resources.premierleague.com/premierleague25/photos/players/110x140/441240.png
2023-24-player-802,2023-24,player,802,Max Kinsey,Kinsey,DEF,3,,A,,,https://resources.premierleague.com/premierleague25/photos/players/110x140/496683.png
2023-24-player-804,2023-24,player,804,Enes Ünal,Enes Ünal,FWD,3,,A,,,https://resources.premierleague.com/premierleague25/photos/players/110x140/168636.png
2023-24-player-811,2023-24,player,811,Dominic Sadi,Sadi,MID,3,,A,,,https://resources.premierleague.com/premierleague25/photos/players/110x140/550596.png
2023-24-player-849,2023-24,player,849,Michael Dacosta Gonzalez,Dacosta Gonzalez,MID,3,,A,,,https://resources.premierleague.com/premierleague25/photos/players/110x140/596572.png
2023-24-player-855,2023-24,player,855,Callan McKenna,McKenna,GKP,3,,A,,,https://resources.premierleague.com/premierleague25/photos/players/110x140/568791.png
2023-24-player-90,2023-24,player,90,Kristoffer Ajer,Ajer,DEF,4,,A,,,https://resources.premierleague.com/premierleague25/photos/players/110x140/191866.png
2023-24-player-91,2023-24,player,91,Ellery Balcombe,Balcombe,GKP,4,,A,,,https://resources.premierleague.com/premierleague25/photos/players/110x140/235448.png
2023-24-player-92,2023-24,player,92,Shandon Baptiste,Baptiste,MID,4,,A,,,https://resources.premierleague.com/premierleague25/photos/players/110x140/432160.png
2023-24-player-93,2023-24,player,93,Mads Bech Sørensen,Bech,DEF,4,,A,,,https://resources.premierleague.com/premierleague25/photos/players/110x140/228044.png
2023-24-player-94,2023-24,player,94,Mads Bidstrup,Bidstrup,MID,4,,A,,,https://resources.premierleague.com/premierleague25/photos/players/110x140/481405.png
2023-24-player-95,2023-24,player,95,Sergi Canós Tenés,Canós,MID,4,,A,,,https://resources.premierleague.com/premierleague25/photos/players/110x140/174932.png
2023-24-player-96,2023-24,player,96,Nathan Collins,Collins,DEF,4,,A,,,https://resources.premierleague.com/premierleague25/photos/players/110x140/432830.png
2023-24-player-97,2023-24,player,97,Matthew Cox,Cox,GKP,4,,A,,,https://resources.premierleague.com/premierleague25/photos/players/110x140/503300.png
2023-24-player-98,2023-24,player,98,Mikkel Damsgaard,Damsgaard,MID,4,,A,,,https://resources.premierleague.com/premierleague25/photos/players/110x140/440089.png
2023-24-player-99,2023-24,player,99,Josh Dasilva,Dasilva,MID,4,,A,,,https://resources.premierleague.com/premierleague25/photos/players/110x140/183656.png
2023-24-player-100,2023-24,player,100,Halil Dervişoğlu,Dervişoğlu,FWD,4,,A,,,https://resources.premierleague.com/premierleague25/photos/players/110x140/434662.png
2023-24-player-101,2023-24,player,101,Mark Flekken,Flekken,GKP,4,,A,,,https://resources.premierleague.com/premierleague25/photos/players/110x140/118342.png
2023-24-player-102,2023-24,player,102,Charlie Goode,Goode,DEF,4,,A,,,https://resources.premierleague.com/premierleague25/photos/players/110x140/213687.png
2023-24-player-103,2023-24,player,103,Rico Henry,Henry,DEF,4,,A,,,https://resources.premierleague.com/premierleague25/photos/players/110x140/194010.png
2023-24-player-104,2023-24,player,104,Aaron Hickey,Hickey,DEF,4,,A,,,https://resources.premierleague.com/premierleague25/photos/players/110x140/472713.png
2023-24-player-105,2023-24,player,105,Vitaly Janelt,Janelt,MID,4,,A,,,https://resources.premierleague.com/premierleague25/photos/players/110x140/204580.png
2023-24-player-106,2023-24,player,106,Mathias Jensen,Jensen,MID,4,,A,,,https://resources.premierleague.com/premierleague25/photos/players/110x140/207283.png
2023-24-player-107,2023-24,player,107,Keane Lewis-Potter,Lewis-Potter,MID,4,,A,,,https://resources.premierleague.com/premierleague25/photos/players/110x140/249231.png
2023-24-player-108,2023-24,player,108,Bryan Mbeumo,Mbeumo,MID,4,,A,,,https://resources.premierleague.com/premierleague25/photos/players/110x140/446008.png
2023-24-player-109,2023-24,player,109,Ben Mee,Mee,DEF,4,,A,,,https://resources.premierleague.com/premierleague25/photos/players/110x140/51927.png
2023-24-player-110,2023-24,player,110,Christian Nørgaard,Nørgaard,MID,4,,A,,,https://resources.premierleague.com/premierleague25/photos/players/110x140/128295.png
2023-24-player-111,2023-24,player,111,Frank Onyeka,Onyeka,MID,4,,A,,,https://resources.premierleague.com/premierleague25/photos/players/110x140/428580.png
2023-24-player-112,2023-24,player,112,Ethan Pinnock,Pinnock,DEF,4,,A,,,https://resources.premierleague.com/premierleague25/photos/players/110x140/231065.png
2023-24-player-114,2023-24,player,114,Mads Roerslev Rasmussen,Roerslev,DEF,4,,A,,,https://resources.premierleague.com/premierleague25/photos/players/110x140/226956.png
2023-24-player-115,2023-24,player,115,Kevin Schade,Schade,MID,4,,A,,,https://resources.premierleague.com/premierleague25/photos/players/110x140/513418.png
2023-24-player-116,2023-24,player,116,Thomas Strakosha,Strakosha,GKP,4,,A,,,https://resources.premierleague.com/premierleague25/photos/players/110x140/140200.png
2023-24-player-117,2023-24,player,117,Ivan Toney,Toney,FWD,4,,A,,,https://resources.premierleague.com/premierleague25/photos/players/110x140/144485.png
2023-24-player-118,2023-24,player,118,Ryan Trevitt,Trevitt,MID,4,,A,,,https://resources.premierleague.com/premierleague25/photos/players/110x140/591357.png
2023-24-player-119,2023-24,player,119,Yoane Wissa,Wissa,FWD,4,,A,,,https://resources.premierleague.com/premierleague25/photos/players/110x140/216646.png
2023-24-player-120,2023-24,player,120,Yegor Yarmoliuk,Yarmoliuk,MID,4,,A,,,https://resources.premierleague.com/premierleague25/photos/players/110x140/508395.png
2023-24-player-121,2023-24,player,121,Mathias Jorgensen,Zanka,DEF,4,,A,,,https://resources.premierleague.com/premierleague25/photos/players/110x140/48760.png
2023-24-player-258,2023-24,player,258,Neal Maupay,Maupay,FWD,4,,A,,,https://resources.premierleague.com/premierleague25/photos/players/110x140/115382.png
2023-24-player-508,2023-24,player,508,Sergio Reguilón,Reguilón,DEF,4,,A,,,https://resources.premierleague.com/premierleague25/photos/players/110x140/199249.png
2023-24-player-620,2023-24,player,620,Michael Olakigbe,Olakigbe,MID,4,,A,,,https://resources.premierleague.com/premierleague25/photos/players/110x140/501284.png
2023-24-player-684,2023-24,player,684,Ethan Brierley,Brierley,MID,4,,A,,,https://resources.premierleague.com/premierleague25/photos/players/110x140/494041.png
2023-24-player-701,2023-24,player,701,Saman Ghoddos,Ghoddos,MID,4,,A,,,https://resources.premierleague.com/premierleague25/photos/players/110x140/205836.png
2023-24-player-725,2023-24,player,725,Ji-Soo Kim,Kim Ji-Soo,DEF,4,,A,,,https://resources.premierleague.com/premierleague25/photos/players/110x140/570241.png
2023-24-player-733,2023-24,player,733,Valintino Adedokun,Adedokun,DEF,4,,A,,,https://resources.premierleague.com/premierleague25/photos/players/110x140/516432.png
2023-24-player-744,2023-24,player,744,Myles Peart-Harris,Peart-Harris,MID,4,,A,,,https://resources.premierleague.com/premierleague25/photos/players/110x140/450539.png
2023-24-player-752,2023-24,player,752,Vincent Angelini,Angelini,GKP,4,,A,,,https://resources.premierleague.com/premierleague25/photos/players/110x140/563883.png
2023-24-player-789,2023-24,player,789,Hákon Valdimarsson,Valdimarsson,GKP,4,,A,,,https://resources.premierleague.com/premierleague25/photos/players/110x140/507433.png
2023-24-player-797,2023-24,player,797,Benjamin Fredrick,Fredrick,DEF,4,,A,,,https://resources.premierleague.com/premierleague25/photos/players/110x140/612534.png
2023-24-player-834,2023-24,player,834,Benjamin Arthur,Arthur,DEF,4,,A,,,https://resources.premierleague.com/premierleague25/photos/players/110x140/622536.png
2023-24-player-864,2023-24,player,864,Yunus Konak,Konak,MID,4,,A,,,https://resources.premierleague.com/premierleague25/photos/players/110x140/628204.png
2023-24-player-122,2023-24,player,122,Simon Adingra,Adingra,MID,5,,A,,,https://resources.premierleague.com/premierleague25/photos/players/110x140/535818.png
2023-24-player-123,2023-24,player,123,Steven Alzate,Alzate,MID,5,,A,,,https://resources.premierleague.com/premierleague25/photos/players/110x140/235382.png
2023-24-player-124,2023-24,player,124,Yasin Ayari,Ayari,MID,5,,A,,,https://resources.premierleague.com/premierleague25/photos/players/110x140/509416.png
2023-24-player-125,2023-24,player,125,Facundo Buonanotte,Buonanotte,MID,5,,A,,,https://resources.premierleague.com/premierleague25/photos/players/110x140/536916.png
2023-24-player-127,2023-24,player,127,Aaron Connolly,Connolly,FWD,5,,A,,,https://resources.premierleague.com/premierleague25/photos/players/110x140/233425.png
2023-24-player-128,2023-24,player,128,Mahmoud Dahoud,Dahoud,MID,5,,A,,,https://resources.premierleague.com/premierleague25/photos/players/110x140/168090.png
2023-24-player-129,2023-24,player,129,Lewis Dunk,Dunk,DEF,5,,A,,,https://resources.premierleague.com/premierleague25/photos/players/110x140/83299.png
2023-24-player-130,2023-24,player,130,Julio Enciso,Enciso,MID,5,,A,,,https://resources.premierleague.com/premierleague25/photos/players/110x140/474120.png
2023-24-player-131,2023-24,player,131,Pervis Estupiñán,Estupiñan,DEF,5,,A,,,https://resources.premierleague.com/premierleague25/photos/players/110x140/204214.png
2023-24-player-132,2023-24,player,132,Evan Ferguson,Ferguson,FWD,5,,A,,,https://resources.premierleague.com/premierleague25/photos/players/110x140/487117.png
2023-24-player-133,2023-24,player,133,Billy Gilmour,Gilmour,MID,5,,A,,,https://resources.premierleague.com/premierleague25/photos/players/110x140/243568.png
2023-24-player-134,2023-24,player,134,Pascal Groß,Gross,MID,5,,A,,,https://resources.premierleague.com/premierleague25/photos/players/110x140/60307.png
2023-24-player-135,2023-24,player,135,João Pedro Junqueira de Jesus,João Pedro,FWD,5,,A,,,https://resources.premierleague.com/premierleague25/photos/players/110x140/475168.png
2023-24-player-136,2023-24,player,136,Michał Karbownik,Karbownik,DEF,5,,A,,,https://resources.premierleague.com/premierleague25/photos/players/110x140/442229.png
2023-24-player-137,2023-24,player,137,Kacper Kozłowski,Kozłowski,MID,5,,A,,,https://resources.premierleague.com/premierleague25/photos/players/110x140/484658.png
2023-24-player-138,2023-24,player,138,Adam Lallana,Lallana,MID,5,,A,,,https://resources.premierleague.com/premierleague25/photos/players/110x140/39155.png
2023-24-player-139,2023-24,player,139,Tariq Lamptey,Lamptey,DEF,5,,A,,,https://resources.premierleague.com/premierleague25/photos/players/110x140/232792.png
2023-24-player-140,2023-24,player,140,Solly March,March,MID,5,,A,,,https://resources.premierleague.com/premierleague25/photos/players/110x140/109345.png
2023-24-player-141,2023-24,player,141,Tom McGill,McGill,GKP,5,,A,,,https://resources.premierleague.com/premierleague25/photos/players/110x140/209288.png
2023-24-player-142,2023-24,player,142,James Milner,Milner,MID,5,,A,,,https://resources.premierleague.com/premierleague25/photos/players/110x140/15157.png
2023-24-player-143,2023-24,player,143,Kaoru Mitoma,Mitoma,MID,5,,A,,,https://resources.premierleague.com/premierleague25/photos/players/110x140/451340.png
2023-24-player-144,2023-24,player,144,Jakub Moder,Moder,MID,5,,A,,,https://resources.premierleague.com/premierleague25/photos/players/110x140/243505.png
2023-24-player-146,2023-24,player,146,Jeremy Sarmiento Morante,Sarmiento,MID,5,,A,,,https://resources.premierleague.com/premierleague25/photos/players/110x140/441192.png
2023-24-player-147,2023-24,player,147,Kjell Scherpen,Scherpen,GKP,5,,A,,,https://resources.premierleague.com/premierleague25/photos/players/110x140/240514.png
2023-24-player-148,2023-24,player,148,Jason Steele,Steele,GKP,5,,A,,,https://resources.premierleague.com/premierleague25/photos/players/110x140/49262.png
2023-24-player-149,2023-24,player,149,Deniz Undav,Undav,FWD,5,,A,,,https://resources.premierleague.com/premierleague25/photos/players/110x140/450434.png
2023-24-player-150,2023-24,player,150,Jan Paul van Hecke,Van Hecke,DEF,5,,A,,,https://resources.premierleague.com/premierleague25/photos/players/110x140/469142.png
2023-24-player-151,2023-24,player,151,Joël Veltman,Veltman,DEF,5,,A,,,https://resources.premierleague.com/premierleague25/photos/players/110x140/111478.png
2023-24-player-152,2023-24,player,152,Bart Verbruggen,Verbruggen,GKP,5,,A,,,https://resources.premierleague.com/premierleague25/photos/players/110x140/489639.png
2023-24-player-153,2023-24,player,153,Adam Webster,Webster,DEF,5,,A,,,https://resources.premierleague.com/premierleague25/photos/players/110x140/110735.png
2023-24-player-154,2023-24,player,154,Danny Welbeck,Welbeck,FWD,5,,A,,,https://resources.premierleague.com/premierleague25/photos/players/110x140/50175.png
2023-24-player-155,2023-24,player,155,Andi Zeqiri,Zeqiri,FWD,5,,A,,,https://resources.premierleague.com/premierleague25/photos/players/110x140/204676.png
2023-24-player-606,2023-24,player,606,Igor Julio dos Santos de Paulo,Igor,DEF,5,,A,,,https://resources.premierleague.com/premierleague25/photos/players/110x140/223434.png
2023-24-player-621,2023-24,player,621,Jack Hinshelwood,Hinshelwood,MID,5,,A,,,https://resources.premierleague.com/premierleague25/photos/players/110x140/532529.png
2023-24-player-690,2023-24,player,690,Carlos Baleba,Baleba,MID,5,,A,,,https://resources.premierleague.com/premierleague25/photos/players/110x140/535301.png
2023-24-player-700,2023-24,player,700,Anssumane Fati Vieira,Ansu Fati,MID,5,,A,,,https://resources.premierleague.com/premierleague25/photos/players/110x140/465607.png
2023-24-player-741,2023-24,player,741,Mark O’Mahony,O’Mahony,FWD,5,,A,,,https://resources.premierleague.com/premierleague25/photos/players/110x140/574402.png
2023-24-player-742,2023-24,player,742,Benicio Baker-Boaitey,Baker-Boaitey,MID,5,,A,,,https://resources.premierleague.com/premierleague25/photos/players/110x140/475480.png
2023-24-player-746,2023-24,player,746,Ben Jackson,Jackson,DEF,5,,A,,,https://resources.premierleague.com/premierleague25/photos/players/110x140/514154.png
2023-24-player-747,2023-24,player,747,Joshua Duffus,Duffus,MID,5,,A,,,https://resources.premierleague.com/premierleague25/photos/players/110x140/532528.png
2023-24-player-753,2023-24,player,753,Leigh Kavanagh,Kavanagh,DEF,5,,A,,,https://resources.premierleague.com/premierleague25/photos/players/110x140/513836.png
2023-24-player-755,2023-24,player,755,Luca Barrington,Barrington,MID,5,,A,,,https://resources.premierleague.com/premierleague25/photos/players/110x140/500052.png
2023-24-player-786,2023-24,player,786,Cameron Peupion,Peupion,MID,5,,A,,,https://resources.premierleague.com/premierleague25/photos/players/110x140/491598.png
2023-24-player-816,2023-24,player,816,Valentín Barco,Barco,DEF,5,,A,,,https://resources.premierleague.com/premierleague25/photos/players/110x140/543158.png
2023-24-player-843,2023-24,player,843,Samy Chouchane,Chouchane,MID,5,,A,,,https://resources.premierleague.com/premierleague25/photos/players/110x140/513840.png
2023-24-player-845,2023-24,player,845,Odeluga Offiah,Offiah,DEF,5,,A,,,https://resources.premierleague.com/premierleague25/photos/players/110x140/445548.png
2023-24-player-861,2023-24,player,861,Noël Atom,Atom,DEF,5,,A,,,https://resources.premierleague.com/premierleague25/photos/players/110x140/549014.png
2023-24-player-156,2023-24,player,156,Enock Agyei,Agyei,MID,6,,A,,,https://resources.premierleague.com/premierleague25/photos/players/110x140/578614.png
2023-24-player-157,2023-24,player,157,Ameen Al-Dakhil,Al-Dakhil,DEF,6,,A,,,https://resources.premierleague.com/premierleague25/photos/players/110x140/487968.png
2023-24-player-158,2023-24,player,158,Samuel Bastien,Bastien,MID,6,,A,,,https://resources.premierleague.com/premierleague25/photos/players/110x140/189776.png
2023-24-player-159,2023-24,player,159,Manuel Benson Hedilazio,Benson,MID,6,,A,,,https://resources.premierleague.com/premierleague25/photos/players/110x140/183751.png
2023-24-player-160,2023-24,player,160,Jordan Beyer,Beyer,DEF,6,,A,,,https://resources.premierleague.com/premierleague25/photos/players/110x140/241231.png
2023-24-player-161,2023-24,player,161,Josh Brownhill,Brownhill,MID,6,,A,,,https://resources.premierleague.com/premierleague25/photos/players/110x140/172782.png
2023-24-player-162,2023-24,player,162,Darko Churlinov,Churlinov,MID,6,,A,,,https://resources.premierleague.com/premierleague25/photos/players/110x140/250735.png
2023-24-player-163,2023-24,player,163,Jack Cork,Cork,MID,6,,A,,,https://resources.premierleague.com/premierleague25/photos/players/110x140/40145.png
2023-24-player-164,2023-24,player,164,Dara Costelloe,Costelloe,MID,6,,A,,,https://resources.premierleague.com/premierleague25/photos/players/110x140/530873.png
2023-24-player-165,2023-24,player,165,Josh Cullen,Cullen,MID,6,,A,,,https://resources.premierleague.com/premierleague25/photos/players/110x140/172567.png
2023-24-player-166,2023-24,player,166,CJ Egan-Riley,Egan-Riley,DEF,6,,A,,,https://resources.premierleague.com/premierleague25/photos/players/110x140/432711.png
2023-24-player-167,2023-24,player,167,Hjalmar Ekdal,Ekdal,DEF,6,,A,,,https://resources.premierleague.com/premierleague25/photos/players/110x140/478969.png
2023-24-player-168,2023-24,player,168,Lyle Foster,Foster,FWD,6,,A,,,https://resources.premierleague.com/premierleague25/photos/players/110x140/435973.png
2023-24-player-169,2023-24,player,169,Denis Franchi,Franchi,GKP,6,,A,,,https://resources.premierleague.com/premierleague25/photos/players/110x140/493347.png
2023-24-player-170,2023-24,player,170,Jóhann Berg Gudmundsson,Gudmundsson,MID,6,,A,,,https://resources.premierleague.com/premierleague25/photos/players/110x140/60586.png
2023-24-player-171,2023-24,player,171,Luke McNally,McNally,DEF,6,,A,,,https://resources.premierleague.com/premierleague25/photos/players/110x140/483391.png
2023-24-player-172,2023-24,player,172,Arijanet Muric,Muric,GKP,6,,A,,,https://resources.premierleague.com/premierleague25/photos/players/110x140/232917.png
2023-24-player-173,2023-24,player,173,Dara O'Shea,O'Shea,DEF,6,,A,,,https://resources.premierleague.com/premierleague25/photos/players/110x140/216616.png
2023-24-player-174,2023-24,player,174,Michael Obafemi,Obafemi,FWD,6,,A,,,https://resources.premierleague.com/premierleague25/photos/players/110x140/220598.png
2023-24-player-175,2023-24,player,175,Bailey Peacock-Farrell,Peacock-Farrell,GKP,6,,A,,,https://resources.premierleague.com/premierleague25/photos/players/110x140/220037.png
2023-24-player-176,2023-24,player,176,Connor Roberts,Roberts,DEF,6,,A,,,https://resources.premierleague.com/premierleague25/photos/players/110x140/192290.png
2023-24-player-177,2023-24,player,177,Jay Rodriguez,Rodriguez,FWD,6,,A,,,https://resources.premierleague.com/premierleague25/photos/players/110x140/44683.png
2023-24-player-178,2023-24,player,178,Charlie Taylor,Taylor,DEF,6,,A,,,https://resources.premierleague.com/premierleague25/photos/players/110x140/103914.png
2023-24-player-179,2023-24,player,179,Bobby Thomas,Thomas,DEF,6,,A,,,https://resources.premierleague.com/premierleague25/photos/players/110x140/461102.png
2023-24-player-180,2023-24,player,180,Scott Twine,Twine,MID,6,,A,,,https://resources.premierleague.com/premierleague25/photos/players/110x140/226473.png
2023-24-player-181,2023-24,player,181,Lawrence Vigouroux,Vigouroux,GKP,6,,A,,,https://resources.premierleague.com/premierleague25/photos/players/110x140/133085.png
2023-24-player-182,2023-24,player,182,Victor da Silva,Vitinho,DEF,6,,A,,,https://resources.premierleague.com/premierleague25/photos/players/110x140/441455.png
2023-24-player-183,2023-24,player,183,Wout Weghorst,Weghorst,FWD,6,,A,,,https://resources.premierleague.com/premierleague25/photos/players/110x140/120202.png
2023-24-player-184,2023-24,player,184,Anass Zaroury,Zaroury,MID,6,,A,,,https://resources.premierleague.com/premierleague25/photos/players/110x140/511783.png
2023-24-player-200,2023-24,player,200,David Datro Fofana,D.D.Fofana,FWD,6,,A,,,https://resources.premierleague.com/premierleague25/photos/players/110x140/520295.png
2023-24-player-475,2023-24,player,475,Sander Berge,Berge,MID,6,,A,,,https://resources.premierleague.com/premierleague25/photos/players/110x140/207189.png
2023-24-player-594,2023-24,player,594,Zeki Amdouni,Amdouni,FWD,6,,A,,,https://resources.premierleague.com/premierleague25/photos/players/110x140/492831.png
2023-24-player-596,2023-24,player,596,James Trafford,Trafford,GKP,6,,A,,,https://resources.premierleague.com/premierleague25/photos/players/110x140/432720.png
2023-24-player-600,2023-24,player,600,Nathan Redmond,Redmond,MID,6,,A,,,https://resources.premierleague.com/premierleague25/photos/players/110x140/83283.png
2023-24-player-605,2023-24,player,605,Luca Koleosho,Koleosho,MID,6,,A,,,https://resources.premierleague.com/premierleague25/photos/players/110x140/487702.png
2023-24-player-608,2023-24,player,608,Jacob Bruun Larsen,Bruun Larsen,MID,6,,A,,,https://resources.premierleague.com/premierleague25/photos/players/110x140/179458.png
2023-24-player-622,2023-24,player,622,Owen Dodgson,Dodgson,DEF,6,,A,,,https://resources.premierleague.com/premierleague25/photos/players/110x140/461567.png
2023-24-player-660,2023-24,player,660,Wilson Odobert,Odobert,MID,6,,A,,,https://resources.premierleague.com/premierleague25/photos/players/110x140/550839.png
2023-24-player-674,2023-24,player,674,Hannes Delcroix,Delcroix,DEF,6,,A,,,https://resources.premierleague.com/premierleague25/photos/players/110x140/247245.png
2023-24-player-675,2023-24,player,675,Aaron Ramsey,A.Ramsey,MID,6,,A,,,https://resources.premierleague.com/premierleague25/photos/players/110x140/447715.png
2023-24-player-694,2023-24,player,694,Han-Noah Massengo,Massengo,MID,6,,A,,,https://resources.premierleague.com/premierleague25/photos/players/110x140/437757.png
2023-24-player-706,2023-24,player,706,Mike Trésor,M.Trésor,MID,6,,A,,,https://resources.premierleague.com/premierleague25/photos/players/110x140/437748.png
2023-24-player-805,2023-24,player,805,Lorenz Assignon,Assignon,DEF,6,,A,,,https://resources.premierleague.com/premierleague25/photos/players/110x140/503724.png
2023-24-player-806,2023-24,player,806,Maxime Esteve,Estève,DEF,6,,A,,,https://resources.premierleague.com/premierleague25/photos/players/110x140/477717.png
2023-24-player-126,2023-24,player,126,Moisés Caicedo Corozo,Caicedo,MID,7,,A,,,https://resources.premierleague.com/premierleague25/photos/players/110x140/486672.png
2023-24-player-145,2023-24,player,145,Robert Sánchez,Sanchez,GKP,7,,A,,,https://resources.premierleague.com/premierleague25/photos/players/110x140/215059.png
2023-24-player-185,2023-24,player,185,Ethan Ampadu,Ampadu,DEF,7,,A,,,https://resources.premierleague.com/premierleague25/photos/players/110x140/199598.png
2023-24-player-186,2023-24,player,186,Andrey Nascimento dos Santos,Andrey,MID,7,,A,,,https://resources.premierleague.com/premierleague25/photos/players/110x140/532605.png
2023-24-player-187,2023-24,player,187,Kepa Arrizabalaga,Arrizabalaga,GKP,7,,A,,,https://resources.premierleague.com/premierleague25/photos/players/110x140/109745.png
2023-24-player-188,2023-24,player,188,Pierre-Emerick Aubameyang,Aubameyang,FWD,7,,A,,,https://resources.premierleague.com/premierleague25/photos/players/110x140/54694.png
2023-24-player-189,2023-24,player,189,César Azpilicueta,Azpilicueta,DEF,7,,A,,,https://resources.premierleague.com/premierleague25/photos/players/110x140/41328.png
2023-24-player-190,2023-24,player,190,Abdul Rahman Baba,Baba,DEF,7,,A,,,https://resources.premierleague.com/premierleague25/photos/players/110x140/118335.png
2023-24-player-191,2023-24,player,191,Benoît Badiashile,B.Badiashile,DEF,7,,A,,,https://resources.premierleague.com/premierleague25/photos/players/110x140/242880.png
2023-24-player-192,2023-24,player,192,Marcus Bettinelli,Bettinelli,GKP,7,,A,,,https://resources.premierleague.com/premierleague25/photos/players/110x140/122074.png
2023-24-player-194,2023-24,player,194,Trevoh Chalobah,Chalobah,DEF,7,,A,,,https://resources.premierleague.com/premierleague25/photos/players/110x140/180736.png
2023-24-player-195,2023-24,player,195,Ben Chilwell,Chilwell,DEF,7,,A,,,https://resources.premierleague.com/premierleague25/photos/players/110x140/172850.png
2023-24-player-196,2023-24,player,196,Carney Chukwuemeka,Chukwuemeka,MID,7,,A,,,https://resources.premierleague.com/premierleague25/photos/players/110x140/478912.png
2023-24-player-197,2023-24,player,197,Levi Colwill,Colwill,DEF,7,,A,,,https://resources.premierleague.com/premierleague25/photos/players/110x140/460028.png
2023-24-player-198,2023-24,player,198,Marc Cucurella Saseta,Cucurella,DEF,7,,A,,,https://resources.premierleague.com/premierleague25/photos/players/110x140/179268.png
2023-24-player-199,2023-24,player,199,Enzo Fernández,Enzo,MID,7,,A,,,https://resources.premierleague.com/premierleague25/photos/players/110x140/448047.png
2023-24-player-201,2023-24,player,201,Wesley Fofana,W.Fofana,DEF,7,,A,,,https://resources.premierleague.com/premierleague25/photos/players/110x140/444463.png
2023-24-player-202,2023-24,player,202,Conor Gallagher,Gallagher,MID,7,,A,,,https://resources.premierleague.com/premierleague25/photos/players/110x140/232787.png
2023-24-player-203,2023-24,player,203,Malo Gusto,Gusto,DEF,7,,A,,,https://resources.premierleague.com/premierleague25/photos/players/110x140/482609.png
2023-24-player-206,2023-24,player,206,Reece James,James,DEF,7,,A,,,https://resources.premierleague.com/premierleague25/photos/players/110x140/225796.png
2023-24-player-207,2023-24,player,207,Romelu Lukaku Bolingoli,Lukaku,FWD,7,,A,,,https://resources.premierleague.com/premierleague25/photos/players/110x140/66749.png
2023-24-player-208,2023-24,player,208,Noni Madueke,Madueke,MID,7,,A,,,https://resources.premierleague.com/premierleague25/photos/players/110x140/248857.png
2023-24-player-210,2023-24,player,210,Mykhailo Mudryk,Mudryk,MID,7,,A,,,https://resources.premierleague.com/premierleague25/photos/players/110x140/465920.png
2023-24-player-211,2023-24,player,211,Nicolas Jackson,N.Jackson,FWD,7,,A,,,https://resources.premierleague.com/premierleague25/photos/players/110x140/517052.png
2023-24-player-212,2023-24,player,212,Christopher Nkunku,Nkunku,FWD,7,,A,,,https://resources.premierleague.com/premierleague25/photos/players/110x140/213198.png
2023-24-player-213,2023-24,player,213,Christian Pulisic,Pulisic,MID,7,,A,,,https://resources.premierleague.com/premierleague25/photos/players/110x140/176413.png
2023-24-player-214,2023-24,player,214,Malang Sarr,M.Sarr,DEF,7,,A,,,https://resources.premierleague.com/premierleague25/photos/players/110x140/204727.png
2023-24-player-215,2023-24,player,215,Gabriel Słonina,Slonina,GKP,7,,A,,,https://resources.premierleague.com/premierleague25/photos/players/110x140/471798.png
2023-24-player-216,2023-24,player,216,Raheem Sterling,Sterling,MID,7,,A,,,https://resources.premierleague.com/premierleague25/photos/players/110x140/103955.png
2023-24-player-217,2023-24,player,217,Thiago Emiliano da Silva,T.Silva,DEF,7,,A,,,https://resources.premierleague.com/premierleague25/photos/players/110x140/51090.png
2023-24-player-218,2023-24,player,218,Hakim Ziyech,Ziyech,MID,7,,A,,,https://resources.premierleague.com/premierleague25/photos/players/110x140/124183.png
2023-24-player-362,2023-24,player,362,Cole Palmer,Palmer,MID,7,,A,,,https://resources.premierleague.com/premierleague25/photos/players/110x140/244851.png
2023-24-player-589,2023-24,player,589,Ângelo Gabriel Borges Damaceno,Ângelo,MID,7,,A,,,https://resources.premierleague.com/premierleague25/photos/players/110x140/518620.png
2023-24-player-609,2023-24,player,609,Ian Maatsen,Maatsen,MID,7,,A,,,https://resources.premierleague.com/premierleague25/photos/players/110x140/441302.png
2023-24-player-611,2023-24,player,611,Axel Disasi,Disasi,DEF,7,,A,,,https://resources.premierleague.com/premierleague25/photos/players/110x140/220362.png
2023-24-player-613,2023-24,player,613,Lesley Ugochukwu,Ugochukwu,MID,7,,A,,,https://resources.premierleague.com/premierleague25/photos/players/110x140/503714.png
2023-24-player-623,2023-24,player,623,Mason Burstow,Burstow,FWD,7,,A,,,https://resources.premierleague.com/premierleague25/photos/players/110x140/534392.png
2023-24-player-659,2023-24,player,659,Lucas Bergström,Bergström,GKP,7,,A,,,https://resources.premierleague.com/premierleague25/photos/players/110x140/482158.png
2023-24-player-667,2023-24,player,667,Roméo Lavia,Lavia,MID,7,,A,,,https://resources.premierleague.com/premierleague25/photos/players/110x140/514356.png
2023-24-player-671,2023-24,player,671,Bashir Humphreys,Humphreys,DEF,7,,A,,,https://resources.premierleague.com/premierleague25/photos/players/110x140/461188.png
2023-24-player-677,2023-24,player,677,Deivid Washington de Souza Eugênio,Deivid,FWD,7,,A,,,https://resources.premierleague.com/premierleague25/photos/players/110x140/617054.png
2023-24-player-680,2023-24,player,680,Eddie Beach,Beach,GKP,7,,A,,,https://resources.premierleague.com/premierleague25/photos/players/110x140/474803.png
2023-24-player-681,2023-24,player,681,Diego Manuel Jadon da Silva Moreira,Diego Moreira,MID,7,,A,,,https://resources.premierleague.com/premierleague25/photos/players/110x140/491011.png
2023-24-player-687,2023-24,player,687,Đorđe Petrović,Petrović,GKP,7,,A,,,https://resources.premierleague.com/premierleague25/photos/players/110x140/457569.png
2023-24-player-716,2023-24,player,716,Alfie Gilchrist,Gilchrist,DEF,7,,A,,,https://resources.premierleague.com/premierleague25/photos/players/110x140/514280.png
2023-24-player-717,2023-24,player,717,Ronnie Stutter,Stutter,FWD,7,,A,,,https://resources.premierleague.com/premierleague25/photos/players/110x140/517996.png
2023-24-player-718,2023-24,player,718,Alex Matos,Matos,MID,7,,A,,,https://resources.premierleague.com/premierleague25/photos/players/110x140/519198.png
2023-24-player-723,2023-24,player,723,Josh Brooking,Brooking,DEF,7,,A,,,https://resources.premierleague.com/premierleague25/photos/players/110x140/248854.png
2023-24-player-758,2023-24,player,758,Leo Castledine,Castledine,MID,7,,A,,,https://resources.premierleague.com/premierleague25/photos/players/110x140/517995.png
2023-24-player-791,2023-24,player,791,Cesare Casadei,Casadei,MID,7,,A,,,https://resources.premierleague.com/premierleague25/photos/players/110x140/505187.png
2023-24-player-819,2023-24,player,819,Ishé Samuels-Smith,Samuels-Smith,DEF,7,,A,,,https://resources.premierleague.com/premierleague25/photos/players/110x140/536238.png
2023-24-player-820,2023-24,player,820,Ollie Harrison,Harrison,MID,7,,A,,,https://resources.premierleague.com/premierleague25/photos/players/110x140/597983.png
2023-24-player-830,2023-24,player,830,Jimi Tauriainen,Tauriainen,MID,7,,A,,,https://resources.premierleague.com/premierleague25/photos/players/110x140/514277.png
2023-24-player-838,2023-24,player,838,Josh Acheampong,Acheampong,DEF,7,,A,,,https://resources.premierleague.com/premierleague25/photos/players/110x140/577016.png
2023-24-player-847,2023-24,player,847,Teddy Sharman-Lowe,Sharman-Lowe,GKP,7,,A,,,https://resources.premierleague.com/premierleague25/photos/players/110x140/499857.png
2023-24-player-851,2023-24,player,851,Tyrique George,George,FWD,7,,A,,,https://resources.premierleague.com/premierleague25/photos/players/110x140/550615.png
2023-24-player-852,2023-24,player,852,Kiano Dyer,Dyer,MID,7,,A,,,https://resources.premierleague.com/premierleague25/photos/players/110x140/559963.png
2023-24-player-858,2023-24,player,858,Ted Curd,Curd,GKP,7,,A,,,https://resources.premierleague.com/premierleague25/photos/players/110x140/518892.png
2023-24-player-859,2023-24,player,859,Zak Sturge,Sturge,DEF,7,,A,,,https://resources.premierleague.com/premierleague25/photos/players/110x140/496222.png
2023-24-player-7,2023-24,player,7,Rob Holding,Holding,DEF,8,,A,,,https://resources.premierleague.com/premierleague25/photos/players/110x140/156074.png
2023-24-player-219,2023-24,player,219,Naouirou Ahamada,Ahamada,MID,8,,A,,,https://resources.premierleague.com/premierleague25/photos/players/110x140/466117.png
2023-24-player-220,2023-24,player,220,Joachim Andersen,Andersen,DEF,8,,A,,,https://resources.premierleague.com/premierleague25/photos/players/110x140/174874.png
2023-24-player-221,2023-24,player,221,Jordan Ayew,J.Ayew,MID,8,,A,,,https://resources.premierleague.com/premierleague25/photos/players/110x140/80146.png
2023-24-player-222,2023-24,player,222,Nathaniel Clyne,Clyne,DEF,8,,A,,,https://resources.premierleague.com/premierleague25/photos/players/110x140/57328.png
2023-24-player-223,2023-24,player,223,Cheick Doucouré,C.Doucouré,MID,8,,A,,,https://resources.premierleague.com/premierleague25/photos/players/110x140/438464.png
2023-24-player-224,2023-24,player,224,Malcolm Ebiowei,Ebiowei,MID,8,,A,,,https://resources.premierleague.com/premierleague25/photos/players/110x140/450535.png
2023-24-player-225,2023-24,player,225,Odsonne Edouard,Edouard,FWD,8,,A,,,https://resources.premierleague.com/premierleague25/photos/players/110x140/199670.png
2023-24-player-226,2023-24,player,226,Eberechi Eze,Eze,MID,8,,A,,,https://resources.premierleague.com/premierleague25/photos/players/110x140/232413.png
2023-24-player-227,2023-24,player,227,Vicente Guaita,Guaita,GKP,8,,A,,,https://resources.premierleague.com/premierleague25/photos/players/110x140/40836.png
2023-24-player-228,2023-24,player,228,Marc Guéhi,Guéhi,DEF,8,,A,,,https://resources.premierleague.com/premierleague25/photos/players/110x140/209036.png
2023-24-player-229,2023-24,player,229,Will Hughes,Hughes,MID,8,,A,,,https://resources.premierleague.com/premierleague25/photos/players/110x140/108413.png
2023-24-player-230,2023-24,player,230,Sam Johnstone,Johnstone,GKP,8,,A,,,https://resources.premierleague.com/premierleague25/photos/players/110x140/101982.png
2023-24-player-231,2023-24,player,231,Jefferson Lerma Solís,Lerma,MID,8,,A,,,https://resources.premierleague.com/premierleague25/photos/players/110x140/152551.png
2023-24-player-232,2023-24,player,232,Jean-Philippe Mateta,Mateta,FWD,8,,A,,,https://resources.premierleague.com/premierleague25/photos/players/110x140/231747.png
2023-24-player-233,2023-24,player,233,Remi Matthews,Matthews,GKP,8,,A,,,https://resources.premierleague.com/premierleague25/photos/players/110x140/169593.png
2023-24-player-234,2023-24,player,234,Tyrick Mitchell,Mitchell,DEF,8,,A,,,https://resources.premierleague.com/premierleague25/photos/players/110x140/244723.png
2023-24-player-235,2023-24,player,235,Jake O'Brien,O'Brien,DEF,8,,A,,,https://resources.premierleague.com/premierleague25/photos/players/110x140/512462.png
2023-24-player-236,2023-24,player,236,Michael Olise,Olise,MID,8,,A,,,https://resources.premierleague.com/premierleague25/photos/players/110x140/443661.png
2023-24-player-237,2023-24,player,237,Luke Plange,Plange,FWD,8,,A,,,https://resources.premierleague.com/premierleague25/photos/players/110x140/450541.png
2023-24-player-238,2023-24,player,238,Chris Richards,C.Richards,DEF,8,,A,,,https://resources.premierleague.com/premierleague25/photos/players/110x140/427623.png
2023-24-player-239,2023-24,player,239,Jairo Riedewald,Riedewald,MID,8,,A,,,https://resources.premierleague.com/premierleague25/photos/players/110x140/173954.png
2023-24-player-240,2023-24,player,240,Jeffrey Schlupp,Schlupp,MID,8,,A,,,https://resources.premierleague.com/premierleague25/photos/players/110x140/86417.png
2023-24-player-241,2023-24,player,241,James Tomkins,Tomkins,DEF,8,,A,,,https://resources.premierleague.com/premierleague25/photos/players/110x140/49413.png
2023-24-player-242,2023-24,player,242,Joel Ward,Ward,DEF,8,,A,,,https://resources.premierleague.com/premierleague25/photos/players/110x140/55494.png
2023-24-player-243,2023-24,player,243,Joe Whitworth,Whitworth,GKP,8,,A,,,https://resources.premierleague.com/premierleague25/photos/players/110x140/487818.png
2023-24-player-385,2023-24,player,385,Dean Henderson,Henderson,GKP,8,,A,,,https://resources.premierleague.com/premierleague25/photos/players/110x140/172649.png
2023-24-player-615,2023-24,player,615,Matheus França de Oliveira,Matheus França,MID,8,,A,,,https://resources.premierleague.com/premierleague25/photos/players/110x140/536694.png
2023-24-player-657,2023-24,player,657,Jesurun Rak-Sakyi,Rak-Sakyi,MID,8,,A,,,https://resources.premierleague.com/premierleague25/photos/players/110x140/450542.png
2023-24-player-658,2023-24,player,658,John-Kymani Gordon,Gordon,FWD,8,,A,,,https://resources.premierleague.com/premierleague25/photos/players/110x140/461382.png
2023-24-player-720,2023-24,player,720,Ademola Ola-Adebomi,Ola-Adebomi,FWD,8,,A,,,https://resources.premierleague.com/premierleague25/photos/players/110x140/531993.png
2023-24-player-721,2023-24,player,721,David Ozoh,Ozoh,MID,8,,A,,,https://resources.premierleague.com/premierleague25/photos/players/110x140/531989.png
2023-24-player-724,2023-24,player,724,Jadan Raymond,Raymond,MID,8,,A,,,https://resources.premierleague.com/premierleague25/photos/players/110x140/474908.png
2023-24-player-763,2023-24,player,763,Tayo Adaramola,Adaramola,DEF,8,,A,,,https://resources.premierleague.com/premierleague25/photos/players/110x140/501468.png
2023-24-player-792,2023-24,player,792,Daniel Muñoz,Muñoz,DEF,8,,A,,,https://resources.premierleague.com/premierleague25/photos/players/110x140/247348.png
2023-24-player-807,2023-24,player,807,Adam Wharton,Wharton,MID,8,,A,,,https://resources.premierleague.com/premierleague25/photos/players/110x140/496221.png
2023-24-player-821,2023-24,player,821,Franco Umeh-Chibueze,Umeh-Chibueze,FWD,8,,A,,,https://resources.premierleague.com/premierleague25/photos/players/110x140/574398.png
2023-24-player-825,2023-24,player,825,Kaden Rodney,Rodney,MID,8,,A,,,https://resources.premierleague.com/premierleague25/photos/players/110x140/530318.png
2023-24-player-842,2023-24,player,842,Roshaun Mathurin,Mathurin,MID,8,,A,,,https://resources.premierleague.com/premierleague25/photos/players/110x140/493121.png
2023-24-player-244,2023-24,player,244,André Tavares Gomes,André Gomes,MID,9,,A,,,https://resources.premierleague.com/premierleague25/photos/players/110x140/120250.png
2023-24-player-245,2023-24,player,245,Jarrad Branthwaite,Branthwaite,DEF,9,,A,,,https://resources.premierleague.com/premierleague25/photos/players/110x140/480455.png
2023-24-player-246,2023-24,player,246,Dominic Calvert-Lewin,Calvert-Lewin,FWD,9,,A,,,https://resources.premierleague.com/premierleague25/photos/players/110x140/177815.png
2023-24-player-247,2023-24,player,247,Seamus Coleman,Coleman,DEF,9,,A,,,https://resources.premierleague.com/premierleague25/photos/players/110x140/59949.png
2023-24-player-248,2023-24,player,248,Dele Alli,Dele,MID,9,,A,,,https://resources.premierleague.com/premierleague25/photos/players/110x140/108823.png
2023-24-player-249,2023-24,player,249,Abdoulaye Doucouré,A.Doucoure,MID,9,,A,,,https://resources.premierleague.com/premierleague25/photos/players/110x140/121599.png
2023-24-player-250,2023-24,player,250,James Garner,Garner,MID,9,,A,,,https://resources.premierleague.com/premierleague25/photos/players/110x140/232928.png
2023-24-player-251,2023-24,player,251,Jean-Philippe Gbamin,Gbamin,MID,9,,A,,,https://resources.premierleague.com/premierleague25/photos/players/110x140/160987.png
2023-24-player-252,2023-24,player,252,Ben Godfrey,Godfrey,DEF,9,,A,,,https://resources.premierleague.com/premierleague25/photos/players/110x140/198826.png
2023-24-player-253,2023-24,player,253,Demarai Gray,Gray,MID,9,,A,,,https://resources.premierleague.com/premierleague25/photos/players/110x140/172632.png
2023-24-player-254,2023-24,player,254,Idrissa Gueye,Gana,MID,9,,A,,,https://resources.premierleague.com/premierleague25/photos/players/110x140/80801.png
2023-24-player-257,2023-24,player,257,Michael Keane,Keane,DEF,9,,A,,,https://resources.premierleague.com/premierleague25/photos/players/110x140/106611.png
2023-24-player-259,2023-24,player,259,Dwight McNeil,McNeil,MID,9,,A,,,https://resources.premierleague.com/premierleague25/photos/players/110x140/433154.png
2023-24-player-260,2023-24,player,260,Vitalii Mykolenko,Mykolenko,DEF,9,,A,,,https://resources.premierleague.com/premierleague25/photos/players/110x140/224967.png
2023-24-player-261,2023-24,player,261,Amadou Onana,Onana,MID,9,,A,,,https://resources.premierleague.com/premierleague25/photos/players/110x140/449871.png
2023-24-player-262,2023-24,player,262,Nathan Patterson,Patterson,DEF,9,,A,,,https://resources.premierleague.com/premierleague25/photos/players/110x140/243571.png
2023-24-player-263,2023-24,player,263,Jordan Pickford,Pickford,GKP,9,,A,,,https://resources.premierleague.com/premierleague25/photos/players/110x140/111234.png
2023-24-player-264,2023-24,player,264,Ellis Simms,Simms,FWD,9,,A,,,https://resources.premierleague.com/premierleague25/photos/players/110x140/218997.png
2023-24-player-265,2023-24,player,265,James Tarkowski,Tarkowski,DEF,9,,A,,,https://resources.premierleague.com/premierleague25/photos/players/110x140/17761.png
2023-24-player-266,2023-24,player,266,João Neves Virgínia,J.Virginia,GKP,9,,A,,,https://resources.premierleague.com/premierleague25/photos/players/110x140/222627.png
2023-24-player-579,2023-24,player,579,Andy Lonergan,Lonergan,GKP,9,,A,,,https://resources.premierleague.com/premierleague25/photos/players/110x140/11948.png
2023-24-player-588,2023-24,player,588,Ashley Young,Young,DEF,9,,A,,,https://resources.premierleague.com/premierleague25/photos/players/110x140/18892.png
2023-24-player-601,2023-24,player,601,Arnaut Danjuma Groeneveld,Danjuma,MID,9,,A,,,https://resources.premierleague.com/premierleague25/photos/players/110x140/220307.png
2023-24-player-624,2023-24,player,624,Lewis Dobbin,Dobbin,MID,9,,A,,,https://resources.premierleague.com/premierleague25/photos/players/110x140/461421.png
2023-24-player-645,2023-24,player,645,Youssef Ramalho Chermiti,Y. Chermiti,FWD,9,,A,,,https://resources.premierleague.com/premierleague25/photos/players/110x140/491012.png
2023-24-player-649,2023-24,player,649,Thomas Cannon,Cannon,FWD,9,,A,,,https://resources.premierleague.com/premierleague25/photos/players/110x140/461416.png
2023-24-player-650,2023-24,player,650,Tyler Onyango,Onyango,MID,9,,A,,,https://resources.premierleague.com/premierleague25/photos/players/110x140/461446.png
2023-24-player-661,2023-24,player,661,Jack Harrison,Harrison,MID,9,,A,,,https://resources.premierleague.com/premierleague25/photos/players/110x140/221399.png
2023-24-player-691,2023-24,player,691,Norberto Bercique Gomes Betuncal,Beto,FWD,9,,A,,,https://resources.premierleague.com/premierleague25/photos/players/110x140/486385.png
2023-24-player-719,2023-24,player,719,Mackenzie Hunt,Hunt,MID,9,,A,,,https://resources.premierleague.com/premierleague25/photos/players/110x140/447261.png
2023-24-player-760,2023-24,player,760,Jenson Metcalfe,Metcalfe,MID,9,,A,,,https://resources.premierleague.com/premierleague25/photos/players/110x140/491557.png
2023-24-player-761,2023-24,player,761,Elijah Campbell,Campbell,DEF,9,,A,,,https://resources.premierleague.com/premierleague25/photos/players/110x140/491745.png
2023-24-player-841,2023-24,player,841,Lewis Warrington,Warrington,MID,9,,A,,,https://resources.premierleague.com/premierleague25/photos/players/110x140/461453.png
2023-24-player-863,2023-24,player,863,Billy Crellin,Crellin,GKP,9,,A,,,https://resources.premierleague.com/premierleague25/photos/players/110x140/438405.png
2023-24-player-193,2023-24,player,193,Armando Broja,Broja,FWD,10,,A,,,https://resources.premierleague.com/premierleague25/photos/players/110x140/440323.png
2023-24-player-256,2023-24,player,256,Alex Iwobi,Iwobi,MID,10,,A,,,https://resources.premierleague.com/premierleague25/photos/players/110x140/153133.png
2023-24-player-267,2023-24,player,267,Andreas Hoelgebaum Pereira,Andreas,MID,10,,A,,,https://resources.premierleague.com/premierleague25/photos/players/110x140/156689.png
2023-24-player-268,2023-24,player,268,Tom Cairney,Cairney,MID,10,,A,,,https://resources.premierleague.com/premierleague25/photos/players/110x140/76357.png
2023-24-player-269,2023-24,player,269,Ivan Neves Abreu Cavaleiro,I.Cavaleiro,MID,10,,A,,,https://resources.premierleague.com/premierleague25/photos/players/110x140/166324.png
2023-24-player-270,2023-24,player,270,Bobby De Cordova-Reid,De Cordova-Reid,MID,10,,A,,,https://resources.premierleague.com/premierleague25/photos/players/110x140/96994.png
2023-24-player-271,2023-24,player,271,Issa Diop,Diop,DEF,10,,A,,,https://resources.premierleague.com/premierleague25/photos/players/110x140/219924.png
2023-24-player-272,2023-24,player,272,Tyrese Francois,Francois,MID,10,,A,,,https://resources.premierleague.com/premierleague25/photos/players/110x140/432931.png
2023-24-player-273,2023-24,player,273,Anthony Knockaert,Knockaert,MID,10,,A,,,https://resources.premierleague.com/premierleague25/photos/players/110x140/83543.png
2023-24-player-274,2023-24,player,274,Terence Kongolo,Kongolo,DEF,10,,A,,,https://resources.premierleague.com/premierleague25/photos/players/110x140/109434.png
2023-24-player-275,2023-24,player,275,Bernd Leno,Leno,GKP,10,,A,,,https://resources.premierleague.com/premierleague25/photos/players/110x140/80201.png
2023-24-player-276,2023-24,player,276,Saša Lukić,Lukić,MID,10,,A,,,https://resources.premierleague.com/premierleague25/photos/players/110x140/212314.png
2023-24-player-277,2023-24,player,277,Kevin Mbabu,Mbabu,DEF,10,,A,,,https://resources.premierleague.com/premierleague25/photos/players/110x140/120721.png
2023-24-player-278,2023-24,player,278,Aleksandar Mitrović,Mitrović,FWD,10,,A,,,https://resources.premierleague.com/premierleague25/photos/players/110x140/128389.png
2023-24-player-279,2023-24,player,279,Rodrigo Muniz Carvalho,Muniz,FWD,10,,A,,,https://resources.premierleague.com/premierleague25/photos/players/110x140/244042.png
2023-24-player-280,2023-24,player,280,João Palhinha Gonçalves,J.Palhinha,MID,10,,A,,,https://resources.premierleague.com/premierleague25/photos/players/110x140/154296.png
2023-24-player-281,2023-24,player,281,Tim Ream,Ream,DEF,10,,A,,,https://resources.premierleague.com/premierleague25/photos/players/110x140/82514.png
2023-24-player-282,2023-24,player,282,Harrison Reed,Reed,MID,10,,A,,,https://resources.premierleague.com/premierleague25/photos/players/110x140/153366.png
2023-24-player-283,2023-24,player,283,Antonee Robinson,Robinson,DEF,10,,A,,,https://resources.premierleague.com/premierleague25/photos/players/110x140/169528.png
2023-24-player-284,2023-24,player,284,Marek Rodák,Rodák,GKP,10,,A,,,https://resources.premierleague.com/premierleague25/photos/players/110x140/155529.png
2023-24-player-285,2023-24,player,285,Kenny Tete,Tete,DEF,10,,A,,,https://resources.premierleague.com/premierleague25/photos/players/110x140/167074.png
2023-24-player-286,2023-24,player,286,Tosin Adarabioyo,Tosin,DEF,10,,A,,,https://resources.premierleague.com/premierleague25/photos/players/110x140/109646.png
2023-24-player-287,2023-24,player,287,Carlos Vinícius Alves Morais,Vinícius,FWD,10,,A,,,https://resources.premierleague.com/premierleague25/photos/players/110x140/245824.png
2023-24-player-288,2023-24,player,288,Harry Wilson,Wilson,MID,10,,A,,,https://resources.premierleague.com/premierleague25/photos/players/110x140/153682.png
2023-24-player-558,2023-24,player,558,Raúl Jiménez,Raúl,FWD,10,,A,,,https://resources.premierleague.com/premierleague25/photos/players/110x140/102057.png
2023-24-player-591,2023-24,player,591,Willian Borges da Silva,Willian,MID,10,,A,,,https://resources.premierleague.com/premierleague25/photos/players/110x140/47431.png
2023-24-player-610,2023-24,player,610,Calvin Bassey,Bassey,DEF,10,,A,,,https://resources.premierleague.com/premierleague25/photos/players/110x140/232892.png
2023-24-player-625,2023-24,player,625,Luc De Fougerolles,De Fougerolles,DEF,10,,A,,,https://resources.premierleague.com/premierleague25/photos/players/110x140/547686.png
2023-24-player-651,2023-24,player,651,Jay Stansfield,Stansfield,FWD,10,,A,,,https://resources.premierleague.com/premierleague25/photos/players/110x140/490146.png
2023-24-player-652,2023-24,player,652,Matthew Dibley-Dias,Dibley-Dias,MID,10,,A,,,https://resources.premierleague.com/premierleague25/photos/players/110x140/515023.png
2023-24-player-662,2023-24,player,662,Adama Traoré,Adama,MID,10,,A,,,https://resources.premierleague.com/premierleague25/photos/players/110x140/159533.png
2023-24-player-683,2023-24,player,683,Luke Harris,Harris,MID,10,,A,,,https://resources.premierleague.com/premierleague25/photos/players/110x140/515024.png
2023-24-player-688,2023-24,player,688,Timothy Castagne,Castagne,DEF,10,,A,,,https://resources.premierleague.com/premierleague25/photos/players/110x140/166477.png
2023-24-player-692,2023-24,player,692,Steven Benda,Benda,GKP,10,,A,,,https://resources.premierleague.com/premierleague25/photos/players/110x140/428971.png
2023-24-player-707,2023-24,player,707,Fodé Ballo-Touré,Ballo-Touré,DEF,10,,A,,,https://resources.premierleague.com/premierleague25/photos/players/110x140/225897.png
2023-24-player-732,2023-24,player,732,Devan Tanton,Tanton,DEF,10,,A,,,https://resources.premierleague.com/premierleague25/photos/players/110x140/487693.png
2023-24-player-796,2023-24,player,796,Kristian Sekularac,Sekularac,MID,10,,A,,,https://resources.premierleague.com/premierleague25/photos/players/110x140/511504.png
2023-24-player-810,2023-24,player,810,Joshua King,King,MID,10,,A,,,https://resources.premierleague.com/premierleague25/photos/players/110x140/577725.png
2023-24-player-289,2023-24,player,289,Adrián San Miguel del Castillo,Adrián,GKP,11,,A,,,https://resources.premierleague.com/premierleague25/photos/players/110x140/60706.png
2023-24-player-290,2023-24,player,290,Trent Alexander-Arnold,Alexander-Arnold,DEF,11,,A,,,https://resources.premierleague.com/premierleague25/photos/players/110x140/169187.png
2023-24-player-291,2023-24,player,291,Alisson Ramses Becker,A.Becker,GKP,11,,A,,,https://resources.premierleague.com/premierleague25/photos/players/110x140/116535.png
2023-24-player-292,2023-24,player,292,Stefan Bajcetic,Bajcetic,MID,11,,A,,,https://resources.premierleague.com/premierleague25/photos/players/110x140/535928.png
2023-24-player-293,2023-24,player,293,Darwin Núñez Ribeiro,Darwin,FWD,11,,A,,,https://resources.premierleague.com/premierleague25/photos/players/110x140/447203.png
2023-24-player-294,2023-24,player,294,Diogo Teixeira da Silva,Diogo J.,MID,11,,A,,,https://resources.premierleague.com/premierleague25/photos/players/110x140/194634.png
2023-24-player-295,2023-24,player,295,Harvey Elliott,Elliott,MID,11,,A,,,https://resources.premierleague.com/premierleague25/photos/players/110x140/444884.png
2023-24-player-296,2023-24,player,296,Fabio Henrique Tavares,Fabinho,MID,11,,A,,,https://resources.premierleague.com/premierleague25/photos/players/110x140/116643.png
2023-24-player-297,2023-24,player,297,Cody Gakpo,Gakpo,FWD,11,,A,,,https://resources.premierleague.com/premierleague25/photos/players/110x140/243298.png
2023-24-player-298,2023-24,player,298,Joe Gomez,Gomez,DEF,11,,A,,,https://resources.premierleague.com/premierleague25/photos/players/110x140/171287.png
2023-24-player-299,2023-24,player,299,Jordan Henderson,Henderson,MID,11,,A,,,https://resources.premierleague.com/premierleague25/photos/players/110x140/56979.png
2023-24-player-300,2023-24,player,300,Curtis Jones,Jones,MID,11,,A,,,https://resources.premierleague.com/premierleague25/photos/players/110x140/206915.png
2023-24-player-301,2023-24,player,301,Caoimhin Kelleher,Kelleher,GKP,11,,A,,,https://resources.premierleague.com/premierleague25/photos/players/110x140/200720.png
2023-24-player-302,2023-24,player,302,Ibrahima Konaté,Konaté,DEF,11,,A,,,https://resources.premierleague.com/premierleague25/photos/players/110x140/204716.png
2023-24-player-303,2023-24,player,303,Luis Díaz,Luis Díaz,MID,11,,A,,,https://resources.premierleague.com/premierleague25/photos/players/110x140/244731.png
2023-24-player-304,2023-24,player,304,Alexis Mac Allister,Mac Allister,MID,11,,A,,,https://resources.premierleague.com/premierleague25/photos/players/110x140/243016.png
2023-24-player-305,2023-24,player,305,Joel Matip,Matip,DEF,11,,A,,,https://resources.premierleague.com/premierleague25/photos/players/110x140/60914.png
2023-24-player-306,2023-24,player,306,Nathaniel Phillips,Phillips,DEF,11,,A,,,https://resources.premierleague.com/premierleague25/photos/players/110x140/197464.png
2023-24-player-307,2023-24,player,307,Andrew Robertson,Robertson,DEF,11,,A,,,https://resources.premierleague.com/premierleague25/photos/players/110x140/122798.png
2023-24-player-308,2023-24,player,308,Mohamed Salah,Salah,MID,11,,A,,,https://resources.premierleague.com/premierleague25/photos/players/110x140/118748.png
2023-24-player-309,2023-24,player,309,Dominik Szoboszlai,Szoboszlai,MID,11,,A,,,https://resources.premierleague.com/premierleague25/photos/players/110x140/424876.png
2023-24-player-310,2023-24,player,310,Thiago Alcántara do Nascimento,Thiago,MID,11,,A,,,https://resources.premierleague.com/premierleague25/photos/players/110x140/61558.png
2023-24-player-311,2023-24,player,311,Konstantinos Tsimikas,Tsimikas,DEF,11,,A,,,https://resources.premierleague.com/premierleague25/photos/players/110x140/214285.png
2023-24-player-312,2023-24,player,312,Sepp van den Berg,Van den Berg,DEF,11,,A,,,https://resources.premierleague.com/premierleague25/photos/players/110x140/444765.png
2023-24-player-313,2023-24,player,313,Virgil van Dijk,Virgil,DEF,11,,A,,,https://resources.premierleague.com/premierleague25/photos/players/110x140/97032.png
2023-24-player-626,2023-24,player,626,Jarell Quansah,Quansah,DEF,11,,A,,,https://resources.premierleague.com/premierleague25/photos/players/110x140/441428.png
2023-24-player-627,2023-24,player,627,Bobby Clark,Clark,MID,11,,A,,,https://resources.premierleague.com/premierleague25/photos/players/110x140/491970.png
2023-24-player-628,2023-24,player,628,Ben Doak,Doak,MID,11,,A,,,https://resources.premierleague.com/premierleague25/photos/players/110x140/496208.png
2023-24-player-629,2023-24,player,629,James McConnell,McConnell,MID,11,,A,,,https://resources.premierleague.com/premierleague25/photos/players/110x140/491501.png
2023-24-player-668,2023-24,player,668,Wataru Endo,Endo,MID,11,,A,,,https://resources.premierleague.com/premierleague25/photos/players/110x140/158983.png
2023-24-player-708,2023-24,player,708,Ryan Gravenberch,Gravenberch,MID,11,,A,,,https://resources.premierleague.com/premierleague25/photos/players/110x140/441266.png
2023-24-player-726,2023-24,player,726,Luke Chambers,Chambers,DEF,11,,A,,,https://resources.premierleague.com/premierleague25/photos/players/110x140/462491.png
2023-24-player-728,2023-24,player,728,Callum Scanlon,Scanlon,DEF,11,,A,,,https://resources.premierleague.com/premierleague25/photos/players/110x140/519328.png
2023-24-player-743,2023-24,player,743,Treymaurice Nyoni,Nyoni,MID,11,,A,,,https://resources.premierleague.com/premierleague25/photos/players/110x140/591386.png
2023-24-player-756,2023-24,player,756,Marcelo de Araújo Pitaluga Filho,Pitaluga,GKP,11,,A,,,https://resources.premierleague.com/premierleague25/photos/players/110x140/443629.png
2023-24-player-757,2023-24,player,757,Conor Bradley,Bradley,DEF,11,,A,,,https://resources.premierleague.com/premierleague25/photos/players/110x140/492777.png
2023-24-player-782,2023-24,player,782,Owen Beck,Beck,DEF,11,,A,,,https://resources.premierleague.com/premierleague25/photos/players/110x140/430992.png
2023-24-player-783,2023-24,player,783,Kaide Gordon,Gordon,MID,11,,A,,,https://resources.premierleague.com/premierleague25/photos/players/110x140/496185.png
2023-24-player-812,2023-24,player,812,Lewis Koumas,Koumas,FWD,11,,A,,,https://resources.premierleague.com/premierleague25/photos/players/110x140/514514.png
2023-24-player-813,2023-24,player,813,Fabian Mrozek,Mrozek,GKP,11,,A,,,https://resources.premierleague.com/premierleague25/photos/players/110x140/518199.png
2023-24-player-824,2023-24,player,824,Jayden Danns,Danns,FWD,11,,A,,,https://resources.premierleague.com/premierleague25/photos/players/110x140/500058.png
2023-24-player-837,2023-24,player,837,Amara Nallo,Nallo,DEF,11,,A,,,https://resources.premierleague.com/premierleague25/photos/players/110x140/611926.png
2023-24-player-21,2023-24,player,21,Albert Sambi Lokonga,Sambi,MID,12,,A,,,https://resources.premierleague.com/premierleague25/photos/players/110x140/437742.png
2023-24-player-52,2023-24,player,52,Marvelous Nakamba,Nakamba,MID,12,,A,,,https://resources.premierleague.com/premierleague25/photos/players/110x140/184704.png
2023-24-player-314,2023-24,player,314,Elijah Adebayo,Adebayo,FWD,12,,A,,,https://resources.premierleague.com/premierleague25/photos/players/110x140/174310.png
2023-24-player-315,2023-24,player,315,Mads Juel Andersen,Andersen,DEF,12,,A,,,https://resources.premierleague.com/premierleague25/photos/players/110x140/208904.png
2023-24-player-316,2023-24,player,316,Amari'i Bell,Bell,DEF,12,,A,,,https://resources.premierleague.com/premierleague25/photos/players/110x140/165183.png
2023-24-player-317,2023-24,player,317,Luke Berry,Berry,MID,12,,A,,,https://resources.premierleague.com/premierleague25/photos/players/110x140/82738.png
2023-24-player-318,2023-24,player,318,Reece Burke,Burke,DEF,12,,A,,,https://resources.premierleague.com/premierleague25/photos/players/110x140/156658.png
2023-24-player-319,2023-24,player,319,Allan Campbell,Campbell,MID,12,,A,,,https://resources.premierleague.com/premierleague25/photos/players/110x140/193195.png
2023-24-player-320,2023-24,player,320,Jordan Clark,Clark,MID,12,,A,,,https://resources.premierleague.com/premierleague25/photos/players/110x140/96784.png
2023-24-player-321,2023-24,player,321,Alfie Doughty,Doughty,DEF,12,,A,,,https://resources.premierleague.com/premierleague25/photos/players/110x140/244262.png
2023-24-player-322,2023-24,player,322,Luke Freeman,Freeman,MID,12,,A,,,https://resources.premierleague.com/premierleague25/photos/players/110x140/49083.png
2023-24-player-323,2023-24,player,323,Matt Macey,Macey,GKP,12,,A,,,https://resources.premierleague.com/premierleague25/photos/players/110x140/113534.png
2023-24-player-324,2023-24,player,324,John McAtee,McAtee,FWD,12,,A,,,https://resources.premierleague.com/premierleague25/photos/players/110x140/422303.png
2023-24-player-325,2023-24,player,325,Carlos Mendes Gomes,Mendes,MID,12,,A,,,https://resources.premierleague.com/premierleague25/photos/players/110x140/453537.png
2023-24-player-326,2023-24,player,326,Carlton Morris,Morris,FWD,12,,A,,,https://resources.premierleague.com/premierleague25/photos/players/110x140/156700.png
2023-24-player-327,2023-24,player,327,Admiral Muskwe,Muskwe,FWD,12,,A,,,https://resources.premierleague.com/premierleague25/photos/players/110x140/174595.png
2023-24-player-328,2023-24,player,328,Chiedozie Ogbene,Ogbene,FWD,12,,A,,,https://resources.premierleague.com/premierleague25/photos/players/110x140/229164.png
2023-24-player-329,2023-24,player,329,Fred Onyedinma,Onyedinma,MID,12,,A,,,https://resources.premierleague.com/premierleague25/photos/players/110x140/168035.png
2023-24-player-330,2023-24,player,330,Gabriel Osho,Osho,DEF,12,,A,,,https://resources.premierleague.com/premierleague25/photos/players/110x140/199056.png
2023-24-player-331,2023-24,player,331,Aribim Pepple,Pepple,FWD,12,,A,,,https://resources.premierleague.com/premierleague25/photos/players/110x140/490180.png
2023-24-player-332,2023-24,player,332,Dion Pereira,Pereira,MID,12,,A,,,https://resources.premierleague.com/premierleague25/photos/players/110x140/243532.png
2023-24-player-333,2023-24,player,333,Dan Potts,Potts,DEF,12,,A,,,https://resources.premierleague.com/premierleague25/photos/players/110x140/108411.png
2023-24-player-334,2023-24,player,334,Glen Rea,Rea,MID,12,,A,,,https://resources.premierleague.com/premierleague25/photos/players/110x140/165152.png
2023-24-player-335,2023-24,player,335,James Shea,Shea,GKP,12,,A,,,https://resources.premierleague.com/premierleague25/photos/players/110x140/77818.png
2023-24-player-336,2023-24,player,336,Joe Taylor,Taylor,FWD,12,,A,,,https://resources.premierleague.com/premierleague25/photos/players/110x140/242500.png
2023-24-player-337,2023-24,player,337,Elliot Thorpe,Thorpe,MID,12,,A,,,https://resources.premierleague.com/premierleague25/photos/players/110x140/232477.png
2023-24-player-338,2023-24,player,338,Jack Walton,Walton,GKP,12,,A,,,https://resources.premierleague.com/premierleague25/photos/players/110x140/207722.png
2023-24-player-339,2023-24,player,339,Louie Watson,Watson,MID,12,,A,,,https://resources.premierleague.com/premierleague25/photos/players/110x140/223333.png
2023-24-player-340,2023-24,player,340,Cauley Woodrow,Woodrow,FWD,12,,A,,,https://resources.premierleague.com/premierleague25/photos/players/110x140/91046.png
2023-24-player-393,2023-24,player,393,Teden Mengi,Mengi,DEF,12,,A,,,https://resources.premierleague.com/premierleague25/photos/players/110x140/244856.png
2023-24-player-553,2023-24,player,553,Ryan Giles,Giles,DEF,12,,A,,,https://resources.premierleague.com/premierleague25/photos/players/110x140/232351.png
2023-24-player-575,2023-24,player,575,Tom Lockyer,Lockyer,DEF,12,,A,,,https://resources.premierleague.com/premierleague25/photos/players/110x140/108796.png
2023-24-player-582,2023-24,player,582,Pelly Ruddock Mpanzu,Mpanzu,MID,12,,A,,,https://resources.premierleague.com/premierleague25/photos/players/110x140/104047.png
2023-24-player-586,2023-24,player,586,Tahith Chong,Chong,MID,12,,A,,,https://resources.premierleague.com/premierleague25/photos/players/110x140/222677.png
2023-24-player-602,2023-24,player,602,Issa Kaboré,Kaboré,DEF,12,,A,,,https://resources.premierleague.com/premierleague25/photos/players/110x140/476369.png
2023-24-player-614,2023-24,player,614,Thomas Kaminski,Kaminski,GKP,12,,A,,,https://resources.premierleague.com/premierleague25/photos/players/110x140/54738.png
2023-24-player-630,2023-24,player,630,Ross Barkley,Barkley,MID,12,,A,,,https://resources.premierleague.com/premierleague25/photos/players/110x140/88894.png
2023-24-player-631,2023-24,player,631,Jacob Brown,Brown,FWD,12,,A,,,https://resources.premierleague.com/premierleague25/photos/players/110x140/242453.png
2023-24-player-648,2023-24,player,648,Aidan Francis-Clarke,Francis-Clarke,DEF,12,,A,,,https://resources.premierleague.com/premierleague25/photos/players/110x140/552030.png
2023-24-player-665,2023-24,player,665,Tim Krul,Krul,GKP,12,,A,,,https://resources.premierleague.com/premierleague25/photos/players/110x140/20480.png
2023-24-player-682,2023-24,player,682,Joseph Johnson,Johnson,DEF,12,,A,,,https://resources.premierleague.com/premierleague25/photos/players/110x140/611011.png
2023-24-player-727,2023-24,player,727,Andros Townsend,Townsend,MID,12,,A,,,https://resources.premierleague.com/premierleague25/photos/players/110x140/60252.png
2023-24-player-729,2023-24,player,729,Jayden Luker,Luker,MID,12,,A,,,https://resources.premierleague.com/premierleague25/photos/players/110x140/608060.png
2023-24-player-734,2023-24,player,734,Zack Nelson,Nelson,MID,12,,A,,,https://resources.premierleague.com/premierleague25/photos/players/110x140/589114.png
2023-24-player-798,2023-24,player,798,Daiki Hashioka,Hashioka,DEF,12,,A,,,https://resources.premierleague.com/premierleague25/photos/players/110x140/209293.png
2023-24-player-831,2023-24,player,831,Axel Piesold,Piesold,MID,12,,A,,,https://resources.premierleague.com/premierleague25/photos/players/110x140/547668.png
2023-24-player-839,2023-24,player,839,Dominic Dos Santos Martins,Martins,MID,12,,A,,,https://resources.premierleague.com/premierleague25/photos/players/110x140/647597.png
2023-24-player-844,2023-24,player,844,Christian Chigozie,Chigozie,DEF,12,,A,,,https://resources.premierleague.com/premierleague25/photos/players/110x140/634640.png
2023-24-player-848,2023-24,player,848,Taylan Harris,Harris,FWD,12,,A,,,https://resources.premierleague.com/premierleague25/photos/players/110x140/551995.png
2023-24-player-341,2023-24,player,341,Manuel Akanji,Akanji,DEF,13,,A,,,https://resources.premierleague.com/premierleague25/photos/players/110x140/211975.png
2023-24-player-342,2023-24,player,342,Nathan Aké,Aké,DEF,13,,A,,,https://resources.premierleague.com/premierleague25/photos/players/110x140/126184.png
2023-24-player-343,2023-24,player,343,Julián Álvarez,J.Alvarez,FWD,13,,A,,,https://resources.premierleague.com/premierleague25/photos/players/110x140/461358.png
2023-24-player-344,2023-24,player,344,Bernardo Veiga de Carvalho e Silva,Bernardo,MID,13,,A,,,https://resources.premierleague.com/premierleague25/photos/players/110x140/165809.png
2023-24-player-345,2023-24,player,345,Oscar Bobb,Bobb,MID,13,,A,,,https://resources.premierleague.com/premierleague25/photos/players/110x140/477555.png
2023-24-player-346,2023-24,player,346,João Cancelo,Cancelo,DEF,13,,A,,,https://resources.premierleague.com/premierleague25/photos/players/110x140/121145.png
2023-24-player-347,2023-24,player,347,Scott Carson,Carson,GKP,13,,A,,,https://resources.premierleague.com/premierleague25/photos/players/110x140/17601.png
2023-24-player-348,2023-24,player,348,Shea Charles,Charles,MID,13,,A,,,https://resources.premierleague.com/premierleague25/photos/players/110x140/463210.png
2023-24-player-349,2023-24,player,349,Kevin De Bruyne,De Bruyne,MID,13,,A,,,https://resources.premierleague.com/premierleague25/photos/players/110x140/61366.png
2023-24-player-350,2023-24,player,350,Rúben Gato Alves Dias,Rúben,DEF,13,,A,,,https://resources.premierleague.com/premierleague25/photos/players/110x140/171314.png
2023-24-player-352,2023-24,player,352,Ederson Santana de Moraes,Ederson M.,GKP,13,,A,,,https://resources.premierleague.com/premierleague25/photos/players/110x140/121160.png
2023-24-player-353,2023-24,player,353,Phil Foden,Foden,MID,13,,A,,,https://resources.premierleague.com/premierleague25/photos/players/110x140/209244.png
2023-24-player-354,2023-24,player,354,Jack Grealish,Grealish,MID,13,,A,,,https://resources.premierleague.com/premierleague25/photos/players/110x140/114283.png
2023-24-player-355,2023-24,player,355,Erling Haaland,Haaland,FWD,13,,A,,,https://resources.premierleague.com/premierleague25/photos/players/110x140/223094.png
2023-24-player-356,2023-24,player,356,Mateo Kovačić,Kovačić,MID,13,,A,,,https://resources.premierleague.com/premierleague25/photos/players/110x140/91651.png
2023-24-player-357,2023-24,player,357,Aymeric Laporte,Laporte,DEF,13,,A,,,https://resources.premierleague.com/premierleague25/photos/players/110x140/146941.png
2023-24-player-358,2023-24,player,358,Rico Lewis,R.Lewis,DEF,13,,A,,,https://resources.premierleague.com/premierleague25/photos/players/110x140/477064.png
2023-24-player-359,2023-24,player,359,Riyad Mahrez,Mahrez,MID,13,,A,,,https://resources.premierleague.com/premierleague25/photos/players/110x140/103025.png
2023-24-player-361,2023-24,player,361,Stefan Ortega Moreno,Ortega Moreno,GKP,13,,A,,,https://resources.premierleague.com/premierleague25/photos/players/110x140/88248.png
2023-24-player-363,2023-24,player,363,Máximo Perrone,Perrone,MID,13,,A,,,https://resources.premierleague.com/premierleague25/photos/players/110x140/482769.png
2023-24-player-365,2023-24,player,365,Rodrigo Hernandez,Rodrigo,MID,13,,A,,,https://resources.premierleague.com/premierleague25/photos/players/110x140/220566.png
2023-24-player-366,2023-24,player,366,Sergio Gómez,Sergio Gómez,DEF,13,,A,,,https://resources.premierleague.com/premierleague25/photos/players/110x140/437468.png
2023-24-player-367,2023-24,player,367,Zack Steffen,Steffen,GKP,13,,A,,,https://resources.premierleague.com/premierleague25/photos/players/110x140/164484.png
2023-24-player-368,2023-24,player,368,John Stones,Stones,DEF,13,,A,,,https://resources.premierleague.com/premierleague25/photos/players/110x140/97299.png
2023-24-player-369,2023-24,player,369,Kyle Walker,Walker,DEF,13,,A,,,https://resources.premierleague.com/premierleague25/photos/players/110x140/58621.png
2023-24-player-566,2023-24,player,566,Matheus Luiz Nunes,Matheus N.,MID,13,,A,,,https://resources.premierleague.com/premierleague25/photos/players/110x140/465351.png
2023-24-player-616,2023-24,player,616,Joško Gvardiol,Gvardiol,DEF,13,,A,,,https://resources.premierleague.com/premierleague25/photos/players/110x140/477424.png
2023-24-player-678,2023-24,player,678,Jérémy Doku,Doku,MID,13,,A,,,https://resources.premierleague.com/premierleague25/photos/players/110x140/248875.png
2023-24-player-762,2023-24,player,762,Mahamadou Susoho,Susoho,MID,13,,A,,,https://resources.premierleague.com/premierleague25/photos/players/110x140/496283.png
2023-24-player-771,2023-24,player,771,Micah Hamilton,Hamilton,MID,13,,A,,,https://resources.premierleague.com/premierleague25/photos/players/110x140/462438.png
2023-24-player-814,2023-24,player,814,Jacob Wright,Wright,MID,13,,A,,,https://resources.premierleague.com/premierleague25/photos/players/110x140/516250.png
2023-24-player-209,2023-24,player,209,Mason Mount,Mount,MID,14,,A,,,https://resources.premierleague.com/premierleague25/photos/players/110x140/184341.png
2023-24-player-370,2023-24,player,370,Alex Telles,Alex Telles,DEF,14,,A,,,https://resources.premierleague.com/premierleague25/photos/players/110x140/152590.png
2023-24-player-371,2023-24,player,371,Amad Diallo,Amad,MID,14,,A,,,https://resources.premierleague.com/premierleague25/photos/players/110x140/493250.png
2023-24-player-372,2023-24,player,372,Antony Matheus dos Santos,Antony,MID,14,,A,,,https://resources.premierleague.com/premierleague25/photos/players/110x140/467169.png
2023-24-player-373,2023-24,player,373,Bruno Borges Fernandes,B.Fernandes,MID,14,,A,,,https://resources.premierleague.com/premierleague25/photos/players/110x140/141746.png
2023-24-player-374,2023-24,player,374,Brandon Williams,B.Williams,DEF,14,,A,,,https://resources.premierleague.com/premierleague25/photos/players/110x140/232937.png
2023-24-player-375,2023-24,player,375,Eric Bailly,Bailly,DEF,14,,A,,,https://resources.premierleague.com/premierleague25/photos/players/110x140/197365.png
2023-24-player-376,2023-24,player,376,Carlos Henrique Casimiro,Casemiro,MID,14,,A,,,https://resources.premierleague.com/premierleague25/photos/players/110x140/61256.png
2023-24-player-377,2023-24,player,377,Diogo Dalot Teixeira,Dalot,DEF,14,,A,,,https://resources.premierleague.com/premierleague25/photos/players/110x140/216051.png
2023-24-player-379,2023-24,player,379,Christian Eriksen,Eriksen,MID,14,,A,,,https://resources.premierleague.com/premierleague25/photos/players/110x140/80607.png
2023-24-player-380,2023-24,player,380,Álvaro Fernández Carreras,Fernandez,DEF,14,,A,,,https://resources.premierleague.com/premierleague25/photos/players/110x140/515501.png
2023-24-player-381,2023-24,player,381,Frederico Rodrigues de Paula Santos,Fred,MID,14,,A,,,https://resources.premierleague.com/premierleague25/photos/players/110x140/101582.png
2023-24-player-382,2023-24,player,382,Alejandro Garnacho,Garnacho,MID,14,,A,,,https://resources.premierleague.com/premierleague25/photos/players/110x140/493105.png
2023-24-player-383,2023-24,player,383,Hannibal Mejbri,Hannibal,MID,14,,A,,,https://resources.premierleague.com/premierleague25/photos/players/110x140/465527.png
2023-24-player-384,2023-24,player,384,Tom Heaton,Heaton,GKP,14,,A,,,https://resources.premierleague.com/premierleague25/photos/players/110x140/21205.png
2023-24-player-386,2023-24,player,386,Victor Lindelöf,Lindelof,DEF,14,,A,,,https://resources.premierleague.com/premierleague25/photos/players/110x140/184667.png
2023-24-player-387,2023-24,player,387,Harry Maguire,Maguire,DEF,14,,A,,,https://resources.premierleague.com/premierleague25/photos/players/110x140/95658.png
2023-24-player-388,2023-24,player,388,Kobbie Mainoo,Mainoo,MID,14,,A,,,https://resources.premierleague.com/premierleague25/photos/players/110x140/516895.png
2023-24-player-389,2023-24,player,389,Tyrell Malacia,Malacia,DEF,14,,A,,,https://resources.premierleague.com/premierleague25/photos/players/110x140/222690.png
2023-24-player-390,2023-24,player,390,Anthony Martial,Martial,FWD,14,,A,,,https://resources.premierleague.com/premierleague25/photos/players/110x140/148225.png
2023-24-player-391,2023-24,player,391,Lisandro Martínez,Martinez,DEF,14,,A,,,https://resources.premierleague.com/premierleague25/photos/players/110x140/221820.png
2023-24-player-392,2023-24,player,392,Scott McTominay,McTominay,MID,14,,A,,,https://resources.premierleague.com/premierleague25/photos/players/110x140/195851.png
2023-24-player-394,2023-24,player,394,Facundo Pellistri Rebollo,Pellistri,MID,14,,A,,,https://resources.premierleague.com/premierleague25/photos/players/110x140/488404.png
2023-24-player-395,2023-24,player,395,Raphaël Varane,R.Varane,DEF,14,,A,,,https://resources.premierleague.com/premierleague25/photos/players/110x140/90152.png
2023-24-player-396,2023-24,player,396,Marcus Rashford,Rashford,MID,14,,A,,,https://resources.premierleague.com/premierleague25/photos/players/110x140/176297.png
2023-24-player-397,2023-24,player,397,Jadon Sancho,Sancho,MID,14,,A,,,https://resources.premierleague.com/premierleague25/photos/players/110x140/209243.png
2023-24-player-398,2023-24,player,398,Luke Shaw,Shaw,DEF,14,,A,,,https://resources.premierleague.com/premierleague25/photos/players/110x140/106760.png
2023-24-player-399,2023-24,player,399,Shola Shoretire,Shoretire,FWD,14,,A,,,https://resources.premierleague.com/premierleague25/photos/players/110x140/472464.png
2023-24-player-400,2023-24,player,400,Donny van de Beek,Van de Beek,MID,14,,A,,,https://resources.premierleague.com/premierleague25/photos/players/110x140/180184.png
2023-24-player-401,2023-24,player,401,Aaron Wan-Bissaka,Wan-Bissaka,DEF,14,,A,,,https://resources.premierleague.com/premierleague25/photos/players/110x140/214590.png
2023-24-player-597,2023-24,player,597,André Onana,Onana,GKP,14,,A,,,https://resources.premierleague.com/premierleague25/photos/players/110x140/202641.png
2023-24-player-617,2023-24,player,617,Rasmus Højlund,Højlund,FWD,14,,A,,,https://resources.premierleague.com/premierleague25/photos/players/110x140/497894.png
2023-24-player-632,2023-24,player,632,Omari Forson,Forson,MID,14,,A,,,https://resources.premierleague.com/premierleague25/photos/players/110x140/487828.png
2023-24-player-669,2023-24,player,669,Radek Vítek,Vítek,GKP,14,,A,,,https://resources.premierleague.com/premierleague25/photos/players/110x140/477733.png
2023-24-player-685,2023-24,player,685,Daniel Gore,Gore,MID,14,,A,,,https://resources.premierleague.com/premierleague25/photos/players/110x140/504598.png
2023-24-player-695,2023-24,player,695,Altay Bayindir,Altay,GKP,14,,A,,,https://resources.premierleague.com/premierleague25/photos/players/110x140/451302.png
2023-24-player-703,2023-24,player,703,Jonny Evans,Evans,DEF,14,,A,,,https://resources.premierleague.com/premierleague25/photos/players/110x140/37642.png
2023-24-player-709,2023-24,player,709,Sofyan Amrabat,Amrabat,MID,14,,A,,,https://resources.premierleague.com/premierleague25/photos/players/110x140/172912.png
2023-24-player-748,2023-24,player,748,Joe Hugill,Hugill,FWD,14,,A,,,https://resources.premierleague.com/premierleague25/photos/players/110x140/515504.png
2023-24-player-766,2023-24,player,766,Willy Kambwala,Kambwala,DEF,14,,A,,,https://resources.premierleague.com/premierleague25/photos/players/110x140/518466.png
2023-24-player-768,2023-24,player,768,Rhys Bennett,Bennett,DEF,14,,A,,,https://resources.premierleague.com/premierleague25/photos/players/110x140/515500.png
2023-24-player-826,2023-24,player,826,Toby Collyer,Collyer,MID,14,,A,,,https://resources.premierleague.com/premierleague25/photos/players/110x140/490881.png
2023-24-player-833,2023-24,player,833,Habeeb Ogunneye,Ogunneye,DEF,14,,A,,,https://resources.premierleague.com/premierleague25/photos/players/110x140/519325.png
2023-24-player-835,2023-24,player,835,Dermot Mee,Mee,GKP,14,,A,,,https://resources.premierleague.com/premierleague25/photos/players/110x140/461537.png
2023-24-player-846,2023-24,player,846,Harry Amass,Amass,DEF,14,,A,,,https://resources.premierleague.com/premierleague25/photos/players/110x140/577974.png
2023-24-player-850,2023-24,player,850,Ethan Wheatley,Wheatley,FWD,14,,A,,,https://resources.premierleague.com/premierleague25/photos/players/110x140/575034.png
2023-24-player-856,2023-24,player,856,Louis Jackson,Jackson,DEF,14,,A,,,https://resources.premierleague.com/premierleague25/photos/players/110x140/530117.png
2023-24-player-204,2023-24,player,204,Lewis Hall,Hall,DEF,15,,A,,,https://resources.premierleague.com/premierleague25/photos/players/110x140/487838.png
2023-24-player-402,2023-24,player,402,Miguel Almirón Rejala,Almirón,MID,15,,A,,,https://resources.premierleague.com/premierleague25/photos/players/110x140/179018.png
2023-24-player-403,2023-24,player,403,Elliot Anderson,Anderson,MID,15,,A,,,https://resources.premierleague.com/premierleague25/photos/players/110x140/215379.png
2023-24-player-404,2023-24,player,404,Harrison Ashby,Ashby,DEF,15,,A,,,https://resources.premierleague.com/premierleague25/photos/players/110x140/441024.png
2023-24-player-405,2023-24,player,405,Sven Botman,Botman,DEF,15,,A,,,https://resources.premierleague.com/premierleague25/photos/players/110x140/220237.png
2023-24-player-406,2023-24,player,406,Bruno Guimarães Rodriguez Moura,Bruno G.,MID,15,,A,,,https://resources.premierleague.com/premierleague25/photos/players/110x140/208706.png
2023-24-player-407,2023-24,player,407,Dan Burn,Burn,DEF,15,,A,,,https://resources.premierleague.com/premierleague25/photos/players/110x140/78916.png
2023-24-player-408,2023-24,player,408,Karl Darlow,Darlow,GKP,15,,A,,,https://resources.premierleague.com/premierleague25/photos/players/110x140/59735.png
2023-24-player-409,2023-24,player,409,Martin Dubravka,Dubravka,GKP,15,,A,,,https://resources.premierleague.com/premierleague25/photos/players/110x140/67089.png
2023-24-player-410,2023-24,player,410,Ryan Fraser,Fraser,MID,15,,A,,,https://resources.premierleague.com/premierleague25/photos/players/110x140/90105.png
2023-24-player-411,2023-24,player,411,Mark Gillespie,Gillespie,GKP,15,,A,,,https://resources.premierleague.com/premierleague25/photos/players/110x140/81441.png
2023-24-player-412,2023-24,player,412,Anthony Gordon,Gordon,MID,15,,A,,,https://resources.premierleague.com/premierleague25/photos/players/110x140/232826.png
2023-24-player-413,2023-24,player,413,Isaac Hayden,Hayden,MID,15,,A,,,https://resources.premierleague.com/premierleague25/photos/players/110x140/153127.png
2023-24-player-414,2023-24,player,414,Jeff Hendrick,Hendrick,MID,15,,A,,,https://resources.premierleague.com/premierleague25/photos/players/110x140/83314.png
2023-24-player-415,2023-24,player,415,Alexander Isak,Isak,FWD,15,,A,,,https://resources.premierleague.com/premierleague25/photos/players/110x140/219168.png
2023-24-player-416,2023-24,player,416,Joelinton Cássio Apolinário de Lira,Joelinton,MID,15,,A,,,https://resources.premierleague.com/premierleague25/photos/players/110x140/180974.png
2023-24-player-417,2023-24,player,417,Emil Krafth,Krafth,DEF,15,,A,,,https://resources.premierleague.com/premierleague25/photos/players/110x140/111773.png
2023-24-player-418,2023-24,player,418,Garang Kuol,Kuol,MID,15,,A,,,https://resources.premierleague.com/premierleague25/photos/players/110x140/564510.png
2023-24-player-419,2023-24,player,419,Jamaal Lascelles,Lascelles,DEF,15,,A,,,https://resources.premierleague.com/premierleague25/photos/players/110x140/101148.png
2023-24-player-420,2023-24,player,420,Jamal Lewis,J.Lewis,DEF,15,,A,,,https://resources.premierleague.com/premierleague25/photos/players/110x140/194799.png
2023-24-player-421,2023-24,player,421,Sean Longstaff,Longstaff,MID,15,,A,,,https://resources.premierleague.com/premierleague25/photos/players/110x140/180135.png
2023-24-player-422,2023-24,player,422,Javier Manquillo Gaitán,Manquillo,DEF,15,,A,,,https://resources.premierleague.com/premierleague25/photos/players/110x140/109528.png
2023-24-player-423,2023-24,player,423,Jacob Murphy,J.Murphy,MID,15,,A,,,https://resources.premierleague.com/premierleague25/photos/players/110x140/114243.png
2023-24-player-424,2023-24,player,424,Nick Pope,Pope,GKP,15,,A,,,https://resources.premierleague.com/premierleague25/photos/players/110x140/98747.png
2023-24-player-425,2023-24,player,425,Matt Ritchie,Ritchie,MID,15,,A,,,https://resources.premierleague.com/premierleague25/photos/players/110x140/56983.png
2023-24-player-426,2023-24,player,426,Allan Saint-Maximin,Saint-Maximin,MID,15,,A,,,https://resources.premierleague.com/premierleague25/photos/players/110x140/170137.png
2023-24-player-427,2023-24,player,427,Fabian Schär,Schär,DEF,15,,A,,,https://resources.premierleague.com/premierleague25/photos/players/110x140/119471.png
2023-24-player-428,2023-24,player,428,Matt Targett,Targett,DEF,15,,A,,,https://resources.premierleague.com/premierleague25/photos/players/110x140/169359.png
2023-24-player-429,2023-24,player,429,Sandro Tonali,Tonali,MID,15,,A,,,https://resources.premierleague.com/premierleague25/photos/players/110x140/432422.png
2023-24-player-430,2023-24,player,430,Kieran Trippier,Trippier,DEF,15,,A,,,https://resources.premierleague.com/premierleague25/photos/players/110x140/77794.png
2023-24-player-431,2023-24,player,431,Kell Watts,Watts,DEF,15,,A,,,https://resources.premierleague.com/premierleague25/photos/players/110x140/232977.png
2023-24-player-432,2023-24,player,432,Joe Willock,Willock,MID,15,,A,,,https://resources.premierleague.com/premierleague25/photos/players/110x140/200089.png
2023-24-player-433,2023-24,player,433,Callum Wilson,Wilson,FWD,15,,A,,,https://resources.premierleague.com/premierleague25/photos/players/110x140/75115.png
2023-24-player-580,2023-24,player,580,Loris Karius,Karius,GKP,15,,A,,,https://resources.premierleague.com/premierleague25/photos/players/110x140/104542.png
2023-24-player-581,2023-24,player,581,Paul Dummett,Dummett,DEF,15,,A,,,https://resources.premierleague.com/premierleague25/photos/players/110x140/106618.png
2023-24-player-603,2023-24,player,603,Harvey Barnes,Barnes,MID,15,,A,,,https://resources.premierleague.com/premierleague25/photos/players/110x140/201666.png
2023-24-player-633,2023-24,player,633,Tino Livramento,Livramento,DEF,15,,A,,,https://resources.premierleague.com/premierleague25/photos/players/110x140/441191.png
2023-24-player-634,2023-24,player,634,Alex Murphy,A.Murphy,DEF,15,,A,,,https://resources.premierleague.com/premierleague25/photos/players/110x140/545477.png
2023-24-player-635,2023-24,player,635,Lewis Miley,Miley,MID,15,,A,,,https://resources.premierleague.com/premierleague25/photos/players/110x140/547719.png
2023-24-player-738,2023-24,player,738,Amadou Diallo,Diallo,MID,15,,A,,,https://resources.premierleague.com/premierleague25/photos/players/110x140/248859.png
2023-24-player-739,2023-24,player,739,Ben Parkinson,Parkinson,FWD,15,,A,,,https://resources.premierleague.com/premierleague25/photos/players/110x140/547716.png
2023-24-player-745,2023-24,player,745,Michael Ndiweni,Ndiweni,FWD,15,,A,,,https://resources.premierleague.com/premierleague25/photos/players/110x140/490150.png
2023-24-player-794,2023-24,player,794,Joe White,White,MID,15,,A,,,https://resources.premierleague.com/premierleague25/photos/players/110x140/461484.png
2023-24-player-795,2023-24,player,795,Travis Hernes,Hernes,MID,15,,A,,,https://resources.premierleague.com/premierleague25/photos/players/110x140/592436.png
2023-24-player-23,2023-24,player,23,Nuno Varela Tavares,Tavares,DEF,16,,A,,,https://resources.premierleague.com/premierleague25/photos/players/110x140/437626.png
2023-24-player-28,2023-24,player,28,Matt Turner,Turner,GKP,16,,A,,,https://resources.premierleague.com/premierleague25/photos/players/110x140/224068.png
2023-24-player-205,2023-24,player,205,Callum Hudson-Odoi,Hudson-Odoi,MID,16,,A,,,https://resources.premierleague.com/premierleague25/photos/players/110x140/209046.png
2023-24-player-378,2023-24,player,378,Anthony Elanga,Elanga,MID,16,,A,,,https://resources.premierleague.com/premierleague25/photos/players/110x140/449434.png
2023-24-player-434,2023-24,player,434,Brandon Aguilera Zamora,B.Aguilera,MID,16,,A,,,https://resources.premierleague.com/premierleague25/photos/players/110x140/461682.png
2023-24-player-435,2023-24,player,435,Harry Arter,Arter,MID,16,,A,,,https://resources.premierleague.com/premierleague25/photos/players/110x140/48615.png
2023-24-player-436,2023-24,player,436,Serge Aurier,Aurier,DEF,16,,A,,,https://resources.premierleague.com/premierleague25/photos/players/110x140/80226.png
2023-24-player-437,2023-24,player,437,Taiwo Awoniyi,Awoniyi,FWD,16,,A,,,https://resources.premierleague.com/premierleague25/photos/players/110x140/210156.png
2023-24-player-438,2023-24,player,438,Giulian Biancone,Biancone,DEF,16,,A,,,https://resources.premierleague.com/premierleague25/photos/players/110x140/437753.png
2023-24-player-439,2023-24,player,439,Willy Boly,Boly,DEF,16,,A,,,https://resources.premierleague.com/premierleague25/photos/players/110x140/90585.png
2023-24-player-440,2023-24,player,440,Josh Bowler,Bowler,MID,16,,A,,,https://resources.premierleague.com/premierleague25/photos/players/110x140/245830.png
2023-24-player-441,2023-24,player,441,Steve Cook,Cook,DEF,16,,A,,,https://resources.premierleague.com/premierleague25/photos/players/110x140/56917.png
2023-24-player-442,2023-24,player,442,Danilo dos Santos de Oliveira,Danilo,MID,16,,A,,,https://resources.premierleague.com/premierleague25/photos/players/110x140/513046.png
2023-24-player-443,2023-24,player,443,Emmanuel Dennis,Dennis,FWD,16,,A,,,https://resources.premierleague.com/premierleague25/photos/players/110x140/230251.png
2023-24-player-444,2023-24,player,444,Mohamed Dräger,Dräger,DEF,16,,A,,,https://resources.premierleague.com/premierleague25/photos/players/110x140/173399.png
2023-24-player-445,2023-24,player,445,Felipe Augusto de Almeida Monteiro,Felipe,DEF,16,,A,,,https://resources.premierleague.com/premierleague25/photos/players/110x140/116404.png
2023-24-player-446,2023-24,player,446,Remo Freuler,Freuler,MID,16,,A,,,https://resources.premierleague.com/premierleague25/photos/players/110x140/89076.png
2023-24-player-447,2023-24,player,447,Morgan Gibbs-White,Gibbs-White,MID,16,,A,,,https://resources.premierleague.com/premierleague25/photos/players/110x140/222531.png
2023-24-player-448,2023-24,player,448,Wayne Hennessey,Hennessey,GKP,16,,A,,,https://resources.premierleague.com/premierleague25/photos/players/110x140/20066.png
2023-24-player-449,2023-24,player,449,Ethan Horvath,Horvath,GKP,16,,A,,,https://resources.premierleague.com/premierleague25/photos/players/110x140/168547.png
2023-24-player-451,2023-24,player,451,Cheikhou Kouyaté,Kouyaté,MID,16,,A,,,https://resources.premierleague.com/premierleague25/photos/players/110x140/55037.png
2023-24-player-452,2023-24,player,452,Richie Laryea,Laryea,DEF,16,,A,,,https://resources.premierleague.com/premierleague25/photos/players/110x140/221403.png
2023-24-player-453,2023-24,player,453,Orel Mangala,Mangala,MID,16,,A,,,https://resources.premierleague.com/premierleague25/photos/players/110x140/179519.png
2023-24-player-454,2023-24,player,454,Loïc Mbe Soh,Mbe Soh,DEF,16,,A,,,https://resources.premierleague.com/premierleague25/photos/players/110x140/242885.png
2023-24-player-455,2023-24,player,455,Scott McKenna,McKenna,DEF,16,,A,,,https://resources.premierleague.com/premierleague25/photos/players/110x140/168281.png
2023-24-player-456,2023-24,player,456,Alex Mighten,Mighten,MID,16,,A,,,https://resources.premierleague.com/premierleague25/photos/players/110x140/244930.png
2023-24-player-457,2023-24,player,457,Moussa Niakhaté,Niakhaté,DEF,16,,A,,,https://resources.premierleague.com/premierleague25/photos/players/110x140/199170.png
2023-24-player-458,2023-24,player,458,Lewis O'Brien,O'Brien,MID,16,,A,,,https://resources.premierleague.com/premierleague25/photos/players/110x140/243345.png
2023-24-player-459,2023-24,player,459,Braian Ojeda Rodríguez,Ojeda,MID,16,,A,,,https://resources.premierleague.com/premierleague25/photos/players/110x140/437476.png
2023-24-player-460,2023-24,player,460,Jonathan Panzo,Panzo,DEF,16,,A,,,https://resources.premierleague.com/premierleague25/photos/players/110x140/209035.png
2023-24-player-461,2023-24,player,461,Omar Richards,O.Richards,DEF,16,,A,,,https://resources.premierleague.com/premierleague25/photos/players/110x140/204822.png
2023-24-player-462,2023-24,player,462,Gustavo Henrique Furtado Scarpa,G.Scarpa,MID,16,,A,,,https://resources.premierleague.com/premierleague25/photos/players/110x140/185253.png
2023-24-player-463,2023-24,player,463,Jonjo Shelvey,J.Shelvey,MID,16,,A,,,https://resources.premierleague.com/premierleague25/photos/players/110x140/50232.png
2023-24-player-464,2023-24,player,464,Sam Surridge,Surridge,FWD,16,,A,,,https://resources.premierleague.com/premierleague25/photos/players/110x140/217331.png
2023-24-player-465,2023-24,player,465,Harry Toffolo,Toffolo,DEF,16,,A,,,https://resources.premierleague.com/premierleague25/photos/players/110x140/114241.png
2023-24-player-466,2023-24,player,466,Hwang Ui-jo,Ui-jo,FWD,16,,A,,,https://resources.premierleague.com/premierleague25/photos/players/110x140/201440.png
2023-24-player-467,2023-24,player,467,Neco Williams,Williams,DEF,16,,A,,,https://resources.premierleague.com/premierleague25/photos/players/110x140/215136.png
2023-24-player-468,2023-24,player,468,Chris Wood,Wood,FWD,16,,A,,,https://resources.premierleague.com/premierleague25/photos/players/110x140/60689.png
2023-24-player-469,2023-24,player,469,Joe Worrall,Worrall,DEF,16,,A,,,https://resources.premierleague.com/premierleague25/photos/players/110x140/208912.png
2023-24-player-470,2023-24,player,470,Ryan Yates,Yates,MID,16,,A,,,https://resources.premierleague.com/premierleague25/photos/players/110x140/204968.png
2023-24-player-604,2023-24,player,604,Olu Aina,Aina,DEF,16,,A,,,https://resources.premierleague.com/premierleague25/photos/players/110x140/159506.png
2023-24-player-636,2023-24,player,636,George Shelvey,G.Shelvey,GKP,16,,A,,,https://resources.premierleague.com/premierleague25/photos/players/110x140/450197.png
2023-24-player-637,2023-24,player,637,Josh Powell,Powell,DEF,16,,A,,,https://resources.premierleague.com/premierleague25/photos/players/110x140/547659.png
2023-24-player-679,2023-24,player,679,Gonzalo Montiel,G.Montiel,DEF,16,,A,,,https://resources.premierleague.com/premierleague25/photos/players/110x140/218430.png
2023-24-player-696,2023-24,player,696,Murillo Santiago Costa dos Santos,Murillo,DEF,16,,A,,,https://resources.premierleague.com/premierleague25/photos/players/110x140/575476.png
2023-24-player-710,2023-24,player,710,Odysseas Vlachodimos,Odysseas,GKP,16,,A,,,https://resources.premierleague.com/premierleague25/photos/players/110x140/111452.png
2023-24-player-711,2023-24,player,711,Andrew Omobamidele,Omobamidele,DEF,16,,A,,,https://resources.premierleague.com/premierleague25/photos/players/110x140/466404.png
2023-24-player-712,2023-24,player,712,Nicolás Domínguez,Dominguez,MID,16,,A,,,https://resources.premierleague.com/premierleague25/photos/players/110x140/250199.png
2023-24-player-713,2023-24,player,713,Ibrahim Sangaré,Sangaré,MID,16,,A,,,https://resources.premierleague.com/premierleague25/photos/players/110x140/210462.png
2023-24-player-714,2023-24,player,714,Divock Origi,Origi,FWD,16,,A,,,https://resources.premierleague.com/premierleague25/photos/players/110x140/152760.png
2023-24-player-779,2023-24,player,779,Jamie McDonnell,McDonnell,MID,16,,A,,,https://resources.premierleague.com/premierleague25/photos/players/110x140/524070.png
2023-24-player-780,2023-24,player,780,Detlef Esapa Osong,Osong,FWD,16,,A,,,https://resources.premierleague.com/premierleague25/photos/players/110x140/536677.png
2023-24-player-781,2023-24,player,781,Joe Gardner,Gardner,FWD,16,,A,,,https://resources.premierleague.com/premierleague25/photos/players/110x140/536681.png
2023-24-player-801,2023-24,player,801,Giovanni Reyna,Reyna,MID,16,,A,,,https://resources.premierleague.com/premierleague25/photos/players/110x140/427420.png
2023-24-player-808,2023-24,player,808,Matz Sels,Sels,GKP,16,,A,,,https://resources.premierleague.com/premierleague25/photos/players/110x140/85633.png
2023-24-player-809,2023-24,player,809,Rodrigo Duarte Ribeiro,Ribeiro,FWD,16,,A,,,https://resources.premierleague.com/premierleague25/photos/players/110x140/551232.png
2023-24-player-27,2023-24,player,27,Auston Trusty,Trusty,DEF,17,,A,,,https://resources.premierleague.com/premierleague25/photos/players/110x140/201410.png
2023-24-player-33,2023-24,player,33,Cameron Archer,Archer,FWD,17,,A,,,https://resources.premierleague.com/premierleague25/photos/players/110x140/433979.png
2023-24-player-255,2023-24,player,255,Mason Holgate,Holgate,DEF,17,,A,,,https://resources.premierleague.com/premierleague25/photos/players/110x140/194164.png
2023-24-player-360,2023-24,player,360,James McAtee,McAtee,MID,17,,A,,,https://resources.premierleague.com/premierleague25/photos/players/110x140/432714.png
2023-24-player-471,2023-24,player,471,Anel Ahmedhodžić,Ahmedhodžić,DEF,17,,A,,,https://resources.premierleague.com/premierleague25/photos/players/110x140/233821.png
2023-24-player-472,2023-24,player,472,Jordan Amissah,Amissah,GKP,17,,A,,,https://resources.premierleague.com/premierleague25/photos/players/110x140/538206.png
2023-24-player-473,2023-24,player,473,George Baldock,Baldock,DEF,17,,A,,,https://resources.premierleague.com/premierleague25/photos/players/110x140/82691.png
2023-24-player-474,2023-24,player,474,Chris Basham,Basham,DEF,17,,A,,,https://resources.premierleague.com/premierleague25/photos/players/110x140/40386.png
2023-24-player-476,2023-24,player,476,Jayden Bogle,Bogle,DEF,17,,A,,,https://resources.premierleague.com/premierleague25/photos/players/110x140/226182.png
2023-24-player-477,2023-24,player,477,Rhian Brewster,Brewster,FWD,17,,A,,,https://resources.premierleague.com/premierleague25/photos/players/110x140/195473.png
2023-24-player-478,2023-24,player,478,Ismaila Coulibaly,Coulibaly,MID,17,,A,,,https://resources.premierleague.com/premierleague25/photos/players/110x140/476938.png
2023-24-player-479,2023-24,player,479,Adam Davies,A.Davies,GKP,17,,A,,,https://resources.premierleague.com/premierleague25/photos/players/110x140/102549.png
2023-24-player-480,2023-24,player,480,John Egan,Egan,DEF,17,,A,,,https://resources.premierleague.com/premierleague25/photos/players/110x140/108416.png
2023-24-player-481,2023-24,player,481,John Fleck,Fleck,MID,17,,A,,,https://resources.premierleague.com/premierleague25/photos/players/110x140/47247.png
2023-24-player-482,2023-24,player,482,Wes Foderingham,Foderingham,GKP,17,,A,,,https://resources.premierleague.com/premierleague25/photos/players/110x140/82143.png
2023-24-player-483,2023-24,player,483,Daniel Jebbison,Jebbison,FWD,17,,A,,,https://resources.premierleague.com/premierleague25/photos/players/110x140/523700.png
2023-24-player-484,2023-24,player,484,Max Lowe,Lowe,DEF,17,,A,,,https://resources.premierleague.com/premierleague25/photos/players/110x140/155197.png
2023-24-player-485,2023-24,player,485,Oliver McBurnie,McBurnie,FWD,17,,A,,,https://resources.premierleague.com/premierleague25/photos/players/110x140/169432.png
2023-24-player-486,2023-24,player,486,Iliman Ndiaye,Ndiaye,FWD,17,,A,,,https://resources.premierleague.com/premierleague25/photos/players/110x140/440993.png
2023-24-player-487,2023-24,player,487,Rhys Norrington-Davies,Norrington-Davies,DEF,17,,A,,,https://resources.premierleague.com/premierleague25/photos/players/110x140/443211.png
2023-24-player-488,2023-24,player,488,Oliver Norwood,Norwood,MID,17,,A,,,https://resources.premierleague.com/premierleague25/photos/players/110x140/79934.png
2023-24-player-489,2023-24,player,489,Ben Osborn,Osborn,MID,17,,A,,,https://resources.premierleague.com/premierleague25/photos/players/110x140/167878.png
2023-24-player-490,2023-24,player,490,William Osula,Osula,FWD,17,,A,,,https://resources.premierleague.com/premierleague25/photos/players/110x140/538207.png
2023-24-player-576,2023-24,player,576,Jack Robinson,Robinson,DEF,17,,A,,,https://resources.premierleague.com/premierleague25/photos/players/110x140/83427.png
2023-24-player-587,2023-24,player,587,Anis Slimane,Slimane,MID,17,,A,,,https://resources.premierleague.com/premierleague25/photos/players/110x140/504198.png
2023-24-player-592,2023-24,player,592,Yasser Larouci,Larouci,DEF,17,,A,,,https://resources.premierleague.com/premierleague25/photos/players/110x140/432990.png
2023-24-player-593,2023-24,player,593,Bénie Traoré,T.Bénie,FWD,17,,A,,,https://resources.premierleague.com/premierleague25/photos/players/110x140/523957.png
2023-24-player-638,2023-24,player,638,Vini de Souza Costa,Vini Souza,MID,17,,A,,,https://resources.premierleague.com/premierleague25/photos/players/110x140/424001.png
2023-24-player-653,2023-24,player,653,Femi Seriki,Seriki,DEF,17,,A,,,https://resources.premierleague.com/premierleague25/photos/players/110x140/471848.png
2023-24-player-654,2023-24,player,654,Louie Marsh,Marsh,FWD,17,,A,,,https://resources.premierleague.com/premierleague25/photos/players/110x140/532377.png
2023-24-player-655,2023-24,player,655,Andre Brooks,Brooks,MID,17,,A,,,https://resources.premierleague.com/premierleague25/photos/players/110x140/538210.png
2023-24-player-656,2023-24,player,656,Antwoine Hackford,Hackford,FWD,17,,A,,,https://resources.premierleague.com/premierleague25/photos/players/110x140/487836.png
2023-24-player-663,2023-24,player,663,Gustavo Hamer,Hamer,MID,17,,A,,,https://resources.premierleague.com/premierleague25/photos/players/110x140/196100.png
2023-24-player-666,2023-24,player,666,Tom Davies,T.Davies,MID,17,,A,,,https://resources.premierleague.com/premierleague25/photos/players/110x140/173807.png
2023-24-player-693,2023-24,player,693,Luke Thomas,Thomas,DEF,17,,A,,,https://resources.premierleague.com/premierleague25/photos/players/110x140/244619.png
2023-24-player-730,2023-24,player,730,Ryan Oné,Oné,MID,17,,A,,,https://resources.premierleague.com/premierleague25/photos/players/110x140/585472.png
2023-24-player-731,2023-24,player,731,Jili Buyabu,Buyabu,DEF,17,,A,,,https://resources.premierleague.com/premierleague25/photos/players/110x140/601496.png
2023-24-player-759,2023-24,player,759,Sydie Peck,Peck,MID,17,,A,,,https://resources.premierleague.com/premierleague25/photos/players/110x140/552425.png
2023-24-player-775,2023-24,player,775,Ben Brereton,Brereton Díaz,MID,17,,A,,,https://resources.premierleague.com/premierleague25/photos/players/110x140/204814.png
2023-24-player-790,2023-24,player,790,Ivo Grbic,Grbić,GKP,17,,A,,,https://resources.premierleague.com/premierleague25/photos/players/110x140/173268.png
2023-24-player-822,2023-24,player,822,Billy Blacker,Blacker,FWD,17,,A,,,https://resources.premierleague.com/premierleague25/photos/players/110x140/591539.png
2023-24-player-823,2023-24,player,823,Oliver Arblaster,Arblaster,MID,17,,A,,,https://resources.premierleague.com/premierleague25/photos/players/110x140/532372.png
2023-24-player-827,2023-24,player,827,Dovydas Sasnauskas,Sasnauskas,DEF,17,,A,,,https://resources.premierleague.com/premierleague25/photos/players/110x140/616094.png
2023-24-player-828,2023-24,player,828,Sam Curtis,Curtis,DEF,17,,A,,,https://resources.premierleague.com/premierleague25/photos/players/110x140/549344.png
2023-24-player-857,2023-24,player,857,Owen Hampson,Hampson,MID,17,,A,,,https://resources.premierleague.com/premierleague25/photos/players/110x140/591538.png
2023-24-player-450,2023-24,player,450,Brennan Johnson,Johnson,MID,18,,A,,,https://resources.premierleague.com/premierleague25/photos/players/110x140/242898.png
2023-24-player-491,2023-24,player,491,Brandon Austin,Austin,GKP,18,,A,,,https://resources.premierleague.com/premierleague25/photos/players/110x140/214572.png
2023-24-player-492,2023-24,player,492,Rodrigo Bentancur,Bentancur,MID,18,,A,,,https://resources.premierleague.com/premierleague25/photos/players/110x140/202993.png
2023-24-player-493,2023-24,player,493,Yves Bissouma,Bissouma,MID,18,,A,,,https://resources.premierleague.com/premierleague25/photos/players/110x140/227127.png
2023-24-player-494,2023-24,player,494,Bryan Gil Salvatierra,Bryan,MID,18,,A,,,https://resources.premierleague.com/premierleague25/photos/players/110x140/436234.png
2023-24-player-495,2023-24,player,495,Ben Davies,Davies,DEF,18,,A,,,https://resources.premierleague.com/premierleague25/photos/players/110x140/115556.png
2023-24-player-496,2023-24,player,496,Eric Dier,Dier,DEF,18,,A,,,https://resources.premierleague.com/premierleague25/photos/players/110x140/93264.png
2023-24-player-497,2023-24,player,497,Emerson Leite de Souza Junior,E.Royal,DEF,18,,A,,,https://resources.premierleague.com/premierleague25/photos/players/110x140/241157.png
2023-24-player-498,2023-24,player,498,Fraser Forster,Forster,GKP,18,,A,,,https://resources.premierleague.com/premierleague25/photos/players/110x140/40383.png
2023-24-player-499,2023-24,player,499,Pierre-Emile Højbjerg,Højbjerg,MID,18,,A,,,https://resources.premierleague.com/premierleague25/photos/players/110x140/132015.png
2023-24-player-500,2023-24,player,500,Harry Kane,Kane,FWD,18,,A,,,https://resources.premierleague.com/premierleague25/photos/players/110x140/78830.png
2023-24-player-501,2023-24,player,501,Dejan Kulusevski,Kulusevski,MID,18,,A,,,https://resources.premierleague.com/premierleague25/photos/players/110x140/445044.png
2023-24-player-502,2023-24,player,502,Hugo Lloris,Lloris,GKP,18,,A,,,https://resources.premierleague.com/premierleague25/photos/players/110x140/37915.png
2023-24-player-503,2023-24,player,503,Giovani Lo Celso,Lo Celso,MID,18,,A,,,https://resources.premierleague.com/premierleague25/photos/players/110x140/200826.png
2023-24-player-504,2023-24,player,504,James Maddison,Maddison,MID,18,,A,,,https://resources.premierleague.com/premierleague25/photos/players/110x140/172780.png
2023-24-player-505,2023-24,player,505,Tanguy Ndombélé Alvaro,Ndombele,MID,18,,A,,,https://resources.premierleague.com/premierleague25/photos/players/110x140/231372.png
2023-24-player-506,2023-24,player,506,Pedro Porro,Pedro Porro,DEF,18,,A,,,https://resources.premierleague.com/premierleague25/photos/players/110x140/441164.png
2023-24-player-507,2023-24,player,507,Ivan Perišić,Perišić,DEF,18,,A,,,https://resources.premierleague.com/premierleague25/photos/players/110x140/45034.png
2023-24-player-509,2023-24,player,509,Richarlison de Andrade,Richarlison,MID,18,,A,,,https://resources.premierleague.com/premierleague25/photos/players/110x140/212319.png
2023-24-player-510,2023-24,player,510,Joe Rodon,Rodon,DEF,18,,A,,,https://resources.premierleague.com/premierleague25/photos/players/110x140/214225.png
2023-24-player-511,2023-24,player,511,Cristian Romero,Romero,DEF,18,,A,,,https://resources.premierleague.com/premierleague25/photos/players/110x140/221632.png
2023-24-player-512,2023-24,player,512,Davinson Sánchez,Sánchez,DEF,18,,A,,,https://resources.premierleague.com/premierleague25/photos/players/110x140/173904.png
2023-24-player-513,2023-24,player,513,Pape Matar Sarr,Sarr,MID,18,,A,,,https://resources.premierleague.com/premierleague25/photos/players/110x140/482442.png
2023-24-player-514,2023-24,player,514,Ryan Sessegnon,Sessegnon,DEF,18,,A,,,https://resources.premierleague.com/premierleague25/photos/players/110x140/184349.png
2023-24-player-515,2023-24,player,515,Oliver Skipp,Skipp,MID,18,,A,,,https://resources.premierleague.com/premierleague25/photos/players/110x140/209042.png
2023-24-player-516,2023-24,player,516,Son Heung-min,Son,MID,18,,A,,,https://resources.premierleague.com/premierleague25/photos/players/110x140/85971.png
2023-24-player-517,2023-24,player,517,Djed Spence,Spence,DEF,18,,A,,,https://resources.premierleague.com/premierleague25/photos/players/110x140/232859.png
2023-24-player-518,2023-24,player,518,Japhet Tanganga,Tanganga,DEF,18,,A,,,https://resources.premierleague.com/premierleague25/photos/players/110x140/199584.png
2023-24-player-519,2023-24,player,519,Destiny Udogie,Udogie,DEF,18,,A,,,https://resources.premierleague.com/premierleague25/photos/players/110x140/487053.png
2023-24-player-520,2023-24,player,520,Guglielmo Vicario,Vicario,GKP,18,,A,,,https://resources.premierleague.com/premierleague25/photos/players/110x140/184254.png
2023-24-player-521,2023-24,player,521,Alfie Whiteman,Whiteman,GKP,18,,A,,,https://resources.premierleague.com/premierleague25/photos/players/110x140/175941.png
2023-24-player-583,2023-24,player,583,Manor Solomon,Solomon,MID,18,,A,,,https://resources.premierleague.com/premierleague25/photos/players/110x140/235674.png
2023-24-player-639,2023-24,player,639,Micky van de Ven,Van de Ven,DEF,18,,A,,,https://resources.premierleague.com/premierleague25/photos/players/110x140/491279.png
2023-24-player-640,2023-24,player,640,Dane Scarlett,Scarlett,FWD,18,,A,,,https://resources.premierleague.com/premierleague25/photos/players/110x140/490145.png
2023-24-player-641,2023-24,player,641,Alejo Véliz,Veliz,FWD,18,,A,,,https://resources.premierleague.com/premierleague25/photos/players/110x140/536908.png
2023-24-player-702,2023-24,player,702,Ashley Phillips,Phillips,DEF,18,,A,,,https://resources.premierleague.com/premierleague25/photos/players/110x140/548308.png
2023-24-player-722,2023-24,player,722,Jamie Donley,Donley,FWD,18,,A,,,https://resources.premierleague.com/premierleague25/photos/players/110x140/513588.png
2023-24-player-740,2023-24,player,740,Alfie Dorrington,Dorrington,DEF,18,,A,,,https://resources.premierleague.com/premierleague25/photos/players/110x140/519321.png
2023-24-player-754,2023-24,player,754,Yago de Santiago Alonso,Yago Santiago,MID,18,,A,,,https://resources.premierleague.com/premierleague25/photos/players/110x140/492779.png
2023-24-player-776,2023-24,player,776,Timo Werner,Werner,FWD,18,,A,,,https://resources.premierleague.com/premierleague25/photos/players/110x140/165153.png
2023-24-player-777,2023-24,player,777,Radu Dragusin,Drăgușin,DEF,18,,A,,,https://resources.premierleague.com/premierleague25/photos/players/110x140/493125.png
2023-24-player-860,2023-24,player,860,Mikey Moore,Moore,MID,18,,A,,,https://resources.premierleague.com/premierleague25/photos/players/110x140/499721.png
2023-24-player-862,2023-24,player,862,Tyrese Hall,Hall,MID,18,,A,,,https://resources.premierleague.com/premierleague25/photos/players/110x140/563934.png
2023-24-player-364,2023-24,player,364,Kalvin Phillips,Phillips,MID,19,,A,,,https://resources.premierleague.com/premierleague25/photos/players/110x140/155405.png
2023-24-player-522,2023-24,player,522,Nayef Aguerd,N.Aguerd,DEF,19,,A,,,https://resources.premierleague.com/premierleague25/photos/players/110x140/210494.png
2023-24-player-523,2023-24,player,523,Michail Antonio,Antonio,FWD,19,,A,,,https://resources.premierleague.com/premierleague25/photos/players/110x140/57531.png
2023-24-player-524,2023-24,player,524,Alphonse Areola,Areola,GKP,19,,A,,,https://resources.premierleague.com/premierleague25/photos/players/110x140/84182.png
2023-24-player-525,2023-24,player,525,Saïd Benrahma,Benrahma,MID,19,,A,,,https://resources.premierleague.com/premierleague25/photos/players/110x140/172841.png
2023-24-player-526,2023-24,player,526,Jarrod Bowen,Bowen,MID,19,,A,,,https://resources.premierleague.com/premierleague25/photos/players/110x140/178186.png
2023-24-player-527,2023-24,player,527,Maxwel Cornet,Cornet,MID,19,,A,,,https://resources.premierleague.com/premierleague25/photos/players/110x140/149519.png
2023-24-player-528,2023-24,player,528,Vladimír Coufal,Coufal,DEF,19,,A,,,https://resources.premierleague.com/premierleague25/photos/players/110x140/164555.png
2023-24-player-529,2023-24,player,529,Conor Coventry,Coventry,MID,19,,A,,,https://resources.premierleague.com/premierleague25/photos/players/110x140/222017.png
2023-24-player-530,2023-24,player,530,Aaron Cresswell,Cresswell,DEF,19,,A,,,https://resources.premierleague.com/premierleague25/photos/players/110x140/55459.png
2023-24-player-531,2023-24,player,531,Flynn Downes,Downes,MID,19,,A,,,https://resources.premierleague.com/premierleague25/photos/players/110x140/220585.png
2023-24-player-532,2023-24,player,532,Emerson Palmieri dos Santos,Emerson,DEF,19,,A,,,https://resources.premierleague.com/premierleague25/photos/players/110x140/109533.png
2023-24-player-533,2023-24,player,533,Lukasz Fabianski,Fabianski,GKP,19,,A,,,https://resources.premierleague.com/premierleague25/photos/players/110x140/37096.png
2023-24-player-534,2023-24,player,534,Pablo Fornals Malla,P.Fornals,MID,19,,A,,,https://resources.premierleague.com/premierleague25/photos/players/110x140/217593.png
2023-24-player-535,2023-24,player,535,Danny Ings,Ings,FWD,19,,A,,,https://resources.premierleague.com/premierleague25/photos/players/110x140/84939.png
2023-24-player-536,2023-24,player,536,Ben Johnson,Johnson,DEF,19,,A,,,https://resources.premierleague.com/premierleague25/photos/players/110x140/222018.png
2023-24-player-537,2023-24,player,537,Thilo Kehrer,Kehrer,DEF,19,,A,,,https://resources.premierleague.com/premierleague25/photos/players/110x140/201057.png
2023-24-player-538,2023-24,player,538,Divin Mubama,Mubama,FWD,19,,A,,,https://resources.premierleague.com/premierleague25/photos/players/110x140/487837.png
2023-24-player-539,2023-24,player,539,Lucas Tolentino Coelho de Lima,L.Paquetá,MID,19,,A,,,https://resources.premierleague.com/premierleague25/photos/players/110x140/224024.png
2023-24-player-541,2023-24,player,541,Gianluca Scamacca,Scamacca,FWD,19,,A,,,https://resources.premierleague.com/premierleague25/photos/players/110x140/195899.png
2023-24-player-542,2023-24,player,542,Tomáš Souček,Souček,MID,19,,A,,,https://resources.premierleague.com/premierleague25/photos/players/110x140/215439.png
2023-24-player-543,2023-24,player,543,Nikola Vlašić,Vlašić,MID,19,,A,,,https://resources.premierleague.com/premierleague25/photos/players/110x140/180151.png
2023-24-player-544,2023-24,player,544,Kurt Zouma,Zouma,DEF,19,,A,,,https://resources.premierleague.com/premierleague25/photos/players/110x140/103192.png
2023-24-player-577,2023-24,player,577,Angelo Ogbonna,Ogbonna,DEF,19,,A,,,https://resources.premierleague.com/premierleague25/photos/players/110x140/40669.png
2023-24-player-642,2023-24,player,642,Edson Álvarez Velázquez,Álvarez,MID,19,,A,,,https://resources.premierleague.com/premierleague25/photos/players/110x140/213999.png
2023-24-player-647,2023-24,player,647,Joseph Anang,Anang,GKP,19,,A,,,https://resources.premierleague.com/premierleague25/photos/players/110x140/447879.png
2023-24-player-664,2023-24,player,664,James Ward-Prowse,Ward-Prowse,MID,19,,A,,,https://resources.premierleague.com/premierleague25/photos/players/110x140/101178.png
2023-24-player-676,2023-24,player,676,Konstantinos Mavropanos,Mavropanos,DEF,19,,A,,,https://resources.premierleague.com/premierleague25/photos/players/110x140/233963.png
2023-24-player-689,2023-24,player,689,Mohammed Kudus,Kudus,MID,19,,A,,,https://resources.premierleague.com/premierleague25/photos/players/110x140/460842.png
2023-24-player-773,2023-24,player,773,Lewis Orford,Orford,MID,19,,A,,,https://resources.premierleague.com/premierleague25/photos/players/110x140/518442.png
2023-24-player-774,2023-24,player,774,Kaelan Casey,Casey,DEF,19,,A,,,https://resources.premierleague.com/premierleague25/photos/players/110x140/518438.png
2023-24-player-784,2023-24,player,784,Oliver Scarles,Scarles,DEF,19,,A,,,https://resources.premierleague.com/premierleague25/photos/players/110x140/536109.png
2023-24-player-785,2023-24,player,785,Callum Marshall,Marshall,FWD,19,,A,,,https://resources.premierleague.com/premierleague25/photos/players/110x140/565431.png
2023-24-player-829,2023-24,player,829,George Earthy,Earthy,MID,19,,A,,,https://resources.premierleague.com/premierleague25/photos/players/110x140/490885.png
2023-24-player-351,2023-24,player,351,Tommy Doyle,Doyle,MID,20,,A,,,https://resources.premierleague.com/premierleague25/photos/players/110x140/220394.png
2023-24-player-545,2023-24,player,545,Rayan Aït-Nouri,Aït-Nouri,DEF,20,,A,,,https://resources.premierleague.com/premierleague25/photos/players/110x140/448514.png
2023-24-player-546,2023-24,player,546,Daniel Bentley,Bentley,GKP,20,,A,,,https://resources.premierleague.com/premierleague25/photos/players/110x140/79602.png
2023-24-player-547,2023-24,player,547,Bendegúz Bolla,Bolla,DEF,20,,A,,,https://resources.premierleague.com/premierleague25/photos/players/110x140/431960.png
2023-24-player-548,2023-24,player,548,Hugo Bueno López,H.Bueno,DEF,20,,A,,,https://resources.premierleague.com/premierleague25/photos/players/110x140/490721.png
2023-24-player-549,2023-24,player,549,Francisco Jorge Tomás Oliveira,Chiquinho,MID,20,,A,,,https://resources.premierleague.com/premierleague25/photos/players/110x140/510363.png
2023-24-player-550,2023-24,player,550,Luke Cundle,Cundle,MID,20,,A,,,https://resources.premierleague.com/premierleague25/photos/players/110x140/245923.png
2023-24-player-551,2023-24,player,551,Craig Dawson,Dawson,DEF,20,,A,,,https://resources.premierleague.com/premierleague25/photos/players/110x140/60232.png
2023-24-player-552,2023-24,player,552,Fábio Silva,Fábio Silva,FWD,20,,A,,,https://resources.premierleague.com/premierleague25/photos/players/110x140/449988.png
2023-24-player-554,2023-24,player,554,Gonçalo Manuel Ganchinho Guedes,Guedes,MID,20,,A,,,https://resources.premierleague.com/premierleague25/photos/players/110x140/181284.png
2023-24-player-555,2023-24,player,555,Joe Hodge,Hodge,MID,20,,A,,,https://resources.premierleague.com/premierleague25/photos/players/110x140/240299.png
2023-24-player-556,2023-24,player,556,Ki-Jana Hoever,Hoever,DEF,20,,A,,,https://resources.premierleague.com/premierleague25/photos/players/110x140/441271.png
2023-24-player-557,2023-24,player,557,Hwang Hee-chan,Hee Chan,MID,20,,A,,,https://resources.premierleague.com/premierleague25/photos/players/110x140/184754.png
2023-24-player-559,2023-24,player,559,João Victor Gomes da Silva,João Gomes,MID,20,,A,,,https://resources.premierleague.com/premierleague25/photos/players/110x140/448089.png
2023-24-player-560,2023-24,player,560,Jonathan Castro Otto,J.Otto,DEF,20,,A,,,https://resources.premierleague.com/premierleague25/photos/players/110x140/114128.png
2023-24-player-561,2023-24,player,561,Bruno Cavaco Jordão,Jordão,MID,20,,A,,,https://resources.premierleague.com/premierleague25/photos/players/110x140/428610.png
2023-24-player-562,2023-24,player,562,Sasa Kalajdzic,Kalajdžić,FWD,20,,A,,,https://resources.premierleague.com/premierleague25/photos/players/110x140/429414.png
2023-24-player-563,2023-24,player,563,Max Kilman,Kilman,DEF,20,,A,,,https://resources.premierleague.com/premierleague25/photos/players/110x140/214048.png
2023-24-player-564,2023-24,player,564,Tom King,King,GKP,20,,A,,,https://resources.premierleague.com/premierleague25/photos/players/110x140/138001.png
2023-24-player-565,2023-24,player,565,Mario Lemina,Mario Jr.,MID,20,,A,,,https://resources.premierleague.com/premierleague25/photos/players/110x140/151086.png
2023-24-player-567,2023-24,player,567,Pedro Lomba Neto,Neto,MID,20,,A,,,https://resources.premierleague.com/premierleague25/photos/players/110x140/247632.png
2023-24-player-568,2023-24,player,568,Daniel Castelo Podence,Podence,MID,20,,A,,,https://resources.premierleague.com/premierleague25/photos/players/110x140/200600.png
2023-24-player-569,2023-24,player,569,José Malheiro de Sá,José Sá,GKP,20,,A,,,https://resources.premierleague.com/premierleague25/photos/players/110x140/149065.png
2023-24-player-570,2023-24,player,570,Pablo Sarabia,Sarabia,MID,20,,A,,,https://resources.premierleague.com/premierleague25/photos/players/110x140/88484.png
2023-24-player-571,2023-24,player,571,Matija Šarkić,Šarkić,GKP,20,,A,,,https://resources.premierleague.com/premierleague25/photos/players/110x140/216208.png
2023-24-player-572,2023-24,player,572,Nélson Cabral Semedo,N.Semedo,DEF,20,,A,,,https://resources.premierleague.com/premierleague25/photos/players/110x140/200402.png
2023-24-player-573,2023-24,player,573,Toti António Gomes,Toti,DEF,20,,A,,,https://resources.premierleague.com/premierleague25/photos/players/110x140/510362.png
2023-24-player-574,2023-24,player,574,Boubacar Traoré,Boubacar Traore,MID,20,,A,,,https://resources.premierleague.com/premierleague25/photos/players/110x140/476502.png
2023-24-player-590,2023-24,player,590,Matheus Santos Carneiro Da Cunha,Cunha,FWD,20,,A,,,https://resources.premierleague.com/premierleague25/photos/players/110x140/430871.png
2023-24-player-598,2023-24,player,598,Matt Doherty,Doherty,DEF,20,,A,,,https://resources.premierleague.com/premierleague25/photos/players/110x140/87835.png
2023-24-player-697,2023-24,player,697,Santiago Bueno,S.Bueno,DEF,20,,A,,,https://resources.premierleague.com/premierleague25/photos/players/110x140/231480.png
2023-24-player-698,2023-24,player,698,Enso González,González,MID,20,,A,,,https://resources.premierleague.com/premierleague25/photos/players/110x140/593001.png
2023-24-player-704,2023-24,player,704,Nathan Fraser,Fraser,FWD,20,,A,,,https://resources.premierleague.com/premierleague25/photos/players/110x140/531363.png
2023-24-player-715,2023-24,player,715,Jean-Ricner Bellegarde,Bellegarde,MID,20,,A,,,https://resources.premierleague.com/premierleague25/photos/players/110x140/231057.png
2023-24-player-749,2023-24,player,749,Matthew Whittingham,Whittingham,MID,20,,A,,,https://resources.premierleague.com/premierleague25/photos/players/110x140/483398.png
2023-24-player-750,2023-24,player,750,Tawanda Chirewa,Chirewa,MID,20,,A,,,https://resources.premierleague.com/premierleague25/photos/players/110x140/497606.png
2023-24-player-751,2023-24,player,751,Justin Hubner,Hubner,DEF,20,,A,,,https://resources.premierleague.com/premierleague25/photos/players/110x140/504750.png
2023-24-player-769,2023-24,player,769,Owen Hesketh,Hesketh,MID,20,,A,,,https://resources.premierleague.com/premierleague25/photos/players/110x140/432712.png
2023-24-player-770,2023-24,player,770,Ty Barnett,Barnett,MID,20,,A,,,https://resources.premierleague.com/premierleague25/photos/players/110x140/490095.png
2023-24-player-787,2023-24,player,787,Harvey Griffiths,Griffiths,MID,20,,A,,,https://resources.premierleague.com/premierleague25/photos/players/110x140/449133.png
2023-24-player-788,2023-24,player,788,Yerson Mosquera,Mosquera,DEF,20,,A,,,https://resources.premierleague.com/premierleague25/photos/players/110x140/501837.png
2023-24-player-800,2023-24,player,800,Noha Lemina,N.Lemina,MID,20,,A,,,https://resources.premierleague.com/premierleague25/photos/players/110x140/550833.png
2023-24-player-832,2023-24,player,832,Wesley Okoduwa,Okoduwa,DEF,20,,A,,,https://resources.premierleague.com/premierleague25/photos/players/110x140/613467.png
2023-24-player-836,2023-24,player,836,Leon Chiwome,Chiwome,FWD,20,,A,,,https://resources.premierleague.com/premierleague25/photos/players/110x140/589507.png
2023-24-player-840,2023-24,player,840,Fletcher Holman,Holman,FWD,20,,A,,,https://resources.premierleague.com/premierleague25/photos/players/110x140/602934.png
2023-24-player-853,2023-24,player,853,Temple Ojinnaka,Ojinnaka,MID,20,,A,,,https://resources.premierleague.com/premierleague25/photos/players/110x140/514362.png
2023-24-team-1,2023-24,team,1,Arsenal,Arsenal,,1,3,,,,
2023-24-team-2,2023-24,team,2,Aston Villa,Aston Villa,,2,7,,,,
2023-24-team-3,2023-24,team,3,Bournemouth,Bournemouth,,3,91,,,,
2023-24-team-4,2023-24,team,4,Brentford,Brentford,,4,94,,,,
2023-24-team-5,2023-24,team,5,Brighton,Brighton,,5,36,,,,
2023-24-team-6,2023-24,team,6,Burnley,Burnley,,6,90,,,,
2023-24-team-7,2023-24,team,7,Chelsea,Chelsea,,7,8,,,,
2023-24-team-8,2023-24,team,8,Crystal Palace,Crystal Palace,,8,31,,,,
2023-24-team-9,2023-24,team,9,Everton,Everton,,9,11,,,,
2023-24-team-10,2023-24,team,10,Fulham,Fulham,,10,54,,,,
2023-24-team-11,2023-24,team,11,Liverpool,Liverpool,,11,14,,,,
2023-24-team-12,2023-24,team,12,Luton,Luton,,12,102,,,,
2023-24-team-13,2023-24,team,13,Man City,Man City,,13,43,,,,
2023-24-team-14,2023-24,team,14,Man Utd,Man Utd,,14,1,,,,
2023-24-team-15,2023-24,team,15,Newcastle,Newcastle,,15,4,,,,
2023-24-team-16,2023-24,team,16,Nott'm Forest,Nott'm Forest,,16,17,,,,
2023-24-team-17,2023-24,team,17,Sheffield Utd,Sheffield Utd,,17,49,,,,
2023-24-team-18,2023-24,team,18,Spurs,Spurs,,18,6,,,,
2023-24-team-19,2023-24,team,19,West Ham,West Ham,,19,21,,,,
2023-24-team-20,2023-24,team,20,Wolves,Wolves,,20,39,,,,
2020-21-player-1,2020-21,player,1,Mesut Özil,Özil,MID,1,,A,,,https://resources.premierleague.com/premierleague25/photos/players/110x140/37605.png
2020-21-player-2,2020-21,player,2,Sokratis Papastathopoulos,Sokratis,DEF,1,,A,,,https://resources.premierleague.com/premierleague25/photos/players/110x140/39476.png
2020-21-player-3,2020-21,player,3,David Luiz Moreira Marinho,David Luiz,DEF,1,,A,,,https://resources.premierleague.com/premierleague25/photos/players/110x140/41270.png
2020-21-player-4,2020-21,player,4,Pierre-Emerick Aubameyang,Aubameyang,MID,1,,A,,,https://resources.premierleague.com/premierleague25/photos/players/110x140/54694.png
2020-21-player-5,2020-21,player,5,Cédric Soares,Cédric,DEF,1,,A,,,https://resources.premierleague.com/premierleague25/photos/players/110x140/58822.png
2020-21-player-6,2020-21,player,6,Alexandre Lacazette,Lacazette,FWD,1,,A,,,https://resources.premierleague.com/premierleague25/photos/players/110x140/59966.png
2020-21-player-7,2020-21,player,7,Shkodran Mustafi,Mustafi,DEF,1,,A,,,https://resources.premierleague.com/premierleague25/photos/players/110x140/69140.png
2020-21-player-8,2020-21,player,8,Bernd Leno,Leno,GKP,1,,A,,,https://resources.premierleague.com/premierleague25/photos/players/110x140/80201.png
2020-21-player-9,2020-21,player,9,Granit Xhaka,Xhaka,MID,1,,A,,,https://resources.premierleague.com/premierleague25/photos/players/110x140/84450.png
2020-21-player-10,2020-21,player,10,Pablo Marí,Marí,DEF,1,,A,,,https://resources.premierleague.com/premierleague25/photos/players/110x140/92371.png
2020-21-player-11,2020-21,player,11,Héctor Bellerín,Bellerín,DEF,1,,A,,,https://resources.premierleague.com/premierleague25/photos/players/110x140/98745.png
2020-21-player-13,2020-21,player,13,Calum Chambers,Chambers,DEF,1,,A,,,https://resources.premierleague.com/premierleague25/photos/players/110x140/101184.png
2020-21-player-14,2020-21,player,14,Sead Kolasinac,Kolasinac,DEF,1,,A,,,https://resources.premierleague.com/premierleague25/photos/players/110x140/111457.png
2020-21-player-16,2020-21,player,16,Rob Holding,Holding,DEF,1,,A,,,https://resources.premierleague.com/premierleague25/photos/players/110x140/156074.png
2020-21-player-17,2020-21,player,17,Kieran Tierney,Tierney,DEF,1,,A,,,https://resources.premierleague.com/premierleague25/photos/players/110x140/192895.png
2020-21-player-18,2020-21,player,18,Nicolas Pépé,Pépé,MID,1,,A,,,https://resources.premierleague.com/premierleague25/photos/players/110x140/195735.png
2020-21-player-19,2020-21,player,19,Lucas Torreira,Torreira,MID,1,,A,,,https://resources.premierleague.com/premierleague25/photos/players/110x140/198849.png
2020-21-player-21,2020-21,player,21,Reiss Nelson,Nelson,MID,1,,A,,,https://resources.premierleague.com/premierleague25/photos/players/110x140/200641.png
2020-21-player-22,2020-21,player,22,Edward Nketiah,Nketiah,FWD,1,,A,,,https://resources.premierleague.com/premierleague25/photos/players/110x140/205533.png
2020-21-player-23,2020-21,player,23,Emile Smith Rowe,Smith Rowe,MID,1,,A,,,https://resources.premierleague.com/premierleague25/photos/players/110x140/209289.png
2020-21-player-24,2020-21,player,24,Bukayo Saka,Saka,MID,1,,A,,,https://resources.premierleague.com/premierleague25/photos/players/110x140/223340.png
2020-21-player-25,2020-21,player,25,Matteo Guendouzi,Guendouzi,MID,1,,A,,,https://resources.premierleague.com/premierleague25/photos/players/110x140/242166.png
2020-21-player-26,2020-21,player,26,Gabriel Teodoro Martinelli Silva,Martinelli,MID,1,,A,,,https://resources.premierleague.com/premierleague25/photos/players/110x140/444145.png
2020-21-player-27,2020-21,player,27,William Saliba,Saliba,DEF,1,,A,,,https://resources.premierleague.com/premierleague25/photos/players/110x140/462424.png
2020-21-player-70,2020-21,player,70,Mathew Ryan,Ryan,GKP,1,,A,,,https://resources.premierleague.com/premierleague25/photos/players/110x140/131897.png
2020-21-player-478,2020-21,player,478,Willian Borges Da Silva,Willian,MID,1,,A,,,https://resources.premierleague.com/premierleague25/photos/players/110x140/47431.png
2020-21-player-494,2020-21,player,494,Gabriel Magalhães,Gabriel,DEF,1,,A,,,https://resources.premierleague.com/premierleague25/photos/players/110x140/226597.png
2020-21-player-501,2020-21,player,501,Daniel Ceballos Fernández,Ceballos,MID,1,,A,,,https://resources.premierleague.com/premierleague25/photos/players/110x140/182539.png
2020-21-player-526,2020-21,player,526,Mohamed Naser El Sayed Elneny,Elneny,MID,1,,A,,,https://resources.premierleague.com/premierleague25/photos/players/110x140/153256.png
2020-21-player-527,2020-21,player,527,Matt Macey,Macey,GKP,1,,A,,,https://resources.premierleague.com/premierleague25/photos/players/110x140/113534.png
2020-21-player-547,2020-21,player,547,Rúnar Alex Rúnarsson,Rúnarsson,GKP,1,,A,,,https://resources.premierleague.com/premierleague25/photos/players/110x140/115918.png
2020-21-player-567,2020-21,player,567,Thomas Partey,Partey,MID,1,,A,,,https://resources.premierleague.com/premierleague25/photos/players/110x140/167199.png
2020-21-player-645,2020-21,player,645,Martin Ødegaard,Ødegaard,MID,1,,A,,,https://resources.premierleague.com/premierleague25/photos/players/110x140/184029.png
2020-21-player-689,2020-21,player,689,Miguel Azeez,Azeez,MID,1,,A,,,https://resources.premierleague.com/premierleague25/photos/players/110x140/439482.png
2020-21-player-12,2020-21,player,12,Emiliano Martínez,Martínez,GKP,2,,A,,,https://resources.premierleague.com/premierleague25/photos/players/110x140/98980.png
2020-21-player-28,2020-21,player,28,Tom Heaton,Heaton,GKP,2,,A,,,https://resources.premierleague.com/premierleague25/photos/players/110x140/21205.png
2020-21-player-29,2020-21,player,29,Ahmed El Mohamady,El Mohamady,DEF,2,,A,,,https://resources.premierleague.com/premierleague25/photos/players/110x140/37339.png
2020-21-player-30,2020-21,player,30,Henri Lansbury,Lansbury,MID,2,,A,,,https://resources.premierleague.com/premierleague25/photos/players/110x140/40564.png
2020-21-player-31,2020-21,player,31,Neil Taylor,Taylor,DEF,2,,A,,,https://resources.premierleague.com/premierleague25/photos/players/110x140/47390.png
2020-21-player-32,2020-21,player,32,Jed Steer,Steer,GKP,2,,A,,,https://resources.premierleague.com/premierleague25/photos/players/110x140/79852.png
2020-21-player-33,2020-21,player,33,Conor Hourihane,Hourihane,MID,2,,A,,,https://resources.premierleague.com/premierleague25/photos/players/110x140/85242.png
2020-21-player-34,2020-21,player,34,José Ignacio Peleteiro Romallo,Jota,MID,2,,A,,,https://resources.premierleague.com/premierleague25/photos/players/110x140/89274.png
2020-21-player-35,2020-21,player,35,Ørjan Nyland,Nyland,GKP,2,,A,,,https://resources.premierleague.com/premierleague25/photos/players/110x140/98770.png
2020-21-player-36,2020-21,player,36,Bjorn Engels,Engels,DEF,2,,A,,,https://resources.premierleague.com/premierleague25/photos/players/110x140/108156.png
2020-21-player-37,2020-21,player,37,Jack Grealish,Grealish,MID,2,,A,,,https://resources.premierleague.com/premierleague25/photos/players/110x140/114283.png
2020-21-player-38,2020-21,player,38,John McGinn,McGinn,MID,2,,A,,,https://resources.premierleague.com/premierleague25/photos/players/110x140/122806.png
2020-21-player-39,2020-21,player,39,Kortney Hause,Hause,DEF,2,,A,,,https://resources.premierleague.com/premierleague25/photos/players/110x140/123354.png
2020-21-player-40,2020-21,player,40,Mahmoud Ahmed Ibrahim Hassan,Trézéguet,MID,2,,A,,,https://resources.premierleague.com/premierleague25/photos/players/110x140/148508.png
2020-21-player-41,2020-21,player,41,Tyrone Mings,Mings,DEF,2,,A,,,https://resources.premierleague.com/premierleague25/photos/players/110x140/149484.png
2020-21-player-42,2020-21,player,42,Matt Targett,Targett,DEF,2,,A,,,https://resources.premierleague.com/premierleague25/photos/players/110x140/169359.png
2020-21-player-43,2020-21,player,43,James Bree,Bree,DEF,2,,A,,,https://resources.premierleague.com/premierleague25/photos/players/110x140/184386.png
2020-21-player-44,2020-21,player,44,Marvelous Nakamba,Nakamba,MID,2,,A,,,https://resources.premierleague.com/premierleague25/photos/players/110x140/184704.png
2020-21-player-45,2020-21,player,45,Anwar El Ghazi,El Ghazi,MID,2,,A,,,https://resources.premierleague.com/premierleague25/photos/players/110x140/193488.png
2020-21-player-46,2020-21,player,46,Ezri Konsa Ngoyo,Konsa,DEF,2,,A,,,https://resources.premierleague.com/premierleague25/photos/players/110x140/199798.png
2020-21-player-47,2020-21,player,47,Frédéric Guilbert,Guilbert,DEF,2,,A,,,https://resources.premierleague.com/premierleague25/photos/players/110x140/203368.png
2020-21-player-48,2020-21,player,48,Wesley Moraes,Wesley,FWD,2,,A,,,https://resources.premierleague.com/premierleague25/photos/players/110x140/213345.png
2020-21-player-49,2020-21,player,49,Mbwana Samatta,Samatta,FWD,2,,A,,,https://resources.premierleague.com/premierleague25/photos/players/110x140/217487.png
2020-21-player-50,2020-21,player,50,Keinan Davis,Davis,FWD,2,,A,,,https://resources.premierleague.com/premierleague25/photos/players/110x140/221239.png
2020-21-player-51,2020-21,player,51,Indiana Vassilev,Vassilev,FWD,2,,A,,,https://resources.premierleague.com/premierleague25/photos/players/110x140/223349.png
2020-21-player-52,2020-21,player,52,Douglas Luiz Soares de Paulo,Douglas Luiz,MID,2,,A,,,https://resources.premierleague.com/premierleague25/photos/players/110x140/230046.png
2020-21-player-106,2020-21,player,106,Ross Barkley,Barkley,MID,2,,A,,,https://resources.premierleague.com/premierleague25/photos/players/110x140/88894.png
2020-21-player-496,2020-21,player,496,Matthew Cash,Cash,DEF,2,,A,,,https://resources.premierleague.com/premierleague25/photos/players/110x140/199796.png
2020-21-player-514,2020-21,player,514,Ollie Watkins,Watkins,FWD,2,,A,,,https://resources.premierleague.com/premierleague25/photos/players/110x140/178301.png
2020-21-player-540,2020-21,player,540,Bertrand Traoré,Traoré,MID,2,,A,,,https://resources.premierleague.com/premierleague25/photos/players/110x140/110504.png
2020-21-player-554,2020-21,player,554,Jacob Ramsey,Ramsey,MID,2,,A,,,https://resources.premierleague.com/premierleague25/photos/players/110x140/232653.png
2020-21-player-647,2020-21,player,647,Morgan Sanson,Sanson,MID,2,,A,,,https://resources.premierleague.com/premierleague25/photos/players/110x140/122775.png
2020-21-player-671,2020-21,player,671,Kaine Hayden,Hayden,MID,2,,A,,,https://resources.premierleague.com/premierleague25/photos/players/110x140/465390.png
2020-21-player-672,2020-21,player,672,Carney Chukwuemeka,Chukwuemeka,MID,2,,A,,,https://resources.premierleague.com/premierleague25/photos/players/110x140/478912.png
2020-21-player-683,2020-21,player,683,Jaden Philogene-Bidace,Philogene-Bidace,MID,2,,A,,,https://resources.premierleague.com/premierleague25/photos/players/110x140/481624.png
2020-21-player-53,2020-21,player,53,Glenn Murray,Murray,FWD,3,,A,,,https://resources.premierleague.com/premierleague25/photos/players/110x140/20529.png
2020-21-player-54,2020-21,player,54,Adam Lallana,Lallana,MID,3,,A,,,https://resources.premierleague.com/premierleague25/photos/players/110x140/39155.png
2020-21-player-57,2020-21,player,57,Pascal Groß,Groß,MID,3,,A,,,https://resources.premierleague.com/premierleague25/photos/players/110x140/60307.png
2020-21-player-58,2020-21,player,58,Shane Duffy,Duffy,DEF,3,,A,,,https://resources.premierleague.com/premierleague25/photos/players/110x140/61933.png
2020-21-player-59,2020-21,player,59,Davy Pröpper,Pröpper,MID,3,,A,,,https://resources.premierleague.com/premierleague25/photos/players/110x140/66242.png
2020-21-player-60,2020-21,player,60,Aaron Mooy,Mooy,MID,3,,A,,,https://resources.premierleague.com/premierleague25/photos/players/110x140/74471.png
2020-21-player-61,2020-21,player,61,Dan Burn,Burn,DEF,3,,A,,,https://resources.premierleague.com/premierleague25/photos/players/110x140/78916.png
2020-21-player-62,2020-21,player,62,Lewis Dunk,Dunk,DEF,3,,A,,,https://resources.premierleague.com/premierleague25/photos/players/110x140/83299.png
2020-21-player-63,2020-21,player,63,Martín Montoya,Montoya,DEF,3,,A,,,https://resources.premierleague.com/premierleague25/photos/players/110x140/86153.png
2020-21-player-64,2020-21,player,64,Florin Andone,Andone,FWD,3,,A,,,https://resources.premierleague.com/premierleague25/photos/players/110x140/93284.png
2020-21-player-65,2020-21,player,65,Solomon March,March,MID,3,,A,,,https://resources.premierleague.com/premierleague25/photos/players/110x140/109345.png
2020-21-player-66,2020-21,player,66,Adam Webster,Webster,DEF,3,,A,,,https://resources.premierleague.com/premierleague25/photos/players/110x140/110735.png
2020-21-player-67,2020-21,player,67,Joël Veltman,Veltman,DEF,3,,A,,,https://resources.premierleague.com/premierleague25/photos/players/110x140/111478.png
2020-21-player-68,2020-21,player,68,Neal Maupay,Maupay,FWD,3,,A,,,https://resources.premierleague.com/premierleague25/photos/players/110x140/115382.png
2020-21-player-69,2020-21,player,69,Leandro Trossard,Trossard,MID,3,,A,,,https://resources.premierleague.com/premierleague25/photos/players/110x140/116216.png
2020-21-player-71,2020-21,player,71,Alireza Jahanbakhsh,Jahanbakhsh,MID,3,,A,,,https://resources.premierleague.com/premierleague25/photos/players/110x140/165210.png
2020-21-player-72,2020-21,player,72,José Izquierdo,Izquierdo,MID,3,,A,,,https://resources.premierleague.com/premierleague25/photos/players/110x140/167473.png
2020-21-player-73,2020-21,player,73,Matthew Clarke,Clarke,DEF,3,,A,,,https://resources.premierleague.com/premierleague25/photos/players/110x140/178173.png
2020-21-player-74,2020-21,player,74,Ben White,White,DEF,3,,A,,,https://resources.premierleague.com/premierleague25/photos/players/110x140/198869.png
2020-21-player-75,2020-21,player,75,Bernardo Fernandes da Silva Junior,Bernardo,DEF,3,,A,,,https://resources.premierleague.com/premierleague25/photos/players/110x140/209362.png
2020-21-player-76,2020-21,player,76,Yves Bissouma,Bissouma,MID,3,,A,,,https://resources.premierleague.com/premierleague25/photos/players/110x140/227127.png
2020-21-player-77,2020-21,player,77,Tariq Lamptey,Lamptey,DEF,3,,A,,,https://resources.premierleague.com/premierleague25/photos/players/110x140/232792.png
2020-21-player-78,2020-21,player,78,Aaron Connolly,Connolly,FWD,3,,A,,,https://resources.premierleague.com/premierleague25/photos/players/110x140/233425.png
2020-21-player-79,2020-21,player,79,Steven Alzate,Alzate,MID,3,,A,,,https://resources.premierleague.com/premierleague25/photos/players/110x140/235382.png
2020-21-player-80,2020-21,player,80,Alexis Mac Allister,Mac Allister,MID,3,,A,,,https://resources.premierleague.com/premierleague25/photos/players/110x140/243016.png
2020-21-player-503,2020-21,player,503,Christian Walton,Walton,GKP,3,,A,,,https://resources.premierleague.com/premierleague25/photos/players/110x140/108813.png
2020-21-player-528,2020-21,player,528,Jason Steele,Steele,GKP,3,,A,,,https://resources.premierleague.com/premierleague25/photos/players/110x140/49262.png
2020-21-player-550,2020-21,player,550,Jayson Molumby,Molumby,MID,3,,A,,,https://resources.premierleague.com/premierleague25/photos/players/110x140/220738.png
2020-21-player-574,2020-21,player,574,Andi Zeqiri,Zeqiri,FWD,3,,A,,,https://resources.premierleague.com/premierleague25/photos/players/110x140/204676.png
2020-21-player-588,2020-21,player,588,Danny Welbeck,Welbeck,FWD,3,,A,,,https://resources.premierleague.com/premierleague25/photos/players/110x140/50175.png
2020-21-player-597,2020-21,player,597,Robert Sánchez,Sánchez,GKP,3,,A,,,https://resources.premierleague.com/premierleague25/photos/players/110x140/215059.png
2020-21-player-627,2020-21,player,627,Percy Tau,Tau,MID,3,,A,,,https://resources.premierleague.com/premierleague25/photos/players/110x140/230127.png
2020-21-player-628,2020-21,player,628,Jakub Moder,Moder,MID,3,,A,,,https://resources.premierleague.com/premierleague25/photos/players/110x140/243505.png
2020-21-player-630,2020-21,player,630,Reda Khadra,Khadra,MID,3,,A,,,https://resources.premierleague.com/premierleague25/photos/players/110x140/465572.png
2020-21-player-631,2020-21,player,631,Teddy Jenks,Jenks,MID,3,,A,,,https://resources.premierleague.com/premierleague25/photos/players/110x140/244848.png
2020-21-player-632,2020-21,player,632,Max Sanders,Sanders,MID,3,,A,,,https://resources.premierleague.com/premierleague25/photos/players/110x140/215062.png
2020-21-player-633,2020-21,player,633,Jensen Weir,Weir,MID,3,,A,,,https://resources.premierleague.com/premierleague25/photos/players/110x140/440241.png
2020-21-player-662,2020-21,player,662,Thomas McGill,McGill,GKP,3,,A,,,https://resources.premierleague.com/premierleague25/photos/players/110x140/209288.png
2020-21-player-663,2020-21,player,663,Michal Karbownik,Karbownik,DEF,3,,A,,,https://resources.premierleague.com/premierleague25/photos/players/110x140/442229.png
2020-21-player-664,2020-21,player,664,Moisés Caicedo,Caicedo,MID,3,,A,,,https://resources.premierleague.com/premierleague25/photos/players/110x140/486672.png
2020-21-player-55,2020-21,player,55,Dale Stephens,Stephens,MID,4,,A,,,https://resources.premierleague.com/premierleague25/photos/players/110x140/40845.png
2020-21-player-81,2020-21,player,81,James Tarkowski,Tarkowski,DEF,4,,A,,,https://resources.premierleague.com/premierleague25/photos/players/110x140/17761.png
2020-21-player-82,2020-21,player,82,Phil Bardsley,Bardsley,DEF,4,,A,,,https://resources.premierleague.com/premierleague25/photos/players/110x140/17997.png
2020-21-player-83,2020-21,player,83,Erik Pieters,Pieters,DEF,4,,A,,,https://resources.premierleague.com/premierleague25/photos/players/110x140/39487.png
2020-21-player-84,2020-21,player,84,Jack Cork,Cork,MID,4,,A,,,https://resources.premierleague.com/premierleague25/photos/players/110x140/40145.png
2020-21-player-85,2020-21,player,85,Kevin Long,Long,DEF,4,,A,,,https://resources.premierleague.com/premierleague25/photos/players/110x140/41674.png
2020-21-player-86,2020-21,player,86,Jay Rodriguez,Rodriguez,FWD,4,,A,,,https://resources.premierleague.com/premierleague25/photos/players/110x140/44683.png
2020-21-player-87,2020-21,player,87,Ashley Barnes,Barnes,FWD,4,,A,,,https://resources.premierleague.com/premierleague25/photos/players/110x140/44699.png
2020-21-player-88,2020-21,player,88,Ben Mee,Mee,DEF,4,,A,,,https://resources.premierleague.com/premierleague25/photos/players/110x140/51927.png
2020-21-player-89,2020-21,player,89,Ashley Westwood,Westwood,MID,4,,A,,,https://resources.premierleague.com/premierleague25/photos/players/110x140/60551.png
2020-21-player-90,2020-21,player,90,Johann Berg Gudmundsson,Gudmundsson,MID,4,,A,,,https://resources.premierleague.com/premierleague25/photos/players/110x140/60586.png
2020-21-player-91,2020-21,player,91,Chris Wood,Wood,FWD,4,,A,,,https://resources.premierleague.com/premierleague25/photos/players/110x140/60689.png
2020-21-player-92,2020-21,player,92,Matthew Lowton,Lowton,DEF,4,,A,,,https://resources.premierleague.com/premierleague25/photos/players/110x140/68983.png
2020-21-player-93,2020-21,player,93,Matej Vydra,Vydra,FWD,4,,A,,,https://resources.premierleague.com/premierleague25/photos/players/110x140/81183.png
2020-21-player-94,2020-21,player,94,Ben Gibson,Gibson,DEF,4,,A,,,https://resources.premierleague.com/premierleague25/photos/players/110x140/83312.png
2020-21-player-95,2020-21,player,95,Robbie Brady,Brady,MID,4,,A,,,https://resources.premierleague.com/premierleague25/photos/players/110x140/90517.png
2020-21-player-96,2020-21,player,96,Nick Pope,Pope,GKP,4,,A,,,https://resources.premierleague.com/premierleague25/photos/players/110x140/98747.png
2020-21-player-97,2020-21,player,97,Charlie Taylor,Taylor,DEF,4,,A,,,https://resources.premierleague.com/premierleague25/photos/players/110x140/103914.png
2020-21-player-98,2020-21,player,98,Josh Brownhill,Brownhill,MID,4,,A,,,https://resources.premierleague.com/premierleague25/photos/players/110x140/172782.png
2020-21-player-99,2020-21,player,99,Bailey Peacock-Farrell,Peacock-Farrell,GKP,4,,A,,,https://resources.premierleague.com/premierleague25/photos/players/110x140/220037.png
2020-21-player-100,2020-21,player,100,Dwight McNeil,McNeil,MID,4,,A,,,https://resources.premierleague.com/premierleague25/photos/players/110x140/433154.png
2020-21-player-519,2020-21,player,519,Jimmy Dunne,Dunne,DEF,4,,A,,,https://resources.premierleague.com/premierleague25/photos/players/110x140/218023.png
2020-21-player-520,2020-21,player,520,Bobby Thomas,Thomas,DEF,4,,A,,,https://resources.premierleague.com/premierleague25/photos/players/110x140/461102.png
2020-21-player-535,2020-21,player,535,Josh Benson,Benson,MID,4,,A,,,https://resources.premierleague.com/premierleague25/photos/players/110x140/217401.png
2020-21-player-536,2020-21,player,536,Anthony Driscoll-Glennon,Driscoll-Glennon,DEF,4,,A,,,https://resources.premierleague.com/premierleague25/photos/players/110x140/195471.png
2020-21-player-551,2020-21,player,551,Mace Goodridge,Goodridge,MID,4,,A,,,https://resources.premierleague.com/premierleague25/photos/players/110x140/195064.png
2020-21-player-583,2020-21,player,583,Will Norris,Norris,GKP,4,,A,,,https://resources.premierleague.com/premierleague25/photos/players/110x140/168399.png
2020-21-player-591,2020-21,player,591,Max Thompson,Thompson,FWD,4,,A,,,https://resources.premierleague.com/premierleague25/photos/players/110x140/461450.png
2020-21-player-592,2020-21,player,592,Lewis Richardson,Richardson,FWD,4,,A,,,https://resources.premierleague.com/premierleague25/photos/players/110x140/461096.png
2020-21-player-612,2020-21,player,612,Anthony Mancini,Mancini,MID,4,,A,,,https://resources.premierleague.com/premierleague25/photos/players/110x140/465299.png
2020-21-player-613,2020-21,player,613,Joel Mumbongo,Mumbongo,FWD,4,,A,,,https://resources.premierleague.com/premierleague25/photos/players/110x140/430367.png
2020-21-player-658,2020-21,player,658,Richard Nartey,Nartey,DEF,4,,A,,,https://resources.premierleague.com/premierleague25/photos/players/110x140/184259.png
2020-21-player-101,2020-21,player,101,Willy Caballero,Caballero,GKP,5,,A,,,https://resources.premierleague.com/premierleague25/photos/players/110x140/20310.png
2020-21-player-102,2020-21,player,102,César Azpilicueta,Azpilicueta,DEF,5,,A,,,https://resources.premierleague.com/premierleague25/photos/players/110x140/41328.png
2020-21-player-103,2020-21,player,103,Olivier Giroud,Giroud,FWD,5,,A,,,https://resources.premierleague.com/premierleague25/photos/players/110x140/44346.png
2020-21-player-104,2020-21,player,104,Marcos Alonso,Alonso,DEF,5,,A,,,https://resources.premierleague.com/premierleague25/photos/players/110x140/82263.png
2020-21-player-105,2020-21,player,105,Jorge Luiz Frello Filho,Jorginho,MID,5,,A,,,https://resources.premierleague.com/premierleague25/photos/players/110x140/85955.png
2020-21-player-107,2020-21,player,107,Mateo Kovacic,Kovacic,MID,5,,A,,,https://resources.premierleague.com/premierleague25/photos/players/110x140/91651.png
2020-21-player-109,2020-21,player,109,Antonio Rüdiger,Rüdiger,DEF,5,,A,,,https://resources.premierleague.com/premierleague25/photos/players/110x140/102380.png
2020-21-player-110,2020-21,player,110,Kurt Zouma,Zouma,DEF,5,,A,,,https://resources.premierleague.com/premierleague25/photos/players/110x140/103192.png
2020-21-player-111,2020-21,player,111,Emerson Palmieri dos Santos,Emerson,DEF,5,,A,,,https://resources.premierleague.com/premierleague25/photos/players/110x140/109533.png
2020-21-player-112,2020-21,player,112,Kepa Arrizabalaga,Arrizabalaga,GKP,5,,A,,,https://resources.premierleague.com/premierleague25/photos/players/110x140/109745.png
2020-21-player-113,2020-21,player,113,N'Golo Kanté,Kanté,MID,5,,A,,,https://resources.premierleague.com/premierleague25/photos/players/110x140/116594.png
2020-21-player-114,2020-21,player,114,Hakim Ziyech,Ziyech,MID,5,,A,,,https://resources.premierleague.com/premierleague25/photos/players/110x140/124183.png
2020-21-player-116,2020-21,player,116,Andreas Christensen,Christensen,DEF,5,,A,,,https://resources.premierleague.com/premierleague25/photos/players/110x140/135363.png
2020-21-player-117,2020-21,player,117,Timo Werner,Werner,FWD,5,,A,,,https://resources.premierleague.com/premierleague25/photos/players/110x140/165153.png
2020-21-player-118,2020-21,player,118,Tammy Abraham,Abraham,FWD,5,,A,,,https://resources.premierleague.com/premierleague25/photos/players/110x140/173879.png
2020-21-player-119,2020-21,player,119,Christian Pulisic,Pulisic,MID,5,,A,,,https://resources.premierleague.com/premierleague25/photos/players/110x140/176413.png
2020-21-player-120,2020-21,player,120,Mason Mount,Mount,MID,5,,A,,,https://resources.premierleague.com/premierleague25/photos/players/110x140/184341.png
2020-21-player-121,2020-21,player,121,Fikayo Tomori,Tomori,DEF,5,,A,,,https://resources.premierleague.com/premierleague25/photos/players/110x140/194794.png
2020-21-player-122,2020-21,player,122,Callum Hudson-Odoi,Hudson-Odoi,MID,5,,A,,,https://resources.premierleague.com/premierleague25/photos/players/110x140/209046.png
2020-21-player-123,2020-21,player,123,Reece James,James,DEF,5,,A,,,https://resources.premierleague.com/premierleague25/photos/players/110x140/225796.png
2020-21-player-124,2020-21,player,124,Billy Gilmour,Gilmour,MID,5,,A,,,https://resources.premierleague.com/premierleague25/photos/players/110x140/243568.png
2020-21-player-232,2020-21,player,232,Benjamin Chilwell,Chilwell,DEF,5,,A,,,https://resources.premierleague.com/premierleague25/photos/players/110x140/172850.png
2020-21-player-490,2020-21,player,490,Thiago Thiago,Thiago Silva,DEF,5,,A,,,https://resources.premierleague.com/premierleague25/photos/players/110x140/51090.png
2020-21-player-500,2020-21,player,500,Kai Havertz,Havertz,MID,5,,A,,,https://resources.premierleague.com/premierleague25/photos/players/110x140/219847.png
2020-21-player-548,2020-21,player,548,Edouard Mendy,Mendy,GKP,5,,A,,,https://resources.premierleague.com/premierleague25/photos/players/110x140/228286.png
2020-21-player-593,2020-21,player,593,Karlo Ziger,Ziger,GKP,5,,A,,,https://resources.premierleague.com/premierleague25/photos/players/110x140/431019.png
2020-21-player-605,2020-21,player,605,Faustino Anjorin,Anjorin,MID,5,,A,,,https://resources.premierleague.com/premierleague25/photos/players/110x140/223332.png
2020-21-player-698,2020-21,player,698,Valentino Livramento,Livramento,DEF,5,,A,,,https://resources.premierleague.com/premierleague25/photos/players/110x140/441191.png
2020-21-player-108,2020-21,player,108,Michy Batshuayi,Batshuayi,FWD,6,,A,,,https://resources.premierleague.com/premierleague25/photos/players/110x140/94245.png
2020-21-player-125,2020-21,player,125,Gary Cahill,Cahill,DEF,6,,A,,,https://resources.premierleague.com/premierleague25/photos/players/110x140/19419.png
2020-21-player-126,2020-21,player,126,Wayne Hennessey,Hennessey,GKP,6,,A,,,https://resources.premierleague.com/premierleague25/photos/players/110x140/20066.png
2020-21-player-127,2020-21,player,127,Mamadou Sakho,Sakho,DEF,6,,A,,,https://resources.premierleague.com/premierleague25/photos/players/110x140/40784.png
2020-21-player-128,2020-21,player,128,Vicente Guaita,Guaita,GKP,6,,A,,,https://resources.premierleague.com/premierleague25/photos/players/110x140/40836.png
2020-21-player-129,2020-21,player,129,James Tomkins,Tomkins,DEF,6,,A,,,https://resources.premierleague.com/premierleague25/photos/players/110x140/49413.png
2020-21-player-130,2020-21,player,130,James McArthur,McArthur,MID,6,,A,,,https://resources.premierleague.com/premierleague25/photos/players/110x140/50471.png
2020-21-player-131,2020-21,player,131,James McCarthy,McCarthy,MID,6,,A,,,https://resources.premierleague.com/premierleague25/photos/players/110x140/50472.png
2020-21-player-132,2020-21,player,132,Christian Benteke,Benteke,FWD,6,,A,,,https://resources.premierleague.com/premierleague25/photos/players/110x140/54861.png
2020-21-player-133,2020-21,player,133,Cheikhou Kouyaté,Kouyaté,MID,6,,A,,,https://resources.premierleague.com/premierleague25/photos/players/110x140/55037.png
2020-21-player-134,2020-21,player,134,Joel Ward,Ward,DEF,6,,A,,,https://resources.premierleague.com/premierleague25/photos/players/110x140/55494.png
2020-21-player-135,2020-21,player,135,Martin Kelly,Kelly,DEF,6,,A,,,https://resources.premierleague.com/premierleague25/photos/players/110x140/58786.png
2020-21-player-136,2020-21,player,136,Connor Wickham,Wickham,FWD,6,,A,,,https://resources.premierleague.com/premierleague25/photos/players/110x140/59125.png
2020-21-player-137,2020-21,player,137,Andros Townsend,Townsend,MID,6,,A,,,https://resources.premierleague.com/premierleague25/photos/players/110x140/60252.png
2020-21-player-138,2020-21,player,138,Luka Milivojevic,Milivojevic,MID,6,,A,,,https://resources.premierleague.com/premierleague25/photos/players/110x140/66975.png
2020-21-player-139,2020-21,player,139,Patrick van Aanholt,van Aanholt,DEF,6,,A,,,https://resources.premierleague.com/premierleague25/photos/players/110x140/74230.png
2020-21-player-140,2020-21,player,140,Jordan Ayew,Ayew,FWD,6,,A,,,https://resources.premierleague.com/premierleague25/photos/players/110x140/80146.png
2020-21-player-141,2020-21,player,141,Wilfried Zaha,Zaha,MID,6,,A,,,https://resources.premierleague.com/premierleague25/photos/players/110x140/82403.png
2020-21-player-142,2020-21,player,142,Jeffrey Schlupp,Schlupp,MID,6,,A,,,https://resources.premierleague.com/premierleague25/photos/players/110x140/86417.png
2020-21-player-143,2020-21,player,143,Max Meyer,Meyer,MID,6,,A,,,https://resources.premierleague.com/premierleague25/photos/players/110x140/141020.png
2020-21-player-144,2020-21,player,144,Jairo Riedewald,Riedewald,MID,6,,A,,,https://resources.premierleague.com/premierleague25/photos/players/110x140/173954.png
2020-21-player-145,2020-21,player,145,Nathan Ferguson,Ferguson,DEF,6,,A,,,https://resources.premierleague.com/premierleague25/photos/players/110x140/232423.png
2020-21-player-146,2020-21,player,146,Tyrick Mitchell,Mitchell,DEF,6,,A,,,https://resources.premierleague.com/premierleague25/photos/players/110x140/244723.png
2020-21-player-147,2020-21,player,147,Brandon Pierrick,Pierrick,MID,6,,A,,,https://resources.premierleague.com/premierleague25/photos/players/110x140/466955.png
2020-21-player-486,2020-21,player,486,Scott Dann,Dann,DEF,6,,A,,,https://resources.premierleague.com/premierleague25/photos/players/110x140/19188.png
2020-21-player-489,2020-21,player,489,Eberechi Eze,Eze,MID,6,,A,,,https://resources.premierleague.com/premierleague25/photos/players/110x140/232413.png
2020-21-player-522,2020-21,player,522,Sam Woods,Woods,DEF,6,,A,,,https://resources.premierleague.com/premierleague25/photos/players/110x140/221272.png
2020-21-player-534,2020-21,player,534,Ryan Inniss,Inniss,DEF,6,,A,,,https://resources.premierleague.com/premierleague25/photos/players/110x140/114536.png
2020-21-player-577,2020-21,player,577,Nathaniel Clyne,Clyne,DEF,6,,A,,,https://resources.premierleague.com/premierleague25/photos/players/110x140/57328.png
2020-21-player-578,2020-21,player,578,Stephen Henderson,Henderson,GKP,6,,A,,,https://resources.premierleague.com/premierleague25/photos/players/110x140/42525.png
2020-21-player-586,2020-21,player,586,Jack Butland,Butland,GKP,6,,A,,,https://resources.premierleague.com/premierleague25/photos/players/110x140/105666.png
2020-21-player-641,2020-21,player,641,Jean-Philippe Mateta,Mateta,FWD,6,,A,,,https://resources.premierleague.com/premierleague25/photos/players/110x140/231747.png
2020-21-player-675,2020-21,player,675,Reece Hannam,Hannam,DEF,6,,A,,,https://resources.premierleague.com/premierleague25/photos/players/110x140/223824.png
2020-21-player-688,2020-21,player,688,Jesurun Rak-Sakyi,Rak-Sakyi,MID,6,,A,,,https://resources.premierleague.com/premierleague25/photos/players/110x140/450542.png
2020-21-player-149,2020-21,player,149,Fabian Delph,Delph,MID,7,,A,,,https://resources.premierleague.com/premierleague25/photos/players/110x140/41823.png
2020-21-player-150,2020-21,player,150,Gylfi Sigurdsson,Sigurdsson,MID,7,,A,,,https://resources.premierleague.com/premierleague25/photos/players/110x140/55422.png
2020-21-player-151,2020-21,player,151,Jonas Lössl,Lössl,GKP,7,,A,,,https://resources.premierleague.com/premierleague25/photos/players/110x140/57513.png
2020-21-player-152,2020-21,player,152,Seamus Coleman,Coleman,DEF,7,,A,,,https://resources.premierleague.com/premierleague25/photos/players/110x140/59949.png
2020-21-player-153,2020-21,player,153,Cenk Tosun,Tosun,FWD,7,,A,,,https://resources.premierleague.com/premierleague25/photos/players/110x140/66838.png
2020-21-player-154,2020-21,player,154,Bernard Anício Caldeira Duarte,Bernard,MID,7,,A,,,https://resources.premierleague.com/premierleague25/photos/players/110x140/100649.png
2020-21-player-155,2020-21,player,155,Lucas Digne,Digne,DEF,7,,A,,,https://resources.premierleague.com/premierleague25/photos/players/110x140/101188.png
2020-21-player-156,2020-21,player,156,Michael Keane,Keane,DEF,7,,A,,,https://resources.premierleague.com/premierleague25/photos/players/110x140/106611.png
2020-21-player-157,2020-21,player,157,Jordan Pickford,Pickford,GKP,7,,A,,,https://resources.premierleague.com/premierleague25/photos/players/110x140/111234.png
2020-21-player-158,2020-21,player,158,André Filipe Tavares Gomes,André Gomes,MID,7,,A,,,https://resources.premierleague.com/premierleague25/photos/players/110x140/120250.png
2020-21-player-159,2020-21,player,159,Alex Iwobi,Iwobi,MID,7,,A,,,https://resources.premierleague.com/premierleague25/photos/players/110x140/153133.png
2020-21-player-160,2020-21,player,160,Jonjoe Kenny,Kenny,DEF,7,,A,,,https://resources.premierleague.com/premierleague25/photos/players/110x140/153673.png
2020-21-player-161,2020-21,player,161,Jean-Philippe Gbamin,Gbamin,MID,7,,A,,,https://resources.premierleague.com/premierleague25/photos/players/110x140/160987.png
2020-21-player-162,2020-21,player,162,Yerry Mina,Mina,DEF,7,,A,,,https://resources.premierleague.com/premierleague25/photos/players/110x140/164511.png
2020-21-player-163,2020-21,player,163,Tom Davies,Davies,MID,7,,A,,,https://resources.premierleague.com/premierleague25/photos/players/110x140/173807.png
2020-21-player-164,2020-21,player,164,Dominic Calvert-Lewin,Calvert-Lewin,FWD,7,,A,,,https://resources.premierleague.com/premierleague25/photos/players/110x140/177815.png
2020-21-player-165,2020-21,player,165,Mason Holgate,Holgate,DEF,7,,A,,,https://resources.premierleague.com/premierleague25/photos/players/110x140/194164.png
2020-21-player-166,2020-21,player,166,Richarlison de Andrade,Richarlison,FWD,7,,A,,,https://resources.premierleague.com/premierleague25/photos/players/110x140/212319.png
2020-21-player-167,2020-21,player,167,João Virgínia,Virgínia,GKP,7,,A,,,https://resources.premierleague.com/premierleague25/photos/players/110x140/222627.png
2020-21-player-168,2020-21,player,168,Anthony Gordon,Gordon,MID,7,,A,,,https://resources.premierleague.com/premierleague25/photos/players/110x140/232826.png
2020-21-player-169,2020-21,player,169,Moise Kean,Kean,FWD,7,,A,,,https://resources.premierleague.com/premierleague25/photos/players/110x140/242058.png
2020-21-player-170,2020-21,player,170,Jarrad Branthwaite,Branthwaite,DEF,7,,A,,,https://resources.premierleague.com/premierleague25/photos/players/110x140/480455.png
2020-21-player-502,2020-21,player,502,Allan Marques Loureiro,Allan,MID,7,,A,,,https://resources.premierleague.com/premierleague25/photos/players/110x140/119765.png
2020-21-player-508,2020-21,player,508,James Rodríguez,Rodríguez,MID,7,,A,,,https://resources.premierleague.com/premierleague25/photos/players/110x140/60025.png
2020-21-player-512,2020-21,player,512,Abdoulaye Doucouré,Doucouré,MID,7,,A,,,https://resources.premierleague.com/premierleague25/photos/players/110x140/121599.png
2020-21-player-559,2020-21,player,559,Niels Nkounkou,Nkounkou,DEF,7,,A,,,https://resources.premierleague.com/premierleague25/photos/players/110x140/495542.png
2020-21-player-566,2020-21,player,566,Ben Godfrey,Godfrey,DEF,7,,A,,,https://resources.premierleague.com/premierleague25/photos/players/110x140/198826.png
2020-21-player-573,2020-21,player,573,Robin Olsen,Olsen,GKP,7,,A,,,https://resources.premierleague.com/premierleague25/photos/players/110x140/111782.png
2020-21-player-596,2020-21,player,596,Ellis Simms,Simms,FWD,7,,A,,,https://resources.premierleague.com/premierleague25/photos/players/110x140/218997.png
2020-21-player-644,2020-21,player,644,Tyler Onyango,Onyango,MID,7,,A,,,https://resources.premierleague.com/premierleague25/photos/players/110x140/461446.png
2020-21-player-651,2020-21,player,651,Joshua King,King,FWD,7,,A,,,https://resources.premierleague.com/premierleague25/photos/players/110x140/78007.png
2020-21-player-679,2020-21,player,679,Kyle John,John,DEF,7,,A,,,https://resources.premierleague.com/premierleague25/photos/players/110x140/232829.png
2020-21-player-680,2020-21,player,680,Nathan Broadhead,Broadhead,MID,7,,A,,,https://resources.premierleague.com/premierleague25/photos/players/110x140/173818.png
2020-21-player-681,2020-21,player,681,Ryan Astley,Astley,DEF,7,,A,,,https://resources.premierleague.com/premierleague25/photos/players/110x140/422612.png
2020-21-player-682,2020-21,player,682,Harry Tyrer,Tyrer,GKP,7,,A,,,https://resources.premierleague.com/premierleague25/photos/players/110x140/447325.png
2020-21-player-690,2020-21,player,690,Reece Welch,Welch,DEF,7,,A,,,https://resources.premierleague.com/premierleague25/photos/players/110x140/474907.png
2020-21-player-691,2020-21,player,691,Isaac Price,Price,MID,7,,A,,,https://resources.premierleague.com/premierleague25/photos/players/110x140/491559.png
2020-21-player-115,2020-21,player,115,Ruben Loftus-Cheek,Loftus-Cheek,MID,8,,A,,,https://resources.premierleague.com/premierleague25/photos/players/110x140/126187.png
2020-21-player-171,2020-21,player,171,Fabricio Agosto Ramírez,Fabri,GKP,8,,A,,,https://resources.premierleague.com/premierleague25/photos/players/110x140/40559.png
2020-21-player-172,2020-21,player,172,Kevin McDonald,McDonald,MID,8,,A,,,https://resources.premierleague.com/premierleague25/photos/players/110x140/55038.png
2020-21-player-173,2020-21,player,173,Maxime Le Marchand,Le Marchand,DEF,8,,A,,,https://resources.premierleague.com/premierleague25/photos/players/110x140/61739.png
2020-21-player-174,2020-21,player,174,Stefan Johansen,Johansen,MID,8,,A,,,https://resources.premierleague.com/premierleague25/photos/players/110x140/61916.png
2020-21-player-175,2020-21,player,175,Tom Cairney,Cairney,MID,8,,A,,,https://resources.premierleague.com/premierleague25/photos/players/110x140/76357.png
2020-21-player-176,2020-21,player,176,Tim Ream,Ream,DEF,8,,A,,,https://resources.premierleague.com/premierleague25/photos/players/110x140/82514.png
2020-21-player-177,2020-21,player,177,Anthony Knockaert,Knockaert,MID,8,,A,,,https://resources.premierleague.com/premierleague25/photos/players/110x140/83543.png
2020-21-player-178,2020-21,player,178,Michael Hector,Hector,DEF,8,,A,,,https://resources.premierleague.com/premierleague25/photos/players/110x140/84915.png
2020-21-player-179,2020-21,player,179,Cyrus Christie,Christie,DEF,8,,A,,,https://resources.premierleague.com/premierleague25/photos/players/110x140/87107.png
2020-21-player-180,2020-21,player,180,Neeskens Kebano,Kebano,MID,8,,A,,,https://resources.premierleague.com/premierleague25/photos/players/110x140/92259.png
2020-21-player-181,2020-21,player,181,Bobby Decordova-Reid,Decordova-Reid,FWD,8,,A,,,https://resources.premierleague.com/premierleague25/photos/players/110x140/96994.png
2020-21-player-182,2020-21,player,182,Joe Bryan,Bryan,DEF,8,,A,,,https://resources.premierleague.com/premierleague25/photos/players/110x140/101105.png
2020-21-player-183,2020-21,player,183,Marcus Bettinelli,Bettinelli,GKP,8,,A,,,https://resources.premierleague.com/premierleague25/photos/players/110x140/122074.png
2020-21-player-184,2020-21,player,184,Aleksandar Mitrović,Mitrović,FWD,8,,A,,,https://resources.premierleague.com/premierleague25/photos/players/110x140/128389.png
2020-21-player-185,2020-21,player,185,Alfie Mawson,Mawson,DEF,8,,A,,,https://resources.premierleague.com/premierleague25/photos/players/110x140/149266.png
2020-21-player-186,2020-21,player,186,Marek Rodák,Rodák,GKP,8,,A,,,https://resources.premierleague.com/premierleague25/photos/players/110x140/155529.png
2020-21-player-187,2020-21,player,187,Ivan Ricardo Neves Abreu Cavaleiro,Cavaleiro,MID,8,,A,,,https://resources.premierleague.com/premierleague25/photos/players/110x140/166324.png
2020-21-player-188,2020-21,player,188,Josh Onomah,Onomah,MID,8,,A,,,https://resources.premierleague.com/premierleague25/photos/players/110x140/168765.png
2020-21-player-189,2020-21,player,189,Jean Michaël Seri,Seri,MID,8,,A,,,https://resources.premierleague.com/premierleague25/photos/players/110x140/170271.png
2020-21-player-190,2020-21,player,190,Aboubakar Kamara,Kamara,MID,8,,A,,,https://resources.premierleague.com/premierleague25/photos/players/110x140/197030.png
2020-21-player-191,2020-21,player,191,André-Frank Zambo Anguissa,Anguissa,MID,8,,A,,,https://resources.premierleague.com/premierleague25/photos/players/110x140/203325.png
2020-21-player-192,2020-21,player,192,Zeze Steven Sessegnon,Sessegnon,DEF,8,,A,,,https://resources.premierleague.com/premierleague25/photos/players/110x140/208998.png
2020-21-player-373,2020-21,player,373,Harrison Reed,Reed,MID,8,,A,,,https://resources.premierleague.com/premierleague25/photos/players/110x140/153366.png
2020-21-player-484,2020-21,player,484,Antonee Robinson,Robinson,DEF,8,,A,,,https://resources.premierleague.com/premierleague25/photos/players/110x140/169528.png
2020-21-player-493,2020-21,player,493,Mario Lemina,Lemina,MID,8,,A,,,https://resources.premierleague.com/premierleague25/photos/players/110x140/151086.png
2020-21-player-516,2020-21,player,516,Alphonse Areola,Areola,GKP,8,,A,,,https://resources.premierleague.com/premierleague25/photos/players/110x140/84182.png
2020-21-player-517,2020-21,player,517,Kenny Tete,Tete,DEF,8,,A,,,https://resources.premierleague.com/premierleague25/photos/players/110x140/167074.png
2020-21-player-525,2020-21,player,525,Denis Odoi,Odoi,DEF,8,,A,,,https://resources.premierleague.com/premierleague25/photos/players/110x140/72681.png
2020-21-player-557,2020-21,player,557,Ademola Lookman,Lookman,MID,8,,A,,,https://resources.premierleague.com/premierleague25/photos/players/110x140/219352.png
2020-21-player-562,2020-21,player,562,Ola Aina,Aina,DEF,8,,A,,,https://resources.premierleague.com/premierleague25/photos/players/110x140/159506.png
2020-21-player-571,2020-21,player,571,Joachim Andersen,Andersen,DEF,8,,A,,,https://resources.premierleague.com/premierleague25/photos/players/110x140/174874.png
2020-21-player-572,2020-21,player,572,Tosin Adarabioyo,Adarabioyo,DEF,8,,A,,,https://resources.premierleague.com/premierleague25/photos/players/110x140/109646.png
2020-21-player-585,2020-21,player,585,Terence Kongolo,Kongolo,DEF,8,,A,,,https://resources.premierleague.com/premierleague25/photos/players/110x140/109434.png
2020-21-player-665,2020-21,player,665,Josh Maja,Maja,FWD,8,,A,,,https://resources.premierleague.com/premierleague25/photos/players/110x140/195480.png
2020-21-player-695,2020-21,player,695,Fabio Carvalho,Carvalho,MID,8,,A,,,https://resources.premierleague.com/premierleague25/photos/players/110x140/244858.png
2020-21-player-707,2020-21,player,707,Sylvester Jasper,Jasper,MID,8,,A,,,https://resources.premierleague.com/premierleague25/photos/players/110x140/223335.png
2020-21-player-708,2020-21,player,708,Tyrese Francois,Francois,MID,8,,A,,,https://resources.premierleague.com/premierleague25/photos/players/110x140/432931.png
2020-21-player-216,2020-21,player,216,Wes Morgan,Morgan,DEF,9,,A,,,https://resources.premierleague.com/premierleague25/photos/players/110x140/15033.png
2020-21-player-217,2020-21,player,217,Kasper Schmeichel,Schmeichel,GKP,9,,A,,,https://resources.premierleague.com/premierleague25/photos/players/110x140/17745.png
2020-21-player-218,2020-21,player,218,Christian Fuchs,Fuchs,DEF,9,,A,,,https://resources.premierleague.com/premierleague25/photos/players/110x140/37402.png
2020-21-player-219,2020-21,player,219,Jonny Evans,Evans,DEF,9,,A,,,https://resources.premierleague.com/premierleague25/photos/players/110x140/37642.png
2020-21-player-220,2020-21,player,220,Adrien Silva,Silva,MID,9,,A,,,https://resources.premierleague.com/premierleague25/photos/players/110x140/46483.png
2020-21-player-221,2020-21,player,221,Marc Albrighton,Albrighton,MID,9,,A,,,https://resources.premierleague.com/premierleague25/photos/players/110x140/51938.png
2020-21-player-222,2020-21,player,222,Matty James,James,MID,9,,A,,,https://resources.premierleague.com/premierleague25/photos/players/110x140/61604.png
2020-21-player-223,2020-21,player,223,Danny Ward,Ward,GKP,9,,A,,,https://resources.premierleague.com/premierleague25/photos/players/110x140/95463.png
2020-21-player-224,2020-21,player,224,Jamie Vardy,Vardy,FWD,9,,A,,,https://resources.premierleague.com/premierleague25/photos/players/110x140/101668.png
2020-21-player-225,2020-21,player,225,Dennis Praet,Praet,MID,9,,A,,,https://resources.premierleague.com/premierleague25/photos/players/110x140/106837.png
2020-21-player-226,2020-21,player,226,Ricardo Domingos Barbosa Pereira,Pereira,DEF,9,,A,,,https://resources.premierleague.com/premierleague25/photos/players/110x140/111931.png
2020-21-player-227,2020-21,player,227,Daniel Amartey,Amartey,DEF,9,,A,,,https://resources.premierleague.com/premierleague25/photos/players/110x140/155569.png
2020-21-player-228,2020-21,player,228,Youri Tielemans,Tielemans,MID,9,,A,,,https://resources.premierleague.com/premierleague25/photos/players/110x140/166989.png
2020-21-player-229,2020-21,player,229,Ayoze Pérez,Pérez,MID,9,,A,,,https://resources.premierleague.com/premierleague25/photos/players/110x140/168580.png
2020-21-player-230,2020-21,player,230,Demarai Gray,Gray,MID,9,,A,,,https://resources.premierleague.com/premierleague25/photos/players/110x140/172632.png
2020-21-player-231,2020-21,player,231,James Maddison,Maddison,MID,9,,A,,,https://resources.premierleague.com/premierleague25/photos/players/110x140/172780.png
2020-21-player-233,2020-21,player,233,Kelechi Iheanacho,Iheanacho,FWD,9,,A,,,https://resources.premierleague.com/premierleague25/photos/players/110x140/173515.png
2020-21-player-234,2020-21,player,234,Hamza Choudhury,Choudhury,MID,9,,A,,,https://resources.premierleague.com/premierleague25/photos/players/110x140/197469.png
2020-21-player-235,2020-21,player,235,Harvey Barnes,Barnes,MID,9,,A,,,https://resources.premierleague.com/premierleague25/photos/players/110x140/201666.png
2020-21-player-236,2020-21,player,236,Wilfred Ndidi,Ndidi,MID,9,,A,,,https://resources.premierleague.com/premierleague25/photos/players/110x140/203341.png
2020-21-player-237,2020-21,player,237,Filip Benkovic,Benkovic,DEF,9,,A,,,https://resources.premierleague.com/premierleague25/photos/players/110x140/213405.png
2020-21-player-238,2020-21,player,238,Çaglar Söyüncü,Söyüncü,DEF,9,,A,,,https://resources.premierleague.com/premierleague25/photos/players/110x140/218031.png
2020-21-player-239,2020-21,player,239,James Justin,Justin,DEF,9,,A,,,https://resources.premierleague.com/premierleague25/photos/players/110x140/220627.png
2020-21-player-240,2020-21,player,240,Luke Thomas,Thomas,DEF,9,,A,,,https://resources.premierleague.com/premierleague25/photos/players/110x140/244619.png
2020-21-player-498,2020-21,player,498,Timothy Castagne,Castagne,DEF,9,,A,,,https://resources.premierleague.com/premierleague25/photos/players/110x140/166477.png
2020-21-player-518,2020-21,player,518,Nampalys Mendy,Mendy,MID,9,,A,,,https://resources.premierleague.com/premierleague25/photos/players/110x140/86881.png
2020-21-player-541,2020-21,player,541,Cengiz Ünder,Ünder,MID,9,,A,,,https://resources.premierleague.com/premierleague25/photos/players/110x140/228798.png
2020-21-player-561,2020-21,player,561,Wesley Fofana,Fofana,DEF,9,,A,,,https://resources.premierleague.com/premierleague25/photos/players/110x140/444463.png
2020-21-player-579,2020-21,player,579,Islam Slimani,Slimani,FWD,9,,A,,,https://resources.premierleague.com/premierleague25/photos/players/110x140/149828.png
2020-21-player-660,2020-21,player,660,Vontae Daley-Campbell,Daley-Campbell,DEF,9,,A,,,https://resources.premierleague.com/premierleague25/photos/players/110x140/232229.png
2020-21-player-661,2020-21,player,661,Thakgalo Leshabela,Leshabela,MID,9,,A,,,https://resources.premierleague.com/premierleague25/photos/players/110x140/232881.png
2020-21-player-676,2020-21,player,676,Sidnei Tavares,Tavares,MID,9,,A,,,https://resources.premierleague.com/premierleague25/photos/players/110x140/421796.png
2020-21-player-684,2020-21,player,684,Shane Flynn,Flynn,MID,9,,A,,,https://resources.premierleague.com/premierleague25/photos/players/110x140/447373.png
2020-21-player-687,2020-21,player,687,Thanawat Suengchitthawon,Suengchitthawon,MID,9,,A,,,https://resources.premierleague.com/premierleague25/photos/players/110x140/513789.png
2020-21-player-703,2020-21,player,703,Tawanda Maswanhise,Maswanhise,MID,9,,A,,,https://resources.premierleague.com/premierleague25/photos/players/110x140/461585.png
2020-21-player-193,2020-21,player,193,Pablo Hernández Domínguez,Hernández,MID,10,,A,,,https://resources.premierleague.com/premierleague25/photos/players/110x140/28690.png
2020-21-player-194,2020-21,player,194,Francisco Casilla Cortés,Casilla,GKP,10,,A,,,https://resources.premierleague.com/premierleague25/photos/players/110x140/39790.png
2020-21-player-195,2020-21,player,195,Liam Cooper,Cooper,DEF,10,,A,,,https://resources.premierleague.com/premierleague25/photos/players/110x140/55914.png
2020-21-player-196,2020-21,player,196,Barry Douglas,Douglas,DEF,10,,A,,,https://resources.premierleague.com/premierleague25/photos/players/110x140/57913.png
2020-21-player-197,2020-21,player,197,Luke Ayling,Ayling,DEF,10,,A,,,https://resources.premierleague.com/premierleague25/photos/players/110x140/66588.png
2020-21-player-198,2020-21,player,198,Mateusz Klich,Klich,MID,10,,A,,,https://resources.premierleague.com/premierleague25/photos/players/110x140/72222.png
2020-21-player-199,2020-21,player,199,Adam Forshaw,Forshaw,MID,10,,A,,,https://resources.premierleague.com/premierleague25/photos/players/110x140/80179.png
2020-21-player-200,2020-21,player,200,Stuart Dallas,Dallas,DEF,10,,A,,,https://resources.premierleague.com/premierleague25/photos/players/110x140/87873.png
2020-21-player-201,2020-21,player,201,Ezgjan Alioski,Alioski,DEF,10,,A,,,https://resources.premierleague.com/premierleague25/photos/players/110x140/105377.png
2020-21-player-202,2020-21,player,202,Patrick Bamford,Bamford,FWD,10,,A,,,https://resources.premierleague.com/premierleague25/photos/players/110x140/106617.png
2020-21-player-203,2020-21,player,203,Jack Harrison,Harrison,MID,10,,A,,,https://resources.premierleague.com/premierleague25/photos/players/110x140/221399.png
2020-21-player-204,2020-21,player,204,Kalvin Phillips,Phillips,MID,10,,A,,,https://resources.premierleague.com/premierleague25/photos/players/110x140/155405.png
2020-21-player-205,2020-21,player,205,Hélder Wander Sousa de Azevedo e Costa,Costa,MID,10,,A,,,https://resources.premierleague.com/premierleague25/photos/players/110x140/165808.png
2020-21-player-206,2020-21,player,206,Tyler Roberts,Roberts,MID,10,,A,,,https://resources.premierleague.com/premierleague25/photos/players/110x140/173821.png
2020-21-player-207,2020-21,player,207,Jay-Roy Grot,Grot,MID,10,,A,,,https://resources.premierleague.com/premierleague25/photos/players/110x140/204642.png
2020-21-player-208,2020-21,player,208,Kamil Miazek,Miazek,GKP,10,,A,,,https://resources.premierleague.com/premierleague25/photos/players/110x140/214987.png
2020-21-player-209,2020-21,player,209,Ian Carlo Poveda-Ocampo,Poveda-Ocampo,MID,10,,A,,,https://resources.premierleague.com/premierleague25/photos/players/110x140/215460.png
2020-21-player-210,2020-21,player,210,Jamie Shackleton,Shackleton,MID,10,,A,,,https://resources.premierleague.com/premierleague25/photos/players/110x140/221610.png
2020-21-player-211,2020-21,player,211,Pascal Struijk,Struijk,DEF,10,,A,,,https://resources.premierleague.com/premierleague25/photos/players/110x140/222694.png
2020-21-player-212,2020-21,player,212,Jordan Stevens,Stevens,MID,10,,A,,,https://resources.premierleague.com/premierleague25/photos/players/110x140/434138.png
2020-21-player-213,2020-21,player,213,Illan Meslier,Meslier,GKP,10,,A,,,https://resources.premierleague.com/premierleague25/photos/players/110x140/437495.png
2020-21-player-214,2020-21,player,214,Leif Davis,Davis,DEF,10,,A,,,https://resources.premierleague.com/premierleague25/photos/players/110x140/455084.png
2020-21-player-215,2020-21,player,215,Oliver Casey,Casey,DEF,10,,A,,,https://resources.premierleague.com/premierleague25/photos/players/110x140/467114.png
2020-21-player-491,2020-21,player,491,Robin Koch,Koch,DEF,10,,A,,,https://resources.premierleague.com/premierleague25/photos/players/110x140/193645.png
2020-21-player-492,2020-21,player,492,Rodrigo Moreno,Rodrigo,FWD,10,,A,,,https://resources.premierleague.com/premierleague25/photos/players/110x140/80954.png
2020-21-player-532,2020-21,player,532,Elia Caprile,Caprile,GKP,10,,A,,,https://resources.premierleague.com/premierleague25/photos/players/110x140/463912.png
2020-21-player-533,2020-21,player,533,Mateusz Bogusz,Bogusz,MID,10,,A,,,https://resources.premierleague.com/premierleague25/photos/players/110x140/480216.png
2020-21-player-549,2020-21,player,549,Diego Llorente,Llorente,DEF,10,,A,,,https://resources.premierleague.com/premierleague25/photos/players/110x140/149915.png
2020-21-player-570,2020-21,player,570,Raphael Dias Belloli,Raphinha,MID,10,,A,,,https://resources.premierleague.com/premierleague25/photos/players/110x140/219961.png
2020-21-player-599,2020-21,player,599,Jack Jenkins,Jenkins,MID,10,,A,,,https://resources.premierleague.com/premierleague25/photos/players/110x140/492374.png
2020-21-player-619,2020-21,player,619,Niall Huggins,Huggins,FWD,10,,A,,,https://resources.premierleague.com/premierleague25/photos/players/110x140/492066.png
2020-21-player-620,2020-21,player,620,Charlie Cresswell,Cresswell,DEF,10,,A,,,https://resources.premierleague.com/premierleague25/photos/players/110x140/492373.png
2020-21-player-667,2020-21,player,667,Joe Gelhardt,Gelhardt,FWD,10,,A,,,https://resources.premierleague.com/premierleague25/photos/players/110x140/462635.png
2020-21-player-685,2020-21,player,685,Gaetano Berardi,Berardi,DEF,10,,A,,,https://resources.premierleague.com/premierleague25/photos/players/110x140/38588.png
2020-21-player-692,2020-21,player,692,Sam Greenwood,Greenwood,FWD,10,,A,,,https://resources.premierleague.com/premierleague25/photos/players/110x140/248937.png
2020-21-player-693,2020-21,player,693,Crysencio Summerville,Summerville,MID,10,,A,,,https://resources.premierleague.com/premierleague25/photos/players/110x140/450070.png
2020-21-player-694,2020-21,player,694,Cody Drameh,Drameh,DEF,10,,A,,,https://resources.premierleague.com/premierleague25/photos/players/110x140/433590.png
2020-21-player-241,2020-21,player,241,James Milner,Milner,MID,11,,A,,,https://resources.premierleague.com/premierleague25/photos/players/110x140/15157.png
2020-21-player-242,2020-21,player,242,Konstantinos Tsimikas,Tsimikas,DEF,11,,A,,,https://resources.premierleague.com/premierleague25/photos/players/110x140/214285.png
2020-21-player-243,2020-21,player,243,Georginio Wijnaldum,Wijnaldum,MID,11,,A,,,https://resources.premierleague.com/premierleague25/photos/players/110x140/41733.png
2020-21-player-244,2020-21,player,244,Jordan Henderson,Henderson,MID,11,,A,,,https://resources.premierleague.com/premierleague25/photos/players/110x140/56979.png
2020-21-player-245,2020-21,player,245,Adrián San Miguel del Castillo,Adrián,GKP,11,,A,,,https://resources.premierleague.com/premierleague25/photos/players/110x140/60706.png
2020-21-player-246,2020-21,player,246,Joel Matip,Matip,DEF,11,,A,,,https://resources.premierleague.com/premierleague25/photos/players/110x140/60914.png
2020-21-player-247,2020-21,player,247,Xherdan Shaqiri,Shaqiri,MID,11,,A,,,https://resources.premierleague.com/premierleague25/photos/players/110x140/68312.png
2020-21-player-248,2020-21,player,248,Alex Oxlade-Chamberlain,Chamberlain,MID,11,,A,,,https://resources.premierleague.com/premierleague25/photos/players/110x140/81880.png
2020-21-player-249,2020-21,player,249,Roberto Firmino,Firmino,FWD,11,,A,,,https://resources.premierleague.com/premierleague25/photos/players/110x140/92217.png
2020-21-player-250,2020-21,player,250,Virgil van Dijk,van Dijk,DEF,11,,A,,,https://resources.premierleague.com/premierleague25/photos/players/110x140/97032.png
2020-21-player-251,2020-21,player,251,Sadio Mané,Mané,MID,11,,A,,,https://resources.premierleague.com/premierleague25/photos/players/110x140/110979.png
2020-21-player-252,2020-21,player,252,Alisson Ramses Becker,Alisson,GKP,11,,A,,,https://resources.premierleague.com/premierleague25/photos/players/110x140/116535.png
2020-21-player-253,2020-21,player,253,Fabio Henrique Tavares,Fabinho,MID,11,,A,,,https://resources.premierleague.com/premierleague25/photos/players/110x140/116643.png
2020-21-player-254,2020-21,player,254,Mohamed Salah,Salah,MID,11,,A,,,https://resources.premierleague.com/premierleague25/photos/players/110x140/118748.png
2020-21-player-255,2020-21,player,255,Andrew Robertson,Robertson,DEF,11,,A,,,https://resources.premierleague.com/premierleague25/photos/players/110x140/122798.png
2020-21-player-256,2020-21,player,256,Divock Origi,Origi,FWD,11,,A,,,https://resources.premierleague.com/premierleague25/photos/players/110x140/152760.png
2020-21-player-257,2020-21,player,257,Harry Wilson,Harry Wilson,MID,11,,A,,,https://resources.premierleague.com/premierleague25/photos/players/110x140/153682.png
2020-21-player-259,2020-21,player,259,Trent Alexander-Arnold,Alexander-Arnold,DEF,11,,A,,,https://resources.premierleague.com/premierleague25/photos/players/110x140/169187.png
2020-21-player-260,2020-21,player,260,Joseph Gomez,Gomez,DEF,11,,A,,,https://resources.premierleague.com/premierleague25/photos/players/110x140/171287.png
2020-21-player-261,2020-21,player,261,Naby Keita,Keita,MID,11,,A,,,https://resources.premierleague.com/premierleague25/photos/players/110x140/175592.png
2020-21-player-263,2020-21,player,263,Curtis Jones,Jones,MID,11,,A,,,https://resources.premierleague.com/premierleague25/photos/players/110x140/206915.png
2020-21-player-264,2020-21,player,264,Neco Williams,Neco Williams,DEF,11,,A,,,https://resources.premierleague.com/premierleague25/photos/players/110x140/215136.png
2020-21-player-265,2020-21,player,265,Harvey Elliott,Elliott,MID,11,,A,,,https://resources.premierleague.com/premierleague25/photos/players/110x140/444884.png
2020-21-player-468,2020-21,player,468,Diogo Jota,Jota,MID,11,,A,,,https://resources.premierleague.com/premierleague25/photos/players/110x140/194634.png
2020-21-player-531,2020-21,player,531,Thiago Alcántara do Nascimento,Thiago,MID,11,,A,,,https://resources.premierleague.com/premierleague25/photos/players/110x140/61558.png
2020-21-player-560,2020-21,player,560,Caoimhin Kelleher,Kelleher,GKP,11,,A,,,https://resources.premierleague.com/premierleague25/photos/players/110x140/200720.png
2020-21-player-589,2020-21,player,589,Nathaniel Phillips,Phillips,DEF,11,,A,,,https://resources.premierleague.com/premierleague25/photos/players/110x140/197464.png
2020-21-player-594,2020-21,player,594,Rhys Williams,Rhys Williams,DEF,11,,A,,,https://resources.premierleague.com/premierleague25/photos/players/110x140/219937.png
2020-21-player-601,2020-21,player,601,Leighton Clarkson,Clarkson,MID,11,,A,,,https://resources.premierleague.com/premierleague25/photos/players/110x140/233489.png
2020-21-player-607,2020-21,player,607,Jake Cain,Cain,MID,11,,A,,,https://resources.premierleague.com/premierleague25/photos/players/110x140/243343.png
2020-21-player-652,2020-21,player,652,Ozan Kabak,Kabak,DEF,11,,A,,,https://resources.premierleague.com/premierleague25/photos/players/110x140/438277.png
2020-21-player-653,2020-21,player,653,Ben Davies,Davies,DEF,11,,A,,,https://resources.premierleague.com/premierleague25/photos/players/110x140/152898.png
2020-21-player-677,2020-21,player,677,Liam Hughes,Hughes,GKP,11,,A,,,https://resources.premierleague.com/premierleague25/photos/players/110x140/433019.png
2020-21-player-678,2020-21,player,678,Jakub Ojrzynski,Ojrzynski,GKP,11,,A,,,https://resources.premierleague.com/premierleague25/photos/players/110x140/490138.png
2020-21-player-696,2020-21,player,696,Ben Woodburn,Woodburn,MID,11,,A,,,https://resources.premierleague.com/premierleague25/photos/players/110x140/182436.png
2020-21-player-697,2020-21,player,697,Billy Koumetio,Koumetio,DEF,11,,A,,,https://resources.premierleague.com/premierleague25/photos/players/110x140/480818.png
2020-21-player-266,2020-21,player,266,Fernando Luiz Rosa,Fernandinho,DEF,12,,A,,,https://resources.premierleague.com/premierleague25/photos/players/110x140/27789.png
2020-21-player-267,2020-21,player,267,Claudio Bravo,Bravo,GKP,12,,A,,,https://resources.premierleague.com/premierleague25/photos/players/110x140/33148.png
2020-21-player-268,2020-21,player,268,Sergio Agüero,Agüero,FWD,12,,A,,,https://resources.premierleague.com/premierleague25/photos/players/110x140/37572.png
2020-21-player-269,2020-21,player,269,Nicolás Otamendi,Otamendi,DEF,12,,A,,,https://resources.premierleague.com/premierleague25/photos/players/110x140/57410.png
2020-21-player-270,2020-21,player,270,Kyle Walker,Walker,DEF,12,,A,,,https://resources.premierleague.com/premierleague25/photos/players/110x140/58621.png
2020-21-player-271,2020-21,player,271,Ilkay Gündogan,Gündogan,MID,12,,A,,,https://resources.premierleague.com/premierleague25/photos/players/110x140/59859.png
2020-21-player-272,2020-21,player,272,Kevin De Bruyne,De Bruyne,MID,12,,A,,,https://resources.premierleague.com/premierleague25/photos/players/110x140/61366.png
2020-21-player-273,2020-21,player,273,John Stones,Stones,DEF,12,,A,,,https://resources.premierleague.com/premierleague25/photos/players/110x140/97299.png
2020-21-player-274,2020-21,player,274,Benjamin Mendy,Mendy,DEF,12,,A,,,https://resources.premierleague.com/premierleague25/photos/players/110x140/102826.png
2020-21-player-275,2020-21,player,275,Riyad Mahrez,Mahrez,MID,12,,A,,,https://resources.premierleague.com/premierleague25/photos/players/110x140/103025.png
2020-21-player-276,2020-21,player,276,Raheem Sterling,Sterling,MID,12,,A,,,https://resources.premierleague.com/premierleague25/photos/players/110x140/103955.png
2020-21-player-277,2020-21,player,277,João Pedro Cavaco Cancelo,Cancelo,DEF,12,,A,,,https://resources.premierleague.com/premierleague25/photos/players/110x140/121145.png
2020-21-player-278,2020-21,player,278,Ederson Santana de Moraes,Ederson,GKP,12,,A,,,https://resources.premierleague.com/premierleague25/photos/players/110x140/121160.png
2020-21-player-279,2020-21,player,279,Nathan Aké,Aké,DEF,12,,A,,,https://resources.premierleague.com/premierleague25/photos/players/110x140/126184.png
2020-21-player-280,2020-21,player,280,Aymeric Laporte,Laporte,DEF,12,,A,,,https://resources.premierleague.com/premierleague25/photos/players/110x140/146941.png
2020-21-player-281,2020-21,player,281,Bernardo Mota Veiga de Carvalho e Silva,Bernardo Silva,MID,12,,A,,,https://resources.premierleague.com/premierleague25/photos/players/110x140/165809.png
2020-21-player-282,2020-21,player,282,Gabriel Fernando de Jesus,Jesus,FWD,12,,A,,,https://resources.premierleague.com/premierleague25/photos/players/110x140/205651.png
2020-21-player-283,2020-21,player,283,Oleksandr Zinchenko,Zinchenko,DEF,12,,A,,,https://resources.premierleague.com/premierleague25/photos/players/110x140/206325.png
2020-21-player-284,2020-21,player,284,Phil Foden,Foden,MID,12,,A,,,https://resources.premierleague.com/premierleague25/photos/players/110x140/209244.png
2020-21-player-285,2020-21,player,285,Tommy Doyle,Doyle,MID,12,,A,,,https://resources.premierleague.com/premierleague25/photos/players/110x140/220394.png
2020-21-player-286,2020-21,player,286,Rodrigo Hernandez,Rodrigo,MID,12,,A,,,https://resources.premierleague.com/premierleague25/photos/players/110x140/220566.png
2020-21-player-287,2020-21,player,287,Ferran Torres,Torres,MID,12,,A,,,https://resources.premierleague.com/premierleague25/photos/players/110x140/224444.png
2020-21-player-288,2020-21,player,288,Eric Garcia,Garcia,DEF,12,,A,,,https://resources.premierleague.com/premierleague25/photos/players/110x140/432656.png
2020-21-player-537,2020-21,player,537,Adrián Bernabé,Bernabé,MID,12,,A,,,https://resources.premierleague.com/premierleague25/photos/players/110x140/449926.png
2020-21-player-538,2020-21,player,538,Zack Steffen,Steffen,GKP,12,,A,,,https://resources.premierleague.com/premierleague25/photos/players/110x140/164484.png
2020-21-player-539,2020-21,player,539,Liam Delap,Delap,FWD,12,,A,,,https://resources.premierleague.com/premierleague25/photos/players/110x140/463034.png
2020-21-player-552,2020-21,player,552,Cole Palmer,Palmer,MID,12,,A,,,https://resources.premierleague.com/premierleague25/photos/players/110x140/244851.png
2020-21-player-556,2020-21,player,556,Rúben Santos Gato Alves Dias,Dias,DEF,12,,A,,,https://resources.premierleague.com/premierleague25/photos/players/110x140/171314.png
2020-21-player-595,2020-21,player,595,James Trafford,Trafford,GKP,12,,A,,,https://resources.premierleague.com/premierleague25/photos/players/110x140/432720.png
2020-21-player-608,2020-21,player,608,Scott Carson,Carson,GKP,12,,A,,,https://resources.premierleague.com/premierleague25/photos/players/110x140/17601.png
2020-21-player-609,2020-21,player,609,Felix Nmecha,Nmecha,MID,12,,A,,,https://resources.premierleague.com/premierleague25/photos/players/110x140/219265.png
2020-21-player-622,2020-21,player,622,Luke Mbete,Mbete,DEF,12,,A,,,https://resources.premierleague.com/premierleague25/photos/players/110x140/439510.png
2020-21-player-623,2020-21,player,623,Taylor Harwood-Bellis,Harwood-Bellis,DEF,12,,A,,,https://resources.premierleague.com/premierleague25/photos/players/110x140/245719.png
2020-21-player-659,2020-21,player,659,Claudio Gomes,Gomes,MID,12,,A,,,https://resources.premierleague.com/premierleague25/photos/players/110x140/219291.png
2020-21-player-289,2020-21,player,289,Sergio Romero,Romero,GKP,13,,A,,,https://resources.premierleague.com/premierleague25/photos/players/110x140/42899.png
2020-21-player-290,2020-21,player,290,Juan Mata,Mata,MID,13,,A,,,https://resources.premierleague.com/premierleague25/photos/players/110x140/43670.png
2020-21-player-291,2020-21,player,291,David de Gea,de Gea,GKP,13,,A,,,https://resources.premierleague.com/premierleague25/photos/players/110x140/51940.png
2020-21-player-292,2020-21,player,292,Chris Smalling,Smalling,DEF,13,,A,,,https://resources.premierleague.com/premierleague25/photos/players/110x140/55909.png
2020-21-player-293,2020-21,player,293,Odion Ighalo,Ighalo,FWD,13,,A,,,https://resources.premierleague.com/premierleague25/photos/players/110x140/58498.png
2020-21-player-294,2020-21,player,294,Marcos Rojo,Rojo,DEF,13,,A,,,https://resources.premierleague.com/premierleague25/photos/players/110x140/58893.png
2020-21-player-295,2020-21,player,295,Nemanja Matic,Matic,MID,13,,A,,,https://resources.premierleague.com/premierleague25/photos/players/110x140/62398.png
2020-21-player-296,2020-21,player,296,Paul Pogba,Pogba,MID,13,,A,,,https://resources.premierleague.com/premierleague25/photos/players/110x140/74208.png
2020-21-player-297,2020-21,player,297,Phil Jones,Jones,DEF,13,,A,,,https://resources.premierleague.com/premierleague25/photos/players/110x140/76359.png
2020-21-player-298,2020-21,player,298,Harry Maguire,Maguire,DEF,13,,A,,,https://resources.premierleague.com/premierleague25/photos/players/110x140/95658.png
2020-21-player-299,2020-21,player,299,Frederico Rodrigues de Paula Santos,Fred,MID,13,,A,,,https://resources.premierleague.com/premierleague25/photos/players/110x140/101582.png
2020-21-player-300,2020-21,player,300,Luke Shaw,Shaw,DEF,13,,A,,,https://resources.premierleague.com/premierleague25/photos/players/110x140/106760.png
2020-21-player-302,2020-21,player,302,Bruno Miguel Borges Fernandes,Fernandes,MID,13,,A,,,https://resources.premierleague.com/premierleague25/photos/players/110x140/141746.png
2020-21-player-303,2020-21,player,303,Anthony Martial,Martial,FWD,13,,A,,,https://resources.premierleague.com/premierleague25/photos/players/110x140/148225.png
2020-21-player-304,2020-21,player,304,Andreas Pereira,Pereira,MID,13,,A,,,https://resources.premierleague.com/premierleague25/photos/players/110x140/156689.png
2020-21-player-305,2020-21,player,305,Dean Henderson,Henderson,GKP,13,,A,,,https://resources.premierleague.com/premierleague25/photos/players/110x140/172649.png
2020-21-player-306,2020-21,player,306,Marcus Rashford,Rashford,MID,13,,A,,,https://resources.premierleague.com/premierleague25/photos/players/110x140/176297.png
2020-21-player-307,2020-21,player,307,Axel Tuanzebe,Tuanzebe,DEF,13,,A,,,https://resources.premierleague.com/premierleague25/photos/players/110x140/180804.png
2020-21-player-308,2020-21,player,308,Victor Lindelöf,Lindelöf,DEF,13,,A,,,https://resources.premierleague.com/premierleague25/photos/players/110x140/184667.png
2020-21-player-309,2020-21,player,309,Scott McTominay,McTominay,MID,13,,A,,,https://resources.premierleague.com/premierleague25/photos/players/110x140/195851.png
2020-21-player-310,2020-21,player,310,Eric Bailly,Bailly,DEF,13,,A,,,https://resources.premierleague.com/premierleague25/photos/players/110x140/197365.png
2020-21-player-311,2020-21,player,311,Daniel James,James,MID,13,,A,,,https://resources.premierleague.com/premierleague25/photos/players/110x140/200617.png
2020-21-player-312,2020-21,player,312,Timothy Fosu-Mensah,Fosu-Mensah,DEF,13,,A,,,https://resources.premierleague.com/premierleague25/photos/players/110x140/201084.png
2020-21-player-313,2020-21,player,313,Aaron Wan-Bissaka,Wan-Bissaka,DEF,13,,A,,,https://resources.premierleague.com/premierleague25/photos/players/110x140/214590.png
2020-21-player-314,2020-21,player,314,José Diogo Dalot Teixeira,Dalot,DEF,13,,A,,,https://resources.premierleague.com/premierleague25/photos/players/110x140/216051.png
2020-21-player-315,2020-21,player,315,Mason Greenwood,Greenwood,MID,13,,A,,,https://resources.premierleague.com/premierleague25/photos/players/110x140/220688.png
2020-21-player-316,2020-21,player,316,Tahith Chong,Chong,MID,13,,A,,,https://resources.premierleague.com/premierleague25/photos/players/110x140/222677.png
2020-21-player-317,2020-21,player,317,James Garner,Garner,MID,13,,A,,,https://resources.premierleague.com/premierleague25/photos/players/110x140/232928.png
2020-21-player-318,2020-21,player,318,Brandon Williams,Williams,DEF,13,,A,,,https://resources.premierleague.com/premierleague25/photos/players/110x140/232937.png
2020-21-player-319,2020-21,player,319,Teden Mengi,Mengi,DEF,13,,A,,,https://resources.premierleague.com/premierleague25/photos/players/110x140/244856.png
2020-21-player-495,2020-21,player,495,Donny van de Beek,van de Beek,MID,13,,A,,,https://resources.premierleague.com/premierleague25/photos/players/110x140/180184.png
2020-21-player-568,2020-21,player,568,Alex Nicolao Telles,Telles,DEF,13,,A,,,https://resources.premierleague.com/premierleague25/photos/players/110x140/152590.png
2020-21-player-569,2020-21,player,569,Edinson Cavani,Cavani,FWD,13,,A,,,https://resources.premierleague.com/premierleague25/photos/players/110x140/40720.png
2020-21-player-575,2020-21,player,575,Facundo Pellistri,Pellistri,MID,13,,A,,,https://resources.premierleague.com/premierleague25/photos/players/110x140/488404.png
2020-21-player-604,2020-21,player,604,Lee Grant,Grant,GKP,13,,A,,,https://resources.premierleague.com/premierleague25/photos/players/110x140/6744.png
2020-21-player-640,2020-21,player,640,Amad Diallo,Diallo,MID,13,,A,,,https://resources.premierleague.com/premierleague25/photos/players/110x140/493250.png
2020-21-player-673,2020-21,player,673,Shola Shoretire,Shoretire,MID,13,,A,,,https://resources.premierleague.com/premierleague25/photos/players/110x140/472464.png
2020-21-player-686,2020-21,player,686,Nathan Bishop,Bishop,GKP,13,,A,,,https://resources.premierleague.com/premierleague25/photos/players/110x140/250370.png
2020-21-player-702,2020-21,player,702,Anthony Elanga,Elanga,MID,13,,A,,,https://resources.premierleague.com/premierleague25/photos/players/110x140/449434.png
2020-21-player-712,2020-21,player,712,Hannibal Mejbri,Mejbri,MID,13,,A,,,https://resources.premierleague.com/premierleague25/photos/players/110x140/465527.png
2020-21-player-713,2020-21,player,713,William Fish,Fish,DEF,13,,A,,,https://resources.premierleague.com/premierleague25/photos/players/110x140/461566.png
2020-21-player-20,2020-21,player,20,Joseph Willock,Willock,MID,14,,A,,,https://resources.premierleague.com/premierleague25/photos/players/110x140/200089.png
2020-21-player-320,2020-21,player,320,Andy Carroll,Carroll,FWD,14,,A,,,https://resources.premierleague.com/premierleague25/photos/players/110x140/40142.png
2020-21-player-321,2020-21,player,321,Jonjo Shelvey,Shelvey,MID,14,,A,,,https://resources.premierleague.com/premierleague25/photos/players/110x140/50232.png
2020-21-player-322,2020-21,player,322,Matt Ritchie,Ritchie,MID,14,,A,,,https://resources.premierleague.com/premierleague25/photos/players/110x140/56983.png
2020-21-player-323,2020-21,player,323,Federico Fernández,Fernández,DEF,14,,A,,,https://resources.premierleague.com/premierleague25/photos/players/110x140/57145.png
2020-21-player-324,2020-21,player,324,Ciaran Clark,Clark,DEF,14,,A,,,https://resources.premierleague.com/premierleague25/photos/players/110x140/58845.png
2020-21-player-325,2020-21,player,325,Karl Darlow,Darlow,GKP,14,,A,,,https://resources.premierleague.com/premierleague25/photos/players/110x140/59735.png
2020-21-player-326,2020-21,player,326,Martin Dubravka,Dubravka,GKP,14,,A,,,https://resources.premierleague.com/premierleague25/photos/players/110x140/67089.png
2020-21-player-327,2020-21,player,327,Florian Lejeune,Lejeune,DEF,14,,A,,,https://resources.premierleague.com/premierleague25/photos/players/110x140/77359.png
2020-21-player-328,2020-21,player,328,Jamaal Lascelles,Lascelles,DEF,14,,A,,,https://resources.premierleague.com/premierleague25/photos/players/110x140/101148.png
2020-21-player-329,2020-21,player,329,Dwight Gayle,Gayle,FWD,14,,A,,,https://resources.premierleague.com/premierleague25/photos/players/110x140/104547.png
2020-21-player-330,2020-21,player,330,Christian Atsu,Atsu,MID,14,,A,,,https://resources.premierleague.com/premierleague25/photos/players/110x140/104953.png
2020-21-player-331,2020-21,player,331,Paul Dummett,Dummett,DEF,14,,A,,,https://resources.premierleague.com/premierleague25/photos/players/110x140/106618.png
2020-21-player-332,2020-21,player,332,Javier Manquillo,Manquillo,DEF,14,,A,,,https://resources.premierleague.com/premierleague25/photos/players/110x140/109528.png
2020-21-player-333,2020-21,player,333,Emil Krafth,Krafth,DEF,14,,A,,,https://resources.premierleague.com/premierleague25/photos/players/110x140/111773.png
2020-21-player-334,2020-21,player,334,Fabian Schär,Schär,DEF,14,,A,,,https://resources.premierleague.com/premierleague25/photos/players/110x140/119471.png
2020-21-player-335,2020-21,player,335,DeAndre Yedlin,Yedlin,DEF,14,,A,,,https://resources.premierleague.com/premierleague25/photos/players/110x140/151119.png
2020-21-player-336,2020-21,player,336,Isaac Hayden,Hayden,MID,14,,A,,,https://resources.premierleague.com/premierleague25/photos/players/110x140/153127.png
2020-21-player-337,2020-21,player,337,Rolando Aarons,Aarons,MID,14,,A,,,https://resources.premierleague.com/premierleague25/photos/players/110x140/155513.png
2020-21-player-338,2020-21,player,338,Allan Saint-Maximin,Saint-Maximin,MID,14,,A,,,https://resources.premierleague.com/premierleague25/photos/players/110x140/170137.png
2020-21-player-339,2020-21,player,339,Miguel Almirón,Almirón,MID,14,,A,,,https://resources.premierleague.com/premierleague25/photos/players/110x140/179018.png
2020-21-player-340,2020-21,player,340,Joelinton Cássio Apolinário de Lira,Joelinton,FWD,14,,A,,,https://resources.premierleague.com/premierleague25/photos/players/110x140/180974.png
2020-21-player-341,2020-21,player,341,Yoshinori Muto,Muto,FWD,14,,A,,,https://resources.premierleague.com/premierleague25/photos/players/110x140/196118.png
2020-21-player-342,2020-21,player,342,Kelland Watts,Watts,DEF,14,,A,,,https://resources.premierleague.com/premierleague25/photos/players/110x140/232977.png
2020-21-player-480,2020-21,player,480,Sean Longstaff,Sean Longstaff,MID,14,,A,,,https://resources.premierleague.com/premierleague25/photos/players/110x140/180135.png
2020-21-player-485,2020-21,player,485,Jeff Hendrick,Hendrick,MID,14,,A,,,https://resources.premierleague.com/premierleague25/photos/players/110x140/83314.png
2020-21-player-487,2020-21,player,487,Matthew Longstaff,Matty Longstaff,MID,14,,A,,,https://resources.premierleague.com/premierleague25/photos/players/110x140/223175.png
2020-21-player-488,2020-21,player,488,Mark Gillespie,Gillespie,GKP,14,,A,,,https://resources.premierleague.com/premierleague25/photos/players/110x140/81441.png
2020-21-player-497,2020-21,player,497,Jacob Murphy,Murphy,MID,14,,A,,,https://resources.premierleague.com/premierleague25/photos/players/110x140/114243.png
2020-21-player-506,2020-21,player,506,Callum Wilson,Wilson,FWD,14,,A,,,https://resources.premierleague.com/premierleague25/photos/players/110x140/75115.png
2020-21-player-507,2020-21,player,507,Ryan Fraser,Fraser,MID,14,,A,,,https://resources.premierleague.com/premierleague25/photos/players/110x140/90105.png
2020-21-player-513,2020-21,player,513,Jamal Lewis,Lewis,DEF,14,,A,,,https://resources.premierleague.com/premierleague25/photos/players/110x140/194799.png
2020-21-player-602,2020-21,player,602,Elliot Anderson,Anderson,MID,14,,A,,,https://resources.premierleague.com/premierleague25/photos/players/110x140/215379.png
2020-21-player-606,2020-21,player,606,Daniel Langley,Langley,GKP,14,,A,,,https://resources.premierleague.com/premierleague25/photos/players/110x140/432927.png
2020-21-player-262,2020-21,player,262,Rhian Brewster,Brewster,FWD,15,,A,,,https://resources.premierleague.com/premierleague25/photos/players/110x140/195473.png
2020-21-player-343,2020-21,player,343,Billy Sharp,Sharp,FWD,15,,A,,,https://resources.premierleague.com/premierleague25/photos/players/110x140/18867.png
2020-21-player-344,2020-21,player,344,David McGoldrick,McGoldrick,FWD,15,,A,,,https://resources.premierleague.com/premierleague25/photos/players/110x140/27436.png
2020-21-player-345,2020-21,player,345,Chris Basham,Basham,DEF,15,,A,,,https://resources.premierleague.com/premierleague25/photos/players/110x140/40386.png
2020-21-player-346,2020-21,player,346,John Fleck,Fleck,MID,15,,A,,,https://resources.premierleague.com/premierleague25/photos/players/110x140/47247.png
2020-21-player-347,2020-21,player,347,Enda Stevens,Stevens,DEF,15,,A,,,https://resources.premierleague.com/premierleague25/photos/players/110x140/63426.png
2020-21-player-348,2020-21,player,348,Simon Moore,Moore,GKP,15,,A,,,https://resources.premierleague.com/premierleague25/photos/players/110x140/74854.png
2020-21-player-349,2020-21,player,349,Oliver Norwood,Norwood,MID,15,,A,,,https://resources.premierleague.com/premierleague25/photos/players/110x140/79934.png
2020-21-player-350,2020-21,player,350,Wes Foderingham,Foderingham,GKP,15,,A,,,https://resources.premierleague.com/premierleague25/photos/players/110x140/82143.png
2020-21-player-351,2020-21,player,351,George Baldock,Baldock,DEF,15,,A,,,https://resources.premierleague.com/premierleague25/photos/players/110x140/82691.png
2020-21-player-352,2020-21,player,352,Jack Robinson,Jack Robinson,DEF,15,,A,,,https://resources.premierleague.com/premierleague25/photos/players/110x140/83427.png
2020-21-player-353,2020-21,player,353,John Egan,Egan,DEF,15,,A,,,https://resources.premierleague.com/premierleague25/photos/players/110x140/108416.png
2020-21-player-354,2020-21,player,354,Jack O'Connell,O'Connell,DEF,15,,A,,,https://resources.premierleague.com/premierleague25/photos/players/110x140/146610.png
2020-21-player-355,2020-21,player,355,John Lundstram,Lundstram,MID,15,,A,,,https://resources.premierleague.com/premierleague25/photos/players/110x140/153723.png
2020-21-player-356,2020-21,player,356,Ben Osborn,Osborn,MID,15,,A,,,https://resources.premierleague.com/premierleague25/photos/players/110x140/167878.png
2020-21-player-357,2020-21,player,357,Oliver McBurnie,McBurnie,FWD,15,,A,,,https://resources.premierleague.com/premierleague25/photos/players/110x140/169432.png
2020-21-player-359,2020-21,player,359,Lys Mousset,Mousset,FWD,15,,A,,,https://resources.premierleague.com/premierleague25/photos/players/110x140/178304.png
2020-21-player-360,2020-21,player,360,Sander Berge,Berge,MID,15,,A,,,https://resources.premierleague.com/premierleague25/photos/players/110x140/207189.png
2020-21-player-424,2020-21,player,424,Oliver Burke,Burke,MID,15,,A,,,https://resources.premierleague.com/premierleague25/photos/players/110x140/197937.png
2020-21-player-477,2020-21,player,477,Luke Freeman,Freeman,MID,15,,A,,,https://resources.premierleague.com/premierleague25/photos/players/110x140/49083.png
2020-21-player-483,2020-21,player,483,Aaron Ramsdale,Ramsdale,GKP,15,,A,,,https://resources.premierleague.com/premierleague25/photos/players/110x140/225321.png
2020-21-player-509,2020-21,player,509,Ethan Ampadu,Ampadu,DEF,15,,A,,,https://resources.premierleague.com/premierleague25/photos/players/110x140/199598.png
2020-21-player-510,2020-21,player,510,Jayden Bogle,Bogle,DEF,15,,A,,,https://resources.premierleague.com/premierleague25/photos/players/110x140/226182.png
2020-21-player-511,2020-21,player,511,Max Lowe,Lowe,DEF,15,,A,,,https://resources.premierleague.com/premierleague25/photos/players/110x140/155197.png
2020-21-player-529,2020-21,player,529,Phil Jagielka,Jagielka,DEF,15,,A,,,https://resources.premierleague.com/premierleague25/photos/players/110x140/7645.png
2020-21-player-580,2020-21,player,580,Michael Verrips,Verrips,GKP,15,,A,,,https://resources.premierleague.com/premierleague25/photos/players/110x140/194126.png
2020-21-player-603,2020-21,player,603,Kean Bryan,Bryan,DEF,15,,A,,,https://resources.premierleague.com/premierleague25/photos/players/110x140/109638.png
2020-21-player-618,2020-21,player,618,Antwoine Hackford,Hackford,FWD,15,,A,,,https://resources.premierleague.com/premierleague25/photos/players/110x140/487836.png
2020-21-player-646,2020-21,player,646,Kyron Gordon,Gordon,DEF,15,,A,,,https://resources.premierleague.com/premierleague25/photos/players/110x140/478449.png
2020-21-player-656,2020-21,player,656,Iliman Ndiaye,Ndiaye,MID,15,,A,,,https://resources.premierleague.com/premierleague25/photos/players/110x140/440993.png
2020-21-player-657,2020-21,player,657,Zak Brunt,Brunt,MID,15,,A,,,https://resources.premierleague.com/premierleague25/photos/players/110x140/481371.png
2020-21-player-670,2020-21,player,670,Frankie Maguire,Maguire,MID,15,,A,,,https://resources.premierleague.com/premierleague25/photos/players/110x140/531076.png
2020-21-player-699,2020-21,player,699,Daniel Jebbison,Jebbison,FWD,15,,A,,,https://resources.premierleague.com/premierleague25/photos/players/110x140/523700.png
2020-21-player-704,2020-21,player,704,Harry Boyes,Boyes,DEF,15,,A,,,https://resources.premierleague.com/premierleague25/photos/players/110x140/235640.png
2020-21-player-705,2020-21,player,705,Femi Seriki,Seriki,MID,15,,A,,,https://resources.premierleague.com/premierleague25/photos/players/110x140/471848.png
2020-21-player-711,2020-21,player,711,William Osula,Osula,FWD,15,,A,,,https://resources.premierleague.com/premierleague25/photos/players/110x140/538207.png
2020-21-player-148,2020-21,player,148,Theo Walcott,Walcott,MID,16,,A,,,https://resources.premierleague.com/premierleague25/photos/players/110x140/20467.png
2020-21-player-258,2020-21,player,258,Takumi Minamino,Minamino,MID,16,,A,,,https://resources.premierleague.com/premierleague25/photos/players/110x140/157882.png
2020-21-player-361,2020-21,player,361,Shane Long,Long,FWD,16,,A,,,https://resources.premierleague.com/premierleague25/photos/players/110x140/20452.png
2020-21-player-362,2020-21,player,362,Ryan Bertrand,Bertrand,DEF,16,,A,,,https://resources.premierleague.com/premierleague25/photos/players/110x140/40146.png
2020-21-player-363,2020-21,player,363,Alex McCarthy,McCarthy,GKP,16,,A,,,https://resources.premierleague.com/premierleague25/photos/players/110x140/58376.png
2020-21-player-364,2020-21,player,364,Oriol Romeu Vidal,Oriol Romeu,MID,16,,A,,,https://resources.premierleague.com/premierleague25/photos/players/110x140/78056.png
2020-21-player-365,2020-21,player,365,Nathan Redmond,Redmond,MID,16,,A,,,https://resources.premierleague.com/premierleague25/photos/players/110x140/83283.png
2020-21-player-366,2020-21,player,366,Danny Ings,Ings,FWD,16,,A,,,https://resources.premierleague.com/premierleague25/photos/players/110x140/84939.png
2020-21-player-367,2020-21,player,367,Jack Stephens,Stephens,DEF,16,,A,,,https://resources.premierleague.com/premierleague25/photos/players/110x140/88900.png
2020-21-player-368,2020-21,player,368,Stuart Armstrong,Armstrong,MID,16,,A,,,https://resources.premierleague.com/premierleague25/photos/players/110x140/91047.png
2020-21-player-369,2020-21,player,369,Jannik Vestergaard,Vestergaard,DEF,16,,A,,,https://resources.premierleague.com/premierleague25/photos/players/110x140/93100.png
2020-21-player-370,2020-21,player,370,James Ward-Prowse,Ward-Prowse,MID,16,,A,,,https://resources.premierleague.com/premierleague25/photos/players/110x140/101178.png
2020-21-player-371,2020-21,player,371,Angus Gunn,Gunn,GKP,16,,A,,,https://resources.premierleague.com/premierleague25/photos/players/110x140/107265.png
2020-21-player-372,2020-21,player,372,Sofiane Boufal,Boufal,MID,16,,A,,,https://resources.premierleague.com/premierleague25/photos/players/110x140/128198.png
2020-21-player-374,2020-21,player,374,Josh Sims,Sims,MID,16,,A,,,https://resources.premierleague.com/premierleague25/photos/players/110x140/153379.png
2020-21-player-375,2020-21,player,375,Kyle Walker-Peters,Walker-Peters,DEF,16,,A,,,https://resources.premierleague.com/premierleague25/photos/players/110x140/158534.png
2020-21-player-376,2020-21,player,376,Jan Bednarek,Bednarek,DEF,16,,A,,,https://resources.premierleague.com/premierleague25/photos/players/110x140/171771.png
2020-21-player-377,2020-21,player,377,Che Adams,Adams,FWD,16,,A,,,https://resources.premierleague.com/premierleague25/photos/players/110x140/200439.png
2020-21-player-378,2020-21,player,378,Yan Valery,Valery,DEF,16,,A,,,https://resources.premierleague.com/premierleague25/photos/players/110x140/213482.png
2020-21-player-379,2020-21,player,379,William Smallbone,Smallbone,MID,16,,A,,,https://resources.premierleague.com/premierleague25/photos/players/110x140/214466.png
2020-21-player-380,2020-21,player,380,Jake Vokins,Vokins,DEF,16,,A,,,https://resources.premierleague.com/premierleague25/photos/players/110x140/214470.png
2020-21-player-381,2020-21,player,381,Michael Obafemi,Obafemi,FWD,16,,A,,,https://resources.premierleague.com/premierleague25/photos/players/110x140/220598.png
2020-21-player-382,2020-21,player,382,Moussa Djenepo,Djenepo,MID,16,,A,,,https://resources.premierleague.com/premierleague25/photos/players/110x140/431131.png
2020-21-player-479,2020-21,player,479,Mohammed Salisu,Salisu,DEF,16,,A,,,https://resources.premierleague.com/premierleague25/photos/players/110x140/450527.png
2020-21-player-523,2020-21,player,523,Fraser Forster,Forster,GKP,16,,A,,,https://resources.premierleague.com/premierleague25/photos/players/110x140/40383.png
2020-21-player-524,2020-21,player,524,Nathan Tella,Tella,MID,16,,A,,,https://resources.premierleague.com/premierleague25/photos/players/110x140/203389.png
2020-21-player-565,2020-21,player,565,Ibrahima Diallo,Diallo,MID,16,,A,,,https://resources.premierleague.com/premierleague25/photos/players/110x140/240143.png
2020-21-player-590,2020-21,player,590,Daniel N'Lundulu,N'Lundulu,FWD,16,,A,,,https://resources.premierleague.com/premierleague25/photos/players/110x140/200088.png
2020-21-player-598,2020-21,player,598,Kayne Ramsay,Ramsay,DEF,16,,A,,,https://resources.premierleague.com/premierleague25/photos/players/110x140/232797.png
2020-21-player-624,2020-21,player,624,Kgaogelo Chauke,Chauke,MID,16,,A,,,https://resources.premierleague.com/premierleague25/photos/players/110x140/445896.png
2020-21-player-625,2020-21,player,625,Harry Lewis,Lewis,GKP,16,,A,,,https://resources.premierleague.com/premierleague25/photos/players/110x140/198044.png
2020-21-player-634,2020-21,player,634,Will Ferry,Ferry,MID,16,,A,,,https://resources.premierleague.com/premierleague25/photos/players/110x140/422306.png
2020-21-player-635,2020-21,player,635,Allan Tchaptchet,Tchaptchet,DEF,16,,A,,,https://resources.premierleague.com/premierleague25/photos/players/110x140/447093.png
2020-21-player-636,2020-21,player,636,Caleb Watts,Watts,MID,16,,A,,,https://resources.premierleague.com/premierleague25/photos/players/110x140/456966.png
2020-21-player-643,2020-21,player,643,Alexandre Jankewitz,Jankewitz,MID,16,,A,,,https://resources.premierleague.com/premierleague25/photos/players/110x140/449781.png
2020-21-player-655,2020-21,player,655,Ryan Finnigan,Finnigan,MID,16,,A,,,https://resources.premierleague.com/premierleague25/photos/players/110x140/447372.png
2020-21-player-383,2020-21,player,383,Hugo Lloris,Lloris,GKP,17,,A,,,https://resources.premierleague.com/premierleague25/photos/players/110x140/37915.png
2020-21-player-384,2020-21,player,384,Danny Rose,Rose,DEF,17,,A,,,https://resources.premierleague.com/premierleague25/photos/players/110x140/38290.png
2020-21-player-385,2020-21,player,385,Moussa Sissoko,Sissoko,MID,17,,A,,,https://resources.premierleague.com/premierleague25/photos/players/110x140/45268.png
2020-21-player-386,2020-21,player,386,Toby Alderweireld,Alderweireld,DEF,17,,A,,,https://resources.premierleague.com/premierleague25/photos/players/110x140/55605.png
2020-21-player-387,2020-21,player,387,Erik Lamela,Lamela,MID,17,,A,,,https://resources.premierleague.com/premierleague25/photos/players/110x140/62974.png
2020-21-player-388,2020-21,player,388,Harry Kane,Kane,FWD,17,,A,,,https://resources.premierleague.com/premierleague25/photos/players/110x140/78830.png
2020-21-player-389,2020-21,player,389,Serge Aurier,Aurier,DEF,17,,A,,,https://resources.premierleague.com/premierleague25/photos/players/110x140/80226.png
2020-21-player-390,2020-21,player,390,Heung-Min Son,Son,MID,17,,A,,,https://resources.premierleague.com/premierleague25/photos/players/110x140/85971.png
2020-21-player-391,2020-21,player,391,Eric Dier,Dier,DEF,17,,A,,,https://resources.premierleague.com/premierleague25/photos/players/110x140/93264.png
2020-21-player-392,2020-21,player,392,Lucas Rodrigues Moura da Silva,Lucas Moura,MID,17,,A,,,https://resources.premierleague.com/premierleague25/photos/players/110x140/95715.png
2020-21-player-393,2020-21,player,393,Paulo Gazzaniga,Gazzaniga,GKP,17,,A,,,https://resources.premierleague.com/premierleague25/photos/players/110x140/102884.png
2020-21-player-394,2020-21,player,394,Bamidele Alli,Alli,MID,17,,A,,,https://resources.premierleague.com/premierleague25/photos/players/110x140/108823.png
2020-21-player-395,2020-21,player,395,Ben Davies,Davies,DEF,17,,A,,,https://resources.premierleague.com/premierleague25/photos/players/110x140/115556.png
2020-21-player-396,2020-21,player,396,Pierre-Emile Højbjerg,Højbjerg,MID,17,,A,,,https://resources.premierleague.com/premierleague25/photos/players/110x140/132015.png
2020-21-player-397,2020-21,player,397,Harry Winks,Winks,MID,17,,A,,,https://resources.premierleague.com/premierleague25/photos/players/110x140/157668.png
2020-21-player-398,2020-21,player,398,Davinson Sánchez,Sánchez,DEF,17,,A,,,https://resources.premierleague.com/premierleague25/photos/players/110x140/173904.png
2020-21-player-399,2020-21,player,399,Ryan Sessegnon,Sessegnon,DEF,17,,A,,,https://resources.premierleague.com/premierleague25/photos/players/110x140/184349.png
2020-21-player-400,2020-21,player,400,Steven Bergwijn,Bergwijn,MID,17,,A,,,https://resources.premierleague.com/premierleague25/photos/players/110x140/194252.png
2020-21-player-401,2020-21,player,401,Gedson Carvalho Fernandes,Fernandes,MID,17,,A,,,https://resources.premierleague.com/premierleague25/photos/players/110x140/195774.png
2020-21-player-402,2020-21,player,402,Japhet Tanganga,Tanganga,DEF,17,,A,,,https://resources.premierleague.com/premierleague25/photos/players/110x140/199584.png
2020-21-player-403,2020-21,player,403,Giovani Lo Celso,Lo Celso,MID,17,,A,,,https://resources.premierleague.com/premierleague25/photos/players/110x140/200826.png
2020-21-player-404,2020-21,player,404,Oliver Skipp,Skipp,MID,17,,A,,,https://resources.premierleague.com/premierleague25/photos/players/110x140/209042.png
2020-21-player-405,2020-21,player,405,Tanguy Ndombele,Ndombele,MID,17,,A,,,https://resources.premierleague.com/premierleague25/photos/players/110x140/231372.png
2020-21-player-406,2020-21,player,406,Juan Foyth,Foyth,DEF,17,,A,,,https://resources.premierleague.com/premierleague25/photos/players/110x140/234908.png
2020-21-player-457,2020-21,player,457,Matt Doherty,Doherty,DEF,17,,A,,,https://resources.premierleague.com/premierleague25/photos/players/110x140/87835.png
2020-21-player-482,2020-21,player,482,Joe Hart,Hart,GKP,17,,A,,,https://resources.premierleague.com/premierleague25/photos/players/110x140/15749.png
2020-21-player-521,2020-21,player,521,Cameron Carter-Vickers,Carter-Vickers,DEF,17,,A,,,https://resources.premierleague.com/premierleague25/photos/players/110x140/168763.png
2020-21-player-542,2020-21,player,542,Sergio Reguilón,Reguilón,DEF,17,,A,,,https://resources.premierleague.com/premierleague25/photos/players/110x140/199249.png
2020-21-player-543,2020-21,player,543,Gareth Bale,Bale,MID,17,,A,,,https://resources.premierleague.com/premierleague25/photos/players/110x140/36903.png
2020-21-player-564,2020-21,player,564,Carlos Vinicius Alves Morais,Carlos Vinicius,FWD,17,,A,,,https://resources.premierleague.com/premierleague25/photos/players/110x140/245824.png
2020-21-player-584,2020-21,player,584,Joe Rodon,Rodon,DEF,17,,A,,,https://resources.premierleague.com/premierleague25/photos/players/110x140/214225.png
2020-21-player-650,2020-21,player,650,Alfie Devine,Devine,MID,17,,A,,,https://resources.premierleague.com/premierleague25/photos/players/110x140/496179.png
2020-21-player-666,2020-21,player,666,Dane Scarlett,Scarlett,FWD,17,,A,,,https://resources.premierleague.com/premierleague25/photos/players/110x140/490145.png
2020-21-player-710,2020-21,player,710,Nile John,John,MID,17,,A,,,https://resources.premierleague.com/premierleague25/photos/players/110x140/461212.png
2020-21-player-15,2020-21,player,15,Ainsley Maitland-Niles,Maitland-Niles,DEF,18,,A,,,https://resources.premierleague.com/premierleague25/photos/players/110x140/154043.png
2020-21-player-56,2020-21,player,56,David Button,Button,GKP,18,,A,,,https://resources.premierleague.com/premierleague25/photos/players/110x140/50093.png
2020-21-player-358,2020-21,player,358,Callum Robinson,Callum Robinson,FWD,18,,A,,,https://resources.premierleague.com/premierleague25/photos/players/110x140/171975.png
2020-21-player-407,2020-21,player,407,Kieran Gibbs,Gibbs,DEF,18,,A,,,https://resources.premierleague.com/premierleague25/photos/players/110x140/42427.png
2020-21-player-408,2020-21,player,408,Hal Robson-Kanu,Robson-Kanu,FWD,18,,A,,,https://resources.premierleague.com/premierleague25/photos/players/110x140/49440.png
2020-21-player-409,2020-21,player,409,Jake Livermore,Livermore,MID,18,,A,,,https://resources.premierleague.com/premierleague25/photos/players/110x140/49944.png
2020-21-player-410,2020-21,player,410,Kamil Grosicki,Grosicki,MID,18,,A,,,https://resources.premierleague.com/premierleague25/photos/players/110x140/49957.png
2020-21-player-411,2020-21,player,411,Matt Phillips,Phillips,MID,18,,A,,,https://resources.premierleague.com/premierleague25/photos/players/110x140/50229.png
2020-21-player-412,2020-21,player,412,Kyle Bartley,Bartley,DEF,18,,A,,,https://resources.premierleague.com/premierleague25/photos/players/110x140/59940.png
2020-21-player-413,2020-21,player,413,Romaine Sawyers,Sawyers,MID,18,,A,,,https://resources.premierleague.com/premierleague25/photos/players/110x140/61600.png
2020-21-player-414,2020-21,player,414,Ahmed El-Sayed Hegazy,Hegazi,DEF,18,,A,,,https://resources.premierleague.com/premierleague25/photos/players/110x140/77777.png
2020-21-player-415,2020-21,player,415,Charlie Austin,Austin,FWD,18,,A,,,https://resources.premierleague.com/premierleague25/photos/players/110x140/78356.png
2020-21-player-416,2020-21,player,416,Kenneth Zohore,Zohore,FWD,18,,A,,,https://resources.premierleague.com/premierleague25/photos/players/110x140/82078.png
2020-21-player-417,2020-21,player,417,Sam Johnstone,Johnstone,GKP,18,,A,,,https://resources.premierleague.com/premierleague25/photos/players/110x140/101982.png
2020-21-player-418,2020-21,player,418,Conor Townsend,Townsend,DEF,18,,A,,,https://resources.premierleague.com/premierleague25/photos/players/110x140/108053.png
2020-21-player-419,2020-21,player,419,Oluwasemilogo Adesewo Ibidapo Ajayi,Ajayi,DEF,18,,A,,,https://resources.premierleague.com/premierleague25/photos/players/110x140/146426.png
2020-21-player-420,2020-21,player,420,Jonathan Leko,Leko,MID,18,,A,,,https://resources.premierleague.com/premierleague25/photos/players/110x140/173809.png
2020-21-player-421,2020-21,player,421,Kyle Edwards,Edwards,MID,18,,A,,,https://resources.premierleague.com/premierleague25/photos/players/110x140/174593.png
2020-21-player-422,2020-21,player,422,Darnell Furlong,Furlong,DEF,18,,A,,,https://resources.premierleague.com/premierleague25/photos/players/110x140/176420.png
2020-21-player-423,2020-21,player,423,Sam Field,Field,MID,18,,A,,,https://resources.premierleague.com/premierleague25/photos/players/110x140/195864.png
2020-21-player-425,2020-21,player,425,Dara O'Shea,O'Shea,DEF,18,,A,,,https://resources.premierleague.com/premierleague25/photos/players/110x140/216616.png
2020-21-player-426,2020-21,player,426,Rekeem Harper,Harper,MID,18,,A,,,https://resources.premierleague.com/premierleague25/photos/players/110x140/232427.png
2020-21-player-428,2020-21,player,428,Robert Snodgrass,Snodgrass,MID,18,,A,,,https://resources.premierleague.com/premierleague25/photos/players/110x140/18987.png
2020-21-player-446,2020-21,player,446,Grady Diangana,Diangana,MID,18,,A,,,https://resources.premierleague.com/premierleague25/photos/players/110x140/179830.png
2020-21-player-481,2020-21,player,481,Matheus Pereira,Pereira,MID,18,,A,,,https://resources.premierleague.com/premierleague25/photos/players/110x140/210407.png
2020-21-player-499,2020-21,player,499,Cedric Kipre,Kipre,DEF,18,,A,,,https://resources.premierleague.com/premierleague25/photos/players/110x140/183015.png
2020-21-player-530,2020-21,player,530,Branislav Ivanovic,Ivanovic,DEF,18,,A,,,https://resources.premierleague.com/premierleague25/photos/players/110x140/41135.png
2020-21-player-544,2020-21,player,544,Conor Gallagher,Gallagher,MID,18,,A,,,https://resources.premierleague.com/premierleague25/photos/players/110x140/232787.png
2020-21-player-555,2020-21,player,555,Filip Krovinovic,Krovinovic,MID,18,,A,,,https://resources.premierleague.com/premierleague25/photos/players/110x140/200878.png
2020-21-player-582,2020-21,player,582,Karlan Grant,Grant,FWD,18,,A,,,https://resources.premierleague.com/premierleague25/photos/players/110x140/180294.png
2020-21-player-600,2020-21,player,600,Lee Peltier,Peltier,DEF,18,,A,,,https://resources.premierleague.com/premierleague25/photos/players/110x140/38716.png
2020-21-player-621,2020-21,player,621,Cheikh Diaby,Diaby,FWD,18,,A,,,https://resources.premierleague.com/premierleague25/photos/players/110x140/505265.png
2020-21-player-639,2020-21,player,639,Andy Lonergan,Lonergan,GKP,18,,A,,,https://resources.premierleague.com/premierleague25/photos/players/110x140/11948.png
2020-21-player-648,2020-21,player,648,Mbaye Diagne,Diagne,FWD,18,,A,,,https://resources.premierleague.com/premierleague25/photos/players/110x140/164011.png
2020-21-player-654,2020-21,player,654,Okay Yokuslu,Yokuslu,MID,18,,A,,,https://resources.premierleague.com/premierleague25/photos/players/110x140/101394.png
2020-21-player-700,2020-21,player,700,Caleb Taylor,Taylor,DEF,18,,A,,,https://resources.premierleague.com/premierleague25/photos/players/110x140/470255.png
2020-21-player-701,2020-21,player,701,Taylor Gardner-Hickman,Gardner-Hickman,MID,18,,A,,,https://resources.premierleague.com/premierleague25/photos/players/110x140/439242.png
2020-21-player-706,2020-21,player,706,Toby King,King,MID,18,,A,,,https://resources.premierleague.com/premierleague25/photos/players/110x140/444575.png
2020-21-player-709,2020-21,player,709,Tim Iroegbunam,Iroegbunam,MID,18,,A,,,https://resources.premierleague.com/premierleague25/photos/players/110x140/490094.png
2020-21-player-301,2020-21,player,301,Jesse Lingard,Lingard,MID,19,,A,,,https://resources.premierleague.com/premierleague25/photos/players/110x140/109322.png
2020-21-player-427,2020-21,player,427,Mark Noble,Noble,MID,19,,A,,,https://resources.premierleague.com/premierleague25/photos/players/110x140/18073.png
2020-21-player-429,2020-21,player,429,David Martin,Martin,GKP,19,,A,,,https://resources.premierleague.com/premierleague25/photos/players/110x140/19194.png
2020-21-player-430,2020-21,player,430,Darren Randolph,Randolph,GKP,19,,A,,,https://resources.premierleague.com/premierleague25/photos/players/110x140/32259.png
2020-21-player-431,2020-21,player,431,Lukasz Fabianski,Fabianski,GKP,19,,A,,,https://resources.premierleague.com/premierleague25/photos/players/110x140/37096.png
2020-21-player-432,2020-21,player,432,Angelo Ogbonna,Ogbonna,DEF,19,,A,,,https://resources.premierleague.com/premierleague25/photos/players/110x140/40669.png
2020-21-player-433,2020-21,player,433,Roberto Jimenez Gago,Roberto,GKP,19,,A,,,https://resources.premierleague.com/premierleague25/photos/players/110x140/40694.png
2020-21-player-434,2020-21,player,434,Jack Wilshere,Wilshere,MID,19,,A,,,https://resources.premierleague.com/premierleague25/photos/players/110x140/54102.png
2020-21-player-435,2020-21,player,435,Aaron Cresswell,Cresswell,DEF,19,,A,,,https://resources.premierleague.com/premierleague25/photos/players/110x140/55459.png
2020-21-player-436,2020-21,player,436,Andriy Yarmolenko,Yarmolenko,MID,19,,A,,,https://resources.premierleague.com/premierleague25/photos/players/110x140/56377.png
2020-21-player-437,2020-21,player,437,Michail Antonio,Antonio,FWD,19,,A,,,https://resources.premierleague.com/premierleague25/photos/players/110x140/57531.png
2020-21-player-438,2020-21,player,438,Ryan Fredericks,Fredericks,DEF,19,,A,,,https://resources.premierleague.com/premierleague25/photos/players/110x140/81012.png
2020-21-player-439,2020-21,player,439,Manuel Lanzini,Lanzini,MID,19,,A,,,https://resources.premierleague.com/premierleague25/photos/players/110x140/86934.png
2020-21-player-440,2020-21,player,440,Felipe Anderson Pereira Gomes,Felipe Anderson,MID,19,,A,,,https://resources.premierleague.com/premierleague25/photos/players/110x140/101537.png
2020-21-player-441,2020-21,player,441,Sébastien Haller,Haller,FWD,19,,A,,,https://resources.premierleague.com/premierleague25/photos/players/110x140/103123.png
2020-21-player-442,2020-21,player,442,Arthur Masuaku,Masuaku,DEF,19,,A,,,https://resources.premierleague.com/premierleague25/photos/players/110x140/105717.png
2020-21-player-443,2020-21,player,443,Fabián Balbuena,Balbuena,DEF,19,,A,,,https://resources.premierleague.com/premierleague25/photos/players/110x140/166640.png
2020-21-player-444,2020-21,player,444,Jordan Hugill,Hugill,FWD,19,,A,,,https://resources.premierleague.com/premierleague25/photos/players/110x140/167522.png
2020-21-player-445,2020-21,player,445,Jarrod Bowen,Bowen,MID,19,,A,,,https://resources.premierleague.com/premierleague25/photos/players/110x140/178186.png
2020-21-player-447,2020-21,player,447,Albian Ajeti,Ajeti,FWD,19,,A,,,https://resources.premierleague.com/premierleague25/photos/players/110x140/181008.png
2020-21-player-448,2020-21,player,448,Declan Rice,Rice,MID,19,,A,,,https://resources.premierleague.com/premierleague25/photos/players/110x140/204480.png
2020-21-player-449,2020-21,player,449,Tomas Soucek,Soucek,MID,19,,A,,,https://resources.premierleague.com/premierleague25/photos/players/110x140/215439.png
2020-21-player-450,2020-21,player,450,Pablo Fornals,Fornals,MID,19,,A,,,https://resources.premierleague.com/premierleague25/photos/players/110x140/217593.png
2020-21-player-451,2020-21,player,451,Issa Diop,Diop,DEF,19,,A,,,https://resources.premierleague.com/premierleague25/photos/players/110x140/219924.png
2020-21-player-452,2020-21,player,452,Ben Johnson,Johnson,DEF,19,,A,,,https://resources.premierleague.com/premierleague25/photos/players/110x140/222018.png
2020-21-player-558,2020-21,player,558,Vladimir Coufal,Coufal,DEF,19,,A,,,https://resources.premierleague.com/premierleague25/photos/players/110x140/164555.png
2020-21-player-576,2020-21,player,576,Craig Dawson,Dawson,DEF,19,,A,,,https://resources.premierleague.com/premierleague25/photos/players/110x140/60232.png
2020-21-player-587,2020-21,player,587,Saïd Benrahma,Benrahma,MID,19,,A,,,https://resources.premierleague.com/premierleague25/photos/players/110x140/172841.png
2020-21-player-637,2020-21,player,637,Frederik Alves,Alves,DEF,19,,A,,,https://resources.premierleague.com/premierleague25/photos/players/110x140/486870.png
2020-21-player-638,2020-21,player,638,Ademipo Odubeko,Odubeko,FWD,19,,A,,,https://resources.premierleague.com/premierleague25/photos/players/110x140/461533.png
2020-21-player-668,2020-21,player,668,Conor Coventry,Coventry,MID,19,,A,,,https://resources.premierleague.com/premierleague25/photos/players/110x140/222017.png
2020-21-player-669,2020-21,player,669,Jamal Baptiste,Baptiste,DEF,19,,A,,,https://resources.premierleague.com/premierleague25/photos/players/110x140/462384.png
2020-21-player-674,2020-21,player,674,Nathan Trott,Trott,GKP,19,,A,,,https://resources.premierleague.com/premierleague25/photos/players/110x140/232398.png
2020-21-player-453,2020-21,player,453,John Ruddy,Ruddy,GKP,20,,A,,,https://resources.premierleague.com/premierleague25/photos/players/110x140/19236.png
2020-21-player-454,2020-21,player,454,João Filipe Iria Santos Moutinho,Moutinho,MID,20,,A,,,https://resources.premierleague.com/premierleague25/photos/players/110x140/19624.png
2020-21-player-455,2020-21,player,455,Rui Pedro dos Santos Patrício,Patrício,GKP,20,,A,,,https://resources.premierleague.com/premierleague25/photos/players/110x140/38533.png
2020-21-player-456,2020-21,player,456,Ryan Bennett,Bennett,DEF,20,,A,,,https://resources.premierleague.com/premierleague25/photos/players/110x140/41727.png
2020-21-player-458,2020-21,player,458,Willy Boly,Boly,DEF,20,,A,,,https://resources.premierleague.com/premierleague25/photos/players/110x140/90585.png
2020-21-player-459,2020-21,player,459,Conor Coady,Coady,DEF,20,,A,,,https://resources.premierleague.com/premierleague25/photos/players/110x140/94147.png
2020-21-player-460,2020-21,player,460,Raúl Jiménez,Jiménez,FWD,20,,A,,,https://resources.premierleague.com/premierleague25/photos/players/110x140/102057.png
2020-21-player-461,2020-21,player,461,Romain Saïss,Saïss,DEF,20,,A,,,https://resources.premierleague.com/premierleague25/photos/players/110x140/107613.png
2020-21-player-462,2020-21,player,462,Jonathan Castro Otto,Jonny,DEF,20,,A,,,https://resources.premierleague.com/premierleague25/photos/players/110x140/114128.png
2020-21-player-463,2020-21,player,463,Léo Bonatini,Bonatini,FWD,20,,A,,,https://resources.premierleague.com/premierleague25/photos/players/110x140/141569.png
2020-21-player-464,2020-21,player,464,Leander Dendoncker,Dendoncker,MID,20,,A,,,https://resources.premierleague.com/premierleague25/photos/players/110x140/151589.png
2020-21-player-465,2020-21,player,465,Adama Traoré,Traoré,MID,20,,A,,,https://resources.premierleague.com/premierleague25/photos/players/110x140/159533.png
2020-21-player-466,2020-21,player,466,Rúben Diogo da Silva Neves,Neves,MID,20,,A,,,https://resources.premierleague.com/premierleague25/photos/players/110x140/171317.png
2020-21-player-467,2020-21,player,467,Oskar Buur,Buur,DEF,20,,A,,,https://resources.premierleague.com/premierleague25/photos/players/110x140/179456.png
2020-21-player-469,2020-21,player,469,Daniel Castelo Podence,Podence,MID,20,,A,,,https://resources.premierleague.com/premierleague25/photos/players/110x140/200600.png
2020-21-player-470,2020-21,player,470,Max Kilman,Kilman,DEF,20,,A,,,https://resources.premierleague.com/premierleague25/photos/players/110x140/214048.png
2020-21-player-471,2020-21,player,471,Rúben Gonçalo Silva Nascimento Vinagre,Vinagre,DEF,20,,A,,,https://resources.premierleague.com/premierleague25/photos/players/110x140/216054.png
2020-21-player-472,2020-21,player,472,Matija Sarkic,Sarkic,GKP,20,,A,,,https://resources.premierleague.com/premierleague25/photos/players/110x140/216208.png
2020-21-player-473,2020-21,player,473,Morgan Gibbs-White,Gibbs-White,MID,20,,A,,,https://resources.premierleague.com/premierleague25/photos/players/110x140/222531.png
2020-21-player-474,2020-21,player,474,Pedro Lomba Neto,Neto,MID,20,,A,,,https://resources.premierleague.com/premierleague25/photos/players/110x140/247632.png
2020-21-player-475,2020-21,player,475,Bruno André Cavaco Jordao,Jordao,MID,20,,A,,,https://resources.premierleague.com/premierleague25/photos/players/110x140/428610.png
2020-21-player-476,2020-21,player,476,Leonardo Campana,Campana,FWD,20,,A,,,https://resources.premierleague.com/premierleague25/photos/players/110x140/474003.png
2020-21-player-504,2020-21,player,504,Fabio Silva,Fabio Silva,FWD,20,,A,,,https://resources.premierleague.com/premierleague25/photos/players/110x140/449988.png
2020-21-player-505,2020-21,player,505,Fernando Marçal,Marçal,DEF,20,,A,,,https://resources.premierleague.com/premierleague25/photos/players/110x140/111291.png
2020-21-player-515,2020-21,player,515,Vitor Ferreira,Vitinha,MID,20,,A,,,https://resources.premierleague.com/premierleague25/photos/players/110x140/437858.png
2020-21-player-545,2020-21,player,545,Ki-Jana Hoever,Hoever,DEF,20,,A,,,https://resources.premierleague.com/premierleague25/photos/players/110x140/441271.png
2020-21-player-546,2020-21,player,546,Nélson Cabral Semedo,Semedo,DEF,20,,A,,,https://resources.premierleague.com/premierleague25/photos/players/110x140/200402.png
2020-21-player-553,2020-21,player,553,Meritan Shabani,Shabani,MID,20,,A,,,https://resources.premierleague.com/premierleague25/photos/players/110x140/225368.png
2020-21-player-563,2020-21,player,563,Rayan Ait Nouri,Ait Nouri,DEF,20,,A,,,https://resources.premierleague.com/premierleague25/photos/players/110x140/448514.png
2020-21-player-581,2020-21,player,581,Owen Otasowie,Otasowie,MID,20,,A,,,https://resources.premierleague.com/premierleague25/photos/players/110x140/250604.png
2020-21-player-610,2020-21,player,610,Theo Corbeanu,Corbeanu,MID,20,,A,,,https://resources.premierleague.com/premierleague25/photos/players/110x140/443296.png
2020-21-player-611,2020-21,player,611,Taylor Perry,Perry,MID,20,,A,,,https://resources.premierleague.com/premierleague25/photos/players/110x140/232361.png
2020-21-player-614,2020-21,player,614,Luke Cundle,Cundle,MID,20,,A,,,https://resources.premierleague.com/premierleague25/photos/players/110x140/245923.png
2020-21-player-615,2020-21,player,615,Lewis Richards,Richards,DEF,20,,A,,,https://resources.premierleague.com/premierleague25/photos/players/110x140/437688.png
2020-21-player-616,2020-21,player,616,Christian Marques,Marques,DEF,20,,A,,,https://resources.premierleague.com/premierleague25/photos/players/110x140/481626.png
2020-21-player-617,2020-21,player,617,Andreas Söndergaard,Söndergaard,GKP,20,,A,,,https://resources.premierleague.com/premierleague25/photos/players/110x140/448487.png
2020-21-player-626,2020-21,player,626,Patrick Cutrone,Cutrone,FWD,20,,A,,,https://resources.premierleague.com/premierleague25/photos/players/110x140/209353.png
2020-21-player-629,2020-21,player,629,Nigel Lonwijk,Lonwijk,DEF,20,,A,,,https://resources.premierleague.com/premierleague25/photos/players/110x140/465551.png
2020-21-player-642,2020-21,player,642,Willian José Da Silva,Willian José,FWD,20,,A,,,https://resources.premierleague.com/premierleague25/photos/players/110x140/73314.png
2020-21-player-649,2020-21,player,649,Hugo Bueno,Bueno,DEF,20,,A,,,https://resources.premierleague.com/premierleague25/photos/players/110x140/490721.png
2020-21-team-1,2020-21,team,1,Arsenal,Arsenal,,1,3,,,,
2020-21-team-2,2020-21,team,2,Aston Villa,Aston Villa,,2,7,,,,
2020-21-team-3,2020-21,team,3,Brighton,Brighton,,3,36,,,,
2020-21-team-4,2020-21,team,4,Burnley,Burnley,,4,90,,,,
2020-21-team-5,2020-21,team,5,Chelsea,Chelsea,,5,8,,,,
2020-21-team-6,2020-21,team,6,Crystal Palace,Crystal Palace,,6,31,,,,
2020-21-team-7,2020-21,team,7,Everton,Everton,,7,11,,,,
2020-21-team-8,2020-21,team,8,Fulham,Fulham,,8,54,,,,
2020-21-team-9,2020-21,team,9,Leicester,Leicester,,9,13,,,,
2020-21-team-10,2020-21,team,10,Leeds,Leeds,,10,2,,,,
2020-21-team-11,2020-21,team,11,Liverpool,Liverpool,,11,14,,,,
2020-21-team-12,2020-21,team,12,Man City,Man City,,12,43,,,,
2020-21-team-13,2020-21,team,13,Man Utd,Man Utd,,13,1,,,,
2020-21-team-14,2020-21,team,14,Newcastle,Newcastle,,14,4,,,,
2020-21-team-15,2020-21,team,15,Sheffield Utd,Sheffield Utd,,15,49,,,,
2020-21-team-16,2020-21,team,16,Southampton,Southampton,,16,20,,,,
2020-21-team-17,2020-21,team,17,Spurs,Spurs,,17,6,,,,
2020-21-team-18,2020-21,team,18,West Brom,West Brom,,18,35,,,,
2020-21-team-19,2020-21,team,19,West Ham,West Ham,,19,21,,,,
2020-21-team-20,2020-21,team,20,Wolves,Wolves,,20,39,,,,
2021-22-player-1,2021-22,player,1,Bernd Leno,Leno,GKP,1,,A,,,https://resources.premierleague.com/premierleague25/photos/players/110x140/80201.png
2021-22-player-2,2021-22,player,2,Rúnar Alex Rúnarsson,Rúnarsson,GKP,1,,A,,,https://resources.premierleague.com/premierleague25/photos/players/110x140/115918.png
2021-22-player-3,2021-22,player,3,Willian Borges Da Silva,Willian,MID,1,,A,,,https://resources.premierleague.com/premierleague25/photos/players/110x140/47431.png
2021-22-player-4,2021-22,player,4,Pierre-Emerick Aubameyang,Aubameyang,FWD,1,,A,,,https://resources.premierleague.com/premierleague25/photos/players/110x140/54694.png
2021-22-player-5,2021-22,player,5,Cédric Soares,Cédric,DEF,1,,A,,,https://resources.premierleague.com/premierleague25/photos/players/110x140/58822.png
2021-22-player-6,2021-22,player,6,Alexandre Lacazette,Lacazette,FWD,1,,A,,,https://resources.premierleague.com/premierleague25/photos/players/110x140/59966.png
2021-22-player-7,2021-22,player,7,Granit Xhaka,Xhaka,MID,1,,A,,,https://resources.premierleague.com/premierleague25/photos/players/110x140/84450.png
2021-22-player-8,2021-22,player,8,Pablo Marí,Marí,DEF,1,,A,,,https://resources.premierleague.com/premierleague25/photos/players/110x140/92371.png
2021-22-player-9,2021-22,player,9,Héctor Bellerín,Bellerín,DEF,1,,A,,,https://resources.premierleague.com/premierleague25/photos/players/110x140/98745.png
2021-22-player-11,2021-22,player,11,Sead Kolasinac,Kolasinac,DEF,1,,A,,,https://resources.premierleague.com/premierleague25/photos/players/110x140/111457.png
2021-22-player-12,2021-22,player,12,Mohamed Naser El Sayed Elneny,Elneny,MID,1,,A,,,https://resources.premierleague.com/premierleague25/photos/players/110x140/153256.png
2021-22-player-13,2021-22,player,13,Ainsley Maitland-Niles,Maitland-Niles,MID,1,,A,,,https://resources.premierleague.com/premierleague25/photos/players/110x140/154043.png
2021-22-player-14,2021-22,player,14,Rob Holding,Holding,DEF,1,,A,,,https://resources.premierleague.com/premierleague25/photos/players/110x140/156074.png
2021-22-player-15,2021-22,player,15,Thomas Partey,Partey,MID,1,,A,,,https://resources.premierleague.com/premierleague25/photos/players/110x140/167199.png
2021-22-player-16,2021-22,player,16,Kieran Tierney,Tierney,DEF,1,,A,,,https://resources.premierleague.com/premierleague25/photos/players/110x140/192895.png
2021-22-player-17,2021-22,player,17,Nicolas Pépé,Pépé,MID,1,,A,,,https://resources.premierleague.com/premierleague25/photos/players/110x140/195735.png
2021-22-player-18,2021-22,player,18,Lucas Torreira,Torreira,MID,1,,A,,,https://resources.premierleague.com/premierleague25/photos/players/110x140/198849.png
2021-22-player-20,2021-22,player,20,Edward Nketiah,Nketiah,FWD,1,,A,,,https://resources.premierleague.com/premierleague25/photos/players/110x140/205533.png
2021-22-player-21,2021-22,player,21,Emile Smith Rowe,Smith Rowe,MID,1,,A,,,https://resources.premierleague.com/premierleague25/photos/players/110x140/209289.png
2021-22-player-22,2021-22,player,22,Bukayo Saka,Saka,MID,1,,A,,,https://resources.premierleague.com/premierleague25/photos/players/110x140/223340.png
2021-22-player-23,2021-22,player,23,Gabriel Magalhães,Gabriel,DEF,1,,A,,,https://resources.premierleague.com/premierleague25/photos/players/110x140/226597.png
2021-22-player-24,2021-22,player,24,Konstantinos Mavropanos,Mavropanos,DEF,1,,A,,,https://resources.premierleague.com/premierleague25/photos/players/110x140/233963.png
2021-22-player-25,2021-22,player,25,Mattéo Guendouzi,Guendouzi,MID,1,,A,,,https://resources.premierleague.com/premierleague25/photos/players/110x140/242166.png
2021-22-player-26,2021-22,player,26,Gabriel Teodoro Martinelli Silva,Martinelli,MID,1,,A,,,https://resources.premierleague.com/premierleague25/photos/players/110x140/444145.png
2021-22-player-27,2021-22,player,27,William Saliba,Saliba,DEF,1,,A,,,https://resources.premierleague.com/premierleague25/photos/players/110x140/462424.png
2021-22-player-67,2021-22,player,67,Ben White,White,DEF,1,,A,,,https://resources.premierleague.com/premierleague25/photos/players/110x140/198869.png
2021-22-player-466,2021-22,player,466,Nuno Varela Tavares,Tavares,DEF,1,,A,,,https://resources.premierleague.com/premierleague25/photos/players/110x140/437626.png
2021-22-player-478,2021-22,player,478,Albert Sambi Lokonga,Sambi Lokonga,MID,1,,A,,,https://resources.premierleague.com/premierleague25/photos/players/110x140/437742.png
2021-22-player-530,2021-22,player,530,Folarin Balogun,Balogun,FWD,1,,A,,,https://resources.premierleague.com/premierleague25/photos/players/110x140/232223.png
2021-22-player-531,2021-22,player,531,Reiss Nelson,Nelson,MID,1,,A,,,https://resources.premierleague.com/premierleague25/photos/players/110x140/200641.png
2021-22-player-532,2021-22,player,532,Karl Hein,Hein,GKP,1,,A,,,https://resources.premierleague.com/premierleague25/photos/players/110x140/463748.png
2021-22-player-558,2021-22,player,558,Martin Ødegaard,Ødegaard,MID,1,,A,,,https://resources.premierleague.com/premierleague25/photos/players/110x140/184029.png
2021-22-player-559,2021-22,player,559,Aaron Ramsdale,Ramsdale,GKP,1,,A,,,https://resources.premierleague.com/premierleague25/photos/players/110x140/225321.png
2021-22-player-572,2021-22,player,572,Arthur Okonkwo,Okonkwo,GKP,1,,A,,,https://resources.premierleague.com/premierleague25/photos/players/110x140/220682.png
2021-22-player-590,2021-22,player,590,Takehiro Tomiyasu,Tomiyasu,DEF,1,,A,,,https://resources.premierleague.com/premierleague25/photos/players/110x140/223723.png
2021-22-player-664,2021-22,player,664,Charlie Patino,Patino,MID,1,,A,,,https://resources.premierleague.com/premierleague25/photos/players/110x140/450544.png
2021-22-player-692,2021-22,player,692,Omari Hutchinson,Hutchinson,MID,1,,A,,,https://resources.premierleague.com/premierleague25/photos/players/110x140/503301.png
2021-22-player-693,2021-22,player,693,Salah-Eddine Oulad M'hand,Oulad M'hand,MID,1,,A,,,https://resources.premierleague.com/premierleague25/photos/players/110x140/498046.png
2021-22-player-694,2021-22,player,694,Mika Biereth,Biereth,FWD,1,,A,,,https://resources.premierleague.com/premierleague25/photos/players/110x140/444880.png
2021-22-player-695,2021-22,player,695,Ryan Alebiosu,Alebiosu,DEF,1,,A,,,https://resources.premierleague.com/premierleague25/photos/players/110x140/461023.png
2021-22-player-705,2021-22,player,705,Zach Awe,Awe,DEF,1,,A,,,https://resources.premierleague.com/premierleague25/photos/players/110x140/490887.png
2021-22-player-711,2021-22,player,711,Zak Swanson,Swanson,DEF,1,,A,,,https://resources.premierleague.com/premierleague25/photos/players/110x140/232245.png
2021-22-player-719,2021-22,player,719,Mazeed Ogungbo,Ogungbo,DEF,1,,A,,,https://resources.premierleague.com/premierleague25/photos/players/110x140/449444.png
2021-22-player-720,2021-22,player,720,Marcelo Flores,Flores,MID,1,,A,,,https://resources.premierleague.com/premierleague25/photos/players/110x140/493928.png
2021-22-player-721,2021-22,player,721,Miguel Azeez,Azeez,MID,1,,A,,,https://resources.premierleague.com/premierleague25/photos/players/110x140/439482.png
2021-22-player-730,2021-22,player,730,Alex Kirk,Kirk,DEF,1,,A,,,https://resources.premierleague.com/premierleague25/photos/players/110x140/450553.png
2021-22-player-10,2021-22,player,10,Calum Chambers,Chambers,DEF,2,,A,,,https://resources.premierleague.com/premierleague25/photos/players/110x140/101184.png
2021-22-player-28,2021-22,player,28,Jed Steer,Steer,GKP,2,,A,,,https://resources.premierleague.com/premierleague25/photos/players/110x140/79852.png
2021-22-player-29,2021-22,player,29,Conor Hourihane,Hourihane,MID,2,,A,,,https://resources.premierleague.com/premierleague25/photos/players/110x140/85242.png
2021-22-player-30,2021-22,player,30,Emiliano Martínez,Martínez,GKP,2,,A,,,https://resources.premierleague.com/premierleague25/photos/players/110x140/98980.png
2021-22-player-31,2021-22,player,31,Björn Engels,Engels,DEF,2,,A,,,https://resources.premierleague.com/premierleague25/photos/players/110x140/108156.png
2021-22-player-32,2021-22,player,32,Bertrand Traoré,Traoré,MID,2,,A,,,https://resources.premierleague.com/premierleague25/photos/players/110x140/110504.png
2021-22-player-34,2021-22,player,34,Morgan Sanson,Sanson,MID,2,,A,,,https://resources.premierleague.com/premierleague25/photos/players/110x140/122775.png
2021-22-player-35,2021-22,player,35,John McGinn,McGinn,MID,2,,A,,,https://resources.premierleague.com/premierleague25/photos/players/110x140/122806.png
2021-22-player-36,2021-22,player,36,Kortney Hause,Hause,DEF,2,,A,,,https://resources.premierleague.com/premierleague25/photos/players/110x140/123354.png
2021-22-player-37,2021-22,player,37,Mahmoud Ahmed Ibrahim Hassan,Trézéguet,MID,2,,A,,,https://resources.premierleague.com/premierleague25/photos/players/110x140/148508.png
2021-22-player-38,2021-22,player,38,Tyrone Mings,Mings,DEF,2,,A,,,https://resources.premierleague.com/premierleague25/photos/players/110x140/149484.png
2021-22-player-40,2021-22,player,40,Ollie Watkins,Watkins,FWD,2,,A,,,https://resources.premierleague.com/premierleague25/photos/players/110x140/178301.png
2021-22-player-41,2021-22,player,41,Marvelous Nakamba,Nakamba,MID,2,,A,,,https://resources.premierleague.com/premierleague25/photos/players/110x140/184704.png
2021-22-player-43,2021-22,player,43,Emiliano Buendía Stati,Buendía,MID,2,,A,,,https://resources.premierleague.com/premierleague25/photos/players/110x140/195546.png
2021-22-player-44,2021-22,player,44,Matthew Cash,Cash,DEF,2,,A,,,https://resources.premierleague.com/premierleague25/photos/players/110x140/199796.png
2021-22-player-45,2021-22,player,45,Ezri Konsa Ngoyo,Konsa,DEF,2,,A,,,https://resources.premierleague.com/premierleague25/photos/players/110x140/199798.png
2021-22-player-46,2021-22,player,46,Frédéric Guilbert,Guilbert,DEF,2,,A,,,https://resources.premierleague.com/premierleague25/photos/players/110x140/203368.png
2021-22-player-47,2021-22,player,47,Wesley Moraes,Wesley,FWD,2,,A,,,https://resources.premierleague.com/premierleague25/photos/players/110x140/213345.png
2021-22-player-48,2021-22,player,48,Mbwana Ally Samatta,Samatta,FWD,2,,A,,,https://resources.premierleague.com/premierleague25/photos/players/110x140/217487.png
2021-22-player-49,2021-22,player,49,Keinan Davis,Davis,FWD,2,,A,,,https://resources.premierleague.com/premierleague25/photos/players/110x140/221239.png
2021-22-player-50,2021-22,player,50,Douglas Luiz Soares de Paulo,Douglas Luiz,MID,2,,A,,,https://resources.premierleague.com/premierleague25/photos/players/110x140/230046.png
2021-22-player-51,2021-22,player,51,Jacob Ramsey,Ramsey,MID,2,,A,,,https://resources.premierleague.com/premierleague25/photos/players/110x140/232653.png
2021-22-player-52,2021-22,player,52,Ashley Young,Young,DEF,2,,A,,,https://resources.premierleague.com/premierleague25/photos/players/110x140/18892.png
2021-22-player-168,2021-22,player,168,Lucas Digne,Digne,DEF,2,,A,,,https://resources.premierleague.com/premierleague25/photos/players/110x140/101188.png
2021-22-player-337,2021-22,player,337,Danny Ings,Ings,FWD,2,,A,,,https://resources.premierleague.com/premierleague25/photos/players/110x140/84939.png
2021-22-player-492,2021-22,player,492,Leon Bailey,Bailey,MID,2,,A,,,https://resources.premierleague.com/premierleague25/photos/players/110x140/215711.png
2021-22-player-496,2021-22,player,496,Aaron Ramsey,Ramsey,MID,2,,A,,,https://resources.premierleague.com/premierleague25/photos/players/110x140/447715.png
2021-22-player-497,2021-22,player,497,Jaden Philogene-Bidace,Philogene-Bidace,MID,2,,A,,,https://resources.premierleague.com/premierleague25/photos/players/110x140/481624.png
2021-22-player-526,2021-22,player,526,Carney Chukwuemeka,Chukwuemeka,MID,2,,A,,,https://resources.premierleague.com/premierleague25/photos/players/110x140/478912.png
2021-22-player-568,2021-22,player,568,Cameron Archer,Archer,FWD,2,,A,,,https://resources.premierleague.com/premierleague25/photos/players/110x140/433979.png
2021-22-player-596,2021-22,player,596,Viljami Sinisalo,Sinisalo,GKP,2,,A,,,https://resources.premierleague.com/premierleague25/photos/players/110x140/248164.png
2021-22-player-610,2021-22,player,610,Lamare Bogarde,Bogarde,DEF,2,,A,,,https://resources.premierleague.com/premierleague25/photos/players/110x140/515597.png
2021-22-player-638,2021-22,player,638,Tim Iroegbunam,Iroegbunam,MID,2,,A,,,https://resources.premierleague.com/premierleague25/photos/players/110x140/490094.png
2021-22-player-650,2021-22,player,650,Filip Marschall,Marschall,GKP,2,,A,,,https://resources.premierleague.com/premierleague25/photos/players/110x140/462381.png
2021-22-player-670,2021-22,player,670,Josh Feeney,Feeney,DEF,2,,A,,,https://resources.premierleague.com/premierleague25/photos/players/110x140/536110.png
2021-22-player-681,2021-22,player,681,Philippe Coutinho Correia,Coutinho,MID,2,,A,,,https://resources.premierleague.com/premierleague25/photos/players/110x140/84583.png
2021-22-player-684,2021-22,player,684,Kaine Hayden,Hayden,DEF,2,,A,,,https://resources.premierleague.com/premierleague25/photos/players/110x140/465390.png
2021-22-player-691,2021-22,player,691,Robin Olsen,Olsen,GKP,2,,A,,,https://resources.premierleague.com/premierleague25/photos/players/110x140/111782.png
2021-22-player-703,2021-22,player,703,Benjamin Chrisene,Chrisene,MID,2,,A,,,https://resources.premierleague.com/premierleague25/photos/players/110x140/487835.png
2021-22-player-713,2021-22,player,713,Tommi O'Reilly,O'Reilly,MID,2,,A,,,https://resources.premierleague.com/premierleague25/photos/players/110x140/515599.png
2021-22-player-76,2021-22,player,76,Pontus Jansson,Jansson,DEF,3,,A,,,https://resources.premierleague.com/premierleague25/photos/players/110x140/61810.png
2021-22-player-77,2021-22,player,77,Christian Nørgaard,Nørgaard,MID,3,,A,,,https://resources.premierleague.com/premierleague25/photos/players/110x140/128295.png
2021-22-player-78,2021-22,player,78,Ivan Toney,Toney,FWD,3,,A,,,https://resources.premierleague.com/premierleague25/photos/players/110x140/144485.png
2021-22-player-79,2021-22,player,79,Tariqe Fosu-Henry,Fosu,MID,3,,A,,,https://resources.premierleague.com/premierleague25/photos/players/110x140/154138.png
2021-22-player-80,2021-22,player,80,David Raya Martin,Raya,GKP,3,,A,,,https://resources.premierleague.com/premierleague25/photos/players/110x140/154561.png
2021-22-player-81,2021-22,player,81,Sergi Canós,Canós,MID,3,,A,,,https://resources.premierleague.com/premierleague25/photos/players/110x140/174932.png
2021-22-player-82,2021-22,player,82,Pelenda Joshua Dasilva,Dasilva,MID,3,,A,,,https://resources.premierleague.com/premierleague25/photos/players/110x140/183656.png
2021-22-player-83,2021-22,player,83,Rico Henry,Henry,DEF,3,,A,,,https://resources.premierleague.com/premierleague25/photos/players/110x140/194010.png
2021-22-player-84,2021-22,player,84,Vitaly Janelt,Janelt,MID,3,,A,,,https://resources.premierleague.com/premierleague25/photos/players/110x140/204580.png
2021-22-player-85,2021-22,player,85,Saman Ghoddos,Ghoddos,MID,3,,A,,,https://resources.premierleague.com/premierleague25/photos/players/110x140/205836.png
2021-22-player-86,2021-22,player,86,Mathias Jensen,Jensen,MID,3,,A,,,https://resources.premierleague.com/premierleague25/photos/players/110x140/207283.png
2021-22-player-87,2021-22,player,87,Charlie Goode,Goode,DEF,3,,A,,,https://resources.premierleague.com/premierleague25/photos/players/110x140/213687.png
2021-22-player-88,2021-22,player,88,Marcus Forss,Forss,FWD,3,,A,,,https://resources.premierleague.com/premierleague25/photos/players/110x140/216620.png
2021-22-player-89,2021-22,player,89,Mads Roerslev Rasmussen,Roerslev,DEF,3,,A,,,https://resources.premierleague.com/premierleague25/photos/players/110x140/226956.png
2021-22-player-90,2021-22,player,90,Mads Bech Sørensen,Sørensen,DEF,3,,A,,,https://resources.premierleague.com/premierleague25/photos/players/110x140/228044.png
2021-22-player-91,2021-22,player,91,Ethan Pinnock,Pinnock,DEF,3,,A,,,https://resources.premierleague.com/premierleague25/photos/players/110x140/231065.png
2021-22-player-92,2021-22,player,92,Ellery Balcombe,Balcombe,GKP,3,,A,,,https://resources.premierleague.com/premierleague25/photos/players/110x140/235448.png
2021-22-player-93,2021-22,player,93,Jan Zamburek,Zamburek,MID,3,,A,,,https://resources.premierleague.com/premierleague25/photos/players/110x140/420922.png
2021-22-player-94,2021-22,player,94,Patrik Gunnarsson,Gunnarsson,GKP,3,,A,,,https://resources.premierleague.com/premierleague25/photos/players/110x140/434024.png
2021-22-player-95,2021-22,player,95,Halil Dervişoğlu,Dervişoğlu,FWD,3,,A,,,https://resources.premierleague.com/premierleague25/photos/players/110x140/434662.png
2021-22-player-96,2021-22,player,96,Bryan Mbeumo,Mbeumo,MID,3,,A,,,https://resources.premierleague.com/premierleague25/photos/players/110x140/446008.png
2021-22-player-97,2021-22,player,97,Mads Bidstrup,Bidstrup,MID,3,,A,,,https://resources.premierleague.com/premierleague25/photos/players/110x140/481405.png
2021-22-player-479,2021-22,player,479,Frank Onyeka,Onyeka,MID,3,,A,,,https://resources.premierleague.com/premierleague25/photos/players/110x140/428580.png
2021-22-player-483,2021-22,player,483,Kristoffer Ajer,Ajer,DEF,3,,A,,,https://resources.premierleague.com/premierleague25/photos/players/110x140/191866.png
2021-22-player-498,2021-22,player,498,Dominic Thompson,Thompson,DEF,3,,A,,,https://resources.premierleague.com/premierleague25/photos/players/110x140/232247.png
2021-22-player-499,2021-22,player,499,Shandon Baptiste,Baptiste,MID,3,,A,,,https://resources.premierleague.com/premierleague25/photos/players/110x140/432160.png
2021-22-player-524,2021-22,player,524,Yoane Wissa,Wissa,MID,3,,A,,,https://resources.premierleague.com/premierleague25/photos/players/110x140/216646.png
2021-22-player-556,2021-22,player,556,Álvaro Fernández,Fernández,GKP,3,,A,,,https://resources.premierleague.com/premierleague25/photos/players/110x140/240796.png
2021-22-player-569,2021-22,player,569,Finley Stevens,Stevens,DEF,3,,A,,,https://resources.premierleague.com/premierleague25/photos/players/110x140/450550.png
2021-22-player-594,2021-22,player,594,Mathias Jorgensen,Zanka,DEF,3,,A,,,https://resources.premierleague.com/premierleague25/photos/players/110x140/48760.png
2021-22-player-614,2021-22,player,614,Paris Maghoma,Maghoma,MID,3,,A,,,https://resources.premierleague.com/premierleague25/photos/players/110x140/220695.png
2021-22-player-619,2021-22,player,619,Matthew Cox,Cox,GKP,3,,A,,,https://resources.premierleague.com/premierleague25/photos/players/110x140/503300.png
2021-22-player-628,2021-22,player,628,Maxwell Haygarth,Haygarth,MID,3,,A,,,https://resources.premierleague.com/premierleague25/photos/players/110x140/461558.png
2021-22-player-640,2021-22,player,640,Nathan Young-Coombes,Young-Coombes,FWD,3,,A,,,https://resources.premierleague.com/premierleague25/photos/players/110x140/460029.png
2021-22-player-662,2021-22,player,662,Myles Peart-Harris,Peart-Harris,MID,3,,A,,,https://resources.premierleague.com/premierleague25/photos/players/110x140/450539.png
2021-22-player-673,2021-22,player,673,Jonas Lössl,Lössl,GKP,3,,A,,,https://resources.premierleague.com/premierleague25/photos/players/110x140/57513.png
2021-22-player-699,2021-22,player,699,Christian Eriksen,Eriksen,MID,3,,A,,,https://resources.premierleague.com/premierleague25/photos/players/110x140/80607.png
2021-22-player-722,2021-22,player,722,Julian Jeanvier,Jeanvier,DEF,3,,A,,,https://resources.premierleague.com/premierleague25/photos/players/110x140/121570.png
2021-22-player-53,2021-22,player,53,Adam Lallana,Lallana,MID,4,,A,,,https://resources.premierleague.com/premierleague25/photos/players/110x140/39155.png
2021-22-player-54,2021-22,player,54,Jason Steele,Steele,GKP,4,,A,,,https://resources.premierleague.com/premierleague25/photos/players/110x140/49262.png
2021-22-player-55,2021-22,player,55,Pascal Groß,Groß,MID,4,,A,,,https://resources.premierleague.com/premierleague25/photos/players/110x140/60307.png
2021-22-player-56,2021-22,player,56,Shane Duffy,Duffy,DEF,4,,A,,,https://resources.premierleague.com/premierleague25/photos/players/110x140/61933.png
2021-22-player-57,2021-22,player,57,Davy Pröpper,Pröpper,MID,4,,A,,,https://resources.premierleague.com/premierleague25/photos/players/110x140/66242.png
2021-22-player-59,2021-22,player,59,Lewis Dunk,Dunk,DEF,4,,A,,,https://resources.premierleague.com/premierleague25/photos/players/110x140/83299.png
2021-22-player-60,2021-22,player,60,Solomon March,March,MID,4,,A,,,https://resources.premierleague.com/premierleague25/photos/players/110x140/109345.png
2021-22-player-61,2021-22,player,61,Adam Webster,Webster,DEF,4,,A,,,https://resources.premierleague.com/premierleague25/photos/players/110x140/110735.png
2021-22-player-62,2021-22,player,62,Joël Veltman,Veltman,DEF,4,,A,,,https://resources.premierleague.com/premierleague25/photos/players/110x140/111478.png
2021-22-player-63,2021-22,player,63,Neal Maupay,Maupay,FWD,4,,A,,,https://resources.premierleague.com/premierleague25/photos/players/110x140/115382.png
2021-22-player-64,2021-22,player,64,Leandro Trossard,Trossard,MID,4,,A,,,https://resources.premierleague.com/premierleague25/photos/players/110x140/116216.png
2021-22-player-65,2021-22,player,65,Mathew Ryan,Ryan,GKP,4,,A,,,https://resources.premierleague.com/premierleague25/photos/players/110x140/131897.png
2021-22-player-66,2021-22,player,66,Alireza Jahanbakhsh,Jahanbakhsh,MID,4,,A,,,https://resources.premierleague.com/premierleague25/photos/players/110x140/165210.png
2021-22-player-68,2021-22,player,68,Bernardo Fernandes Da Silva Junior,Bernardo,DEF,4,,A,,,https://resources.premierleague.com/premierleague25/photos/players/110x140/209362.png
2021-22-player-69,2021-22,player,69,Robert Sánchez,Sánchez,GKP,4,,A,,,https://resources.premierleague.com/premierleague25/photos/players/110x140/215059.png
2021-22-player-70,2021-22,player,70,Yves Bissouma,Bissouma,MID,4,,A,,,https://resources.premierleague.com/premierleague25/photos/players/110x140/227127.png
2021-22-player-71,2021-22,player,71,Tariq Lamptey,Lamptey,DEF,4,,A,,,https://resources.premierleague.com/premierleague25/photos/players/110x140/232792.png
2021-22-player-72,2021-22,player,72,Aaron Connolly,Connolly,FWD,4,,A,,,https://resources.premierleague.com/premierleague25/photos/players/110x140/233425.png
2021-22-player-73,2021-22,player,73,Steven Alzate,Alzate,MID,4,,A,,,https://resources.premierleague.com/premierleague25/photos/players/110x140/235382.png
2021-22-player-74,2021-22,player,74,Alexis Mac Allister,Mac Allister,MID,4,,A,,,https://resources.premierleague.com/premierleague25/photos/players/110x140/243016.png
2021-22-player-75,2021-22,player,75,Jakub Moder,Moder,MID,4,,A,,,https://resources.premierleague.com/premierleague25/photos/players/110x140/243505.png
2021-22-player-447,2021-22,player,447,Danny Welbeck,Welbeck,FWD,4,,A,,,https://resources.premierleague.com/premierleague25/photos/players/110x140/50175.png
2021-22-player-462,2021-22,player,462,Enock Mwepu,Mwepu,MID,4,,A,,,https://resources.premierleague.com/premierleague25/photos/players/110x140/423649.png
2021-22-player-476,2021-22,player,476,Kjell Scherpen,Scherpen,GKP,4,,A,,,https://resources.premierleague.com/premierleague25/photos/players/110x140/240514.png
2021-22-player-500,2021-22,player,500,Florin Andone,Andone,FWD,4,,A,,,https://resources.premierleague.com/premierleague25/photos/players/110x140/93284.png
2021-22-player-535,2021-22,player,535,Andi Zeqiri,Zeqiri,FWD,4,,A,,,https://resources.premierleague.com/premierleague25/photos/players/110x140/204676.png
2021-22-player-536,2021-22,player,536,Michal Karbownik,Karbownik,DEF,4,,A,,,https://resources.premierleague.com/premierleague25/photos/players/110x140/442229.png
2021-22-player-537,2021-22,player,537,Taylor Richards,Richards,MID,4,,A,,,https://resources.premierleague.com/premierleague25/photos/players/110x140/209045.png
2021-22-player-538,2021-22,player,538,Moisés Caicedo,Caicedo,MID,4,,A,,,https://resources.premierleague.com/premierleague25/photos/players/110x140/486672.png
2021-22-player-560,2021-22,player,560,Haydon Roberts,Roberts,DEF,4,,A,,,https://resources.premierleague.com/premierleague25/photos/players/110x140/433589.png
2021-22-player-584,2021-22,player,584,Marc Cucurella,Cucurella,DEF,4,,A,,,https://resources.premierleague.com/premierleague25/photos/players/110x140/179268.png
2021-22-player-595,2021-22,player,595,Jürgen Locadia,Locadia,FWD,4,,A,,,https://resources.premierleague.com/premierleague25/photos/players/110x140/106757.png
2021-22-player-612,2021-22,player,612,Jeremy Sarmiento,Sarmiento,MID,4,,A,,,https://resources.premierleague.com/premierleague25/photos/players/110x140/441192.png
2021-22-player-653,2021-22,player,653,Ed Turns,Turns,DEF,4,,A,,,https://resources.premierleague.com/premierleague25/photos/players/110x140/448496.png
2021-22-player-654,2021-22,player,654,Marc Leonard,Leonard,MID,4,,A,,,https://resources.premierleague.com/premierleague25/photos/players/110x140/433138.png
2021-22-player-655,2021-22,player,655,Evan Ferguson,Ferguson,FWD,4,,A,,,https://resources.premierleague.com/premierleague25/photos/players/110x140/487117.png
2021-22-player-688,2021-22,player,688,Thomas McGill,McGill,GKP,4,,A,,,https://resources.premierleague.com/premierleague25/photos/players/110x140/209288.png
2021-22-player-712,2021-22,player,712,Odeluga Offiah,Offiah,DEF,4,,A,,,https://resources.premierleague.com/premierleague25/photos/players/110x140/445548.png
2021-22-player-98,2021-22,player,98,James Tarkowski,Tarkowski,DEF,5,,A,,,https://resources.premierleague.com/premierleague25/photos/players/110x140/17761.png
2021-22-player-99,2021-22,player,99,Phil Bardsley,Bardsley,DEF,5,,A,,,https://resources.premierleague.com/premierleague25/photos/players/110x140/17997.png
2021-22-player-100,2021-22,player,100,Erik Pieters,Pieters,DEF,5,,A,,,https://resources.premierleague.com/premierleague25/photos/players/110x140/39487.png
2021-22-player-101,2021-22,player,101,Jack Cork,Cork,MID,5,,A,,,https://resources.premierleague.com/premierleague25/photos/players/110x140/40145.png
2021-22-player-102,2021-22,player,102,Dale Stephens,Stephens,MID,5,,A,,,https://resources.premierleague.com/premierleague25/photos/players/110x140/40845.png
2021-22-player-103,2021-22,player,103,Kevin Long,Long,DEF,5,,A,,,https://resources.premierleague.com/premierleague25/photos/players/110x140/41674.png
2021-22-player-104,2021-22,player,104,Jay Rodriguez,Rodriguez,FWD,5,,A,,,https://resources.premierleague.com/premierleague25/photos/players/110x140/44683.png
2021-22-player-105,2021-22,player,105,Ashley Barnes,Barnes,FWD,5,,A,,,https://resources.premierleague.com/premierleague25/photos/players/110x140/44699.png
2021-22-player-106,2021-22,player,106,Ben Mee,Mee,DEF,5,,A,,,https://resources.premierleague.com/premierleague25/photos/players/110x140/51927.png
2021-22-player-107,2021-22,player,107,Ashley Westwood,Westwood,MID,5,,A,,,https://resources.premierleague.com/premierleague25/photos/players/110x140/60551.png
2021-22-player-108,2021-22,player,108,Johann Berg Gudmundsson,Gudmundsson,MID,5,,A,,,https://resources.premierleague.com/premierleague25/photos/players/110x140/60586.png
2021-22-player-110,2021-22,player,110,Matthew Lowton,Lowton,DEF,5,,A,,,https://resources.premierleague.com/premierleague25/photos/players/110x140/68983.png
2021-22-player-111,2021-22,player,111,Matej Vydra,Vydra,FWD,5,,A,,,https://resources.premierleague.com/premierleague25/photos/players/110x140/81183.png
2021-22-player-112,2021-22,player,112,Nick Pope,Pope,GKP,5,,A,,,https://resources.premierleague.com/premierleague25/photos/players/110x140/98747.png
2021-22-player-113,2021-22,player,113,Charlie Taylor,Taylor,DEF,5,,A,,,https://resources.premierleague.com/premierleague25/photos/players/110x140/103914.png
2021-22-player-114,2021-22,player,114,Will Norris,Norris,GKP,5,,A,,,https://resources.premierleague.com/premierleague25/photos/players/110x140/168399.png
2021-22-player-115,2021-22,player,115,Josh Brownhill,Brownhill,MID,5,,A,,,https://resources.premierleague.com/premierleague25/photos/players/110x140/172782.png
2021-22-player-116,2021-22,player,116,Josh Benson,Benson,MID,5,,A,,,https://resources.premierleague.com/premierleague25/photos/players/110x140/217401.png
2021-22-player-117,2021-22,player,117,Bailey Peacock-Farrell,Peacock-Farrell,GKP,5,,A,,,https://resources.premierleague.com/premierleague25/photos/players/110x140/220037.png
2021-22-player-118,2021-22,player,118,Dwight McNeil,McNeil,MID,5,,A,,,https://resources.premierleague.com/premierleague25/photos/players/110x140/433154.png
2021-22-player-451,2021-22,player,451,Nathan Collins,Collins,DEF,5,,A,,,https://resources.premierleague.com/premierleague25/photos/players/110x140/432830.png
2021-22-player-480,2021-22,player,480,Wayne Hennessey,Hennessey,GKP,5,,A,,,https://resources.premierleague.com/premierleague25/photos/players/110x140/20066.png
2021-22-player-533,2021-22,player,533,Lewis Richardson,Richardson,FWD,5,,A,,,https://resources.premierleague.com/premierleague25/photos/players/110x140/461096.png
2021-22-player-534,2021-22,player,534,Bobby Thomas,Thomas,DEF,5,,A,,,https://resources.premierleague.com/premierleague25/photos/players/110x140/461102.png
2021-22-player-565,2021-22,player,565,Owen Dodgson,Dodgson,DEF,5,,A,,,https://resources.premierleague.com/premierleague25/photos/players/110x140/461567.png
2021-22-player-575,2021-22,player,575,Aaron Lennon,Lennon,MID,5,,A,,,https://resources.premierleague.com/premierleague25/photos/players/110x140/17349.png
2021-22-player-578,2021-22,player,578,Maxwel Cornet,Cornet,MID,5,,A,,,https://resources.premierleague.com/premierleague25/photos/players/110x140/149519.png
2021-22-player-585,2021-22,player,585,Connor Roberts,Roberts,DEF,5,,A,,,https://resources.premierleague.com/premierleague25/photos/players/110x140/192290.png
2021-22-player-700,2021-22,player,700,Wout Weghorst,Weghorst,FWD,5,,A,,,https://resources.premierleague.com/premierleague25/photos/players/110x140/120202.png
2021-22-player-708,2021-22,player,708,Sam Waller,Waller,GKP,5,,A,,,https://resources.premierleague.com/premierleague25/photos/players/110x140/514229.png
2021-22-player-726,2021-22,player,726,Dara Costelloe,Costelloe,MID,5,,A,,,https://resources.premierleague.com/premierleague25/photos/players/110x140/530873.png
2021-22-player-735,2021-22,player,735,Joseph McGlynn,McGlynn,FWD,5,,A,,,https://resources.premierleague.com/premierleague25/photos/players/110x140/461080.png
2021-22-player-736,2021-22,player,736,Anthony Mancini,Mancini,MID,5,,A,,,https://resources.premierleague.com/premierleague25/photos/players/110x140/465299.png
2021-22-player-119,2021-22,player,119,César Azpilicueta,Azpilicueta,DEF,6,,A,,,https://resources.premierleague.com/premierleague25/photos/players/110x140/41328.png
2021-22-player-120,2021-22,player,120,Olivier Giroud,Giroud,FWD,6,,A,,,https://resources.premierleague.com/premierleague25/photos/players/110x140/44346.png
2021-22-player-121,2021-22,player,121,Thiago Emiliano da Silva,Thiago Silva,DEF,6,,A,,,https://resources.premierleague.com/premierleague25/photos/players/110x140/51090.png
2021-22-player-122,2021-22,player,122,Marcos Alonso,Alonso,DEF,6,,A,,,https://resources.premierleague.com/premierleague25/photos/players/110x140/82263.png
2021-22-player-123,2021-22,player,123,Jorge Luiz Frello Filho,Jorginho,MID,6,,A,,,https://resources.premierleague.com/premierleague25/photos/players/110x140/85955.png
2021-22-player-124,2021-22,player,124,Ross Barkley,Barkley,MID,6,,A,,,https://resources.premierleague.com/premierleague25/photos/players/110x140/88894.png
2021-22-player-125,2021-22,player,125,Mateo Kovacic,Kovacic,MID,6,,A,,,https://resources.premierleague.com/premierleague25/photos/players/110x140/91651.png
2021-22-player-126,2021-22,player,126,Michy Batshuayi,Batshuayi,FWD,6,,A,,,https://resources.premierleague.com/premierleague25/photos/players/110x140/94245.png
2021-22-player-127,2021-22,player,127,Antonio Rüdiger,Rüdiger,DEF,6,,A,,,https://resources.premierleague.com/premierleague25/photos/players/110x140/102380.png
2021-22-player-129,2021-22,player,129,Kepa Arrizabalaga,Arrizabalaga,GKP,6,,A,,,https://resources.premierleague.com/premierleague25/photos/players/110x140/109745.png
2021-22-player-130,2021-22,player,130,N'Golo Kanté,Kanté,MID,6,,A,,,https://resources.premierleague.com/premierleague25/photos/players/110x140/116594.png
2021-22-player-131,2021-22,player,131,Hakim Ziyech,Ziyech,MID,6,,A,,,https://resources.premierleague.com/premierleague25/photos/players/110x140/124183.png
2021-22-player-132,2021-22,player,132,Ruben Loftus-Cheek,Loftus-Cheek,MID,6,,A,,,https://resources.premierleague.com/premierleague25/photos/players/110x140/126187.png
2021-22-player-133,2021-22,player,133,Andreas Christensen,Christensen,DEF,6,,A,,,https://resources.premierleague.com/premierleague25/photos/players/110x140/135363.png
2021-22-player-134,2021-22,player,134,Timo Werner,Werner,FWD,6,,A,,,https://resources.premierleague.com/premierleague25/photos/players/110x140/165153.png
2021-22-player-135,2021-22,player,135,Benjamin Chilwell,Chilwell,DEF,6,,A,,,https://resources.premierleague.com/premierleague25/photos/players/110x140/172850.png
2021-22-player-136,2021-22,player,136,Tammy Abraham,Abraham,FWD,6,,A,,,https://resources.premierleague.com/premierleague25/photos/players/110x140/173879.png
2021-22-player-137,2021-22,player,137,Christian Pulisic,Pulisic,MID,6,,A,,,https://resources.premierleague.com/premierleague25/photos/players/110x140/176413.png
2021-22-player-138,2021-22,player,138,Mason Mount,Mount,MID,6,,A,,,https://resources.premierleague.com/premierleague25/photos/players/110x140/184341.png
2021-22-player-139,2021-22,player,139,Ethan Ampadu,Ampadu,DEF,6,,A,,,https://resources.premierleague.com/premierleague25/photos/players/110x140/199598.png
2021-22-player-140,2021-22,player,140,Callum Hudson-Odoi,Hudson-Odoi,MID,6,,A,,,https://resources.premierleague.com/premierleague25/photos/players/110x140/209046.png
2021-22-player-141,2021-22,player,141,Kai Havertz,Havertz,MID,6,,A,,,https://resources.premierleague.com/premierleague25/photos/players/110x140/219847.png
2021-22-player-142,2021-22,player,142,Reece James,James,DEF,6,,A,,,https://resources.premierleague.com/premierleague25/photos/players/110x140/225796.png
2021-22-player-143,2021-22,player,143,Edouard Mendy,Mendy,GKP,6,,A,,,https://resources.premierleague.com/premierleague25/photos/players/110x140/228286.png
2021-22-player-501,2021-22,player,501,Malang Sarr,Sarr,DEF,6,,A,,,https://resources.premierleague.com/premierleague25/photos/players/110x140/204727.png
2021-22-player-527,2021-22,player,527,Trevoh Chalobah,Chalobah,DEF,6,,A,,,https://resources.premierleague.com/premierleague25/photos/players/110x140/180736.png
2021-22-player-529,2021-22,player,529,Romelu Lukaku,Lukaku,FWD,6,,A,,,https://resources.premierleague.com/premierleague25/photos/players/110x140/66749.png
2021-22-player-539,2021-22,player,539,Emerson Palmieri dos Santos,Emerson,DEF,6,,A,,,https://resources.premierleague.com/premierleague25/photos/players/110x140/109533.png
2021-22-player-592,2021-22,player,592,Saúl Ñíguez,Saúl,MID,6,,A,,,https://resources.premierleague.com/premierleague25/photos/players/110x140/89335.png
2021-22-player-606,2021-22,player,606,Marcus Bettinelli,Bettinelli,GKP,6,,A,,,https://resources.premierleague.com/premierleague25/photos/players/110x140/122074.png
2021-22-player-671,2021-22,player,671,Lewis Hall,Hall,MID,6,,A,,,https://resources.premierleague.com/premierleague25/photos/players/110x140/487838.png
2021-22-player-672,2021-22,player,672,Harvey Vale,Vale,MID,6,,A,,,https://resources.premierleague.com/premierleague25/photos/players/110x140/491785.png
2021-22-player-690,2021-22,player,690,Robert Kenedy Nunes do Nascimento,Kenedy,DEF,6,,A,,,https://resources.premierleague.com/premierleague25/photos/players/110x140/167767.png
2021-22-player-144,2021-22,player,144,Conor Gallagher,Gallagher,MID,7,,A,,,https://resources.premierleague.com/premierleague25/photos/players/110x140/232787.png
2021-22-player-146,2021-22,player,146,Vicente Guaita,Guaita,GKP,7,,A,,,https://resources.premierleague.com/premierleague25/photos/players/110x140/40836.png
2021-22-player-147,2021-22,player,147,James Tomkins,Tomkins,DEF,7,,A,,,https://resources.premierleague.com/premierleague25/photos/players/110x140/49413.png
2021-22-player-148,2021-22,player,148,James McArthur,McArthur,MID,7,,A,,,https://resources.premierleague.com/premierleague25/photos/players/110x140/50471.png
2021-22-player-149,2021-22,player,149,Christian Benteke,Benteke,FWD,7,,A,,,https://resources.premierleague.com/premierleague25/photos/players/110x140/54861.png
2021-22-player-150,2021-22,player,150,Cheikhou Kouyaté,Kouyaté,DEF,7,,A,,,https://resources.premierleague.com/premierleague25/photos/players/110x140/55037.png
2021-22-player-151,2021-22,player,151,Martin Kelly,Kelly,DEF,7,,A,,,https://resources.premierleague.com/premierleague25/photos/players/110x140/58786.png
2021-22-player-152,2021-22,player,152,Luka Milivojevic,Milivojevic,MID,7,,A,,,https://resources.premierleague.com/premierleague25/photos/players/110x140/66975.png
2021-22-player-153,2021-22,player,153,Jordan Ayew,Ayew,FWD,7,,A,,,https://resources.premierleague.com/premierleague25/photos/players/110x140/80146.png
2021-22-player-154,2021-22,player,154,Wilfried Zaha,Zaha,MID,7,,A,,,https://resources.premierleague.com/premierleague25/photos/players/110x140/82403.png
2021-22-player-155,2021-22,player,155,Jeffrey Schlupp,Schlupp,MID,7,,A,,,https://resources.premierleague.com/premierleague25/photos/players/110x140/86417.png
2021-22-player-156,2021-22,player,156,Jack Butland,Butland,GKP,7,,A,,,https://resources.premierleague.com/premierleague25/photos/players/110x140/105666.png
2021-22-player-157,2021-22,player,157,Jairo Riedewald,Riedewald,MID,7,,A,,,https://resources.premierleague.com/premierleague25/photos/players/110x140/173954.png
2021-22-player-158,2021-22,player,158,Jarosław Jach,Jach,DEF,7,,A,,,https://resources.premierleague.com/premierleague25/photos/players/110x140/185478.png
2021-22-player-159,2021-22,player,159,Jean-Philippe Mateta,Mateta,FWD,7,,A,,,https://resources.premierleague.com/premierleague25/photos/players/110x140/231747.png
2021-22-player-160,2021-22,player,160,Eberechi Eze,Eze,MID,7,,A,,,https://resources.premierleague.com/premierleague25/photos/players/110x140/232413.png
2021-22-player-161,2021-22,player,161,Nathan Ferguson,Ferguson,DEF,7,,A,,,https://resources.premierleague.com/premierleague25/photos/players/110x140/232423.png
2021-22-player-162,2021-22,player,162,Tyrick Mitchell,Mitchell,DEF,7,,A,,,https://resources.premierleague.com/premierleague25/photos/players/110x140/244723.png
2021-22-player-386,2021-22,player,386,Will Hughes,Hughes,MID,7,,A,,,https://resources.premierleague.com/premierleague25/photos/players/110x140/108413.png
2021-22-player-464,2021-22,player,464,Michael Olise,Olise,MID,7,,A,,,https://resources.premierleague.com/premierleague25/photos/players/110x140/443661.png
2021-22-player-474,2021-22,player,474,Joel Ward,Ward,DEF,7,,A,,,https://resources.premierleague.com/premierleague25/photos/players/110x140/55494.png
2021-22-player-477,2021-22,player,477,Marc Guéhi,Guéhi,DEF,7,,A,,,https://resources.premierleague.com/premierleague25/photos/players/110x140/209036.png
2021-22-player-488,2021-22,player,488,Joachim Andersen,Andersen,DEF,7,,A,,,https://resources.premierleague.com/premierleague25/photos/players/110x140/174874.png
2021-22-player-493,2021-22,player,493,Nathaniel Clyne,Clyne,DEF,7,,A,,,https://resources.premierleague.com/premierleague25/photos/players/110x140/57328.png
2021-22-player-540,2021-22,player,540,Reece Hannam,Hannam,DEF,7,,A,,,https://resources.premierleague.com/premierleague25/photos/players/110x140/223824.png
2021-22-player-541,2021-22,player,541,Jesurun Rak-Sakyi,Rak-Sakyi,MID,7,,A,,,https://resources.premierleague.com/premierleague25/photos/players/110x140/450542.png
2021-22-player-542,2021-22,player,542,Robert Street,Street,FWD,7,,A,,,https://resources.premierleague.com/premierleague25/photos/players/110x140/448482.png
2021-22-player-543,2021-22,player,543,Scott Banks,Banks,MID,7,,A,,,https://resources.premierleague.com/premierleague25/photos/players/110x140/462831.png
2021-22-player-561,2021-22,player,561,Remi Matthews,Matthews,GKP,7,,A,,,https://resources.premierleague.com/premierleague25/photos/players/110x140/169593.png
2021-22-player-586,2021-22,player,586,Odsonne Edouard,Edouard,FWD,7,,A,,,https://resources.premierleague.com/premierleague25/photos/players/110x140/199670.png
2021-22-player-709,2021-22,player,709,Tayo Adaramola,Adaramola,DEF,7,,A,,,https://resources.premierleague.com/premierleague25/photos/players/110x140/501468.png
2021-22-player-42,2021-22,player,42,Anwar El Ghazi,El Ghazi,MID,8,,A,,,https://resources.premierleague.com/premierleague25/photos/players/110x140/193488.png
2021-22-player-163,2021-22,player,163,Fabian Delph,Delph,MID,8,,A,,,https://resources.premierleague.com/premierleague25/photos/players/110x140/41823.png
2021-22-player-164,2021-22,player,164,Gylfi Sigurdsson,Sigurdsson,MID,8,,A,,,https://resources.premierleague.com/premierleague25/photos/players/110x140/55422.png
2021-22-player-165,2021-22,player,165,Seamus Coleman,Coleman,DEF,8,,A,,,https://resources.premierleague.com/premierleague25/photos/players/110x140/59949.png
2021-22-player-166,2021-22,player,166,James Rodríguez,James,MID,8,,A,,,https://resources.premierleague.com/premierleague25/photos/players/110x140/60025.png
2021-22-player-167,2021-22,player,167,Bernard Anício Caldeira Duarte,Bernard,MID,8,,A,,,https://resources.premierleague.com/premierleague25/photos/players/110x140/100649.png
2021-22-player-169,2021-22,player,169,Michael Keane,Keane,DEF,8,,A,,,https://resources.premierleague.com/premierleague25/photos/players/110x140/106611.png
2021-22-player-170,2021-22,player,170,Jordan Pickford,Pickford,GKP,8,,A,,,https://resources.premierleague.com/premierleague25/photos/players/110x140/111234.png
2021-22-player-171,2021-22,player,171,Allan Marques Loureiro,Allan,MID,8,,A,,,https://resources.premierleague.com/premierleague25/photos/players/110x140/119765.png
2021-22-player-172,2021-22,player,172,André Filipe Tavares Gomes,André Gomes,MID,8,,A,,,https://resources.premierleague.com/premierleague25/photos/players/110x140/120250.png
2021-22-player-173,2021-22,player,173,Abdoulaye Doucouré,Doucouré,MID,8,,A,,,https://resources.premierleague.com/premierleague25/photos/players/110x140/121599.png
2021-22-player-174,2021-22,player,174,Alex Iwobi,Iwobi,MID,8,,A,,,https://resources.premierleague.com/premierleague25/photos/players/110x140/153133.png
2021-22-player-175,2021-22,player,175,Yerry Mina,Mina,DEF,8,,A,,,https://resources.premierleague.com/premierleague25/photos/players/110x140/164511.png
2021-22-player-176,2021-22,player,176,Tom Davies,Davies,MID,8,,A,,,https://resources.premierleague.com/premierleague25/photos/players/110x140/173807.png
2021-22-player-177,2021-22,player,177,Dominic Calvert-Lewin,Calvert-Lewin,FWD,8,,A,,,https://resources.premierleague.com/premierleague25/photos/players/110x140/177815.png
2021-22-player-178,2021-22,player,178,Mason Holgate,Holgate,DEF,8,,A,,,https://resources.premierleague.com/premierleague25/photos/players/110x140/194164.png
2021-22-player-179,2021-22,player,179,Ben Godfrey,Godfrey,DEF,8,,A,,,https://resources.premierleague.com/premierleague25/photos/players/110x140/198826.png
2021-22-player-180,2021-22,player,180,Richarlison de Andrade,Richarlison,FWD,8,,A,,,https://resources.premierleague.com/premierleague25/photos/players/110x140/212319.png
2021-22-player-181,2021-22,player,181,João Virgínia,Virgínia,GKP,8,,A,,,https://resources.premierleague.com/premierleague25/photos/players/110x140/222627.png
2021-22-player-282,2021-22,player,282,Donny van de Beek,van de Beek,MID,8,,A,,,https://resources.premierleague.com/premierleague25/photos/players/110x140/180184.png
2021-22-player-363,2021-22,player,363,Bamidele Alli,Dele,MID,8,,A,,,https://resources.premierleague.com/premierleague25/photos/players/110x140/108823.png
2021-22-player-481,2021-22,player,481,Asmir Begović,Begović,GKP,8,,A,,,https://resources.premierleague.com/premierleague25/photos/players/110x140/40349.png
2021-22-player-482,2021-22,player,482,Andros Townsend,Townsend,MID,8,,A,,,https://resources.premierleague.com/premierleague25/photos/players/110x140/60252.png
2021-22-player-484,2021-22,player,484,Demarai Gray,Gray,MID,8,,A,,,https://resources.premierleague.com/premierleague25/photos/players/110x140/172632.png
2021-22-player-502,2021-22,player,502,Jonjoe Kenny,Kenny,DEF,8,,A,,,https://resources.premierleague.com/premierleague25/photos/players/110x140/153673.png
2021-22-player-503,2021-22,player,503,Anthony Gordon,Gordon,MID,8,,A,,,https://resources.premierleague.com/premierleague25/photos/players/110x140/232826.png
2021-22-player-504,2021-22,player,504,Jean-Philippe Gbamin,Gbamin,MID,8,,A,,,https://resources.premierleague.com/premierleague25/photos/players/110x140/160987.png
2021-22-player-544,2021-22,player,544,Jarrad Branthwaite,Branthwaite,DEF,8,,A,,,https://resources.premierleague.com/premierleague25/photos/players/110x140/480455.png
2021-22-player-545,2021-22,player,545,Nathan Broadhead,Broadhead,FWD,8,,A,,,https://resources.premierleague.com/premierleague25/photos/players/110x140/173818.png
2021-22-player-564,2021-22,player,564,Moise Kean,Kean,FWD,8,,A,,,https://resources.premierleague.com/premierleague25/photos/players/110x140/242058.png
2021-22-player-570,2021-22,player,570,Niels Nkounkou,Nkounkou,DEF,8,,A,,,https://resources.premierleague.com/premierleague25/photos/players/110x140/495542.png
2021-22-player-571,2021-22,player,571,Andy Lonergan,Lonergan,GKP,8,,A,,,https://resources.premierleague.com/premierleague25/photos/players/110x140/11948.png
2021-22-player-591,2021-22,player,591,Salomón Rondón,Rondón,FWD,8,,A,,,https://resources.premierleague.com/premierleague25/photos/players/110x140/57134.png
2021-22-player-602,2021-22,player,602,Ellis Simms,Simms,FWD,8,,A,,,https://resources.premierleague.com/premierleague25/photos/players/110x140/218997.png
2021-22-player-607,2021-22,player,607,Lewis Dobbin,Dobbin,FWD,8,,A,,,https://resources.premierleague.com/premierleague25/photos/players/110x140/461421.png
2021-22-player-613,2021-22,player,613,Charlie Whitaker,Whitaker,MID,8,,A,,,https://resources.premierleague.com/premierleague25/photos/players/110x140/491556.png
2021-22-player-616,2021-22,player,616,Harry Tyrer,Tyrer,GKP,8,,A,,,https://resources.premierleague.com/premierleague25/photos/players/110x140/447325.png
2021-22-player-622,2021-22,player,622,Cenk Tosun,Tosun,FWD,8,,A,,,https://resources.premierleague.com/premierleague25/photos/players/110x140/66838.png
2021-22-player-623,2021-22,player,623,Reece Welch,Welch,DEF,8,,A,,,https://resources.premierleague.com/premierleague25/photos/players/110x140/474907.png
2021-22-player-630,2021-22,player,630,Tyler Onyango,Onyango,MID,8,,A,,,https://resources.premierleague.com/premierleague25/photos/players/110x140/461446.png
2021-22-player-674,2021-22,player,674,Nathan Patterson,Patterson,DEF,8,,A,,,https://resources.premierleague.com/premierleague25/photos/players/110x140/243571.png
2021-22-player-675,2021-22,player,675,Vitalii Mykolenko,Mykolenko,DEF,8,,A,,,https://resources.premierleague.com/premierleague25/photos/players/110x140/224967.png
2021-22-player-718,2021-22,player,718,Isaac Price,Price,MID,8,,A,,,https://resources.premierleague.com/premierleague25/photos/players/110x140/491559.png
2021-22-player-200,2021-22,player,200,Kasper Schmeichel,Schmeichel,GKP,9,,A,,,https://resources.premierleague.com/premierleague25/photos/players/110x140/17745.png
2021-22-player-201,2021-22,player,201,Jonny Evans,Evans,DEF,9,,A,,,https://resources.premierleague.com/premierleague25/photos/players/110x140/37642.png
2021-22-player-202,2021-22,player,202,Marc Albrighton,Albrighton,MID,9,,A,,,https://resources.premierleague.com/premierleague25/photos/players/110x140/51938.png
2021-22-player-203,2021-22,player,203,Nampalys Mendy,Mendy,MID,9,,A,,,https://resources.premierleague.com/premierleague25/photos/players/110x140/86881.png
2021-22-player-204,2021-22,player,204,Danny Ward,Ward,GKP,9,,A,,,https://resources.premierleague.com/premierleague25/photos/players/110x140/95463.png
2021-22-player-205,2021-22,player,205,Jamie Vardy,Vardy,FWD,9,,A,,,https://resources.premierleague.com/premierleague25/photos/players/110x140/101668.png
2021-22-player-206,2021-22,player,206,Dennis Praet,Praet,MID,9,,A,,,https://resources.premierleague.com/premierleague25/photos/players/110x140/106837.png
2021-22-player-207,2021-22,player,207,Ricardo Domingos Barbosa Pereira,Pereira,DEF,9,,A,,,https://resources.premierleague.com/premierleague25/photos/players/110x140/111931.png
2021-22-player-208,2021-22,player,208,Daniel Amartey,Amartey,DEF,9,,A,,,https://resources.premierleague.com/premierleague25/photos/players/110x140/155569.png
2021-22-player-209,2021-22,player,209,Timothy Castagne,Castagne,DEF,9,,A,,,https://resources.premierleague.com/premierleague25/photos/players/110x140/166477.png
2021-22-player-210,2021-22,player,210,Youri Tielemans,Tielemans,MID,9,,A,,,https://resources.premierleague.com/premierleague25/photos/players/110x140/166989.png
2021-22-player-211,2021-22,player,211,Ayoze Pérez,Pérez,MID,9,,A,,,https://resources.premierleague.com/premierleague25/photos/players/110x140/168580.png
2021-22-player-212,2021-22,player,212,James Maddison,Maddison,MID,9,,A,,,https://resources.premierleague.com/premierleague25/photos/players/110x140/172780.png
2021-22-player-213,2021-22,player,213,Kelechi Iheanacho,Iheanacho,FWD,9,,A,,,https://resources.premierleague.com/premierleague25/photos/players/110x140/173515.png
2021-22-player-214,2021-22,player,214,Hamza Choudhury,Choudhury,MID,9,,A,,,https://resources.premierleague.com/premierleague25/photos/players/110x140/197469.png
2021-22-player-215,2021-22,player,215,Harvey Barnes,Barnes,MID,9,,A,,,https://resources.premierleague.com/premierleague25/photos/players/110x140/201666.png
2021-22-player-216,2021-22,player,216,Wilfred Ndidi,Ndidi,MID,9,,A,,,https://resources.premierleague.com/premierleague25/photos/players/110x140/203341.png
2021-22-player-217,2021-22,player,217,Çaglar Söyüncü,Söyüncü,DEF,9,,A,,,https://resources.premierleague.com/premierleague25/photos/players/110x140/218031.png
2021-22-player-218,2021-22,player,218,James Justin,Justin,DEF,9,,A,,,https://resources.premierleague.com/premierleague25/photos/players/110x140/220627.png
2021-22-player-219,2021-22,player,219,Luke Thomas,Thomas,DEF,9,,A,,,https://resources.premierleague.com/premierleague25/photos/players/110x140/244619.png
2021-22-player-220,2021-22,player,220,Wesley Fofana,Fofana,DEF,9,,A,,,https://resources.premierleague.com/premierleague25/photos/players/110x140/444463.png
2021-22-player-340,2021-22,player,340,Jannik Vestergaard,Vestergaard,DEF,9,,A,,,https://resources.premierleague.com/premierleague25/photos/players/110x140/93100.png
2021-22-player-455,2021-22,player,455,Patson Daka,Daka,FWD,9,,A,,,https://resources.premierleague.com/premierleague25/photos/players/110x140/245419.png
2021-22-player-458,2021-22,player,458,Boubakary Soumaré,Soumaré,MID,9,,A,,,https://resources.premierleague.com/premierleague25/photos/players/110x140/225902.png
2021-22-player-473,2021-22,player,473,Ryan Bertrand,Bertrand,DEF,9,,A,,,https://resources.premierleague.com/premierleague25/photos/players/110x140/40146.png
2021-22-player-505,2021-22,player,505,Kiernan Dewsbury-Hall,Dewsbury-Hall,MID,9,,A,,,https://resources.premierleague.com/premierleague25/photos/players/110x140/215413.png
2021-22-player-573,2021-22,player,573,Eldin Jakupovic,Jakupovic,GKP,9,,A,,,https://resources.premierleague.com/premierleague25/photos/players/110x140/11974.png
2021-22-player-587,2021-22,player,587,Ademola Lookman,Lookman,MID,9,,A,,,https://resources.premierleague.com/premierleague25/photos/players/110x140/219352.png
2021-22-player-639,2021-22,player,639,Vontae Daley-Campbell,Daley-Campbell,DEF,9,,A,,,https://resources.premierleague.com/premierleague25/photos/players/110x140/232229.png
2021-22-player-645,2021-22,player,645,Ben Nelson,Nelson,DEF,9,,A,,,https://resources.premierleague.com/premierleague25/photos/players/110x140/501770.png
2021-22-player-646,2021-22,player,646,Lewis Brunt,Brunt,MID,9,,A,,,https://resources.premierleague.com/premierleague25/photos/players/110x140/232620.png
2021-22-player-647,2021-22,player,647,Kasey McAteer,McAteer,MID,9,,A,,,https://resources.premierleague.com/premierleague25/photos/players/110x140/461587.png
2021-22-player-182,2021-22,player,182,Pablo Hernández Domínguez,Hernández,MID,10,,A,,,https://resources.premierleague.com/premierleague25/photos/players/110x140/28690.png
2021-22-player-183,2021-22,player,183,Francisco Casilla Cortés,Casilla,GKP,10,,A,,,https://resources.premierleague.com/premierleague25/photos/players/110x140/39790.png
2021-22-player-184,2021-22,player,184,Liam Cooper,Cooper,DEF,10,,A,,,https://resources.premierleague.com/premierleague25/photos/players/110x140/55914.png
2021-22-player-185,2021-22,player,185,Luke Ayling,Ayling,DEF,10,,A,,,https://resources.premierleague.com/premierleague25/photos/players/110x140/66588.png
2021-22-player-186,2021-22,player,186,Mateusz Klich,Klich,MID,10,,A,,,https://resources.premierleague.com/premierleague25/photos/players/110x140/72222.png
2021-22-player-187,2021-22,player,187,Rodrigo Moreno,Rodrigo,FWD,10,,A,,,https://resources.premierleague.com/premierleague25/photos/players/110x140/80954.png
2021-22-player-188,2021-22,player,188,Stuart Dallas,Dallas,MID,10,,A,,,https://resources.premierleague.com/premierleague25/photos/players/110x140/87873.png
2021-22-player-189,2021-22,player,189,Patrick Bamford,Bamford,FWD,10,,A,,,https://resources.premierleague.com/premierleague25/photos/players/110x140/106617.png
2021-22-player-190,2021-22,player,190,Diego Llorente,Llorente,DEF,10,,A,,,https://resources.premierleague.com/premierleague25/photos/players/110x140/149915.png
2021-22-player-191,2021-22,player,191,Kalvin Phillips,Phillips,MID,10,,A,,,https://resources.premierleague.com/premierleague25/photos/players/110x140/155405.png
2021-22-player-192,2021-22,player,192,Hélder Wander Sousa de Azevedo e Costa,Costa,MID,10,,A,,,https://resources.premierleague.com/premierleague25/photos/players/110x140/165808.png
2021-22-player-193,2021-22,player,193,Tyler Roberts,Roberts,MID,10,,A,,,https://resources.premierleague.com/premierleague25/photos/players/110x140/173821.png
2021-22-player-194,2021-22,player,194,Robin Koch,Koch,DEF,10,,A,,,https://resources.premierleague.com/premierleague25/photos/players/110x140/193645.png
2021-22-player-195,2021-22,player,195,Ian Carlo Poveda-Ocampo,Poveda,MID,10,,A,,,https://resources.premierleague.com/premierleague25/photos/players/110x140/215460.png
2021-22-player-196,2021-22,player,196,Raphael Dias Belloli,Raphinha,MID,10,,A,,,https://resources.premierleague.com/premierleague25/photos/players/110x140/219961.png
2021-22-player-197,2021-22,player,197,Jamie Shackleton,Shackleton,MID,10,,A,,,https://resources.premierleague.com/premierleague25/photos/players/110x140/221610.png
2021-22-player-198,2021-22,player,198,Pascal Struijk,Struijk,DEF,10,,A,,,https://resources.premierleague.com/premierleague25/photos/players/110x140/222694.png
2021-22-player-199,2021-22,player,199,Illan Meslier,Meslier,GKP,10,,A,,,https://resources.premierleague.com/premierleague25/photos/players/110x140/437495.png
2021-22-player-267,2021-22,player,267,Jack Harrison,Harrison,MID,10,,A,,,https://resources.premierleague.com/premierleague25/photos/players/110x140/221399.png
2021-22-player-287,2021-22,player,287,Daniel James,James,MID,10,,A,,,https://resources.premierleague.com/premierleague25/photos/players/110x140/200617.png
2021-22-player-463,2021-22,player,463,Héctor Junior Firpo Adames,Firpo,DEF,10,,A,,,https://resources.premierleague.com/premierleague25/photos/players/110x140/443967.png
2021-22-player-490,2021-22,player,490,Kristoffer Klaesson,Klaesson,GKP,10,,A,,,https://resources.premierleague.com/premierleague25/photos/players/110x140/223081.png
2021-22-player-550,2021-22,player,550,Sam Greenwood,Greenwood,FWD,10,,A,,,https://resources.premierleague.com/premierleague25/photos/players/110x140/248937.png
2021-22-player-551,2021-22,player,551,Crysencio Summerville,Summerville,MID,10,,A,,,https://resources.premierleague.com/premierleague25/photos/players/110x140/450070.png
2021-22-player-552,2021-22,player,552,Adam Forshaw,Forshaw,MID,10,,A,,,https://resources.premierleague.com/premierleague25/photos/players/110x140/80179.png
2021-22-player-562,2021-22,player,562,Cody Drameh,Drameh,DEF,10,,A,,,https://resources.premierleague.com/premierleague25/photos/players/110x140/433590.png
2021-22-player-563,2021-22,player,563,Charlie Cresswell,Cresswell,DEF,10,,A,,,https://resources.premierleague.com/premierleague25/photos/players/110x140/492373.png
2021-22-player-576,2021-22,player,576,Liam McCarron,McCarron,MID,10,,A,,,https://resources.premierleague.com/premierleague25/photos/players/110x140/464618.png
2021-22-player-577,2021-22,player,577,Joe Gelhardt,Gelhardt,FWD,10,,A,,,https://resources.premierleague.com/premierleague25/photos/players/110x140/462635.png
2021-22-player-600,2021-22,player,600,Nohan Kenneh,Kenneh,MID,10,,A,,,https://resources.premierleague.com/premierleague25/photos/players/110x140/469249.png
2021-22-player-601,2021-22,player,601,Stuart McKinstry,McKinstry,MID,10,,A,,,https://resources.premierleague.com/premierleague25/photos/players/110x140/473342.png
2021-22-player-608,2021-22,player,608,Leo Fuhr Hjelde,Hjelde,DEF,10,,A,,,https://resources.premierleague.com/premierleague25/photos/players/110x140/477547.png
2021-22-player-624,2021-22,player,624,Lewis Bate,Bate,MID,10,,A,,,https://resources.premierleague.com/premierleague25/photos/players/110x140/450529.png
2021-22-player-631,2021-22,player,631,Jack Jenkins,Jenkins,MID,10,,A,,,https://resources.premierleague.com/premierleague25/photos/players/110x140/492374.png
2021-22-player-657,2021-22,player,657,Kris Moore,Moore,DEF,10,,A,,,https://resources.premierleague.com/premierleague25/photos/players/110x140/513852.png
2021-22-player-658,2021-22,player,658,Archie Gray,Gray,MID,10,,A,,,https://resources.premierleague.com/premierleague25/photos/players/110x140/547701.png
2021-22-player-221,2021-22,player,221,James Milner,Milner,MID,11,,A,,,https://resources.premierleague.com/premierleague25/photos/players/110x140/15157.png
2021-22-player-222,2021-22,player,222,Jordan Henderson,Henderson,MID,11,,A,,,https://resources.premierleague.com/premierleague25/photos/players/110x140/56979.png
2021-22-player-223,2021-22,player,223,Adrián San Miguel del Castillo,Adrián,GKP,11,,A,,,https://resources.premierleague.com/premierleague25/photos/players/110x140/60706.png
2021-22-player-224,2021-22,player,224,Joel Matip,Matip,DEF,11,,A,,,https://resources.premierleague.com/premierleague25/photos/players/110x140/60914.png
2021-22-player-225,2021-22,player,225,Thiago Alcántara do Nascimento,Thiago,MID,11,,A,,,https://resources.premierleague.com/premierleague25/photos/players/110x140/61558.png
2021-22-player-226,2021-22,player,226,Xherdan Shaqiri,Shaqiri,MID,11,,A,,,https://resources.premierleague.com/premierleague25/photos/players/110x140/68312.png
2021-22-player-227,2021-22,player,227,Alex Oxlade-Chamberlain,Chamberlain,MID,11,,A,,,https://resources.premierleague.com/premierleague25/photos/players/110x140/81880.png
2021-22-player-228,2021-22,player,228,Roberto Firmino,Firmino,FWD,11,,A,,,https://resources.premierleague.com/premierleague25/photos/players/110x140/92217.png
2021-22-player-229,2021-22,player,229,Virgil van Dijk,van Dijk,DEF,11,,A,,,https://resources.premierleague.com/premierleague25/photos/players/110x140/97032.png
2021-22-player-230,2021-22,player,230,Sadio Mané,Mané,MID,11,,A,,,https://resources.premierleague.com/premierleague25/photos/players/110x140/110979.png
2021-22-player-231,2021-22,player,231,Alisson Ramses Becker,Alisson,GKP,11,,A,,,https://resources.premierleague.com/premierleague25/photos/players/110x140/116535.png
2021-22-player-232,2021-22,player,232,Fabio Henrique Tavares,Fabinho,MID,11,,A,,,https://resources.premierleague.com/premierleague25/photos/players/110x140/116643.png
2021-22-player-233,2021-22,player,233,Mohamed Salah,Salah,MID,11,,A,,,https://resources.premierleague.com/premierleague25/photos/players/110x140/118748.png
2021-22-player-234,2021-22,player,234,Andrew Robertson,Robertson,DEF,11,,A,,,https://resources.premierleague.com/premierleague25/photos/players/110x140/122798.png
2021-22-player-235,2021-22,player,235,Divock Origi,Origi,FWD,11,,A,,,https://resources.premierleague.com/premierleague25/photos/players/110x140/152760.png
2021-22-player-236,2021-22,player,236,Takumi Minamino,Minamino,MID,11,,A,,,https://resources.premierleague.com/premierleague25/photos/players/110x140/157882.png
2021-22-player-237,2021-22,player,237,Trent Alexander-Arnold,Alexander-Arnold,DEF,11,,A,,,https://resources.premierleague.com/premierleague25/photos/players/110x140/169187.png
2021-22-player-238,2021-22,player,238,Joseph Gomez,Gomez,DEF,11,,A,,,https://resources.premierleague.com/premierleague25/photos/players/110x140/171287.png
2021-22-player-239,2021-22,player,239,Naby Keita,Keita,MID,11,,A,,,https://resources.premierleague.com/premierleague25/photos/players/110x140/175592.png
2021-22-player-240,2021-22,player,240,Diogo Jota,Jota,MID,11,,A,,,https://resources.premierleague.com/premierleague25/photos/players/110x140/194634.png
2021-22-player-241,2021-22,player,241,Nathaniel Phillips,Phillips,DEF,11,,A,,,https://resources.premierleague.com/premierleague25/photos/players/110x140/197464.png
2021-22-player-242,2021-22,player,242,Caoimhin Kelleher,Kelleher,GKP,11,,A,,,https://resources.premierleague.com/premierleague25/photos/players/110x140/200720.png
2021-22-player-243,2021-22,player,243,Ibrahima Konaté,Konaté,DEF,11,,A,,,https://resources.premierleague.com/premierleague25/photos/players/110x140/204716.png
2021-22-player-244,2021-22,player,244,Curtis Jones,Jones,MID,11,,A,,,https://resources.premierleague.com/premierleague25/photos/players/110x140/206915.png
2021-22-player-245,2021-22,player,245,Konstantinos Tsimikas,Tsimikas,DEF,11,,A,,,https://resources.premierleague.com/premierleague25/photos/players/110x140/214285.png
2021-22-player-246,2021-22,player,246,Neco Williams,N.Williams,DEF,11,,A,,,https://resources.premierleague.com/premierleague25/photos/players/110x140/215136.png
2021-22-player-247,2021-22,player,247,Rhys Williams,R.Williams,DEF,11,,A,,,https://resources.premierleague.com/premierleague25/photos/players/110x140/219937.png
2021-22-player-248,2021-22,player,248,Ben Davies,Davies,DEF,11,,A,,,https://resources.premierleague.com/premierleague25/photos/players/110x140/152898.png
2021-22-player-506,2021-22,player,506,Harvey Elliott,Elliott,MID,11,,A,,,https://resources.premierleague.com/premierleague25/photos/players/110x140/444884.png
2021-22-player-553,2021-22,player,553,Ben Woodburn,Woodburn,MID,11,,A,,,https://resources.premierleague.com/premierleague25/photos/players/110x140/182436.png
2021-22-player-620,2021-22,player,620,Tyler Morton,Morton,MID,11,,A,,,https://resources.premierleague.com/premierleague25/photos/players/110x140/440148.png
2021-22-player-625,2021-22,player,625,Kaide Gordon,Gordon,MID,11,,A,,,https://resources.premierleague.com/premierleague25/photos/players/110x140/496185.png
2021-22-player-626,2021-22,player,626,Conor Bradley,Bradley,DEF,11,,A,,,https://resources.premierleague.com/premierleague25/photos/players/110x140/492777.png
2021-22-player-627,2021-22,player,627,Owen Beck,Beck,DEF,11,,A,,,https://resources.premierleague.com/premierleague25/photos/players/110x140/430992.png
2021-22-player-656,2021-22,player,656,Marcelo de Araújo Pitaluga Filho,Pitaluga,GKP,11,,A,,,https://resources.premierleague.com/premierleague25/photos/players/110x140/443629.png
2021-22-player-660,2021-22,player,660,Jarell Quansah,Quansah,DEF,11,,A,,,https://resources.premierleague.com/premierleague25/photos/players/110x140/441428.png
2021-22-player-696,2021-22,player,696,Luis Díaz,Luis Díaz,MID,11,,A,,,https://resources.premierleague.com/premierleague25/photos/players/110x140/244731.png
2021-22-player-33,2021-22,player,33,Jack Grealish,Grealish,MID,12,,A,,,https://resources.premierleague.com/premierleague25/photos/players/110x140/114283.png
2021-22-player-249,2021-22,player,249,Kyle Walker,Walker,DEF,12,,A,,,https://resources.premierleague.com/premierleague25/photos/players/110x140/58621.png
2021-22-player-250,2021-22,player,250,Ilkay Gündogan,Gündogan,MID,12,,A,,,https://resources.premierleague.com/premierleague25/photos/players/110x140/59859.png
2021-22-player-251,2021-22,player,251,Kevin De Bruyne,De Bruyne,MID,12,,A,,,https://resources.premierleague.com/premierleague25/photos/players/110x140/61366.png
2021-22-player-252,2021-22,player,252,John Stones,Stones,DEF,12,,A,,,https://resources.premierleague.com/premierleague25/photos/players/110x140/97299.png
2021-22-player-253,2021-22,player,253,Benjamin Mendy,Mendy,DEF,12,,A,,,https://resources.premierleague.com/premierleague25/photos/players/110x140/102826.png
2021-22-player-254,2021-22,player,254,Riyad Mahrez,Mahrez,MID,12,,A,,,https://resources.premierleague.com/premierleague25/photos/players/110x140/103025.png
2021-22-player-255,2021-22,player,255,Raheem Sterling,Sterling,MID,12,,A,,,https://resources.premierleague.com/premierleague25/photos/players/110x140/103955.png
2021-22-player-256,2021-22,player,256,João Pedro Cavaco Cancelo,Cancelo,DEF,12,,A,,,https://resources.premierleague.com/premierleague25/photos/players/110x140/121145.png
2021-22-player-257,2021-22,player,257,Ederson Santana de Moraes,Ederson,GKP,12,,A,,,https://resources.premierleague.com/premierleague25/photos/players/110x140/121160.png
2021-22-player-258,2021-22,player,258,Nathan Aké,Aké,DEF,12,,A,,,https://resources.premierleague.com/premierleague25/photos/players/110x140/126184.png
2021-22-player-259,2021-22,player,259,Aymeric Laporte,Laporte,DEF,12,,A,,,https://resources.premierleague.com/premierleague25/photos/players/110x140/146941.png
2021-22-player-260,2021-22,player,260,Zack Steffen,Steffen,GKP,12,,A,,,https://resources.premierleague.com/premierleague25/photos/players/110x140/164484.png
2021-22-player-261,2021-22,player,261,Bernardo Mota Veiga de Carvalho e Silva,Bernardo,MID,12,,A,,,https://resources.premierleague.com/premierleague25/photos/players/110x140/165809.png
2021-22-player-262,2021-22,player,262,Rúben Santos Gato Alves Dias,Dias,DEF,12,,A,,,https://resources.premierleague.com/premierleague25/photos/players/110x140/171314.png
2021-22-player-263,2021-22,player,263,Gabriel Fernando de Jesus,Jesus,FWD,12,,A,,,https://resources.premierleague.com/premierleague25/photos/players/110x140/205651.png
2021-22-player-264,2021-22,player,264,Oleksandr Zinchenko,Zinchenko,DEF,12,,A,,,https://resources.premierleague.com/premierleague25/photos/players/110x140/206325.png
2021-22-player-265,2021-22,player,265,Phil Foden,Foden,MID,12,,A,,,https://resources.premierleague.com/premierleague25/photos/players/110x140/209244.png
2021-22-player-266,2021-22,player,266,Rodrigo Hernandez,Rodrigo,MID,12,,A,,,https://resources.premierleague.com/premierleague25/photos/players/110x140/220566.png
2021-22-player-268,2021-22,player,268,Ferran Torres,Torres,MID,12,,A,,,https://resources.premierleague.com/premierleague25/photos/players/110x140/224444.png
2021-22-player-453,2021-22,player,453,Fernando Luiz Rosa,Fernandinho,MID,12,,A,,,https://resources.premierleague.com/premierleague25/photos/players/110x140/27789.png
2021-22-player-507,2021-22,player,507,Cole Palmer,Palmer,MID,12,,A,,,https://resources.premierleague.com/premierleague25/photos/players/110x140/244851.png
2021-22-player-508,2021-22,player,508,Samuel Edozie,Edozie,MID,12,,A,,,https://resources.premierleague.com/premierleague25/photos/players/110x140/490503.png
2021-22-player-566,2021-22,player,566,Tommy Doyle,Doyle,MID,12,,A,,,https://resources.premierleague.com/premierleague25/photos/players/110x140/220394.png
2021-22-player-593,2021-22,player,593,Scott Carson,Carson,GKP,12,,A,,,https://resources.premierleague.com/premierleague25/photos/players/110x140/17601.png
2021-22-player-603,2021-22,player,603,Luke Mbete,Mbete,DEF,12,,A,,,https://resources.premierleague.com/premierleague25/photos/players/110x140/439510.png
2021-22-player-604,2021-22,player,604,Joshua Wilson-Esbrand,Wilson-Esbrand,DEF,12,,A,,,https://resources.premierleague.com/premierleague25/photos/players/110x140/447880.png
2021-22-player-605,2021-22,player,605,Romeo Lavia,Lavia,MID,12,,A,,,https://resources.premierleague.com/premierleague25/photos/players/110x140/514356.png
2021-22-player-615,2021-22,player,615,Cieran Slicker,Slicker,GKP,12,,A,,,https://resources.premierleague.com/premierleague25/photos/players/110x140/434044.png
2021-22-player-629,2021-22,player,629,James McAtee,McAtee,MID,12,,A,,,https://resources.premierleague.com/premierleague25/photos/players/110x140/432714.png
2021-22-player-651,2021-22,player,651,Conrad Egan-Riley,Egan-Riley,DEF,12,,A,,,https://resources.premierleague.com/premierleague25/photos/players/110x140/432711.png
2021-22-player-663,2021-22,player,663,Kayky da Silva Chagas,Kayky,FWD,12,,A,,,https://resources.premierleague.com/premierleague25/photos/players/110x140/478028.png
2021-22-player-704,2021-22,player,704,Liam Delap,Delap,FWD,12,,A,,,https://resources.premierleague.com/premierleague25/photos/players/110x140/463034.png
2021-22-player-269,2021-22,player,269,Edinson Cavani,Cavani,FWD,13,,A,,,https://resources.premierleague.com/premierleague25/photos/players/110x140/40720.png
2021-22-player-270,2021-22,player,270,David de Gea,de Gea,GKP,13,,A,,,https://resources.premierleague.com/premierleague25/photos/players/110x140/51940.png
2021-22-player-271,2021-22,player,271,Nemanja Matic,Matic,MID,13,,A,,,https://resources.premierleague.com/premierleague25/photos/players/110x140/62398.png
2021-22-player-272,2021-22,player,272,Paul Pogba,Pogba,MID,13,,A,,,https://resources.premierleague.com/premierleague25/photos/players/110x140/74208.png
2021-22-player-273,2021-22,player,273,Harry Maguire,Maguire,DEF,13,,A,,,https://resources.premierleague.com/premierleague25/photos/players/110x140/95658.png
2021-22-player-274,2021-22,player,274,Frederico Rodrigues de Paula Santos,Fred,MID,13,,A,,,https://resources.premierleague.com/premierleague25/photos/players/110x140/101582.png
2021-22-player-275,2021-22,player,275,Luke Shaw,Shaw,DEF,13,,A,,,https://resources.premierleague.com/premierleague25/photos/players/110x140/106760.png
2021-22-player-276,2021-22,player,276,Jesse Lingard,Lingard,MID,13,,A,,,https://resources.premierleague.com/premierleague25/photos/players/110x140/109322.png
2021-22-player-277,2021-22,player,277,Bruno Miguel Borges Fernandes,Fernandes,MID,13,,A,,,https://resources.premierleague.com/premierleague25/photos/players/110x140/141746.png
2021-22-player-278,2021-22,player,278,Anthony Martial,Martial,FWD,13,,A,,,https://resources.premierleague.com/premierleague25/photos/players/110x140/148225.png
2021-22-player-279,2021-22,player,279,Alex Nicolao Telles,Telles,DEF,13,,A,,,https://resources.premierleague.com/premierleague25/photos/players/110x140/152590.png
2021-22-player-280,2021-22,player,280,Dean Henderson,Henderson,GKP,13,,A,,,https://resources.premierleague.com/premierleague25/photos/players/110x140/172649.png
2021-22-player-281,2021-22,player,281,Marcus Rashford,Rashford,MID,13,,A,,,https://resources.premierleague.com/premierleague25/photos/players/110x140/176297.png
2021-22-player-283,2021-22,player,283,Axel Tuanzebe,Tuanzebe,DEF,13,,A,,,https://resources.premierleague.com/premierleague25/photos/players/110x140/180804.png
2021-22-player-284,2021-22,player,284,Victor Lindelöf,Lindelöf,DEF,13,,A,,,https://resources.premierleague.com/premierleague25/photos/players/110x140/184667.png
2021-22-player-285,2021-22,player,285,Scott McTominay,McTominay,MID,13,,A,,,https://resources.premierleague.com/premierleague25/photos/players/110x140/195851.png
2021-22-player-286,2021-22,player,286,Eric Bailly,Bailly,DEF,13,,A,,,https://resources.premierleague.com/premierleague25/photos/players/110x140/197365.png
2021-22-player-288,2021-22,player,288,Aaron Wan-Bissaka,Wan-Bissaka,DEF,13,,A,,,https://resources.premierleague.com/premierleague25/photos/players/110x140/214590.png
2021-22-player-289,2021-22,player,289,Mason Greenwood,Greenwood,MID,13,,A,,,https://resources.premierleague.com/premierleague25/photos/players/110x140/220688.png
2021-22-player-459,2021-22,player,459,Juan Mata,Mata,MID,13,,A,,,https://resources.premierleague.com/premierleague25/photos/players/110x140/43670.png
2021-22-player-485,2021-22,player,485,Jadon Sancho,Sancho,MID,13,,A,,,https://resources.premierleague.com/premierleague25/photos/players/110x140/209243.png
2021-22-player-509,2021-22,player,509,Tom Heaton,Heaton,GKP,13,,A,,,https://resources.premierleague.com/premierleague25/photos/players/110x140/21205.png
2021-22-player-510,2021-22,player,510,José Diogo Dalot Teixeira,Dalot,DEF,13,,A,,,https://resources.premierleague.com/premierleague25/photos/players/110x140/216051.png
2021-22-player-511,2021-22,player,511,Andreas Pereira,Pereira,MID,13,,A,,,https://resources.premierleague.com/premierleague25/photos/players/110x140/156689.png
2021-22-player-512,2021-22,player,512,Anthony Elanga,Elanga,MID,13,,A,,,https://resources.premierleague.com/premierleague25/photos/players/110x140/449434.png
2021-22-player-555,2021-22,player,555,Raphaël Varane,Varane,DEF,13,,A,,,https://resources.premierleague.com/premierleague25/photos/players/110x140/90152.png
2021-22-player-579,2021-22,player,579,Cristiano Ronaldo dos Santos Aveiro,Ronaldo,FWD,13,,A,,,https://resources.premierleague.com/premierleague25/photos/players/110x140/14937.png
2021-22-player-632,2021-22,player,632,Phil Jones,Jones,DEF,13,,A,,,https://resources.premierleague.com/premierleague25/photos/players/110x140/76359.png
2021-22-player-636,2021-22,player,636,Amad Diallo,Diallo,MID,13,,A,,,https://resources.premierleague.com/premierleague25/photos/players/110x140/493250.png
2021-22-player-706,2021-22,player,706,Hannibal Mejbri,Mejbri,MID,13,,A,,,https://resources.premierleague.com/premierleague25/photos/players/110x140/465527.png
2021-22-player-723,2021-22,player,723,Alejandro Garnacho Ferreyra,Garnacho,MID,13,,A,,,https://resources.premierleague.com/premierleague25/photos/players/110x140/493105.png
2021-22-player-727,2021-22,player,727,Shola Shoretire,Shoretire,MID,13,,A,,,https://resources.premierleague.com/premierleague25/photos/players/110x140/472464.png
2021-22-player-728,2021-22,player,728,Álvaro Fernández,Álvaro Fernández,DEF,13,,A,,,https://resources.premierleague.com/premierleague25/photos/players/110x140/515501.png
2021-22-player-737,2021-22,player,737,Charlie Savage,Savage,MID,13,,A,,,https://resources.premierleague.com/premierleague25/photos/players/110x140/461529.png
2021-22-player-19,2021-22,player,19,Joseph Willock,Willock,MID,14,,A,,,https://resources.premierleague.com/premierleague25/photos/players/110x140/200089.png
2021-22-player-39,2021-22,player,39,Matt Targett,Targett,DEF,14,,A,,,https://resources.premierleague.com/premierleague25/photos/players/110x140/169359.png
2021-22-player-58,2021-22,player,58,Dan Burn,Burn,DEF,14,,A,,,https://resources.premierleague.com/premierleague25/photos/players/110x140/78916.png
2021-22-player-109,2021-22,player,109,Chris Wood,Wood,FWD,14,,A,,,https://resources.premierleague.com/premierleague25/photos/players/110x140/60689.png
2021-22-player-291,2021-22,player,291,Jonjo Shelvey,Shelvey,MID,14,,A,,,https://resources.premierleague.com/premierleague25/photos/players/110x140/50232.png
2021-22-player-292,2021-22,player,292,Matt Ritchie,Ritchie,DEF,14,,A,,,https://resources.premierleague.com/premierleague25/photos/players/110x140/56983.png
2021-22-player-293,2021-22,player,293,Ciaran Clark,Clark,DEF,14,,A,,,https://resources.premierleague.com/premierleague25/photos/players/110x140/58845.png
2021-22-player-294,2021-22,player,294,Karl Darlow,Darlow,GKP,14,,A,,,https://resources.premierleague.com/premierleague25/photos/players/110x140/59735.png
2021-22-player-295,2021-22,player,295,Martin Dubravka,Dubravka,GKP,14,,A,,,https://resources.premierleague.com/premierleague25/photos/players/110x140/67089.png
2021-22-player-296,2021-22,player,296,Callum Wilson,Wilson,FWD,14,,A,,,https://resources.premierleague.com/premierleague25/photos/players/110x140/75115.png
2021-22-player-297,2021-22,player,297,Jeff Hendrick,Hendrick,MID,14,,A,,,https://resources.premierleague.com/premierleague25/photos/players/110x140/83314.png
2021-22-player-298,2021-22,player,298,Ryan Fraser,Fraser,MID,14,,A,,,https://resources.premierleague.com/premierleague25/photos/players/110x140/90105.png
2021-22-player-299,2021-22,player,299,Jamaal Lascelles,Lascelles,DEF,14,,A,,,https://resources.premierleague.com/premierleague25/photos/players/110x140/101148.png
2021-22-player-300,2021-22,player,300,Dwight Gayle,Gayle,FWD,14,,A,,,https://resources.premierleague.com/premierleague25/photos/players/110x140/104547.png
2021-22-player-301,2021-22,player,301,Paul Dummett,Dummett,DEF,14,,A,,,https://resources.premierleague.com/premierleague25/photos/players/110x140/106618.png
2021-22-player-302,2021-22,player,302,Javier Manquillo,Manquillo,DEF,14,,A,,,https://resources.premierleague.com/premierleague25/photos/players/110x140/109528.png
2021-22-player-303,2021-22,player,303,Emil Krafth,Krafth,DEF,14,,A,,,https://resources.premierleague.com/premierleague25/photos/players/110x140/111773.png
2021-22-player-304,2021-22,player,304,Jacob Murphy,Murphy,MID,14,,A,,,https://resources.premierleague.com/premierleague25/photos/players/110x140/114243.png
2021-22-player-305,2021-22,player,305,Fabian Schär,Schär,DEF,14,,A,,,https://resources.premierleague.com/premierleague25/photos/players/110x140/119471.png
2021-22-player-306,2021-22,player,306,Isaac Hayden,Hayden,MID,14,,A,,,https://resources.premierleague.com/premierleague25/photos/players/110x140/153127.png
2021-22-player-307,2021-22,player,307,Allan Saint-Maximin,Saint-Maximin,FWD,14,,A,,,https://resources.premierleague.com/premierleague25/photos/players/110x140/170137.png
2021-22-player-308,2021-22,player,308,Miguel Almirón,Almirón,MID,14,,A,,,https://resources.premierleague.com/premierleague25/photos/players/110x140/179018.png
2021-22-player-309,2021-22,player,309,Sean Longstaff,S.Longstaff,MID,14,,A,,,https://resources.premierleague.com/premierleague25/photos/players/110x140/180135.png
2021-22-player-310,2021-22,player,310,Joelinton Cássio Apolinário de Lira,Joelinton,FWD,14,,A,,,https://resources.premierleague.com/premierleague25/photos/players/110x140/180974.png
2021-22-player-311,2021-22,player,311,Jamal Lewis,Lewis,DEF,14,,A,,,https://resources.premierleague.com/premierleague25/photos/players/110x140/194799.png
2021-22-player-312,2021-22,player,312,Matthew Longstaff,M.Longstaff,MID,14,,A,,,https://resources.premierleague.com/premierleague25/photos/players/110x140/223175.png
2021-22-player-465,2021-22,player,465,Federico Fernández,Fernández,DEF,14,,A,,,https://resources.premierleague.com/premierleague25/photos/players/110x140/57145.png
2021-22-player-513,2021-22,player,513,Freddie Woodman,Woodman,GKP,14,,A,,,https://resources.premierleague.com/premierleague25/photos/players/110x140/155503.png
2021-22-player-514,2021-22,player,514,Mark Gillespie,Gillespie,GKP,14,,A,,,https://resources.premierleague.com/premierleague25/photos/players/110x140/81441.png
2021-22-player-599,2021-22,player,599,Joe White,White,MID,14,,A,,,https://resources.premierleague.com/premierleague25/photos/players/110x140/461484.png
2021-22-player-609,2021-22,player,609,Elliot Anderson,Anderson,MID,14,,A,,,https://resources.premierleague.com/premierleague25/photos/players/110x140/215379.png
2021-22-player-678,2021-22,player,678,Kieran Trippier,Trippier,DEF,14,,A,,,https://resources.premierleague.com/premierleague25/photos/players/110x140/77794.png
2021-22-player-697,2021-22,player,697,Bruno Guimarães Rodriguez Moura,Bruno Guimarães,MID,14,,A,,,https://resources.premierleague.com/premierleague25/photos/players/110x140/208706.png
2021-22-player-707,2021-22,player,707,Lucas De Bolle,De Bolle,MID,14,,A,,,https://resources.premierleague.com/premierleague25/photos/players/110x140/461508.png
2021-22-player-145,2021-22,player,145,Billy Gilmour,Gilmour,MID,15,,A,,,https://resources.premierleague.com/premierleague25/photos/players/110x140/243568.png
2021-22-player-290,2021-22,player,290,Brandon Williams,Williams,DEF,15,,A,,,https://resources.premierleague.com/premierleague25/photos/players/110x140/232937.png
2021-22-player-313,2021-22,player,313,Michael McGovern,McGovern,GKP,15,,A,,,https://resources.premierleague.com/premierleague25/photos/players/110x140/18499.png
2021-22-player-314,2021-22,player,314,Tim Krul,Krul,GKP,15,,A,,,https://resources.premierleague.com/premierleague25/photos/players/110x140/20480.png
2021-22-player-315,2021-22,player,315,Teemu Pukki,Pukki,FWD,15,,A,,,https://resources.premierleague.com/premierleague25/photos/players/110x140/57127.png
2021-22-player-316,2021-22,player,316,Marco Stiepermann,Stiepermann,MID,15,,A,,,https://resources.premierleague.com/premierleague25/photos/players/110x140/71738.png
2021-22-player-317,2021-22,player,317,Lukas Rupp,Rupp,MID,15,,A,,,https://resources.premierleague.com/premierleague25/photos/players/110x140/76306.png
2021-22-player-318,2021-22,player,318,Kenny McLean,McLean,MID,15,,A,,,https://resources.premierleague.com/premierleague25/photos/players/110x140/78607.png
2021-22-player-319,2021-22,player,319,Grant Hanley,Hanley,DEF,15,,A,,,https://resources.premierleague.com/premierleague25/photos/players/110x140/83428.png
2021-22-player-320,2021-22,player,320,Onel Hernández,Hernández,MID,15,,A,,,https://resources.premierleague.com/premierleague25/photos/players/110x140/89470.png
2021-22-player-321,2021-22,player,321,Sam Byram,Byram,DEF,15,,A,,,https://resources.premierleague.com/premierleague25/photos/players/110x140/113564.png
2021-22-player-322,2021-22,player,322,Jordan Hugill,Hugill,FWD,15,,A,,,https://resources.premierleague.com/premierleague25/photos/players/110x140/167522.png
2021-22-player-323,2021-22,player,323,Kieran Dowell,Dowell,MID,15,,A,,,https://resources.premierleague.com/premierleague25/photos/players/110x140/171270.png
2021-22-player-324,2021-22,player,324,Christoph Zimmermann,Zimmermann,DEF,15,,A,,,https://resources.premierleague.com/premierleague25/photos/players/110x140/192303.png
2021-22-player-325,2021-22,player,325,Todd Cantwell,Cantwell,MID,15,,A,,,https://resources.premierleague.com/premierleague25/photos/players/110x140/193111.png
2021-22-player-326,2021-22,player,326,Max Aarons,Aarons,DEF,15,,A,,,https://resources.premierleague.com/premierleague25/photos/players/110x140/232980.png
2021-22-player-327,2021-22,player,327,Jacob Sørensen,Sørensen,DEF,15,,A,,,https://resources.premierleague.com/premierleague25/photos/players/110x140/235546.png
2021-22-player-328,2021-22,player,328,Przemyslaw Placheta,Placheta,MID,15,,A,,,https://resources.premierleague.com/premierleague25/photos/players/110x140/428626.png
2021-22-player-329,2021-22,player,329,Adam Idah,Idah,FWD,15,,A,,,https://resources.premierleague.com/premierleague25/photos/players/110x140/432735.png
2021-22-player-330,2021-22,player,330,Josh Martin,Martin,MID,15,,A,,,https://resources.premierleague.com/premierleague25/photos/players/110x140/439485.png
2021-22-player-331,2021-22,player,331,Andrew Omobamidele,Omobamidele,DEF,15,,A,,,https://resources.premierleague.com/premierleague25/photos/players/110x140/466404.png
2021-22-player-448,2021-22,player,448,Angus Gunn,Gunn,GKP,15,,A,,,https://resources.premierleague.com/premierleague25/photos/players/110x140/107265.png
2021-22-player-449,2021-22,player,449,Milot Rashica,Rashica,MID,15,,A,,,https://resources.premierleague.com/premierleague25/photos/players/110x140/212723.png
2021-22-player-456,2021-22,player,456,Ben Gibson,Gibson,DEF,15,,A,,,https://resources.premierleague.com/premierleague25/photos/players/110x140/83312.png
2021-22-player-457,2021-22,player,457,Dimitris Giannoulis,Giannoulis,DEF,15,,A,,,https://resources.premierleague.com/premierleague25/photos/players/110x140/189627.png
2021-22-player-471,2021-22,player,471,Pierre Lees-Melou,Lees-Melou,MID,15,,A,,,https://resources.premierleague.com/premierleague25/photos/players/110x140/212325.png
2021-22-player-515,2021-22,player,515,Bali Mumba,Mumba,DEF,15,,A,,,https://resources.premierleague.com/premierleague25/photos/players/110x140/220686.png
2021-22-player-516,2021-22,player,516,Joshua Sargent,Sargent,FWD,15,,A,,,https://resources.premierleague.com/premierleague25/photos/players/110x140/215476.png
2021-22-player-528,2021-22,player,528,Christos Tzolis,Tzolis,MID,15,,A,,,https://resources.premierleague.com/premierleague25/photos/players/110x140/439509.png
2021-22-player-580,2021-22,player,580,Ozan Kabak,Kabak,DEF,15,,A,,,https://resources.premierleague.com/premierleague25/photos/players/110x140/438277.png
2021-22-player-581,2021-22,player,581,Mathias Normann,Normann,MID,15,,A,,,https://resources.premierleague.com/premierleague25/photos/players/110x140/179276.png
2021-22-player-643,2021-22,player,643,Jonathan Tomkinson,Tomkinson,DEF,15,,A,,,https://resources.premierleague.com/premierleague25/photos/players/110x140/451310.png
2021-22-player-648,2021-22,player,648,Jonathan Rowe,Rowe,MID,15,,A,,,https://resources.premierleague.com/premierleague25/photos/players/110x140/483365.png
2021-22-player-649,2021-22,player,649,Thomas Dickson-Peters,Dickson-Peters,FWD,15,,A,,,https://resources.premierleague.com/premierleague25/photos/players/110x140/445550.png
2021-22-player-666,2021-22,player,666,Jon McCracken,McCracken,GKP,15,,A,,,https://resources.premierleague.com/premierleague25/photos/players/110x140/229415.png
2021-22-player-683,2021-22,player,683,Liam Gibbs,Gibbs,MID,15,,A,,,https://resources.premierleague.com/premierleague25/photos/players/110x140/497605.png
2021-22-player-715,2021-22,player,715,Abu Kamara,Kamara,FWD,15,,A,,,https://resources.premierleague.com/premierleague25/photos/players/110x140/490161.png
2021-22-player-716,2021-22,player,716,Tony Springett,Springett,MID,15,,A,,,https://resources.premierleague.com/premierleague25/photos/players/110x140/446281.png
2021-22-player-332,2021-22,player,332,Theo Walcott,Walcott,MID,16,,A,,,https://resources.premierleague.com/premierleague25/photos/players/110x140/20467.png
2021-22-player-333,2021-22,player,333,Fraser Forster,Forster,GKP,16,,A,,,https://resources.premierleague.com/premierleague25/photos/players/110x140/40383.png
2021-22-player-334,2021-22,player,334,Alex McCarthy,McCarthy,GKP,16,,A,,,https://resources.premierleague.com/premierleague25/photos/players/110x140/58376.png
2021-22-player-335,2021-22,player,335,Oriol Romeu Vidal,Romeu,MID,16,,A,,,https://resources.premierleague.com/premierleague25/photos/players/110x140/78056.png
2021-22-player-336,2021-22,player,336,Nathan Redmond,Redmond,MID,16,,A,,,https://resources.premierleague.com/premierleague25/photos/players/110x140/83283.png
2021-22-player-338,2021-22,player,338,Jack Stephens,Stephens,DEF,16,,A,,,https://resources.premierleague.com/premierleague25/photos/players/110x140/88900.png
2021-22-player-339,2021-22,player,339,Stuart Armstrong,S.Armstrong,MID,16,,A,,,https://resources.premierleague.com/premierleague25/photos/players/110x140/91047.png
2021-22-player-341,2021-22,player,341,James Ward-Prowse,Ward-Prowse,MID,16,,A,,,https://resources.premierleague.com/premierleague25/photos/players/110x140/101178.png
2021-22-player-342,2021-22,player,342,Kyle Walker-Peters,Walker-Peters,DEF,16,,A,,,https://resources.premierleague.com/premierleague25/photos/players/110x140/158534.png
2021-22-player-343,2021-22,player,343,Jan Bednarek,Bednarek,DEF,16,,A,,,https://resources.premierleague.com/premierleague25/photos/players/110x140/171771.png
2021-22-player-344,2021-22,player,344,Daniel N'Lundulu,Nlundulu,FWD,16,,A,,,https://resources.premierleague.com/premierleague25/photos/players/110x140/200088.png
2021-22-player-345,2021-22,player,345,Che Adams,Adams,FWD,16,,A,,,https://resources.premierleague.com/premierleague25/photos/players/110x140/200439.png
2021-22-player-346,2021-22,player,346,Nathan Tella,Tella,MID,16,,A,,,https://resources.premierleague.com/premierleague25/photos/players/110x140/203389.png
2021-22-player-347,2021-22,player,347,William Smallbone,Smallbone,MID,16,,A,,,https://resources.premierleague.com/premierleague25/photos/players/110x140/214466.png
2021-22-player-348,2021-22,player,348,Michael Obafemi,Obafemi,FWD,16,,A,,,https://resources.premierleague.com/premierleague25/photos/players/110x140/220598.png
2021-22-player-349,2021-22,player,349,Ibrahima Diallo,Diallo,MID,16,,A,,,https://resources.premierleague.com/premierleague25/photos/players/110x140/240143.png
2021-22-player-350,2021-22,player,350,Moussa Djenepo,Djenepo,MID,16,,A,,,https://resources.premierleague.com/premierleague25/photos/players/110x140/431131.png
2021-22-player-351,2021-22,player,351,Mohammed Salisu,Salisu,DEF,16,,A,,,https://resources.premierleague.com/premierleague25/photos/players/110x140/450527.png
2021-22-player-460,2021-22,player,460,Romain Perraud,Perraud,DEF,16,,A,,,https://resources.premierleague.com/premierleague25/photos/players/110x140/244560.png
2021-22-player-491,2021-22,player,491,Tino Livramento,Livramento,DEF,16,,A,,,https://resources.premierleague.com/premierleague25/photos/players/110x140/441191.png
2021-22-player-517,2021-22,player,517,Mohamed Elyounoussi,Elyounoussi,MID,16,,A,,,https://resources.premierleague.com/premierleague25/photos/players/110x140/96787.png
2021-22-player-518,2021-22,player,518,Armando Broja,Broja,FWD,16,,A,,,https://resources.premierleague.com/premierleague25/photos/players/110x140/440323.png
2021-22-player-519,2021-22,player,519,Shane Long,Long,FWD,16,,A,,,https://resources.premierleague.com/premierleague25/photos/players/110x140/20452.png
2021-22-player-525,2021-22,player,525,Adam Armstrong,A.Armstrong,FWD,16,,A,,,https://resources.premierleague.com/premierleague25/photos/players/110x140/155511.png
2021-22-player-546,2021-22,player,546,Yan Valery,Valery,DEF,16,,A,,,https://resources.premierleague.com/premierleague25/photos/players/110x140/213482.png
2021-22-player-567,2021-22,player,567,Lyanco Evangelista Silveira Neves Vojnovic,Lyanco,DEF,16,,A,,,https://resources.premierleague.com/premierleague25/photos/players/110x140/212721.png
2021-22-player-637,2021-22,player,637,Harry Lewis,Lewis,GKP,16,,A,,,https://resources.premierleague.com/premierleague25/photos/players/110x140/198044.png
2021-22-player-641,2021-22,player,641,Willy Caballero,Caballero,GKP,16,,A,,,https://resources.premierleague.com/premierleague25/photos/players/110x140/20310.png
2021-22-player-665,2021-22,player,665,Dynel Simeu,Simeu,DEF,16,,A,,,https://resources.premierleague.com/premierleague25/photos/players/110x140/248853.png
2021-22-player-667,2021-22,player,667,Thierry Small,Small,DEF,16,,A,,,https://resources.premierleague.com/premierleague25/photos/players/110x140/491551.png
2021-22-player-680,2021-22,player,680,Kgaogelo Chauke,Chauke,MID,16,,A,,,https://resources.premierleague.com/premierleague25/photos/players/110x140/445896.png
2021-22-player-731,2021-22,player,731,Tyler Dibling,Dibling,MID,16,,A,,,https://resources.premierleague.com/premierleague25/photos/players/110x140/496661.png
2021-22-player-352,2021-22,player,352,Joe Hart,Hart,GKP,17,,A,,,https://resources.premierleague.com/premierleague25/photos/players/110x140/15749.png
2021-22-player-353,2021-22,player,353,Hugo Lloris,Lloris,GKP,17,,A,,,https://resources.premierleague.com/premierleague25/photos/players/110x140/37915.png
2021-22-player-355,2021-22,player,355,Toby Alderweireld,Alderweireld,DEF,17,,A,,,https://resources.premierleague.com/premierleague25/photos/players/110x140/55605.png
2021-22-player-356,2021-22,player,356,Erik Lamela,Lamela,MID,17,,A,,,https://resources.premierleague.com/premierleague25/photos/players/110x140/62974.png
2021-22-player-357,2021-22,player,357,Harry Kane,Kane,FWD,17,,A,,,https://resources.premierleague.com/premierleague25/photos/players/110x140/78830.png
2021-22-player-358,2021-22,player,358,Serge Aurier,Aurier,DEF,17,,A,,,https://resources.premierleague.com/premierleague25/photos/players/110x140/80226.png
2021-22-player-359,2021-22,player,359,Heung-Min Son,Son,MID,17,,A,,,https://resources.premierleague.com/premierleague25/photos/players/110x140/85971.png
2021-22-player-360,2021-22,player,360,Matt Doherty,Doherty,DEF,17,,A,,,https://resources.premierleague.com/premierleague25/photos/players/110x140/87835.png
2021-22-player-361,2021-22,player,361,Eric Dier,Dier,DEF,17,,A,,,https://resources.premierleague.com/premierleague25/photos/players/110x140/93264.png
2021-22-player-362,2021-22,player,362,Lucas Rodrigues Moura da Silva,Lucas Moura,MID,17,,A,,,https://resources.premierleague.com/premierleague25/photos/players/110x140/95715.png
2021-22-player-364,2021-22,player,364,Ben Davies,Davies,DEF,17,,A,,,https://resources.premierleague.com/premierleague25/photos/players/110x140/115556.png
2021-22-player-365,2021-22,player,365,Pierre-Emile Højbjerg,Højbjerg,MID,17,,A,,,https://resources.premierleague.com/premierleague25/photos/players/110x140/132015.png
2021-22-player-366,2021-22,player,366,Harry Winks,Winks,MID,17,,A,,,https://resources.premierleague.com/premierleague25/photos/players/110x140/157668.png
2021-22-player-367,2021-22,player,367,Davinson Sánchez,Sánchez,DEF,17,,A,,,https://resources.premierleague.com/premierleague25/photos/players/110x140/173904.png
2021-22-player-368,2021-22,player,368,Ryan Sessegnon,Sessegnon,DEF,17,,A,,,https://resources.premierleague.com/premierleague25/photos/players/110x140/184349.png
2021-22-player-369,2021-22,player,369,Steven Bergwijn,Bergwijn,MID,17,,A,,,https://resources.premierleague.com/premierleague25/photos/players/110x140/194252.png
2021-22-player-370,2021-22,player,370,Sergio Reguilón,Reguilón,DEF,17,,A,,,https://resources.premierleague.com/premierleague25/photos/players/110x140/199249.png
2021-22-player-371,2021-22,player,371,Japhet Tanganga,Tanganga,DEF,17,,A,,,https://resources.premierleague.com/premierleague25/photos/players/110x140/199584.png
2021-22-player-372,2021-22,player,372,Giovani Lo Celso,Lo Celso,MID,17,,A,,,https://resources.premierleague.com/premierleague25/photos/players/110x140/200826.png
2021-22-player-373,2021-22,player,373,Oliver Skipp,Skipp,MID,17,,A,,,https://resources.premierleague.com/premierleague25/photos/players/110x140/209042.png
2021-22-player-374,2021-22,player,374,Joe Rodon,Rodon,DEF,17,,A,,,https://resources.premierleague.com/premierleague25/photos/players/110x140/214225.png
2021-22-player-375,2021-22,player,375,Tanguy Ndombele,Ndombele,MID,17,,A,,,https://resources.premierleague.com/premierleague25/photos/players/110x140/231372.png
2021-22-player-486,2021-22,player,486,Pierluigi Gollini,Gollini,GKP,17,,A,,,https://resources.premierleague.com/premierleague25/photos/players/110x140/156683.png
2021-22-player-487,2021-22,player,487,Bryan Gil Salvatierra,Bryan,MID,17,,A,,,https://resources.premierleague.com/premierleague25/photos/players/110x140/436234.png
2021-22-player-494,2021-22,player,494,Cristian Romero,Romero,DEF,17,,A,,,https://resources.premierleague.com/premierleague25/photos/players/110x140/221632.png
2021-22-player-520,2021-22,player,520,Dane Scarlett,Scarlett,FWD,17,,A,,,https://resources.premierleague.com/premierleague25/photos/players/110x140/490145.png
2021-22-player-588,2021-22,player,588,Emerson Aparecido Leite de Souza Junior,Emerson Royal,DEF,17,,A,,,https://resources.premierleague.com/premierleague25/photos/players/110x140/241157.png
2021-22-player-597,2021-22,player,597,Dilan Markanday,Markanday,MID,17,,A,,,https://resources.premierleague.com/premierleague25/photos/players/110x140/232456.png
2021-22-player-598,2021-22,player,598,Tobi Omole,Omole,DEF,17,,A,,,https://resources.premierleague.com/premierleague25/photos/players/110x140/209418.png
2021-22-player-659,2021-22,player,659,Brandon Austin,Austin,GKP,17,,A,,,https://resources.premierleague.com/premierleague25/photos/players/110x140/214572.png
2021-22-player-668,2021-22,player,668,Harvey White,White,MID,17,,A,,,https://resources.premierleague.com/premierleague25/photos/players/110x140/448791.png
2021-22-player-701,2021-22,player,701,Dejan Kulusevski,Kulusevski,MID,17,,A,,,https://resources.premierleague.com/premierleague25/photos/players/110x140/445044.png
2021-22-player-702,2021-22,player,702,Rodrigo Bentancur,Bentancur,MID,17,,A,,,https://resources.premierleague.com/premierleague25/photos/players/110x140/202993.png
2021-22-player-714,2021-22,player,714,Alfie Devine,Devine,MID,17,,A,,,https://resources.premierleague.com/premierleague25/photos/players/110x140/496179.png
2021-22-player-717,2021-22,player,717,Jamie Bowden,Bowden,MID,17,,A,,,https://resources.premierleague.com/premierleague25/photos/players/110x140/223337.png
2021-22-player-724,2021-22,player,724,Marcel Lavinier,Lavinier,DEF,17,,A,,,https://resources.premierleague.com/premierleague25/photos/players/110x140/215610.png
2021-22-player-729,2021-22,player,729,Matthew Craig,Craig,MID,17,,A,,,https://resources.premierleague.com/premierleague25/photos/players/110x140/461201.png
2021-22-player-354,2021-22,player,354,Moussa Sissoko,Sissoko,MID,18,,A,,,https://resources.premierleague.com/premierleague25/photos/players/110x140/45268.png
2021-22-player-376,2021-22,player,376,Ben Foster,Foster,GKP,18,,A,,,https://resources.premierleague.com/premierleague25/photos/players/110x140/9089.png
2021-22-player-377,2021-22,player,377,Danny Rose,Rose,DEF,18,,A,,,https://resources.premierleague.com/premierleague25/photos/players/110x140/38290.png
2021-22-player-378,2021-22,player,378,Dan Gosling,Gosling,MID,18,,A,,,https://resources.premierleague.com/premierleague25/photos/players/110x140/40387.png
2021-22-player-379,2021-22,player,379,Craig Cathcart,Cathcart,DEF,18,,A,,,https://resources.premierleague.com/premierleague25/photos/players/110x140/41338.png
2021-22-player-380,2021-22,player,380,Troy Deeney,Deeney,FWD,18,,A,,,https://resources.premierleague.com/premierleague25/photos/players/110x140/41725.png
2021-22-player-381,2021-22,player,381,Tom Cleverley,Cleverley,MID,18,,A,,,https://resources.premierleague.com/premierleague25/photos/players/110x140/43250.png
2021-22-player-382,2021-22,player,382,Francisco Femenía Far,Femenía,DEF,18,,A,,,https://resources.premierleague.com/premierleague25/photos/players/110x140/54484.png
2021-22-player-383,2021-22,player,383,Andre Gray,Gray,FWD,18,,A,,,https://resources.premierleague.com/premierleague25/photos/players/110x140/73426.png
2021-22-player-384,2021-22,player,384,Christian Kabasele,Kabasele,DEF,18,,A,,,https://resources.premierleague.com/premierleague25/photos/players/110x140/85624.png
2021-22-player-385,2021-22,player,385,Nathaniel Chalobah,Chalobah,MID,18,,A,,,https://resources.premierleague.com/premierleague25/photos/players/110x140/89085.png
2021-22-player-387,2021-22,player,387,William Troost-Ekong,Troost-Ekong,DEF,18,,A,,,https://resources.premierleague.com/premierleague25/photos/players/110x140/131304.png
2021-22-player-388,2021-22,player,388,Stipe Perica,Perica,FWD,18,,A,,,https://resources.premierleague.com/premierleague25/photos/players/110x140/140941.png
2021-22-player-389,2021-22,player,389,Daniel Bachmann,Bachmann,GKP,18,,A,,,https://resources.premierleague.com/premierleague25/photos/players/110x140/154506.png
2021-22-player-390,2021-22,player,390,Adam Masina,Masina,DEF,18,,A,,,https://resources.premierleague.com/premierleague25/photos/players/110x140/155651.png
2021-22-player-391,2021-22,player,391,Ken Sema,Sema,MID,18,,A,,,https://resources.premierleague.com/premierleague25/photos/players/110x140/157775.png
2021-22-player-392,2021-22,player,392,Philip Zinckernagel,Zinckernagel,MID,18,,A,,,https://resources.premierleague.com/premierleague25/photos/players/110x140/162344.png
2021-22-player-393,2021-22,player,393,Isaac Success Ajayi,Success,FWD,18,,A,,,https://resources.premierleague.com/premierleague25/photos/players/110x140/173514.png
2021-22-player-394,2021-22,player,394,Ayotomiwa Dele-Bashiru,Dele-Bashiru,MID,18,,A,,,https://resources.premierleague.com/premierleague25/photos/players/110x140/175353.png
2021-22-player-395,2021-22,player,395,Ashley Fletcher,Fletcher,FWD,18,,A,,,https://resources.premierleague.com/premierleague25/photos/players/110x140/176296.png
2021-22-player-396,2021-22,player,396,Francisco Sierralta,Sierralta,DEF,18,,A,,,https://resources.premierleague.com/premierleague25/photos/players/110x140/208973.png
2021-22-player-397,2021-22,player,397,Domingos Quina,Quina,MID,18,,A,,,https://resources.premierleague.com/premierleague25/photos/players/110x140/216058.png
2021-22-player-398,2021-22,player,398,Marc Navarro,Navarro,DEF,18,,A,,,https://resources.premierleague.com/premierleague25/photos/players/110x140/220166.png
2021-22-player-399,2021-22,player,399,Ismaila Sarr,Sarr,MID,18,,A,,,https://resources.premierleague.com/premierleague25/photos/players/110x140/232185.png
2021-22-player-400,2021-22,player,400,Jeremy Ngakia,Ngakia,DEF,18,,A,,,https://resources.premierleague.com/premierleague25/photos/players/110x140/232391.png
2021-22-player-401,2021-22,player,401,Ben Wilmot,Wilmot,DEF,18,,A,,,https://resources.premierleague.com/premierleague25/photos/players/110x140/241289.png
2021-22-player-402,2021-22,player,402,Joseph Hungbo,Hungbo,MID,18,,A,,,https://resources.premierleague.com/premierleague25/photos/players/110x140/244890.png
2021-22-player-403,2021-22,player,403,Imrân Louza,Louza,MID,18,,A,,,https://resources.premierleague.com/premierleague25/photos/players/110x140/471471.png
2021-22-player-404,2021-22,player,404,João Pedro Junqueira de Jesus,João Pedro,FWD,18,,A,,,https://resources.premierleague.com/premierleague25/photos/players/110x140/475168.png
2021-22-player-405,2021-22,player,405,Kwadwo Baah,Baah,MID,18,,A,,,https://resources.premierleague.com/premierleague25/photos/players/110x140/493934.png
2021-22-player-450,2021-22,player,450,Emmanuel Dennis,Dennis,FWD,18,,A,,,https://resources.premierleague.com/premierleague25/photos/players/110x140/230251.png
2021-22-player-454,2021-22,player,454,Matthew Pollock,Pollock,DEF,18,,A,,,https://resources.premierleague.com/premierleague25/photos/players/110x140/467311.png
2021-22-player-467,2021-22,player,467,Oghenekaro Peter Etebo,Etebo,MID,18,,A,,,https://resources.premierleague.com/premierleague25/photos/players/110x140/227560.png
2021-22-player-468,2021-22,player,468,Joshua King,King,FWD,18,,A,,,https://resources.premierleague.com/premierleague25/photos/players/110x140/78007.png
2021-22-player-469,2021-22,player,469,Adedapo Awokoya-Mebude,Mebude,FWD,18,,A,,,https://resources.premierleague.com/premierleague25/photos/players/110x140/243569.png
2021-22-player-472,2021-22,player,472,Juan Camilo Hernández Suárez,Cucho,FWD,18,,A,,,https://resources.premierleague.com/premierleague25/photos/players/110x140/244716.png
2021-22-player-495,2021-22,player,495,Juraj Kucka,Kucka,MID,18,,A,,,https://resources.premierleague.com/premierleague25/photos/players/110x140/69143.png
2021-22-player-557,2021-22,player,557,Ozan Tufan,Tufan,MID,18,,A,,,https://resources.premierleague.com/premierleague25/photos/players/110x140/130036.png
2021-22-player-574,2021-22,player,574,Robert Elliot,Elliot,GKP,18,,A,,,https://resources.premierleague.com/premierleague25/photos/players/110x140/19838.png
2021-22-player-618,2021-22,player,618,Nicolas Nkoulou,Nkoulou,DEF,18,,A,,,https://resources.premierleague.com/premierleague25/photos/players/110x140/52775.png
2021-22-player-633,2021-22,player,633,James Morris,Morris,DEF,18,,A,,,https://resources.premierleague.com/premierleague25/photos/players/110x140/242183.png
2021-22-player-642,2021-22,player,642,Vincent Angelini,Angelini,GKP,18,,A,,,https://resources.premierleague.com/premierleague25/photos/players/110x140/563883.png
2021-22-player-669,2021-22,player,669,Kamil Conteh,Conteh,MID,18,,A,,,https://resources.premierleague.com/premierleague25/photos/players/110x140/468243.png
2021-22-player-676,2021-22,player,676,Hassane Kamara,Kamara,DEF,18,,A,,,https://resources.premierleague.com/premierleague25/photos/players/110x140/171099.png
2021-22-player-677,2021-22,player,677,Samir Caetano de Souza Santos,Samir,DEF,18,,A,,,https://resources.premierleague.com/premierleague25/photos/players/110x140/162651.png
2021-22-player-679,2021-22,player,679,Edo Kayembe,Kayembe,MID,18,,A,,,https://resources.premierleague.com/premierleague25/photos/players/110x140/442335.png
2021-22-player-698,2021-22,player,698,Samuel Kalu,Kalu,MID,18,,A,,,https://resources.premierleague.com/premierleague25/photos/players/110x140/225702.png
2021-22-player-725,2021-22,player,725,Shaqai Forde,Forde,FWD,18,,A,,,https://resources.premierleague.com/premierleague25/photos/players/110x140/524196.png
2021-22-player-732,2021-22,player,732,Tiago Çukur,Çukur,FWD,18,,A,,,https://resources.premierleague.com/premierleague25/photos/players/110x140/535339.png
2021-22-player-733,2021-22,player,733,Adrian Blake,Blake,MID,18,,A,,,https://resources.premierleague.com/premierleague25/photos/players/110x140/533719.png
2021-22-player-734,2021-22,player,734,Jack Grieves,Grieves,FWD,18,,A,,,https://resources.premierleague.com/premierleague25/photos/players/110x140/573808.png
2021-22-player-128,2021-22,player,128,Kurt Zouma,Zouma,DEF,19,,A,,,https://resources.premierleague.com/premierleague25/photos/players/110x140/103192.png
2021-22-player-406,2021-22,player,406,Mark Noble,Noble,MID,19,,A,,,https://resources.premierleague.com/premierleague25/photos/players/110x140/18073.png
2021-22-player-407,2021-22,player,407,Darren Randolph,Randolph,GKP,19,,A,,,https://resources.premierleague.com/premierleague25/photos/players/110x140/32259.png
2021-22-player-408,2021-22,player,408,Lukasz Fabianski,Fabianski,GKP,19,,A,,,https://resources.premierleague.com/premierleague25/photos/players/110x140/37096.png
2021-22-player-409,2021-22,player,409,Angelo Ogbonna,Ogbonna,DEF,19,,A,,,https://resources.premierleague.com/premierleague25/photos/players/110x140/40669.png
2021-22-player-410,2021-22,player,410,Winston Reid,Reid,DEF,19,,A,,,https://resources.premierleague.com/premierleague25/photos/players/110x140/48717.png
2021-22-player-411,2021-22,player,411,Aaron Cresswell,Cresswell,DEF,19,,A,,,https://resources.premierleague.com/premierleague25/photos/players/110x140/55459.png
2021-22-player-412,2021-22,player,412,Andriy Yarmolenko,Yarmolenko,MID,19,,A,,,https://resources.premierleague.com/premierleague25/photos/players/110x140/56377.png
2021-22-player-413,2021-22,player,413,Michail Antonio,Antonio,FWD,19,,A,,,https://resources.premierleague.com/premierleague25/photos/players/110x140/57531.png
2021-22-player-414,2021-22,player,414,Craig Dawson,Dawson,DEF,19,,A,,,https://resources.premierleague.com/premierleague25/photos/players/110x140/60232.png
2021-22-player-415,2021-22,player,415,Ryan Fredericks,Fredericks,DEF,19,,A,,,https://resources.premierleague.com/premierleague25/photos/players/110x140/81012.png
2021-22-player-416,2021-22,player,416,Manuel Lanzini,Lanzini,MID,19,,A,,,https://resources.premierleague.com/premierleague25/photos/players/110x140/86934.png
2021-22-player-417,2021-22,player,417,Arthur Masuaku,Masuaku,DEF,19,,A,,,https://resources.premierleague.com/premierleague25/photos/players/110x140/105717.png
2021-22-player-418,2021-22,player,418,Vladimir Coufal,Coufal,DEF,19,,A,,,https://resources.premierleague.com/premierleague25/photos/players/110x140/164555.png
2021-22-player-419,2021-22,player,419,Saïd Benrahma,Benrahma,MID,19,,A,,,https://resources.premierleague.com/premierleague25/photos/players/110x140/172841.png
2021-22-player-420,2021-22,player,420,Jarrod Bowen,Bowen,MID,19,,A,,,https://resources.premierleague.com/premierleague25/photos/players/110x140/178186.png
2021-22-player-421,2021-22,player,421,Declan Rice,Rice,MID,19,,A,,,https://resources.premierleague.com/premierleague25/photos/players/110x140/204480.png
2021-22-player-422,2021-22,player,422,Tomas Soucek,Soucek,MID,19,,A,,,https://resources.premierleague.com/premierleague25/photos/players/110x140/215439.png
2021-22-player-423,2021-22,player,423,Pablo Fornals,Fornals,MID,19,,A,,,https://resources.premierleague.com/premierleague25/photos/players/110x140/217593.png
2021-22-player-424,2021-22,player,424,Issa Diop,Diop,DEF,19,,A,,,https://resources.premierleague.com/premierleague25/photos/players/110x140/219924.png
2021-22-player-425,2021-22,player,425,Ben Johnson,Johnson,DEF,19,,A,,,https://resources.premierleague.com/premierleague25/photos/players/110x140/222018.png
2021-22-player-489,2021-22,player,489,Alphonse Areola,Areola,GKP,19,,A,,,https://resources.premierleague.com/premierleague25/photos/players/110x140/84182.png
2021-22-player-521,2021-22,player,521,Frederik Alves,Alves,DEF,19,,A,,,https://resources.premierleague.com/premierleague25/photos/players/110x140/486870.png
2021-22-player-522,2021-22,player,522,Conor Coventry,Coventry,MID,19,,A,,,https://resources.premierleague.com/premierleague25/photos/players/110x140/222017.png
2021-22-player-554,2021-22,player,554,Jamal Baptiste,Baptiste,DEF,19,,A,,,https://resources.premierleague.com/premierleague25/photos/players/110x140/462384.png
2021-22-player-582,2021-22,player,582,Nikola Vlasic,Vlasic,MID,19,,A,,,https://resources.premierleague.com/premierleague25/photos/players/110x140/180151.png
2021-22-player-589,2021-22,player,589,Alex Kral,Kral,MID,19,,A,,,https://resources.premierleague.com/premierleague25/photos/players/110x140/195728.png
2021-22-player-617,2021-22,player,617,Harrison Ashby,Ashby,DEF,19,,A,,,https://resources.premierleague.com/premierleague25/photos/players/110x140/441024.png
2021-22-player-634,2021-22,player,634,Sonny Perkins,Perkins,MID,19,,A,,,https://resources.premierleague.com/premierleague25/photos/players/110x140/496228.png
2021-22-player-644,2021-22,player,644,Ajibola Alese,Alese,DEF,19,,A,,,https://resources.premierleague.com/premierleague25/photos/players/110x140/220684.png
2021-22-player-652,2021-22,player,652,Armstrong Oko-Flex,Oko-Flex,MID,19,,A,,,https://resources.premierleague.com/premierleague25/photos/players/110x140/248865.png
2021-22-player-682,2021-22,player,682,Pierre Ekwah,Ekwah,DEF,19,,A,,,https://resources.premierleague.com/premierleague25/photos/players/110x140/458297.png
2021-22-player-710,2021-22,player,710,Daniel Chesters,Chesters,MID,19,,A,,,https://resources.premierleague.com/premierleague25/photos/players/110x140/440120.png
2021-22-player-426,2021-22,player,426,João Filipe Iria Santos Moutinho,Moutinho,MID,20,,A,,,https://resources.premierleague.com/premierleague25/photos/players/110x140/19624.png
2021-22-player-427,2021-22,player,427,Rui Pedro dos Santos Patrício,Patrício,GKP,20,,A,,,https://resources.premierleague.com/premierleague25/photos/players/110x140/38533.png
2021-22-player-428,2021-22,player,428,Willy Boly,Boly,DEF,20,,A,,,https://resources.premierleague.com/premierleague25/photos/players/110x140/90585.png
2021-22-player-429,2021-22,player,429,Conor Coady,Coady,DEF,20,,A,,,https://resources.premierleague.com/premierleague25/photos/players/110x140/94147.png
2021-22-player-430,2021-22,player,430,Raúl Jiménez,Jiménez,FWD,20,,A,,,https://resources.premierleague.com/premierleague25/photos/players/110x140/102057.png
2021-22-player-431,2021-22,player,431,Romain Saïss,Saïss,DEF,20,,A,,,https://resources.premierleague.com/premierleague25/photos/players/110x140/107613.png
2021-22-player-432,2021-22,player,432,Fernando Marçal,Marçal,DEF,20,,A,,,https://resources.premierleague.com/premierleague25/photos/players/110x140/111291.png
2021-22-player-433,2021-22,player,433,Jonathan Castro Otto,Jonny,DEF,20,,A,,,https://resources.premierleague.com/premierleague25/photos/players/110x140/114128.png
2021-22-player-434,2021-22,player,434,Leander Dendoncker,Dendoncker,MID,20,,A,,,https://resources.premierleague.com/premierleague25/photos/players/110x140/151589.png
2021-22-player-435,2021-22,player,435,Adama Traoré,Traoré,MID,20,,A,,,https://resources.premierleague.com/premierleague25/photos/players/110x140/159533.png
2021-22-player-436,2021-22,player,436,Rúben Diogo da Silva Neves,Neves,MID,20,,A,,,https://resources.premierleague.com/premierleague25/photos/players/110x140/171317.png
2021-22-player-437,2021-22,player,437,Nélson Cabral Semedo,Semedo,DEF,20,,A,,,https://resources.premierleague.com/premierleague25/photos/players/110x140/200402.png
2021-22-player-438,2021-22,player,438,Daniel Castelo Podence,Podence,MID,20,,A,,,https://resources.premierleague.com/premierleague25/photos/players/110x140/200600.png
2021-22-player-439,2021-22,player,439,Max Kilman,Kilman,DEF,20,,A,,,https://resources.premierleague.com/premierleague25/photos/players/110x140/214048.png
2021-22-player-440,2021-22,player,440,Morgan Gibbs-White,Gibbs-White,MID,20,,A,,,https://resources.premierleague.com/premierleague25/photos/players/110x140/222531.png
2021-22-player-441,2021-22,player,441,Pedro Lomba Neto,Neto,MID,20,,A,,,https://resources.premierleague.com/premierleague25/photos/players/110x140/247632.png
2021-22-player-442,2021-22,player,442,Owen Otasowie,Otasowie,MID,20,,A,,,https://resources.premierleague.com/premierleague25/photos/players/110x140/250604.png
2021-22-player-443,2021-22,player,443,Ki-Jana Hoever,Hoever,DEF,20,,A,,,https://resources.premierleague.com/premierleague25/photos/players/110x140/441271.png
2021-22-player-444,2021-22,player,444,Andreas Söndergaard,Söndergaard,GKP,20,,A,,,https://resources.premierleague.com/premierleague25/photos/players/110x140/448487.png
2021-22-player-445,2021-22,player,445,Fabio Silva,Fabio Silva,FWD,20,,A,,,https://resources.premierleague.com/premierleague25/photos/players/110x140/449988.png
2021-22-player-446,2021-22,player,446,Yerson Mosquera Valdelamar,Mosquera,DEF,20,,A,,,https://resources.premierleague.com/premierleague25/photos/players/110x140/501837.png
2021-22-player-452,2021-22,player,452,John Ruddy,Ruddy,GKP,20,,A,,,https://resources.premierleague.com/premierleague25/photos/players/110x140/19236.png
2021-22-player-461,2021-22,player,461,Francisco Machado Mota de Castro Trincão,Trincão,MID,20,,A,,,https://resources.premierleague.com/premierleague25/photos/players/110x140/222564.png
2021-22-player-470,2021-22,player,470,Rayan Ait Nouri,Ait Nouri,DEF,20,,A,,,https://resources.premierleague.com/premierleague25/photos/players/110x140/448514.png
2021-22-player-475,2021-22,player,475,José Malheiro de Sá,Sá,GKP,20,,A,,,https://resources.premierleague.com/premierleague25/photos/players/110x140/149065.png
2021-22-player-523,2021-22,player,523,Patrick Cutrone,Cutrone,FWD,20,,A,,,https://resources.premierleague.com/premierleague25/photos/players/110x140/209353.png
2021-22-player-547,2021-22,player,547,Luke Cundle,Cundle,MID,20,,A,,,https://resources.premierleague.com/premierleague25/photos/players/110x140/245923.png
2021-22-player-548,2021-22,player,548,Chem Campbell,Campbell,MID,20,,A,,,https://resources.premierleague.com/premierleague25/photos/players/110x140/461026.png
2021-22-player-549,2021-22,player,549,Christian Marques,Marques,DEF,20,,A,,,https://resources.premierleague.com/premierleague25/photos/players/110x140/481626.png
2021-22-player-583,2021-22,player,583,Hee-Chan Hwang,Hwang,FWD,20,,A,,,https://resources.premierleague.com/premierleague25/photos/players/110x140/184754.png
2021-22-player-611,2021-22,player,611,Louie Moulden,Moulden,GKP,20,,A,,,https://resources.premierleague.com/premierleague25/photos/players/110x140/242510.png
2021-22-player-621,2021-22,player,621,James Storer,Storer,GKP,20,,A,,,https://resources.premierleague.com/premierleague25/photos/players/110x140/518504.png
2021-22-player-635,2021-22,player,635,Hugo Bueno,Bueno,DEF,20,,A,,,https://resources.premierleague.com/premierleague25/photos/players/110x140/490721.png
2021-22-player-661,2021-22,player,661,Bruno André Cavaco Jordão,Jordão,MID,20,,A,,,https://resources.premierleague.com/premierleague25/photos/players/110x140/428610.png
2021-22-player-685,2021-22,player,685,Toti António Gomes,Toti,DEF,20,,A,,,https://resources.premierleague.com/premierleague25/photos/players/110x140/510362.png
2021-22-player-686,2021-22,player,686,Dion Sanderson,Sanderson,DEF,20,,A,,,https://resources.premierleague.com/premierleague25/photos/players/110x140/225000.png
2021-22-player-687,2021-22,player,687,Ryan Giles,Giles,MID,20,,A,,,https://resources.premierleague.com/premierleague25/photos/players/110x140/232351.png
2021-22-player-689,2021-22,player,689,Francisco Jorge Tomás Oliveira,Chiquinho,MID,20,,A,,,https://resources.premierleague.com/premierleague25/photos/players/110x140/510363.png
2021-22-team-1,2021-22,team,1,Arsenal,Arsenal,,1,3,,,,
2021-22-team-2,2021-22,team,2,Aston Villa,Aston Villa,,2,7,,,,
2021-22-team-3,2021-22,team,3,Brentford,Brentford,,3,94,,,,
2021-22-team-4,2021-22,team,4,Brighton,Brighton,,4,36,,,,
2021-22-team-5,2021-22,team,5,Burnley,Burnley,,5,90,,,,
2021-22-team-6,2021-22,team,6,Chelsea,Chelsea,,6,8,,,,
2021-22-team-7,2021-22,team,7,Crystal Palace,Crystal Palace,,7,31,,,,
2021-22-team-8,2021-22,team,8,Everton,Everton,,8,11,,,,
2021-22-team-9,2021-22,team,9,Leicester,Leicester,,9,13,,,,
2021-22-team-10,2021-22,team,10,Leeds,Leeds,,10,2,,,,
2021-22-team-11,2021-22,team,11,Liverpool,Liverpool,,11,14,,,,
2021-22-team-12,2021-22,team,12,Man City,Man City,,12,43,,,,
2021-22-team-13,2021-22,team,13,Man Utd,Man Utd,,13,1,,,,
2021-22-team-14,2021-22,team,14,Newcastle,Newcastle,,14,4,,,,
2021-22-team-15,2021-22,team,15,Norwich,Norwich,,15,45,,,,
2021-22-team-16,2021-22,team,16,Southampton,Southampton,,16,20,,,,
2021-22-team-17,2021-22,team,17,Spurs,Spurs,,17,6,,,,
2021-22-team-18,2021-22,team,18,Watford,Watford,,18,57,,,,
2021-22-team-19,2021-22,team,19,West Ham,West Ham,,19,21,,,,
2021-22-team-20,2021-22,team,20,Wolves,Wolves,,20,39,,,,
2022-23-player-Hector Bellerin,2022-23,player,,Héctor Bellerín,Bellerín,DEF,1,,A,,,
2022-23-player-Tanguy Ndombele,2022-23,player,,Tanguy Ndombele,Ndombele,MID,17,,A,,,
2024-25-team-1,2024-25,team,1,Arsenal,Arsenal,,,,,,,
2024-25-team-2,2024-25,team,2,Aston Villa,Aston Villa,,,,,,,
2024-25-team-3,2024-25,team,3,Burnley,Burnley,,,,,,,
2024-25-team-4,2024-25,team,4,Bournemouth,Bournemouth,,,,,,,
2024-25-team-5,2024-25,team,5,Brentford,Brentford,,,,,,,
2024-25-team-6,2024-25,team,6,Brighton,Brighton,,,,,,,
2024-25-team-7,2024-25,team,7,Chelsea,Chelsea,,,,,,,
2024-25-team-8,2024-25,team,8,Crystal Palace,Crystal Palace,,,,,,,
2024-25-team-9,2024-25,team,9,Everton,Everton,,,,,,,
2024-25-team-10,2024-25,team,10,Fulham,Fulham,,,,,,,
2024-25-team-11,2024-25,team,11,Leeds,Leeds,,,,,,,
2024-25-team-12,2024-25,team,12,Liverpool,Liverpool,,,,,,,
2024-25-team-13,2024-25,team,13,Man City,Man City,,,,,,,
2024-25-team-14,2024-25,team,14,Man Utd,Man Utd,,,,,,,
2024-25-team-15,2024-25,team,15,Newcastle,Newcastle,,,,,,,
2024-25-team-16,2024-25,team,16,Nott'm Forest,Nott'm Forest,,,,,,,
2024-25-team-17,2024-25,team,17,Sunderland,Sunderland,,,,,,,
2024-25-team-18,2024-25,team,18,Spurs,Spurs,,,,,,,
2024-25-team-19,2024-25,team,19,West Ham,West Ham,,,,,,,
2024-25-team-20,2024-25,team,20,Wolves,Wolves,,,,,,,
2024-25-player-1,2024-25,player,1,David Raya Martín,Raya,GKP,1,,a,,,https://resources.premierleague.com/premierleague25/photos/players/110x140/154561.png
2024-25-player-2,2024-25,player,2,Kepa Arrizabalaga Revuelta,Arrizabalaga,GKP,1,,a,,,https://resources.premierleague.com/premierleague25/photos/players/110x140/109745.png
2024-25-player-3,2024-25,player,3,Karl Hein,Hein,GKP,1,,u,,,https://resources.premierleague.com/premierleague25/photos/players/110x140/463748.png
2024-25-player-4,2024-25,player,4,Tommy Setford,Setford,GKP,1,,a,,,https://resources.premierleague.com/premierleague25/photos/players/110x140/551221.png
2024-25-player-5,2024-25,player,5,Gabriel dos Santos Magalhães,Gabriel,DEF,1,,a,,,https://resources.premierleague.com/premierleague25/photos/players/110x140/226597.png
2024-25-player-6,2024-25,player,6,William Saliba,Saliba,DEF,1,,a,,,https://resources.premierleague.com/premierleague25/photos/players/110x140/462424.png
2024-25-player-7,2024-25,player,7,Riccardo Calafiori,Calafiori,DEF,1,,a,,,https://resources.premierleague.com/premierleague25/photos/players/110x140/466075.png
2024-25-player-8,2024-25,player,8,Jurriën Timber,J.Timber,DEF,1,,a,,,https://resources.premierleague.com/premierleague25/photos/players/110x140/445122.png
2024-25-player-9,2024-25,player,9,Jakub Kiwior,Kiwior,DEF,1,,u,,,https://resources.premierleague.com/premierleague25/photos/players/110x140/440854.png
2024-25-player-10,2024-25,player,10,Myles Lewis-Skelly,Lewis-Skelly,DEF,1,,a,,,https://resources.premierleague.com/premierleague25/photos/players/110x140/499169.png
2024-25-player-11,2024-25,player,11,Benjamin White,White,DEF,1,,a,,,https://resources.premierleague.com/premierleague25/photos/players/110x140/198869.png
2024-25-player-12,2024-25,player,12,Oleksandr Zinchenko,Zinchenko,DEF,16,,d,,,https://resources.premierleague.com/premierleague25/photos/players/110x140/206325.png
2024-25-player-13,2024-25,player,13,Brayden Clarke,Clarke,DEF,1,,a,,,https://resources.premierleague.com/premierleague25/photos/players/110x140/563324.png
2024-25-player-14,2024-25,player,14,Maldini Kacurri,Kacurri,DEF,1,,u,,,https://resources.premierleague.com/premierleague25/photos/players/110x140/588793.png
2024-25-player-15,2024-25,player,15,Josh Nichols,Nichols,DEF,1,,a,,,https://resources.premierleague.com/premierleague25/photos/players/110x140/499167.png
2024-25-player-16,2024-25,player,16,Bukayo Saka,Saka,MID,1,,a,,,https://resources.premierleague.com/premierleague25/photos/players/110x140/223340.png
2024-25-player-17,2024-25,player,17,Martin Ødegaard,Ødegaard,MID,1,,d,,,https://resources.premierleague.com/premierleague25/photos/players/110x140/184029.png
2024-25-player-18,2024-25,player,18,Noni Madueke,Madueke,MID,1,,i,,,https://resources.premierleague.com/premierleague25/photos/players/110x140/248857.png
2024-25-player-19,2024-25,player,19,Gabriel Martinelli Silva,Martinelli,MID,1,,a,,,https://resources.premierleague.com/premierleague25/photos/players/110x140/444145.png
2024-25-player-20,2024-25,player,20,Leandro Trossard,Trossard,MID,1,,a,,,https://resources.premierleague.com/premierleague25/photos/players/110x140/116216.png
2024-25-player-21,2024-25,player,21,Declan Rice,Rice,MID,1,,a,,,https://resources.premierleague.com/premierleague25/photos/players/110x140/204480.png
2024-25-player-22,2024-25,player,22,Mikel Merino Zazón,Merino,MID,1,,a,,,https://resources.premierleague.com/premierleague25/photos/players/110x140/195384.png
2024-25-player-23,2024-25,player,23,Fábio Ferreira Vieira,Fábio Vieira,MID,1,,u,,,https://resources.premierleague.com/premierleague25/photos/players/110x140/438098.png
2024-25-player-24,2024-25,player,24,Christian Nørgaard,Nørgaard,MID,1,,a,,,https://resources.premierleague.com/premierleague25/photos/players/110x140/128295.png
2024-25-player-25,2024-25,player,25,Ethan Nwaneri,Nwaneri,MID,1,,a,,,https://resources.premierleague.com/premierleague25/photos/players/110x140/499175.png
2024-25-player-26,2024-25,player,26,Martín Zubimendi Ibáñez,Zubimendi,MID,1,,a,,,https://resources.premierleague.com/premierleague25/photos/players/110x140/481655.png
2024-25-player-28,2024-25,player,28,Ismeal Kabia,Kabia,MID,1,,u,,,https://resources.premierleague.com/premierleague25/photos/players/110x140/588796.png
2024-25-player-45,2024-25,player,45,Lino da Cruz Sousa,Sousa,DEF,2,,a,,,https://resources.premierleague.com/premierleague25/photos/players/110x140/514315.png
2024-25-player-48,2024-25,player,48,Youri Tielemans,Tielemans,MID,2,,d,,,https://resources.premierleague.com/premierleague25/photos/players/110x140/166989.png
2024-25-player-52,2024-25,player,52,Jacob Ramsey,J.Ramsey,MID,15,,a,,,https://resources.premierleague.com/premierleague25/photos/players/110x140/232653.png
2024-25-player-54,2024-25,player,54,John McGinn,McGinn,MID,2,,a,,,https://resources.premierleague.com/premierleague25/photos/players/110x140/122806.png
2024-25-player-57,2024-25,player,57,Lewis Dobbin,Dobbin,MID,2,,u,,,https://resources.premierleague.com/premierleague25/photos/players/110x140/461421.png
2024-25-player-58,2024-25,player,58,Boubacar Kamara,Kamara,MID,2,,a,,,https://resources.premierleague.com/premierleague25/photos/players/110x140/226944.png
2024-25-player-62,2024-25,player,62,Jamaldeen Jimoh-Aloba,Jimoh-Aloba,MID,2,,a,,,https://resources.premierleague.com/premierleague25/photos/players/110x140/559962.png
2024-25-player-70,2024-25,player,70,Alex Paulsen,Paulsen,GKP,4,,u,,,https://resources.premierleague.com/premierleague25/photos/players/110x140/495145.png
2024-25-player-74,2024-25,player,74,Adrien Truffert,Truffert,DEF,4,,a,,,https://resources.premierleague.com/premierleague25/photos/players/110x140/494521.png
2024-25-player-78,2024-25,player,78,Julián Araujo Zúñiga,J.Araujo,DEF,4,,a,,,https://resources.premierleague.com/premierleague25/photos/players/110x140/436893.png
2024-25-player-79,2024-25,player,79,Chris Mepham,Mepham,DEF,4,,u,,,https://resources.premierleague.com/premierleague25/photos/players/110x140/223911.png
2024-25-player-80,2024-25,player,80,Julio Soler Barreto,Soler,DEF,4,,a,,,https://resources.premierleague.com/premierleague25/photos/players/110x140/575901.png
2024-25-player-82,2024-25,player,82,Antoine Semenyo,Semenyo,MID,4,,a,,,https://resources.premierleague.com/premierleague25/photos/players/110x140/437730.png
2024-25-player-83,2024-25,player,83,Dango Ouattara,O.Dango,MID,5,,a,,,https://resources.premierleague.com/premierleague25/photos/players/110x140/533463.png
2024-25-player-99,2024-25,player,99,Daniel Adu-Adjei,Adu-Adjei,FWD,4,,u,,,https://resources.premierleague.com/premierleague25/photos/players/110x140/590760.png
2024-25-player-100,2024-25,player,100,Eli Junior Kroupi,Kroupi.Jr,FWD,4,,a,,,
2024-25-player-104,2024-25,player,104,Julian Eyestone,Eyestone,GKP,5,,a,,,https://resources.premierleague.com/premierleague25/photos/players/110x140/535017.png
2024-25-player-107,2024-25,player,107,Keane Lewis-Potter,Lewis-Potter,DEF,5,,a,,,https://resources.premierleague.com/premierleague25/photos/players/110x140/249231.png
2024-25-player-108,2024-25,player,108,Kristoffer Ajer,Ajer,DEF,5,,a,,,https://resources.premierleague.com/premierleague25/photos/players/110x140/191866.png
2024-25-player-110,2024-25,player,110,Michael Kayode,Kayode,DEF,5,,a,,,https://resources.premierleague.com/premierleague25/photos/players/110x140/607464.png
2024-25-player-120,2024-25,player,120,Kevin Schade,Schade,MID,5,,a,,,https://resources.premierleague.com/premierleague25/photos/players/110x140/513418.png
2024-25-player-122,2024-25,player,122,Antoni Milambo,Milambo,MID,5,,a,,,https://resources.premierleague.com/premierleague25/photos/players/110x140/543295.png
2024-25-player-123,2024-25,player,123,Fábio Freitas Gouveia Carvalho,Carvalho,MID,5,,a,,,https://resources.premierleague.com/premierleague25/photos/players/110x140/244858.png
2024-25-player-129,2024-25,player,129,Yehor Yarmoliuk,Yarmoliuk,MID,5,,a,,,https://resources.premierleague.com/premierleague25/photos/players/110x140/508395.png
2024-25-player-135,2024-25,player,135,Yoane Wissa,Wissa,FWD,15,,i,,,https://resources.premierleague.com/premierleague25/photos/players/110x140/216646.png
2024-25-player-136,2024-25,player,136,Igor Thiago Nascimento Rodrigues,Thiago,FWD,5,,a,,,https://resources.premierleague.com/premierleague25/photos/players/110x140/502500.png
2024-25-player-163,2024-25,player,163,Jack Hinshelwood,Hinshelwood,MID,6,,i,,,https://resources.premierleague.com/premierleague25/photos/players/110x140/532529.png
2024-25-player-166,2024-25,player,166,Yasin Ayari,Ayari,MID,6,,a,,,https://resources.premierleague.com/premierleague25/photos/players/110x140/509416.png
2024-25-player-172,2024-25,player,172,Tom Watson,Watson,MID,6,,a,,,https://resources.premierleague.com/premierleague25/photos/players/110x140/549074.png
2024-25-player-177,2024-25,player,177,Andrew Moran,Moran,MID,6,,u,,,https://resources.premierleague.com/premierleague25/photos/players/110x140/513834.png
2024-25-player-179,2024-25,player,179,Evan Ferguson,Ferguson,FWD,6,,u,,,https://resources.premierleague.com/premierleague25/photos/players/110x140/487117.png
2024-25-player-180,2024-25,player,180,Stefanos Tzimas,Tzimas,FWD,6,,a,,,https://resources.premierleague.com/premierleague25/photos/players/110x140/608181.png
2024-25-player-181,2024-25,player,181,Charalampos Kostoulas,Kostoulas,FWD,6,,a,,,https://resources.premierleague.com/premierleague25/photos/players/110x140/647850.png
2024-25-player-182,2024-25,player,182,James Trafford,Trafford,GKP,13,,a,,,https://resources.premierleague.com/premierleague25/photos/players/110x140/432720.png
2024-25-player-186,2024-25,player,186,Connor Roberts,Roberts,DEF,3,,d,,,https://resources.premierleague.com/premierleague25/photos/players/110x140/192290.png
2024-25-player-191,2024-25,player,191,Maxime Estève,Estève,DEF,3,,a,,,https://resources.premierleague.com/premierleague25/photos/players/110x140/477717.png
2024-25-player-199,2024-25,player,199,Joe Worrall,Worrall,DEF,3,,a,,,https://resources.premierleague.com/premierleague25/photos/players/110x140/208912.png
2024-25-player-205,2024-25,player,205,Josh Cullen,Cullen,MID,3,,a,,,https://resources.premierleague.com/premierleague25/photos/players/110x140/172567.png
2024-25-player-207,2024-25,player,207,Hannibal Mejbri,Hannibal,MID,3,,a,,,https://resources.premierleague.com/premierleague25/photos/players/110x140/465527.png
2024-25-player-210,2024-25,player,210,Loum Tchaouna,Tchaouna,MID,3,,a,,,https://resources.premierleague.com/premierleague25/photos/players/110x140/469272.png
2024-25-player-211,2024-25,player,211,Aaron Ramsey,A.Ramsey,MID,3,,u,,,https://resources.premierleague.com/premierleague25/photos/players/110x140/447715.png
2024-25-player-217,2024-25,player,217,Lyle Foster,Foster,FWD,3,,d,,,https://resources.premierleague.com/premierleague25/photos/players/110x140/435973.png
2024-25-player-219,2024-25,player,219,Michael Obafemi,Obafemi,FWD,3,,u,,,https://resources.premierleague.com/premierleague25/photos/players/110x140/220598.png
2024-25-player-220,2024-25,player,220,Robert Lynch Sánchez,Sánchez,GKP,7,,a,,,https://resources.premierleague.com/premierleague25/photos/players/110x140/215059.png
2024-25-player-240,2024-25,player,240,Christopher Nkunku,Nkunku,MID,7,,u,,,https://resources.premierleague.com/premierleague25/photos/players/110x140/213198.png
2024-25-player-245,2024-25,player,245,Mykhailo Mudryk,Mudryk,MID,7,,a,,,https://resources.premierleague.com/premierleague25/photos/players/110x140/465920.png
2024-25-player-265,2024-25,player,265,Caleb Kporha,Kporha,FWD,8,,a,,,https://resources.premierleague.com/premierleague25/photos/players/110x140/590012.png
2024-25-player-267,2024-25,player,267,Ismaïla Sarr,Sarr,DEF,8,,a,,,https://resources.premierleague.com/premierleague25/photos/players/110x140/232185.png
2024-25-player-274,2024-25,player,274,Asher Agbinone,Agbinone,MID,8,,a,,,https://resources.premierleague.com/premierleague25/photos/players/110x140/579075.png
2024-25-player-288,2024-25,player,288,Mark Travers,Travers,GKP,9,,a,,,https://resources.premierleague.com/premierleague25/photos/players/110x140/229600.png
2024-25-player-298,2024-25,player,298,Reece Welch,Welch,FWD,9,,a,,,https://resources.premierleague.com/premierleague25/photos/players/110x140/474907.png
2024-25-player-299,2024-25,player,299,Iliman Ndiaye,Ndiaye,MID,9,,a,,,https://resources.premierleague.com/premierleague25/photos/players/110x140/440993.png
2024-25-player-309,2024-25,player,309,Jenson Metcalfe,Metcalfe,MID,9,,a,,,https://resources.premierleague.com/premierleague25/photos/players/110x140/491557.png
2024-25-player-311,2024-25,player,311,Norberto Bercique Gomes Betuncal,Beto,FWD,9,,a,,,https://resources.premierleague.com/premierleague25/photos/players/110x140/486385.png
2024-25-player-316,2024-25,player,316,Antonee Robinson,Robinson,FWD,10,,a,,,https://resources.premierleague.com/premierleague25/photos/players/110x140/169528.png
2024-25-player-317,2024-25,player,317,Joachim Andersen,Andersen,MID,10,,a,,,https://resources.premierleague.com/premierleague25/photos/players/110x140/174874.png
2024-25-player-319,2024-25,player,319,Timothy Castagne,Castagne,MID,10,,a,,,https://resources.premierleague.com/premierleague25/photos/players/110x140/166477.png
2024-25-player-321,2024-25,player,321,Jorge Cuenca Barreno,J.Cuenca,FWD,10,,a,,,https://resources.premierleague.com/premierleague25/photos/players/110x140/246301.png
2024-25-player-324,2024-25,player,324,Alex Iwobi,Iwobi,MID,10,,a,,,https://resources.premierleague.com/premierleague25/photos/players/110x140/153133.png
2024-25-player-327,2024-25,player,327,Andreas Hoelgebaum Pereira,Andreas,MID,10,,a,,,https://resources.premierleague.com/premierleague25/photos/players/110x140/156689.png
2024-25-player-328,2024-25,player,328,Ryan Sessegnon,Sessegnon,FWD,10,,a,,,https://resources.premierleague.com/premierleague25/photos/players/110x140/184349.png
2024-25-player-329,2024-25,player,329,Harry Wilson,Wilson,MID,10,,a,,,https://resources.premierleague.com/premierleague25/photos/players/110x140/153682.png
2024-25-player-335,2024-25,player,335,Josh King,King,DEF,10,,a,,,https://resources.premierleague.com/premierleague25/photos/players/110x140/577725.png
2024-25-player-336,2024-25,player,336,Harrison Reed,Reed,MID,13,,a,,,https://resources.premierleague.com/premierleague25/photos/players/110x140/153366.png
2024-25-player-339,2024-25,player,339,Illan Meslier,Meslier,GKP,11,,a,,,https://resources.premierleague.com/premierleague25/photos/players/110x140/437495.png
2024-25-player-340,2024-25,player,340,Alex Cairns,Cairns,GKP,13,,a,,,https://resources.premierleague.com/premierleague25/photos/players/110x140/97846.png
2024-25-player-341,2024-25,player,341,Karl Darlow,Darlow,GKP,5,,a,,,https://resources.premierleague.com/premierleague25/photos/players/110x140/59735.png
2024-25-player-342,2024-25,player,342,Jayden Bogle,Bogle,MID,11,,a,,,https://resources.premierleague.com/premierleague25/photos/players/110x140/226182.png
2024-25-player-343,2024-25,player,343,Pascal Struijk,Struijk,MID,11,,a,,,https://resources.premierleague.com/premierleague25/photos/players/110x140/222694.png
2024-25-player-345,2024-25,player,345,Sebastiaan Bornauw,Bornauw,MID,11,,a,,,https://resources.premierleague.com/premierleague25/photos/players/110x140/437738.png
2024-25-player-346,2024-25,player,346,Sam Byram,Byram,MID,11,,a,,,https://resources.premierleague.com/premierleague25/photos/players/110x140/113564.png
2024-25-player-348,2024-25,player,348,Joe Rodon,Rodon,FWD,11,,a,,,https://resources.premierleague.com/premierleague25/photos/players/110x140/214225.png
2024-25-player-349,2024-25,player,349,Isaac Schmidt,Schmidt,MID,11,,a,,,https://resources.premierleague.com/premierleague25/photos/players/110x140/492368.png
2024-25-player-350,2024-25,player,350,Brenden Aaronson,Aaronson,DEF,11,,a,,,https://resources.premierleague.com/premierleague25/photos/players/110x140/427637.png
2024-25-player-351,2024-25,player,351,Wilfried Gnonto,Gnonto,FWD,11,,a,,,https://resources.premierleague.com/premierleague25/photos/players/110x140/492859.png
2024-25-player-360,2024-25,player,360,Joe Gelhardt,Gelhardt,MID,11,,a,,,https://resources.premierleague.com/premierleague25/photos/players/110x140/462635.png
2024-25-player-366,2024-25,player,366,Alisson Ramses Becker,A.Becker,GKP,12,,a,,,https://resources.premierleague.com/premierleague25/photos/players/110x140/116535.png
2024-25-player-372,2024-25,player,372,Andrew Robertson,Robertson,MID,12,,a,,,https://resources.premierleague.com/premierleague25/photos/players/110x140/122798.png
2024-25-player-375,2024-25,player,375,Conor Bradley,Bradley,FWD,12,,a,,,https://resources.premierleague.com/premierleague25/photos/players/110x140/492777.png
2024-25-player-378,2024-25,player,378,Amara Nallo,Nallo,MID,12,,a,,,https://resources.premierleague.com/premierleague25/photos/players/110x140/611926.png
2024-25-player-382,2024-25,player,382,Florian Wirtz,Wirtz,MID,12,,a,,,https://resources.premierleague.com/premierleague25/photos/players/110x140/494595.png
2024-25-player-385,2024-25,player,385,Federico Chiesa,Chiesa,FWD,12,,a,,,https://resources.premierleague.com/premierleague25/photos/players/110x140/223541.png
2024-25-player-386,2024-25,player,386,Alexis Mac Allister,Mac Allister,MID,12,,a,,,https://resources.premierleague.com/premierleague25/photos/players/110x140/243016.png
2024-25-player-387,2024-25,player,387,Dominik Szoboszlai,Szoboszlai,DEF,12,,a,,,https://resources.premierleague.com/premierleague25/photos/players/110x140/424876.png
2024-25-player-389,2024-25,player,389,Harvey Elliott,Elliott,FWD,2,,a,,,https://resources.premierleague.com/premierleague25/photos/players/110x140/444884.png
2024-25-player-392,2024-25,player,392,Endo Wataru,Endo,MID,12,,a,,,https://resources.premierleague.com/premierleague25/photos/players/110x140/158983.png
2024-25-player-394,2024-25,player,394,James McConnell,McConnell,MID,12,,a,,,https://resources.premierleague.com/premierleague25/photos/players/110x140/491501.png
2024-25-player-395,2024-25,player,395,Tyler Morton,Morton,DEF,12,,a,,,https://resources.premierleague.com/premierleague25/photos/players/110x140/440148.png
2024-25-player-398,2024-25,player,398,Jayden Danns,Danns,MID,12,,a,,,https://resources.premierleague.com/premierleague25/photos/players/110x140/500058.png
2024-25-player-401,2024-25,player,401,Marcus Bettinelli,Bettinelli,GKP,13,,a,,,https://resources.premierleague.com/premierleague25/photos/players/110x140/122074.png
2024-25-player-402,2024-25,player,402,Rayan Aït-Nouri,Aït-Nouri,MID,13,,a,,,https://resources.premierleague.com/premierleague25/photos/players/110x140/448514.png
2024-25-player-415,2024-25,player,415,Sávio Moreira de Oliveira,Savinho,DEF,13,,a,,,https://resources.premierleague.com/premierleague25/photos/players/110x140/510281.png
2024-25-player-417,2024-25,player,417,Rayan Cherki,Cherki,MID,13,,a,,,https://resources.premierleague.com/premierleague25/photos/players/110x140/466052.png
2024-25-player-418,2024-25,player,418,Jérémy Doku,Doku,DEF,13,,a,,,https://resources.premierleague.com/premierleague25/photos/players/110x140/248875.png
2024-25-player-421,2024-25,player,421,Rodrigo Hernandez,Rodri,FWD,13,,a,,,https://resources.premierleague.com/premierleague25/photos/players/110x140/220566.png
2024-25-player-424,2024-25,player,424,Oscar Bobb,Bobb,FWD,13,,a,,,https://resources.premierleague.com/premierleague25/photos/players/110x140/477555.png
2024-25-player-433,2024-25,player,433,Elyh Harrison,Harrison,MID,14,,a,,,https://resources.premierleague.com/premierleague25/photos/players/110x140/588555.png
2024-25-player-434,2024-25,player,434,Tom Heaton,Heaton,MID,14,,a,,,https://resources.premierleague.com/premierleague25/photos/players/110x140/21205.png
2024-25-player-440,2024-25,player,440,Diogo Dalot Teixeira,Dalot,DEF,14,,a,,,https://resources.premierleague.com/premierleague25/photos/players/110x140/216051.png
2024-25-player-447,2024-25,player,447,Ayden Heaven,Heaven,FWD,14,,a,,,https://resources.premierleague.com/premierleague25/photos/players/110x140/606745.png
2024-25-player-453,2024-25,player,453,Alejandro Garnacho Ferreyra,Garnacho,FWD,14,,a,,,https://resources.premierleague.com/premierleague25/photos/players/110x140/493105.png
2024-25-player-455,2024-25,player,455,Mason Mount,Mount,DEF,14,,a,,,https://resources.premierleague.com/premierleague25/photos/players/110x140/184341.png
2024-25-player-474,2024-25,player,474,Fabian Schär,Schär,DEF,15,,a,,,https://resources.premierleague.com/premierleague25/photos/players/110x140/119471.png
2024-25-player-491,2024-25,player,491,Sandro Tonali,Tonali,FWD,15,,a,,,https://resources.premierleague.com/premierleague25/photos/players/110x140/432422.png
2024-25-player-492,2024-25,player,492,Antoñito Cordero Campillo,Cordero,MID,15,,a,,,https://resources.premierleague.com/premierleague25/photos/players/110x140/640108.png
2024-25-player-494,2024-25,player,494,Joe Willock,Willock,MID,15,,a,,,https://resources.premierleague.com/premierleague25/photos/players/110x140/200089.png
2024-25-player-495,2024-25,player,495,Isaac Hayden,Hayden,DEF,15,,a,,,https://resources.premierleague.com/premierleague25/photos/players/110x140/153127.png
2024-25-player-497,2024-25,player,497,Lewis Miley,Miley,FWD,15,,a,,,https://resources.premierleague.com/premierleague25/photos/players/110x140/547719.png
2024-25-player-498,2024-25,player,498,Joe White,White,DEF,15,,a,,,https://resources.premierleague.com/premierleague25/photos/players/110x140/461484.png
2024-25-player-503,2024-25,player,503,Carlos Miguel dos Santos Pereira,C.Miguel,FWD,16,,a,,,https://resources.premierleague.com/premierleague25/photos/players/110x140/475123.png
2024-25-player-505,2024-25,player,505,Nikola Milenković,Milenkovic,DEF,16,,a,,,https://resources.premierleague.com/premierleague25/photos/players/110x140/227444.png
2024-25-player-506,2024-25,player,506,Murillo Santiago Costa dos Santos,Murillo,DEF,16,,a,,,https://resources.premierleague.com/premierleague25/photos/players/110x140/575476.png
2024-25-player-509,2024-25,player,509,David Mota Veiga Teixeira do Carmo,Carmo,FWD,16,,a,,,https://resources.premierleague.com/premierleague25/photos/players/110x140/451432.png
2024-25-player-514,2024-25,player,514,Willy Boly,Boly,FWD,16,,a,,,https://resources.premierleague.com/premierleague25/photos/players/110x140/90585.png
2024-25-player-525,2024-25,player,525,Chris Wood,Wood,MID,16,,a,,,https://resources.premierleague.com/premierleague25/photos/players/110x140/60689.png
2024-25-player-527,2024-25,player,527,Taiwo Awoniyi,Awoniyi,MID,16,,a,,,https://resources.premierleague.com/premierleague25/photos/players/110x140/210156.png
2024-25-player-530,2024-25,player,530,Blondy Nna Noukeu,Noukeu,MID,12,,a,,,https://resources.premierleague.com/premierleague25/photos/players/110x140/490000.png
2024-25-player-531,2024-25,player,531,Daniel Ballard,Ballard,MID,17,,a,,,https://resources.premierleague.com/premierleague25/photos/players/110x140/223827.png
2024-25-player-532,2024-25,player,532,Trai Hume,Hume,DEF,17,,a,,,https://resources.premierleague.com/premierleague25/photos/players/110x140/487676.png
2024-25-player-533,2024-25,player,533,Aji Alese,Alese,DEF,17,,a,,,https://resources.premierleague.com/premierleague25/photos/players/110x140/220684.png
2024-25-player-541,2024-25,player,541,Reinildo Mandava,Reinildo,FWD,17,,a,,,https://resources.premierleague.com/premierleague25/photos/players/110x140/434399.png
2024-25-player-550,2024-25,player,550,Ian Poveda-Ocampo,Poveda,FWD,17,,a,,,https://resources.premierleague.com/premierleague25/photos/players/110x140/215460.png
2024-25-player-560,2024-25,player,560,Wilson Isidor,Isidor,MID,17,,a,,,https://resources.premierleague.com/premierleague25/photos/players/110x140/437505.png
2024-25-player-563,2024-25,player,563,Luís Hemir Silva Semedo,Semedo,MID,17,,a,,,https://resources.premierleague.com/premierleague25/photos/players/110x140/551153.png
2024-25-player-565,2024-25,player,565,Guglielmo Vicario,Vicario,MID,18,,a,,,https://resources.premierleague.com/premierleague25/photos/players/110x140/184254.png
2024-25-player-566,2024-25,player,566,Brandon Austin,Austin,FWD,18,,a,,,https://resources.premierleague.com/premierleague25/photos/players/110x140/214572.png
2024-25-player-570,2024-25,player,570,Kevin Danso,Danso,FWD,18,,a,,,https://resources.premierleague.com/premierleague25/photos/players/110x140/135720.png
2024-25-player-573,2024-25,player,573,Djed Spence,Spence,DEF,18,,a,,,https://resources.premierleague.com/premierleague25/photos/players/110x140/232859.png
2024-25-player-578,2024-25,player,578,Luka Vušković,Vuskovic,DEF,18,,u,,,https://resources.premierleague.com/premierleague25/photos/players/110x140/610799.png
2024-25-player-582,2024-25,player,582,Mohammed Kudus,Kudus,MID,18,,a,,,https://resources.premierleague.com/premierleague25/photos/players/110x140/460842.png
2024-25-player-585,2024-25,player,585,Rodrigo Bentancur,Bentancur,MID,18,,a,,,https://resources.premierleague.com/premierleague25/photos/players/110x140/202993.png
2024-25-player-587,2024-25,player,587,Yves Bissouma,Bissouma,MID,18,,a,,,https://resources.premierleague.com/premierleague25/photos/players/110x140/227127.png
2024-25-player-589,2024-25,player,589,Manor Solomon,Solomon,FWD,18,,a,,,https://resources.premierleague.com/premierleague25/photos/players/110x140/235674.png
2024-25-player-251,2024-25,player,251,Nicolas Jackson,Jackson,FWD,7,,a,,,https://resources.premierleague.com/premierleague25/photos/players/110x140/517052.png
2024-25-player-252,2024-25,player,252,Marc Guiu Paz,Guiu,FWD,7,,a,,,https://resources.premierleague.com/premierleague25/photos/players/110x140/499309.png
2024-25-player-255,2024-25,player,255,Remi Matthews,Matthews,GKP,8,,a,,,
