season_code,fpl_permanent_code,full_name,season_id
2024-25-player-742,100000084,David Moyes,2024-25
2024-25-player-737,100037568,Unai Emery,2024-25
2024-25-player-736,100037973,Pep Guardiola,2024-25
2024-25-player-746,100038215,Eddie Howe,2024-25
2024-25-player-751,100040854,Vítor Manuel de Oliveira Lopes Pereira,2024-25
2024-25-player-753,100041800,Marco Alexandre Saraiva da Silva,2024-25
2024-25-player-747,100041808,Nuno Herlander Simões Espírito Santo,2024-25
2024-25-player-749,100041880,Ange Postecoglou,2024-25
2024-25-player-752,100042830,Thomas Frank,2024-25
2024-25-player-741,100044409,Oliver Glasner,2024-25
2024-25-player-750,100046435,Graham Potter,2024-25
2024-25-player-743,100047417,Kieran McKenna,2024-25
2024-25-player-748,100047426,Simon Rusk,2024-25
2024-25-player-740,100048548,Enzo Maresca,2024-25
2024-25-player-738,100050427,Andoni Iraola,2024-25
2024-25-player-754,100050995,Ruud van Nistelrooij,2024-25
2024-25-player-735,100051017,Mikel Arteta,2024-25
2024-25-player-744,100052173,Arne Slot,2024-25
2024-25-player-745,100053636,Ruben Filipe Marques Diogo Amorim,2024-25
2024-25-player-739,100053901,Fabian Hürzeler,2024-25
2018-19-player-240,100059,Alberto Moreno,2018-19
2018-19-player-266,100180,Danilo Luiz da Silva,2018-19
2019-20-player-209,100180,Danilo Luiz da Silva,2019-20
2018-19-player-507,100649,Bernard Anício Caldeira Duarte,2018-19
2019-20-player-152,100649,Bernard Anício Caldeira Duarte,2019-20
2020-21-player-154,100649,Bernard Anício Caldeira Duarte,2020-21
2021-22-player-167,100649,Bernard Anício Caldeira Duarte,2021-22
2019-20-player-484,101061,Philip Heise,2019-20
2018-19-player-510,101105,Joe Bryan,2018-19
2020-21-player-182,101105,Joe Bryan,2020-21
2022-23-player-206,101105,Joe Bryan,2022-23
2018-19-player-312,101148,Jamaal Lascelles,2018-19
2019-20-player-258,101148,Jamaal Lascelles,2019-20
2020-21-player-328,101148,Jamaal Lascelles,2020-21
2021-22-player-299,101148,Jamaal Lascelles,2021-22
2022-23-player-360,101148,Jamaal Lascelles,2022-23
2023-24-player-419,101148,Jamaal Lascelles,2023-24
2024-25-player-407,101148,Jamaal Lascelles,2024-25
2025-26-player-480,101148,Jamaal Lascelles,2025-26
2018-19-player-338,101178,James Ward-Prowse,2018-19
2019-20-player-321,101178,James Ward-Prowse,2019-20
2020-21-player-370,101178,James Ward-Prowse,2020-21
2021-22-player-341,101178,James Ward-Prowse,2021-22
2022-23-player-407,101178,James Ward-Prowse,2022-23
2023-24-player-664,101178,James Ward-Prowse,2023-24
2024-25-player-531,101178,James Ward-Prowse,2024-25
2025-26-player-614,101178,James Ward-Prowse,2025-26
2018-19-player-9,101184,Calum Chambers,2018-19
2019-20-player-467,101184,Calum Chambers,2019-20
2020-21-player-13,101184,Calum Chambers,2020-21
2021-22-player-10,101184,Calum Chambers,2021-22
2022-23-player-32,101184,Calum Chambers,2022-23
2023-24-player-37,101184,Calum Chambers,2023-24
2018-19-player-484,101188,Lucas Digne,2018-19
2019-20-player-141,101188,Lucas Digne,2019-20
2020-21-player-155,101188,Lucas Digne,2020-21
2021-22-player-168,101188,Lucas Digne,2021-22
2022-23-player-33,101188,Lucas Digne,2022-23
2023-24-player-42,101188,Lucas Digne,2023-24
2024-25-player-36,101188,Lucas Digne,2024-25
2025-26-player-37,101188,Lucas Digne,2025-26
2022-23-player-728,101338,Marcel Sabitzer,2022-23
2020-21-player-654,101394,Okay Yokuslu,2020-21
2018-19-player-465,101537,Felipe Anderson Pereira Gomes,2018-19
2019-20-player-390,101537,Felipe Anderson Pereira Gomes,2019-20
2020-21-player-440,101537,Felipe Anderson Pereira Gomes,2020-21
2018-19-player-304,101582,Frederico Rodrigues de Paula Santos,2018-19
2019-20-player-244,101582,Frederico Rodrigues de Paula Santos,2019-20
2020-21-player-299,101582,Frederico Rodrigues de Paula Santos,2020-21
2021-22-player-274,101582,Frederico Rodrigues de Paula Santos,2021-22
2022-23-player-331,101582,Frederico Rodrigues de Paula Santos,2022-23
2023-24-player-381,101582,Frederico Rodrigues de Paula Santos,2023-24
2018-19-player-234,101668,Jamie Vardy,2018-19
2019-20-player-166,101668,Jamie Vardy,2019-20
2020-21-player-224,101668,Jamie Vardy,2020-21
2021-22-player-205,101668,Jamie Vardy,2021-22
2022-23-player-255,101668,Jamie Vardy,2022-23
2024-25-player-306,101668,Jamie Vardy,2024-25
2020-21-player-417,101982,Sam Johnstone,2020-21
2022-23-player-175,101982,Sam Johnstone,2022-23
2023-24-player-230,101982,Sam Johnstone,2023-24
2024-25-player-204,101982,Sam Johnstone,2024-25
2025-26-player-627,101982,Sam Johnstone,2025-26
2018-19-player-437,102057,Raúl Jiménez,2018-19
2019-20-player-409,102057,Raúl Jiménez,2019-20
2020-21-player-460,102057,Raúl Jiménez,2020-21
2021-22-player-430,102057,Raúl Jiménez,2021-22
2022-23-player-476,102057,Raúl Jiménez,2022-23
2023-24-player-558,102057,Raúl Jiménez,2023-24
2024-25-player-252,102057,Raúl Jiménez,2024-25
2025-26-player-337,102057,Raúl Jiménez Rodríguez,2025-26
2018-19-player-118,102380,Antonio Rüdiger,2018-19
2019-20-player-104,102380,Antonio Rüdiger,2019-20
2020-21-player-109,102380,Antonio Rüdiger,2020-21
2021-22-player-127,102380,Antonio Rüdiger,2021-22
2023-24-player-479,102549,Adam Davies,2023-24
2019-20-player-511,102747,Djibril Sidibé,2019-20
2018-19-player-267,102826,Benjamin Mendy,2018-19
2019-20-player-204,102826,Benjamin Mendy,2019-20
2020-21-player-274,102826,Benjamin Mendy,2020-21
2021-22-player-253,102826,Benjamin Mendy,2021-22
2022-23-player-382,102836,Brice Samba,2022-23
2018-19-player-536,102884,Paulo Gazzaniga,2018-19
2019-20-player-341,102884,Paulo Gazzaniga,2019-20
2020-21-player-393,102884,Paulo Gazzaniga,2020-21
2022-23-player-207,102884,Paulo Gazzaniga Farias,2022-23
2018-19-player-223,103025,Riyad Mahrez,2018-19
2019-20-player-217,103025,Riyad Mahrez,2019-20
2020-21-player-275,103025,Riyad Mahrez,2020-21
2021-22-player-254,103025,Riyad Mahrez,2021-22
2022-23-player-303,103025,Riyad Mahrez,2022-23
2023-24-player-359,103025,Riyad Mahrez,2023-24
2019-20-player-457,103123,Sébastien Haller,2019-20
2020-21-player-441,103123,Sébastien Haller,2020-21
2018-19-player-155,10318,Maarten Stekelenburg,2018-19
2019-20-player-149,10318,Maarten Stekelenburg,2019-20
2018-19-player-526,103192,Kurt Zouma,2018-19
2019-20-player-459,103192,Kurt Zouma,2019-20
2020-21-player-110,103192,Kurt Zouma,2020-21
2021-22-player-128,103192,Kurt Zouma,2021-22
2022-23-player-461,103192,Kurt Zouma,2022-23
2023-24-player-544,103192,Kurt Zouma,2023-24
2024-25-player-532,103192,Kurt Zouma,2024-25
2018-19-player-38,103912,Jordon Ibe,2018-19
2019-20-player-78,103912,Jordon Ibe,2019-20
2018-19-player-74,103914,Charlie Taylor,2018-19
2019-20-player-87,103914,Charlie Taylor,2019-20
2020-21-player-97,103914,Charlie Taylor,2020-21
2021-22-player-113,103914,Charlie Taylor,2021-22
2023-24-player-178,103914,Charlie Taylor,2023-24
2024-25-player-475,103914,Charlie Taylor,2024-25
2018-19-player-270,103955,Raheem Sterling,2018-19
2019-20-player-214,103955,Raheem Sterling,2019-20
2020-21-player-276,103955,Raheem Sterling,2020-21
2021-22-player-255,103955,Raheem Sterling,2021-22
2022-23-player-304,103955,Raheem Sterling,2022-23
2023-24-player-216,103955,Raheem Sterling,2023-24
2024-25-player-186,103955,Raheem Sterling,2024-25
2023-24-player-582,104047,Pelly Ruddock Mpanzu,2023-24
2018-19-player-98,104073,Joe Ralls,2018-19
2018-19-player-238,104542,Loris Karius,2018-19
2022-23-player-626,104542,Loris Karius,2022-23
2023-24-player-580,104542,Loris Karius,2023-24
2018-19-player-194,104545,Tommy Smith,2018-19
2018-19-player-325,104547,Dwight Gayle,2018-19
2019-20-player-554,104547,Dwight Gayle,2019-20
2020-21-player-329,104547,Dwight Gayle,2020-21
2021-22-player-300,104547,Dwight Gayle,2021-22
2022-23-player-361,104547,Dwight Gayle,2022-23
2018-19-player-320,104953,Christian Atsu,2018-19
2019-20-player-267,104953,Christian Atsu,2019-20
2020-21-player-330,104953,Christian Atsu,2020-21
2020-21-player-201,105377,Ezgjan Alioski,2020-21
2020-21-player-586,105666,Jack Butland,2020-21
2021-22-player-156,105666,Jack Butland,2021-22
2022-23-player-162,105666,Jack Butland,2022-23
2018-19-player-120,105700,Davide Zappacosta,2018-19
2019-20-player-109,105700,Davide Zappacosta,2019-20
2018-19-player-410,105717,Arthur Masuaku,2018-19
2019-20-player-378,105717,Arthur Masuaku,2019-20
2020-21-player-442,105717,Arthur Masuaku,2020-21
2021-22-player-417,105717,Arthur Masuaku,2021-22
2022-23-player-462,105717,Arthur Masuaku,2022-23
2025-26-player-678,105717,Arthur Masuaku,2025-26
2018-19-player-537,10589,Brian Murphy,2018-19
2018-19-player-206,106450,Alex Pritchard,2018-19
2022-23-player-694,106468,Alexandre Moreno Lopera,2022-23
2023-24-player-32,106468,Alexandre Moreno Lopera,2023-24
2024-25-player-26,106468,Álex Moreno Lopera,2024-25
2025-26-player-43,106468,Álex Moreno Lopera,2025-26
2024-25-player-277,106606,Massimo Luongo,2024-25
2018-19-player-162,106611,Michael Keane,2018-19
2019-20-player-143,106611,Michael Keane,2019-20
2020-21-player-156,106611,Michael Keane,2020-21
2021-22-player-169,106611,Michael Keane,2021-22
2022-23-player-180,106611,Michael Keane,2022-23
2023-24-player-257,106611,Michael Keane,2023-24
2024-25-player-228,106611,Michael Keane,2024-25
2025-26-player-295,106611,Michael Keane,2025-26
2020-21-player-202,106617,Patrick Bamford,2020-21
2021-22-player-189,106617,Patrick Bamford,2021-22
2022-23-player-227,106617,Patrick Bamford,2022-23
2025-26-player-363,106617,Patrick Bamford,2025-26
2018-19-player-313,106618,Paul Dummett,2018-19
2019-20-player-255,106618,Paul Dummett,2019-20
2020-21-player-331,106618,Paul Dummett,2020-21
2021-22-player-301,106618,Paul Dummett,2021-22
2022-23-player-362,106618,Paul Dummett,2022-23
2023-24-player-581,106618,Paul Dummett,2023-24
2018-19-player-65,106757,Jürgen Locadia,2018-19
2019-20-player-45,106757,Jürgen Locadia,2019-20
2021-22-player-595,106757,Jürgen Locadia,2021-22
2018-19-player-286,106760,Luke Shaw,2018-19
2019-20-player-226,106760,Luke Shaw,2019-20
2020-21-player-300,106760,Luke Shaw,2020-21
2021-22-player-275,106760,Luke Shaw,2021-22
2022-23-player-332,106760,Luke Shaw,2022-23
2023-24-player-398,106760,Luke Shaw,2023-24
2024-25-player-387,106760,Luke Shaw,2024-25
2025-26-player-443,106760,Luke Shaw,2025-26
2019-20-player-517,106837,Dennis Praet,2019-20
2020-21-player-225,106837,Dennis Praet,2020-21
2021-22-player-206,106837,Dennis Praet,2021-22
2022-23-player-549,106837,Dennis Praet,2022-23
2018-19-player-452,107265,Angus Gunn,2018-19
2019-20-player-319,107265,Angus Gunn,2019-20
2020-21-player-371,107265,Angus Gunn,2020-21
2021-22-player-448,107265,Angus Gunn,2021-22
2025-26-player-675,107265,Angus Gunn,2025-26
2018-19-player-426,107613,Romain Saïss,2018-19
2019-20-player-407,107613,Romain Saïss,2019-20
2020-21-player-461,107613,Romain Saïss,2020-21
2021-22-player-431,107613,Romain Saïss,2021-22
2020-21-player-418,108053,Conor Townsend,2020-21
2024-25-player-583,108053,Conor Townsend,2024-25
2018-19-player-513,108093,Luciano Vietto,2018-19
2019-20-player-455,108156,Bjorn Engels,2019-20
2020-21-player-36,108156,Bjorn Engels,2020-21
2021-22-player-31,108156,Björn Engels,2021-22
2023-24-player-333,108411,Dan Potts,2023-24
2018-19-player-392,108413,Will Hughes,2018-19
2019-20-player-370,108413,Will Hughes,2019-20
2021-22-player-386,108413,Will Hughes,2021-22
2022-23-player-163,108413,Will Hughes,2022-23
2023-24-player-229,108413,Will Hughes,2023-24
2024-25-player-203,108413,Will Hughes,2024-25
2025-26-player-270,108413,Will Hughes,2025-26
2019-20-player-295,108416,John Egan,2019-20
2020-21-player-353,108416,John Egan,2020-21
2023-24-player-480,108416,John Egan,2023-24
2018-19-player-470,108438,Sandro Ramírez,2018-19
2023-24-player-575,108796,Tom Lockyer,2023-24
2020-21-player-503,108813,Christian Walton,2020-21
2024-25-player-283,108813,Christian Walton,2024-25
2018-19-player-365,108823,Bamidele Alli,2018-19
2019-20-player-344,108823,Bamidele Alli,2019-20
2020-21-player-394,108823,Bamidele Alli,2020-21
2021-22-player-363,108823,Bamidele Alli,2021-22
2022-23-player-181,108823,Dele Alli,2022-23
2023-24-player-248,108823,Dele Alli,2023-24
2018-19-player-171,109065,Davy Klaassen,2018-19
2018-19-player-300,109322,Jesse Lingard,2018-19
2019-20-player-241,109322,Jesse Lingard,2019-20
2020-21-player-301,109322,Jesse Lingard,2020-21
2021-22-player-276,109322,Jesse Lingard,2021-22
2022-23-player-527,109322,Jesse Lingard,2022-23
2018-19-player-58,109345,Solomon March,2018-19
2019-20-player-55,109345,Solomon March,2019-20
2020-21-player-65,109345,Solomon March,2020-21
2021-22-player-60,109345,Solomon March,2021-22
2022-23-player-107,109345,Solly March,2022-23
2023-24-player-140,109345,Solly March,2023-24
2024-25-player-132,109345,Solly March,2024-25
2025-26-player-159,109345,Solly March,2025-26
2018-19-player-198,109434,Terence Kongolo,2018-19
2020-21-player-585,109434,Terence Kongolo,2020-21
2022-23-player-208,109434,Terence Kongolo,2022-23
2023-24-player-274,109434,Terence Kongolo,2023-24
2018-19-player-315,109528,Javier Manquillo,2018-19
2019-20-player-256,109528,Javier Manquillo,2019-20
2020-21-player-332,109528,Javier Manquillo,2020-21
2021-22-player-302,109528,Javier Manquillo,2021-22
2022-23-player-363,109528,Javier Manquillo Gaitán,2022-23
2023-24-player-422,109528,Javier Manquillo Gaitán,2023-24
2018-19-player-121,109533,Emerson Palmieri dos Santos,2018-19
2019-20-player-107,109533,Emerson Palmieri dos Santos,2019-20
2020-21-player-111,109533,Emerson Palmieri dos Santos,2020-21
2021-22-player-539,109533,Emerson Palmieri dos Santos,2021-22
2022-23-player-545,109533,Emerson Palmieri dos Santos,2022-23
2023-24-player-532,109533,Emerson Palmieri dos Santos,2023-24
2024-25-player-520,109533,Emerson Palmieri dos Santos,2024-25
2025-26-player-604,109533,Emerson Palmieri dos Santos,2025-26
2020-21-player-603,109638,Kean Bryan,2020-21
2020-21-player-572,109646,Tosin Adarabioyo,2020-21
2022-23-player-209,109646,Tosin Adarabioyo,2022-23
2023-24-player-286,109646,Tosin Adarabioyo,2023-24
2024-25-player-187,109646,Tosin Adarabioyo,2024-25
2025-26-player-232,109646,Tosin Adarabioyo,2025-26
2018-19-player-498,109745,Kepa Arrizabalaga,2018-19
2019-20-player-111,109745,Kepa Arrizabalaga,2019-20
2020-21-player-112,109745,Kepa Arrizabalaga,2020-21
2021-22-player-129,109745,Kepa Arrizabalaga,2021-22
2022-23-player-133,109745,Kepa Arrizabalaga,2022-23
2023-24-player-187,109745,Kepa Arrizabalaga,2023-24
2024-25-player-152,109745,Kepa Arrizabalaga,2024-25
2025-26-player-2,109745,Kepa Arrizabalaga Revuelta,2025-26
2018-19-player-521,109999,Ibrahima Cissé,2018-19
2020-21-player-540,110504,Bertrand Traoré,2020-21
2021-22-player-32,110504,Bertrand Traoré,2021-22
2022-23-player-34,110504,Bertrand Traoré,2022-23
2023-24-player-59,110504,Bertrand Traoré,2023-24
2025-26-player-735,110504,Bertrand Traoré,2025-26
2019-20-player-493,110735,Adam Webster,2019-20
2020-21-player-66,110735,Adam Webster,2020-21
2021-22-player-61,110735,Adam Webster,2021-22
2022-23-player-108,110735,Adam Webster,2022-23
2023-24-player-153,110735,Adam Webster,2023-24
2024-25-player-147,110735,Adam Webster,2024-25
2025-26-player-153,110735,Adam Webster,2025-26
2018-19-player-251,110979,Sadio Mané,2018-19
2019-20-player-192,110979,Sadio Mané,2019-20
2020-21-player-251,110979,Sadio Mané,2020-21
2021-22-player-230,110979,Sadio Mané,2021-22
2018-19-player-154,111234,Jordan Pickford,2018-19
2019-20-player-148,111234,Jordan Pickford,2019-20
2020-21-player-157,111234,Jordan Pickford,2020-21
2021-22-player-170,111234,Jordan Pickford,2021-22
2022-23-player-182,111234,Jordan Pickford,2022-23
2023-24-player-263,111234,Jordan Pickford,2023-24
2024-25-player-235,111234,Jordan Pickford,2024-25
2025-26-player-287,111234,Jordan Pickford,2025-26
2020-21-player-505,111291,Fernando Marçal,2020-21
2021-22-player-432,111291,Fernando Marçal,2021-22
2018-19-player-42,111317,David Brooks,2018-19
2019-20-player-76,111317,David Brooks,2019-20
2022-23-player-60,111317,David Brooks,2022-23
2023-24-player-64,111317,David Brooks,2023-24
2024-25-player-62,111317,David Brooks,2024-25
2025-26-player-86,111317,David Brooks,2025-26
2023-24-player-710,111452,Odysseas Vlachodimos,2023-24
2024-25-player-412,111452,Odysseas Vlachodimos,2024-25
2025-26-player-472,111452,Odysseas Vlachodimos,2025-26
2018-19-player-8,111457,Sead Kolasinac,2018-19
2019-20-player-3,111457,Sead Kolasinac,2019-20
2020-21-player-14,111457,Sead Kolasinac,2020-21
2021-22-player-11,111457,Sead Kolasinac,2021-22
2020-21-player-67,111478,Joël Veltman,2020-21
2021-22-player-62,111478,Joël Veltman,2021-22
2022-23-player-109,111478,Joël Veltman,2022-23
2023-24-player-151,111478,Joël Veltman,2023-24
2024-25-player-145,111478,Joël Veltman,2024-25
2025-26-player-152,111478,Joël Veltman,2025-26
2019-20-player-519,111773,Emil Krafth,2019-20
2020-21-player-333,111773,Emil Krafth,2020-21
2021-22-player-303,111773,Emil Krafth,2021-22
2022-23-player-364,111773,Emil Krafth,2022-23
2023-24-player-417,111773,Emil Krafth,2023-24
2024-25-player-405,111773,Emil Krafth,2024-25
2025-26-player-479,111773,Emil Krafth,2025-26
2020-21-player-573,111782,Robin Olsen,2020-21
2021-22-player-691,111782,Robin Olsen,2021-22
2022-23-player-35,111782,Robin Olsen,2022-23
2023-24-player-53,111782,Robin Olsen,2023-24
2024-25-player-51,111782,Robin Olsen,2024-25
2018-19-player-221,111931,Ricardo Domingos Barbosa Pereira,2018-19
2019-20-player-159,111931,Ricardo Domingos Barbosa Pereira,2019-20
2020-21-player-226,111931,Ricardo Domingos Barbosa Pereira,2020-21
2021-22-player-207,111931,Ricardo Domingos Barbosa Pereira,2021-22
2022-23-player-256,111931,Ricardo Barbosa Pereira,2022-23
2024-25-player-302,111931,Ricardo Barbosa Pereira,2024-25
2024-25-player-764,112520,Alex Palmer,2024-25
2018-19-player-1,11334,Petr Cech,2018-19
2018-19-player-50,11352,Bruno Saltor Grau,2018-19
2019-20-player-646,113534,Matt Macey,2019-20
2020-21-player-527,113534,Matt Macey,2020-21
2023-24-player-323,113534,Matt Macey,2023-24
2018-19-player-404,113564,Sam Byram,2018-19
2019-20-player-454,113564,Sam Byram,2019-20
2021-22-player-321,113564,Sam Byram,2021-22
2025-26-player-346,113564,Sam Byram,2025-26
2018-19-player-176,113688,Oumar Niasse,2018-19
2019-20-player-570,113688,Oumar Niasse,2019-20
2018-19-player-108,114054,Omar Bogle,2018-19
2018-19-player-483,114128,Jonathan Castro Otto,2018-19
2019-20-player-402,114128,Jonathan Castro Otto,2019-20
2020-21-player-462,114128,Jonathan Castro Otto,2020-21
2021-22-player-433,114128,Jonathan Castro Otto,2021-22
2022-23-player-477,114128,Jonathan Castro Otto,2022-23
2023-24-player-560,114128,Jonathan Castro Otto,2023-24
2022-23-player-523,114241,Harry Toffolo,2022-23
2023-24-player-465,114241,Harry Toffolo,2023-24
2024-25-player-444,114241,Harry Toffolo,2024-25
2018-19-player-321,114243,Jacob Murphy,2018-19
2019-20-player-483,114243,Jacob Murphy,2019-20
2020-21-player-497,114243,Jacob Murphy,2020-21
2021-22-player-304,114243,Jacob Murphy,2021-22
2022-23-player-365,114243,Jacob Murphy,2022-23
2023-24-player-423,114243,Jacob Murphy,2023-24
2024-25-player-402,114243,Jacob Murphy,2024-25
2025-26-player-489,114243,Jacob Murphy,2025-26
2018-19-player-106,114245,Josh Murphy,2018-19
2019-20-player-29,114283,Jack Grealish,2019-20
2020-21-player-37,114283,Jack Grealish,2020-21
2021-22-player-33,114283,Jack Grealish,2021-22
2022-23-player-305,114283,Jack Grealish,2022-23
2023-24-player-354,114283,Jack Grealish,2023-24
2024-25-player-349,114283,Jack Grealish,2024-25
2025-26-player-419,114283,Jack Grealish,2025-26
2020-21-player-534,114536,Ryan Inniss,2020-21
2019-20-player-502,115382,Neal Maupay,2019-20
2020-21-player-68,115382,Neal Maupay,2020-21
2021-22-player-63,115382,Neal Maupay,2021-22
2022-23-player-110,115382,Neal Maupay,2022-23
2023-24-player-258,115382,Neal Maupay,2023-24
2024-25-player-229,115382,Neal Maupay,2024-25
2018-19-player-136,11554,Julian Speroni,2018-19
2018-19-player-356,115556,Ben Davies,2018-19
2019-20-player-329,115556,Ben Davies,2019-20
2020-21-player-395,115556,Ben Davies,2020-21
2021-22-player-364,115556,Ben Davies,2021-22
2022-23-player-432,115556,Ben Davies,2022-23
2023-24-player-495,115556,Ben Davies,2023-24
2024-25-player-484,115556,Ben Davies,2024-25
2025-26-player-571,115556,Ben Davies,2025-26
2018-19-player-492,115858,Rachid Ghezzal,2018-19
2019-20-player-173,115858,Rachid Ghezzal,2019-20
2020-21-player-547,115918,Rúnar Alex Rúnarsson,2020-21
2021-22-player-2,115918,Rúnar Alex Rúnarsson,2021-22
2023-24-player-18,115918,Rúnar Alex Rúnarsson,2023-24
2019-20-player-421,116216,Leandro Trossard,2019-20
2020-21-player-69,116216,Leandro Trossard,2020-21
2021-22-player-64,116216,Leandro Trossard,2021-22
2022-23-player-111,116216,Leandro Trossard,2022-23
2023-24-player-26,116216,Leandro Trossard,2023-24
2024-25-player-23,116216,Leandro Trossard,2024-25
2025-26-player-20,116216,Leandro Trossard,2025-26
2022-23-player-730,116404,Felipe Augusto de Almeida Monteiro,2022-23
2023-24-player-445,116404,Felipe Augusto de Almeida Monteiro,2023-24
2018-19-player-468,116535,Alisson Ramses Becker,2018-19
2019-20-player-189,116535,Alisson Ramses Becker,2019-20
2020-21-player-252,116535,Alisson Ramses Becker,2020-21
2021-22-player-231,116535,Alisson Ramses Becker,2021-22
2022-23-player-281,116535,Alisson Ramses Becker,2022-23
2023-24-player-291,116535,Alisson Ramses Becker,2023-24
2024-25-player-310,116535,Alisson Ramses Becker,2024-25
2025-26-player-366,116535,Alisson Becker,2025-26
2019-20-player-614,116543,Valentino Lazaro,2019-20
2018-19-player-126,116594,N'Golo Kanté,2018-19
2019-20-player-119,116594,N'Golo Kanté,2019-20
2020-21-player-113,116594,N'Golo Kanté,2020-21
2021-22-player-130,116594,N'Golo Kanté,2021-22
2022-23-player-134,116594,N'Golo Kanté,2022-23
2018-19-player-255,116643,Fabio Henrique Tavares,2018-19
2019-20-player-197,116643,Fabio Henrique Tavares,2019-20
2020-21-player-253,116643,Fabio Henrique Tavares,2020-21
2021-22-player-232,116643,Fabio Henrique Tavares,2021-22
2022-23-player-282,116643,Fabio Henrique Tavares,2022-23
2023-24-player-296,116643,Fabio Henrique Tavares,2023-24
2023-24-player-190,118335,Abdul Rahman Baba,2023-24
2023-24-player-101,118342,Mark Flekken,2023-24
2024-25-player-91,118342,Mark Flekken,2024-25
2018-19-player-253,118748,Mohamed Salah,2018-19
2019-20-player-191,118748,Mohamed Salah,2019-20
2020-21-player-254,118748,Mohamed Salah,2020-21
2021-22-player-233,118748,Mohamed Salah,2021-22
2022-23-player-283,118748,Mohamed Salah,2022-23
2023-24-player-308,118748,Mohamed Salah,2023-24
2024-25-player-328,118748,Mohamed Salah,2024-25
2025-26-player-381,118748,Mohamed Salah,2025-26
2018-19-player-461,118884,Erik Durm,2018-19
2018-19-player-482,119471,Fabian Schär,2018-19
2019-20-player-252,119471,Fabian Schär,2019-20
2020-21-player-334,119471,Fabian Schär,2020-21
2021-22-player-305,119471,Fabian Schär,2021-22
2022-23-player-366,119471,Fabian Schär,2022-23
2023-24-player-427,119471,Fabian Schär,2023-24
2024-25-player-415,119471,Fabian Schär,2024-25
2025-26-player-474,119471,Fabian Schär,2025-26
2019-20-player-530,11948,Andy Lonergan,2019-20
2020-21-player-639,11948,Andy Lonergan,2020-21
2021-22-player-571,11948,Andy Lonergan,2021-22
2022-23-player-760,11948,Andy Lonergan,2022-23
2023-24-player-579,11948,Andy Lonergan,2023-24
2018-19-player-214,11974,Eldin Jakupovic,2018-19
2019-20-player-169,11974,Eldin Jakupovic,2019-20
2021-22-player-573,11974,Eldin Jakupovic,2021-22
2022-23-player-627,11974,Eldin Jakupovic,2022-23
2020-21-player-502,119765,Allan Marques Loureiro,2020-21
2021-22-player-171,119765,Allan Marques Loureiro,2021-22
2022-23-player-183,119765,Allan Marques Loureiro,2022-23
2021-22-player-700,120202,Wout Weghorst,2021-22
2022-23-player-701,120202,Wout Weghorst,2022-23
2023-24-player-183,120202,Wout Weghorst,2023-24
2018-19-player-508,120250,André Filipe Tavares Gomes,2018-19
2019-20-player-422,120250,André Filipe Tavares Gomes,2019-20
2020-21-player-158,120250,André Filipe Tavares Gomes,2020-21
2021-22-player-172,120250,André Filipe Tavares Gomes,2021-22
2022-23-player-184,120250,André Tavares Gomes,2022-23
2023-24-player-244,120250,André Tavares Gomes,2023-24
2022-23-player-532,120721,Kevin Mbabu,2022-23
2023-24-player-277,120721,Kevin Mbabu,2023-24
2024-25-player-250,120721,Kevin Mbabu,2024-25
2019-20-player-518,121145,João Pedro Cavaco Cancelo,2019-20
2020-21-player-277,121145,João Pedro Cavaco Cancelo,2020-21
2021-22-player-256,121145,João Pedro Cavaco Cancelo,2021-22
2022-23-player-306,121145,João Cancelo,2022-23
2023-24-player-346,121145,João Cancelo,2023-24
2024-25-player-353,121145,João Cavaco Cancelo,2024-25
2018-19-player-260,121160,Ederson Santana de Moraes,2018-19
2019-20-player-212,121160,Ederson Santana de Moraes,2019-20
2020-21-player-278,121160,Ederson Santana de Moraes,2020-21
2021-22-player-257,121160,Ederson Santana de Moraes,2021-22
2022-23-player-307,121160,Ederson Santana de Moraes,2022-23
2023-24-player-352,121160,Ederson Santana de Moraes,2023-24
2024-25-player-347,121160,Ederson Santana de Moraes,2024-25
2025-26-player-399,121160,Ederson Santana de Moraes,2025-26
2021-22-player-722,121570,Julian Jeanvier,2021-22
2018-19-player-390,121599,Abdoulaye Doucouré,2018-19
2019-20-player-368,121599,Abdoulaye Doucouré,2019-20
2020-21-player-512,121599,Abdoulaye Doucouré,2020-21
2021-22-player-173,121599,Abdoulaye Doucouré,2021-22
2022-23-player-185,121599,Abdoulaye Doucouré,2022-23
2023-24-player-249,121599,Abdoulaye Doucouré,2023-24
2024-25-player-217,121599,Abdoulaye Doucouré,2024-25
2025-26-player-254,121709,Walter Benítez,2025-26
2018-19-player-178,122074,Marcus Bettinelli,2018-19
2020-21-player-183,122074,Marcus Bettinelli,2020-21
2021-22-player-606,122074,Marcus Bettinelli,2021-22
2022-23-player-635,122074,Marcus Bettinelli,2022-23
2023-24-player-192,122074,Marcus Bettinelli,2023-24
2024-25-player-155,122074,Marcus Bettinelli,2024-25
2025-26-player-401,122074,Marcus Bettinelli,2025-26
2018-19-player-41,122342,Emerson Hyndman,2018-19
2024-25-player-263,122411,Cameron Burgess,2024-25
2020-21-player-647,122775,Morgan Sanson,2020-21
2021-22-player-34,122775,Morgan Sanson,2021-22
2022-23-player-36,122775,Morgan Sanson,2022-23
2023-24-player-56,122775,Morgan Sanson,2023-24
2018-19-player-101,122797,Callum Paterson,2018-19
2018-19-player-247,122798,Andrew Robertson,2018-19
2019-20-player-181,122798,Andrew Robertson,2019-20
2020-21-player-255,122798,Andrew Robertson,2020-21
2021-22-player-234,122798,Andrew Robertson,2021-22
2022-23-player-284,122798,Andrew Robertson,2022-23
2023-24-player-307,122798,Andrew Robertson,2023-24
2024-25-player-335,122798,Andrew Robertson,2024-25
2025-26-player-372,122798,Andrew Robertson,2025-26
2019-20-player-31,122806,John McGinn,2019-20
2020-21-player-38,122806,John McGinn,2020-21
2021-22-player-35,122806,John McGinn,2021-22
2022-23-player-37,122806,John McGinn,2022-23
2023-24-player-50,122806,John McGinn,2023-24
2024-25-player-48,122806,John McGinn,2024-25
2025-26-player-54,122806,John McGinn,2025-26
2018-19-player-525,123354,Kortney Hause,2018-19
2019-20-player-25,123354,Kortney Hause,2019-20
2020-21-player-39,123354,Kortney Hause,2020-21
2021-22-player-36,123354,Kortney Hause,2021-22
2022-23-player-38,123354,Kortney Hause,2022-23
2023-24-player-45,123354,Kortney Hause,2023-24
2024-25-player-40,123354,Kortney Hause,2024-25
2019-20-player-435,124165,Patrick Roberts,2019-20
2025-26-player-545,124165,Patrick Roberts,2025-26
2020-21-player-114,124183,Hakim Ziyech,2020-21
2021-22-player-131,124183,Hakim Ziyech,2021-22
2022-23-player-135,124183,Hakim Ziyech,2022-23
2023-24-player-218,124183,Hakim Ziyech,2023-24
2018-19-player-31,126184,Nathan Aké,2018-19
2019-20-player-59,126184,Nathan Aké,2019-20
2020-21-player-279,126184,Nathan Aké,2020-21
2021-22-player-258,126184,Nathan Aké,2021-22
2022-23-player-308,126184,Nathan Aké,2022-23
2023-24-player-342,126184,Nathan Aké,2023-24
2024-25-player-341,126184,Nathan Aké,2024-25
2025-26-player-405,126184,Nathan Aké,2025-26
2018-19-player-132,126187,Ruben Loftus-Cheek,2018-19
2019-20-player-115,126187,Ruben Loftus-Cheek,2019-20
2020-21-player-115,126187,Ruben Loftus-Cheek,2020-21
2021-22-player-132,126187,Ruben Loftus-Cheek,2021-22
2022-23-player-136,126187,Ruben Loftus-Cheek,2022-23
2019-20-player-612,126407,Nabil Bentaleb,2019-20
2018-19-player-156,12745,Leighton Baines,2018-19
2019-20-player-145,12745,Leighton Baines,2019-20
2018-19-player-81,12813,Jonathan Walters,2018-19
2018-19-player-341,128198,Sofiane Boufal,2018-19
2019-20-player-508,128198,Sofiane Boufal,2019-20
2020-21-player-372,128198,Sofiane Boufal,2020-21
2021-22-player-77,128295,Christian Nørgaard,2021-22
2022-23-player-79,128295,Christian Nørgaard,2022-23
2023-24-player-110,128295,Christian Nørgaard,2023-24
2024-25-player-101,128295,Christian Nørgaard,2024-25
2025-26-player-24,128295,Christian Nørgaard,2025-26
2022-23-player-61,128309,Jamal Lowe,2022-23
2023-24-player-73,128309,Jamal Lowe,2023-24
2022-23-player-62,128340,Kieffer Moore,2022-23
2023-24-player-76,128340,Kieffer Moore,2023-24
2019-20-player-507,128348,Ibrahim Amadou,2019-20
2018-19-player-480,128389,Aleksandar Mitrovic,2018-19
2020-21-player-184,128389,Aleksandar Mitrović,2020-21
2022-23-player-210,128389,Aleksandar Mitrović,2022-23
2023-24-player-278,128389,Aleksandar Mitrović,2023-24
2021-22-player-557,130036,Ozan Tufan,2021-22
2021-22-player-387,131304,William Troost-Ekong,2021-22
2018-19-player-573,131403,Rhys Healey,2018-19
2019-20-player-480,13152,Andy King,2019-20
2018-19-player-47,131897,Mathew Ryan,2018-19
2019-20-player-47,131897,Mathew Ryan,2019-20
2020-21-player-70,131897,Mathew Ryan,2020-21
2021-22-player-65,131897,Mathew Ryan,2021-22
2018-19-player-340,132015,Pierre-Emile Højbjerg,2018-19
2019-20-player-325,132015,Pierre-Emile Højbjerg,2019-20
2020-21-player-396,132015,Pierre-Emile Højbjerg,2020-21
2021-22-player-365,132015,Pierre-Emile Højbjerg,2021-22
2022-23-player-433,132015,Pierre-Emile Højbjerg,2022-23
2023-24-player-499,132015,Pierre-Emile Højbjerg,2023-24
2024-25-player-490,132015,Pierre-Emile Højbjerg,2024-25
2023-24-player-181,133085,Lawrence Vigouroux,2023-24
2018-19-player-398,133801,Jerome Sinclair,2018-19
2022-23-player-63,133845,Emiliano Marcondes,2022-23
2023-24-player-74,133845,Emiliano Marcondes,2023-24
2018-19-player-119,135363,Andreas Christensen,2018-19
2019-20-player-108,135363,Andreas Christensen,2019-20
2020-21-player-116,135363,Andreas Christensen,2020-21
2021-22-player-133,135363,Andreas Christensen,2021-22
2019-20-player-532,135720,Kevin Danso,2019-20
2024-25-player-767,135720,Kevin Danso,2024-25
2025-26-player-570,135720,Kevin Danso,2025-26
2023-24-player-564,138001,Tom King,2023-24
2024-25-player-556,138001,Tom King,2024-25
2025-26-player-630,138001,Tom King,2025-26
2018-19-player-477,138009,Sullay Kaikai,2018-19
2019-20-player-601,139110,Ondrej Duda,2019-20
2022-23-player-517,140200,Thomas Strakosha,2022-23
2023-24-player-116,140200,Thomas Strakosha,2023-24
2021-22-player-388,140941,Stipe Perica,2021-22
2018-19-player-486,141020,Max Meyer,2018-19
2019-20-player-136,141020,Max Meyer,2019-20
2020-21-player-143,141020,Max Meyer,2020-21
2018-19-player-438,141569,Bonatini Lohner Maia Bonatini,2018-19
2020-21-player-463,141569,Léo Bonatini,2020-21
2019-20-player-618,141746,Bruno Miguel Borges Fernandes,2019-20
2020-21-player-302,141746,Bruno Miguel Borges Fernandes,2020-21
2021-22-player-277,141746,Bruno Miguel Borges Fernandes,2021-22
2022-23-player-333,141746,Bruno Borges Fernandes,2022-23
2023-24-player-373,141746,Bruno Borges Fernandes,2023-24
2024-25-player-366,141746,Bruno Borges Fernandes,2024-25
2025-26-player-449,141746,Bruno Borges Fernandes,2025-26
2018-19-player-153,143877,Alexander Sørloth,2018-19
2021-22-player-78,144485,Ivan Toney,2021-22
2022-23-player-80,144485,Ivan Toney,2022-23
2023-24-player-117,144485,Ivan Toney,2023-24
2024-25-player-108,144485,Ivan Toney,2024-25
2019-20-player-440,145235,José Ángel Esmorís Tasende,2019-20
2020-21-player-419,146426,Oluwasemilogo Adesewo Ibidapo Ajayi,2020-21
2019-20-player-293,146610,Jack O'Connell,2019-20
2020-21-player-354,146610,Jack O'Connell,2020-21
2018-19-player-268,146941,Aymeric Laporte,2018-19
2019-20-player-202,146941,Aymeric Laporte,2019-20
2020-21-player-280,146941,Aymeric Laporte,2020-21
2021-22-player-259,146941,Aymeric Laporte,2021-22
2022-23-player-309,146941,Aymeric Laporte,2022-23
2023-24-player-357,146941,Aymeric Laporte,2023-24
2018-19-player-210,147303,Laurent Depoitre,2018-19
2022-23-player-732,147611,Paul Onuachu,2022-23
2024-25-player-470,147611,Paul Onuachu,2024-25
2019-20-player-622,147612,Richairo Zivkovic,2019-20
2018-19-player-301,148225,Anthony Martial,2018-19
2019-20-player-239,148225,Anthony Martial,2019-20
2020-21-player-303,148225,Anthony Martial,2020-21
2021-22-player-278,148225,Anthony Martial,2021-22
2022-23-player-345,148225,Anthony Martial,2022-23
2023-24-player-390,148225,Anthony Martial,2023-24
2019-20-player-465,148508,Mahmoud Ahmed Ibrahim Hassan,2019-20
2020-21-player-40,148508,Mahmoud Ahmed Ibrahim Hassan,2020-21
2021-22-player-37,148508,Mahmoud Ahmed Ibrahim Hassan,2021-22
2021-22-player-475,149065,José Malheiro de Sá,2021-22
2022-23-player-478,149065,José Malheiro de Sá,2022-23
2023-24-player-569,149065,José Malheiro de Sá,2023-24
2024-25-player-554,149065,José Malheiro de Sá,2024-25
2025-26-player-628,149065,José Malheiro de Sá,2025-26
2018-19-player-487,149266,Alfie Mawson,2018-19
2020-21-player-185,149266,Alfie Mawson,2020-21
2018-19-player-97,14927,Greg Halford,2018-19
2021-22-player-579,14937,Cristiano Ronaldo dos Santos Aveiro,2021-22
2022-23-player-326,14937,Cristiano Ronaldo dos Santos Aveiro,2022-23
2018-19-player-532,149468,Tyias Browning,2018-19
2018-19-player-30,149484,Tyrone Mings,2018-19
2019-20-player-445,149484,Tyrone Mings,2019-20
2020-21-player-41,149484,Tyrone Mings,2020-21
2021-22-player-38,149484,Tyrone Mings,2021-22
2022-23-player-39,149484,Tyrone Mings,2022-23
2023-24-player-51,149484,Tyrone Mings,2023-24
2024-25-player-49,149484,Tyrone Mings,2024-25
2025-26-player-40,149484,Tyrone Mings,2025-26
2021-22-player-578,149519,Maxwel Cornet,2021-22
2022-23-player-575,149519,Maxwel Cornet,2022-23
2023-24-player-527,149519,Maxwel Cornet,2023-24
2024-25-player-515,149519,Maxwel Cornet,2024-25
2025-26-player-617,149519,Maxwel Cornet,2025-26
2018-19-player-316,149736,Chancel Mbemba,2018-19
2020-21-player-579,149828,Islam Slimani,2020-21
2020-21-player-549,149915,Diego Llorente,2020-21
2021-22-player-190,149915,Diego Llorente,2021-22
2022-23-player-228,149915,Diego Llorente,2022-23
2024-25-player-264,149929,Wes Burns,2024-25
2018-19-player-215,15033,Wes Morgan,2018-19
2019-20-player-165,15033,Wes Morgan,2019-20
2020-21-player-216,15033,Wes Morgan,2020-21
2018-19-player-344,151086,Mario Lemina,2018-19
2019-20-player-324,151086,Mario Lemina,2019-20
2020-21-player-493,151086,Mario Lemina,2020-21
2022-23-player-698,151086,Mario Lemina,2022-23
2023-24-player-565,151086,Mario Lemina,2023-24
2024-25-player-557,151086,Mario Lemina,2024-25
2018-19-player-310,151119,DeAndre Yedlin,2018-19
2019-20-player-253,151119,DeAndre Yedlin,2019-20
2020-21-player-335,151119,DeAndre Yedlin,2020-21
2018-19-player-26,15149,Simon Francis,2018-19
2019-20-player-62,15149,Simon Francis,2019-20
2018-19-player-254,15157,James Milner,2018-19
2019-20-player-200,15157,James Milner,2019-20
2020-21-player-241,15157,James Milner,2020-21
2021-22-player-221,15157,James Milner,2021-22
2022-23-player-274,15157,James Milner,2022-23
2023-24-player-142,15157,James Milner,2023-24
2024-25-player-134,15157,James Milner,2024-25
2025-26-player-170,15157,James Milner,2025-26
2018-19-player-519,151589,Leander Dendoncker,2018-19
2019-20-player-420,151589,Leander Dendoncker,2019-20
2020-21-player-464,151589,Leander Dendoncker,2020-21
2021-22-player-434,151589,Leander Dendoncker,2021-22
2022-23-player-479,151589,Leander Dendoncker,2022-23
2023-24-player-40,151589,Leander Dendoncker,2023-24
2024-25-player-33,151589,Leander Dendoncker,2024-25
2025-26-player-61,151589,Leander Dendoncker,2025-26
2018-19-player-35,15237,Andrew Surman,2018-19
2019-20-player-80,15237,Andrew Surman,2019-20
2018-19-player-494,152551,Jefferson Lerma,2018-19
2019-20-player-82,152551,Jefferson Lerma,2019-20
2022-23-player-64,152551,Jefferson Lerma Solís,2022-23
2023-24-player-231,152551,Jefferson Lerma Solís,2023-24
2024-25-player-206,152551,Jefferson Lerma Solís,2024-25
2025-26-player-272,152551,Jefferson Lerma Solís,2025-26
2020-21-player-568,152590,Alex Nicolao Telles,2020-21
2021-22-player-279,152590,Alex Nicolao Telles,2021-22
2022-23-player-334,152590,Alex Telles,2022-23
2023-24-player-370,152590,Alex Telles,2023-24
2018-19-player-543,152760,Divock Origi,2018-19
2019-20-player-188,152760,Divock Origi,2019-20
2020-21-player-256,152760,Divock Origi,2020-21
2021-22-player-235,152760,Divock Origi,2021-22
2023-24-player-714,152760,Divock Origi,2023-24
2020-21-player-653,152898,Ben Davies,2020-21
2021-22-player-248,152898,Ben Davies,2021-22
2022-23-player-499,152898,Ben Davies,2022-23
2018-19-player-323,153127,Isaac Hayden,2018-19
2019-20-player-271,153127,Isaac Hayden,2019-20
2020-21-player-336,153127,Isaac Hayden,2020-21
2021-22-player-306,153127,Isaac Hayden,2021-22
2023-24-player-413,153127,Isaac Hayden,2023-24
2024-25-player-400,153127,Isaac Hayden,2024-25
2025-26-player-495,153127,Isaac Hayden,2025-26
2018-19-player-15,153133,Alex Iwobi,2018-19
2019-20-player-17,153133,Alex Iwobi,2019-20
2020-21-player-159,153133,Alex Iwobi,2020-21
2021-22-player-174,153133,Alex Iwobi,2021-22
2022-23-player-186,153133,Alex Iwobi,2022-23
2023-24-player-256,153133,Alex Iwobi,2023-24
2024-25-player-247,153133,Alex Iwobi,2024-25
2025-26-player-324,153133,Alex Iwobi,2025-26
2018-19-player-16,153256,Mohamed Elneny,2018-19
2019-20-player-20,153256,Mohamed Elneny,2019-20
2020-21-player-526,153256,Mohamed Naser El Sayed Elneny,2020-21
2021-22-player-12,153256,Mohamed Naser El Sayed Elneny,2021-22
2022-23-player-4,153256,Mohamed Elneny,2022-23
2023-24-player-3,153256,Mohamed Elneny,2023-24
2020-21-player-373,153366,Harrison Reed,2020-21
2022-23-player-211,153366,Harrison Reed,2022-23
2023-24-player-282,153366,Harrison Reed,2023-24
2024-25-player-254,153366,Harrison Reed,2024-25
2025-26-player-336,153366,Harrison Reed,2025-26
2018-19-player-574,153371,Sam Gallagher,2018-19
2019-20-player-316,153371,Sam Gallagher,2019-20
2018-19-player-334,153373,Sam McQueen,2018-19
2018-19-player-342,153379,Joshua Sims,2018-19
2020-21-player-374,153379,Josh Sims,2020-21
2018-19-player-161,153673,Jonjoe Kenny,2018-19
2020-21-player-160,153673,Jonjoe Kenny,2020-21
2021-22-player-502,153673,Jonjoe Kenny,2021-22
2019-20-player-505,153682,Harry Wilson,2019-20
2020-21-player-257,153682,Harry Wilson,2020-21
2022-23-player-212,153682,Harry Wilson,2022-23
2023-24-player-288,153682,Harry Wilson,2023-24
2024-25-player-259,153682,Harry Wilson,2024-25
2025-26-player-329,153682,Harry Wilson,2025-26
2019-20-player-297,153723,John Lundstram,2019-20
2020-21-player-355,153723,John Lundstram,2020-21
2018-19-player-20,154043,Ainsley Maitland-Niles,2018-19
2019-20-player-4,154043,Ainsley Maitland-Niles,2019-20
2020-21-player-15,154043,Ainsley Maitland-Niles,2020-21
2021-22-player-13,154043,Ainsley Maitland-Niles,2021-22
2022-23-player-21,154043,Ainsley Maitland-Niles,2022-23
2024-25-player-298,154048,Stephy Mavididi,2024-25
2019-20-player-446,154131,Jack Stacey,2019-20
2022-23-player-65,154131,Jack Stacey,2022-23
2021-22-player-79,154138,Tariqe Fosu-Henry,2021-22
2022-23-player-220,154296,João Palhinha Gonçalves,2022-23
2023-24-player-280,154296,João Palhinha Gonçalves,2023-24
2025-26-player-673,154296,João Maria Lobo Alves Palhares Costa Palhinha Gonçalves,2025-26
2021-22-player-389,154506,Daniel Bachmann,2021-22
2021-22-player-80,154561,David Raya Martin,2021-22
2022-23-player-81,154561,David Raya Martin,2022-23
2023-24-player-113,154561,David Raya Martin,2023-24
2024-25-player-15,154561,David Raya Martin,2024-25
2025-26-player-1,154561,David Raya Martín,2025-26
2018-19-player-259,154566,Dominic Solanke,2018-19
2019-20-player-69,154566,Dominic Solanke,2019-20
2022-23-player-66,154566,Dominic Solanke,2022-23
2023-24-player-85,154566,Dominic Solanke,2023-24
2024-25-player-82,154566,Dominic Solanke-Mitchell,2024-25
2025-26-player-596,154566,Dominic Solanke-Mitchell,2025-26
2020-21-player-511,155197,Max Lowe,2020-21
2023-24-player-484,155197,Max Lowe,2023-24
2020-21-player-204,155405,Kalvin Phillips,2020-21
2021-22-player-191,155405,Kalvin Phillips,2021-22
2022-23-player-325,155405,Kalvin Phillips,2022-23
2023-24-player-364,155405,Kalvin Phillips,2023-24
2024-25-player-359,155405,Kalvin Phillips,2024-25
2025-26-player-429,155405,Kalvin Phillips,2025-26
2018-19-player-39,155408,Lewis Cook,2018-19
2019-20-player-79,155408,Lewis Cook,2019-20
2022-23-player-67,155408,Lewis Cook,2022-23
2023-24-player-66,155408,Lewis Cook,2023-24
2024-25-player-64,155408,Lewis Cook,2024-25
2025-26-player-88,155408,Lewis Cook,2025-26
2018-19-player-553,155503,Frederick Woodman,2018-19
2019-20-player-264,155503,Frederick Woodman,2019-20
2021-22-player-513,155503,Freddie Woodman,2021-22
2025-26-player-369,155503,Freddie Woodman,2025-26
2021-22-player-525,155511,Adam Armstrong,2021-22
2022-23-player-408,155511,Adam Armstrong,2022-23
2024-25-player-453,155511,Adam Armstrong,2024-25
2025-26-player-817,155511,Adam Armstrong,2025-26
2019-20-player-499,155513,Rolando Aarons,2019-20
2020-21-player-337,155513,Rolando Aarons,2020-21
2020-21-player-186,155529,Marek Rodák,2020-21
2022-23-player-213,155529,Marek Rodák,2022-23
2023-24-player-284,155529,Marek Rodák,2023-24
2022-23-player-525,155561,Ludwig Augustinsson,2022-23
2018-19-player-226,155569,Daniel Amartey,2018-19
2019-20-player-178,155569,Daniel Amartey,2019-20
2020-21-player-227,155569,Daniel Amartey,2020-21
2021-22-player-208,155569,Daniel Amartey,2021-22
2022-23-player-257,155569,Daniel Amartey,2022-23
2018-19-player-386,155651,Adam Masina,2018-19
2019-20-player-355,155651,Adam Masina,2019-20
2021-22-player-390,155651,Adam Masina,2021-22
2018-19-player-502,155851,Lucas Pérez,2018-19
2019-20-player-610,156069,Liam Gibson,2019-20
2018-19-player-6,156074,Rob Holding,2018-19
2019-20-player-10,156074,Rob Holding,2019-20
2020-21-player-16,156074,Rob Holding,2020-21
2021-22-player-14,156074,Rob Holding,2021-22
2022-23-player-5,156074,Rob Holding,2022-23
2023-24-player-7,156074,Rob Holding,2023-24
2024-25-player-202,156074,Rob Holding,2024-25
2025-26-player-264,156074,Rob Holding,2025-26
2023-24-player-318,156658,Reece Burke,2023-24
2021-22-player-486,156683,Pierluigi Gollini,2021-22
2022-23-player-505,156685,Joe Rothwell,2022-23
2023-24-player-81,156685,Joe Rothwell,2023-24
2022-23-player-68,156687,Ben Pearson,2022-23
2023-24-player-79,156687,Ben Pearson,2023-24
2018-19-player-481,156689,Andreas Pereira,2018-19
2019-20-player-246,156689,Andreas Pereira,2019-20
2020-21-player-304,156689,Andreas Pereira,2020-21
2021-22-player-511,156689,Andreas Pereira,2021-22
2022-23-player-346,156689,Andreas Hoelgebaum Pereira,2022-23
2023-24-player-267,156689,Andreas Hoelgebaum Pereira,2023-24
2024-25-player-240,156689,Andreas Hoelgebaum Pereira,2024-25
2025-26-player-327,156689,Andreas Hoelgebaum Pereira,2025-26
2023-24-player-326,156700,Carlton Morris,2023-24
2018-19-player-490,15749,Joe Hart,2018-19
2019-20-player-95,15749,Joe Hart,2019-20
2020-21-player-482,15749,Joe Hart,2020-21
2021-22-player-352,15749,Joe Hart,2021-22
2018-19-player-368,157668,Harry Winks,2018-19
2019-20-player-347,157668,Harry Winks,2019-20
2020-21-player-397,157668,Harry Winks,2020-21
2021-22-player-366,157668,Harry Winks,2021-22
2022-23-player-434,157668,Harry Winks,2022-23
2024-25-player-309,157668,Harry Winks,2024-25
2018-19-player-446,157775,Ken Sema,2018-19
2019-20-player-372,157775,Ken Sema,2019-20
2021-22-player-391,157775,Ken Sema,2021-22
2019-20-player-590,157882,Takumi Minamino,2019-20
2020-21-player-258,157882,Takumi Minamino,2020-21
2021-22-player-236,157882,Takumi Minamino,2021-22
2022-23-player-69,158499,Ryan Christie,2022-23
2023-24-player-65,158499,Ryan Christie,2023-24
2024-25-player-63,158499,Ryan Christie,2024-25
2025-26-player-87,158499,Ryan Christie,2025-26
2018-19-player-358,158534,Kyle Walker-Peters,2018-19
2019-20-player-337,158534,Kyle Walker-Peters,2019-20
2020-21-player-375,158534,Kyle Walker-Peters,2020-21
2021-22-player-342,158534,Kyle Walker-Peters,2021-22
2022-23-player-409,158534,Kyle Walker-Peters,2022-23
2024-25-player-476,158534,Kyle Walker-Peters,2024-25
2025-26-player-659,158534,Kyle Walker-Peters,2025-26
2023-24-player-668,158983,Wataru Endo,2023-24
2024-25-player-320,158983,Endo Wataru,2024-25
2025-26-player-392,158983,Endo Wataru,2025-26
2018-19-player-588,159039,Antonio Barreca,2018-19
2020-21-player-562,159506,Ola Aina,2020-21
2023-24-player-604,159506,Olu Aina,2023-24
2024-25-player-422,159506,Ola Aina,2024-25
2025-26-player-507,159506,Ola Aina,2025-26
2018-19-player-500,159533,Adama Traoré,2018-19
2019-20-player-417,159533,Adama Traoré,2019-20
2020-21-player-465,159533,Adama Traoré,2020-21
2021-22-player-435,159533,Adama Traoré,2021-22
2022-23-player-491,159533,Adama Traoré Diarra,2022-23
2023-24-player-662,159533,Adama Traoré,2023-24
2024-25-player-239,159533,Adama Traoré,2024-25
2025-26-player-326,159533,Adama Traoré Diarra,2025-26
2019-20-player-497,160987,Jean-Philippe Gbamin,2019-20
2020-21-player-161,160987,Jean-Philippe Gbamin,2020-21
2021-22-player-504,160987,Jean-Philippe Gbamin,2021-22
2022-23-player-187,160987,Jean-Philippe Gbamin,2022-23
2023-24-player-251,160987,Jean-Philippe Gbamin,2023-24
2021-22-player-392,162344,Philip Zinckernagel,2021-22
2021-22-player-677,162651,Samir Caetano de Souza Santos,2021-22
2018-19-player-416,163526,Edimilson Fernandes,2018-19
2020-21-player-648,164011,Mbaye Diagne,2020-21
2020-21-player-538,164484,Zack Steffen,2020-21
2021-22-player-260,164484,Zack Steffen,2021-22
2022-23-player-310,164484,Zack Steffen,2022-23
2023-24-player-367,164484,Zack Steffen,2023-24
2018-19-player-506,164511,Yerry Mina,2018-19
2019-20-player-142,164511,Yerry Mina,2019-20
2020-21-player-162,164511,Yerry Mina,2020-21
2021-22-player-175,164511,Yerry Mina,2021-22
2022-23-player-188,164511,Yerry Mina,2022-23
2020-21-player-558,164555,Vladimir Coufal,2020-21
2021-22-player-418,164555,Vladimir Coufal,2021-22
2022-23-player-463,164555,Vladimir Coufal,2022-23
2023-24-player-528,164555,Vladimír Coufal,2023-24
2024-25-player-516,164555,Vladimír Coufal,2024-25
2023-24-player-334,165152,Glen Rea,2023-24
2020-21-player-117,165153,Timo Werner,2020-21
2021-22-player-134,165153,Timo Werner,2021-22
2022-23-player-137,165153,Timo Werner,2022-23
2023-24-player-776,165153,Timo Werner,2023-24
2024-25-player-509,165153,Timo Werner,2024-25
2023-24-player-316,165183,Amari'i Bell,2023-24
2018-19-player-476,165210,Alireza Jahanbakhsh,2018-19
2019-20-player-50,165210,Alireza Jahanbakhsh,2019-20
2020-21-player-71,165210,Alireza Jahanbakhsh,2020-21
2021-22-player-66,165210,Alireza Jahanbakhsh,2021-22
2022-23-player-50,165659,Diego Carlos Santos Silva,2022-23
2023-24-player-41,165659,Diego Carlos Santos Silva,2023-24
2024-25-player-35,165659,Diego Carlos Santos Silva,2024-25
2018-19-player-435,165808,Hélder Costa,2018-19
2019-20-player-418,165808,Hélder Costa,2019-20
2020-21-player-205,165808,Hélder Wander Sousa de Azevedo e Costa,2020-21
2021-22-player-192,165808,Hélder Wander Sousa de Azevedo e Costa,2021-22
2018-19-player-276,165809,Bernardo Mota Veiga de Carvalho e Silva,2018-19
2019-20-player-218,165809,Bernardo Mota Veiga de Carvalho e Silva,2019-20
2020-21-player-281,165809,Bernardo Mota Veiga de Carvalho e Silva,2020-21
2021-22-player-261,165809,Bernardo Mota Veiga de Carvalho e Silva,2021-22
2022-23-player-311,165809,Bernardo Veiga de Carvalho e Silva,2022-23
2023-24-player-344,165809,Bernardo Veiga de Carvalho e Silva,2023-24
2024-25-player-342,165809,Bernardo Veiga de Carvalho e Silva,2024-25
2025-26-player-416,165809,Bernardo Mota Veiga de Carvalho e Silva,2025-26
2018-19-player-614,165990,Vincent Janssen,2018-19
2019-20-player-339,165990,Vincent Janssen,2019-20
2018-19-player-434,166324,Ivan Cavaleiro,2018-19
2019-20-player-419,166324,Ivan Cavaleiro,2019-20
2020-21-player-187,166324,Ivan Ricardo Neves Abreu Cavaleiro,2020-21
2022-23-player-214,166324,Ivan Neves Abreu Cavaleiro,2022-23
2023-24-player-269,166324,Ivan Neves Abreu Cavaleiro,2023-24
2022-23-player-383,166325,Carlos Ribeiro Dias,2022-23
2020-21-player-498,166477,Timothy Castagne,2020-21
2021-22-player-209,166477,Timothy Castagne,2021-22
2022-23-player-258,166477,Timothy Castagne,2022-23
2023-24-player-688,166477,Timothy Castagne,2023-24
2024-25-player-244,166477,Timothy Castagne,2024-25
2025-26-player-319,166477,Timothy Castagne,2025-26
2018-19-player-464,166640,Fabián Balbuena,2018-19
2019-20-player-382,166640,Fabián Balbuena,2019-20
2020-21-player-443,166640,Fabián Balbuena,2020-21
2018-19-player-591,166989,Youri Tielemans,2018-19
2019-20-player-448,166989,Youri Tielemans,2019-20
2020-21-player-228,166989,Youri Tielemans,2020-21
2021-22-player-210,166989,Youri Tielemans,2021-22
2022-23-player-259,166989,Youri Tielemans,2022-23
2023-24-player-58,166989,Youri Tielemans,2023-24
2024-25-player-57,166989,Youri Tielemans,2024-25
2025-26-player-48,166989,Youri Tielemans,2025-26
2020-21-player-517,167074,Kenny Tete,2020-21
2022-23-player-215,167074,Kenny Tete,2022-23
2023-24-player-285,167074,Kenny Tete,2023-24
2024-25-player-257,167074,Kenny Tete,2024-25
2025-26-player-322,167074,Kenny Tete,2025-26
2018-19-player-336,167075,Wesley Hoedt,2018-19
2019-20-player-485,167075,Wesley Hoedt,2019-20
2024-25-player-271,167191,Marcus Myers-Harness,2024-25
2020-21-player-567,167199,Thomas Partey,2020-21
2021-22-player-15,167199,Thomas Partey,2021-22
2022-23-player-6,167199,Thomas Partey,2022-23
2023-24-player-15,167199,Thomas Partey,2023-24
2024-25-player-20,167199,Thomas Partey,2024-25
2018-19-player-61,167473,José Heriberto Izquierdo Mena,2018-19
2019-20-player-51,167473,José Heriberto Izquierdo Mena,2019-20
2020-21-player-72,167473,José Izquierdo,2020-21
2025-26-player-539,167512,Luke O'Nien,2025-26
2018-19-player-420,167522,Jordan Hugill,2018-19
2020-21-player-444,167522,Jordan Hugill,2020-21
2021-22-player-322,167522,Jordan Hugill,2021-22
2018-19-player-458,167767,Robert Kenedy Nunes do Nascimento,2018-19
2019-20-player-462,167767,Robert Kenedy Nunes do Nascimento,2019-20
2021-22-player-690,167767,Robert Kenedy Nunes do Nascimento,2021-22
2022-23-player-138,167767,Robert Kenedy Nunes do Nascimento,2022-23
2019-20-player-472,167878,Ben Osborn,2019-20
2020-21-player-356,167878,Ben Osborn,2020-21
2023-24-player-489,167878,Ben Osborn,2023-24
2025-26-player-209,167887,Josh Laurent,2025-26
2024-25-player-466,167888,Joe Lumley,2024-25
2023-24-player-329,168035,Fred Onyedinma,2023-24
2023-24-player-128,168090,Mahmoud Dahoud,2023-24
2024-25-player-119,168090,Mahmoud Dahoud,2024-25
2022-23-player-384,168172,Joe Lolley,2022-23
2022-23-player-385,168281,Scott McKenna,2022-23
2023-24-player-455,168281,Scott McKenna,2023-24
2019-20-player-604,168290,Ignacio Pussetto,2019-20
2018-19-player-422,168399,Will Norris,2018-19
2019-20-player-413,168399,Will Norris,2019-20
2020-21-player-583,168399,Will Norris,2020-21
2021-22-player-114,168399,Will Norris,2021-22
2023-24-player-449,168547,Ethan Horvath,2023-24
2018-19-player-497,168566,Georges-Kévin Nkoudou,2018-19
2019-20-player-527,168566,Georges-Kévin Nkoudou,2019-20
2018-19-player-326,168580,Ayoze Pérez,2018-19
2019-20-player-265,168580,Ayoze Pérez,2019-20
2020-21-player-229,168580,Ayoze Pérez,2020-21
2021-22-player-211,168580,Ayoze Pérez,2021-22
2022-23-player-260,168580,Ayoze Pérez,2022-23
2023-24-player-804,168636,Enes Ünal,2023-24
2024-25-player-65,168636,Enes Ünal,2024-25
2025-26-player-98,168636,Enes Ünal,2025-26
2020-21-player-521,168763,Cameron Carter-Vickers,2020-21
2018-19-player-523,168764,Luke Amos,2018-19
2019-20-player-351,168764,Luke Amos,2019-20
2020-21-player-188,168765,Josh Onomah,2020-21
2022-23-player-216,168765,Josh Onomah,2022-23
2018-19-player-598,168977,Joel Coleman,2018-19
2018-19-player-202,168991,Philip Billing,2018-19
2019-20-player-476,168991,Philip Billing,2019-20
2022-23-player-70,168991,Philip Billing,2022-23
2023-24-player-63,168991,Philip Billing,2023-24
2024-25-player-76,168991,Philip Billing,2024-25
2025-26-player-89,168991,Philip Billing,2025-26
2018-19-player-129,169102,Tiemoué Bakayoko,2018-19
2018-19-player-211,169141,Steve Mounie,2018-19
2018-19-player-245,169187,Trent Alexander-Arnold,2018-19
2019-20-player-182,169187,Trent Alexander-Arnold,2019-20
2020-21-player-259,169187,Trent Alexander-Arnold,2020-21
2021-22-player-237,169187,Trent Alexander-Arnold,2021-22
2022-23-player-285,169187,Trent Alexander-Arnold,2022-23
2023-24-player-290,169187,Trent Alexander-Arnold,2023-24
2024-25-player-311,169187,Trent Alexander-Arnold,2024-25
2018-19-player-479,169359,Matt Targett,2018-19
2019-20-player-309,169359,Matt Targett,2019-20
2020-21-player-42,169359,Matt Targett,2020-21
2021-22-player-39,169359,Matt Targett,2021-22
2022-23-player-367,169359,Matt Targett,2022-23
2023-24-player-428,169359,Matt Targett,2023-24
2024-25-player-416,169359,Matt Targett,2024-25
2025-26-player-484,169359,Matt Targett,2025-26
2019-20-player-501,169432,Oliver McBurnie,2019-20
2020-21-player-357,169432,Oliver McBurnie,2020-21
2023-24-player-485,169432,Oliver McBurnie,2023-24
2020-21-player-484,169528,Antonee Robinson,2020-21
2022-23-player-217,169528,Antonee Robinson,2022-23
2023-24-player-283,169528,Antonee Robinson,2023-24
2024-25-player-255,169528,Antonee Robinson,2024-25
2025-26-player-316,169528,Antonee Robinson,2025-26
2021-22-player-561,169593,Remi Matthews,2021-22
2022-23-player-495,169593,Remi Matthews,2022-23
2023-24-player-233,169593,Remi Matthews,2023-24
2024-25-player-209,169593,Remi Matthews,2024-25
2025-26-player-255,169593,Remi Matthews,2025-26
2019-20-player-500,170137,Allan Saint-Maximin,2019-20
2020-21-player-338,170137,Allan Saint-Maximin,2020-21
2021-22-player-307,170137,Allan Saint-Maximin,2021-22
2022-23-player-368,170137,Allan Saint-Maximin,2022-23
2023-24-player-426,170137,Allan Saint-Maximin,2023-24
2018-19-player-456,170271,Jean Michael Seri,2018-19
2020-21-player-189,170271,Jean Michaël Seri,2020-21
2021-22-player-676,171099,Hassane Kamara,2021-22
2022-23-player-513,171101,Clément Lenglet,2022-23
2023-24-player-699,171101,Clément Lenglet,2023-24
2018-19-player-473,171129,Diego Rico,2018-19
2019-20-player-65,171129,Diego Rico,2019-20
2018-19-player-528,171270,Kieran Dowell,2018-19
2021-22-player-323,171270,Kieran Dowell,2021-22
2018-19-player-242,171287,Joseph Gomez,2018-19
2019-20-player-184,171287,Joseph Gomez,2019-20
2020-21-player-260,171287,Joseph Gomez,2020-21
2021-22-player-238,171287,Joseph Gomez,2021-22
2022-23-player-286,171287,Joseph Gomez,2022-23
2023-24-player-298,171287,Joe Gomez,2023-24
2024-25-player-322,171287,Joe Gomez,2024-25
2025-26-player-376,171287,Joe Gomez,2025-26
2020-21-player-556,171314,Rúben Santos Gato Alves Dias,2020-21
2021-22-player-262,171314,Rúben Santos Gato Alves Dias,2021-22
2022-23-player-312,171314,Rúben Gato Alves Dias,2022-23
2023-24-player-350,171314,Rúben Gato Alves Dias,2023-24
2024-25-player-361,171314,Rúben Gato Alves Dias,2024-25
2025-26-player-408,171314,Rúben dos Santos Gato Alves Dias,2025-26
2018-19-player-433,171317,Rúben Diogo da Silva Neves,2018-19
2019-20-player-414,171317,Rúben Diogo da Silva Neves,2019-20
2020-21-player-466,171317,Rúben Diogo da Silva Neves,2020-21
2021-22-player-436,171317,Rúben Diogo da Silva Neves,2021-22
2022-23-player-480,171317,Rúben da Silva Neves,2022-23
2025-26-player-555,171422,Alan Browne,2025-26
2018-19-player-335,171771,Jan Bednarek,2018-19
2019-20-player-307,171771,Jan Bednarek,2019-20
2020-21-player-376,171771,Jan Bednarek,2020-21
2021-22-player-343,171771,Jan Bednarek,2021-22
2022-23-player-410,171771,Jan Bednarek,2022-23
2024-25-player-455,171771,Jan Bednarek,2024-25
2019-20-player-453,171975,Callum Robinson,2019-20
2020-21-player-358,171975,Callum Robinson,2020-21
2018-19-player-197,172246,Florent Hadergjonaj,2018-19
2024-25-player-611,172453,Sam Szmodics,2024-25
2018-19-player-577,172551,Callum Roberts,2018-19
2023-24-player-165,172567,Josh Cullen,2023-24
2025-26-player-205,172567,Josh Cullen,2025-26
2018-19-player-225,172632,Demarai Gray,2018-19
2019-20-player-175,172632,Demarai Gray,2019-20
2020-21-player-230,172632,Demarai Gray,2020-21
2021-22-player-484,172632,Demarai Gray,2021-22
2022-23-player-189,172632,Demarai Gray,2022-23
2023-24-player-253,172632,Demarai Gray,2023-24
2019-20-player-471,172649,Dean Henderson,2019-20
2020-21-player-305,172649,Dean Henderson,2020-21
2021-22-player-280,172649,Dean Henderson,2021-22
2022-23-player-398,172649,Dean Henderson,2022-23
2023-24-player-385,172649,Dean Henderson,2023-24
2024-25-player-201,172649,Dean Henderson,2024-25
2025-26-player-253,172649,Dean Henderson,2025-26
2018-19-player-233,172780,James Maddison,2018-19
2019-20-player-171,172780,James Maddison,2019-20
2020-21-player-231,172780,James Maddison,2020-21
2021-22-player-212,172780,James Maddison,2021-22
2022-23-player-261,172780,James Maddison,2022-23
2023-24-player-504,172780,James Maddison,2023-24
2024-25-player-494,172780,James Maddison,2024-25
2025-26-player-581,172780,James Maddison,2025-26
2019-20-player-620,172782,Josh Brownhill,2019-20
2020-21-player-98,172782,Josh Brownhill,2020-21
2021-22-player-115,172782,Josh Brownhill,2021-22
2023-24-player-161,172782,Josh Brownhill,2023-24
2020-21-player-587,172841,Saïd Benrahma,2020-21
2021-22-player-419,172841,Saïd Benrahma,2021-22
2022-23-player-464,172841,Saïd Benrahma,2022-23
2023-24-player-525,172841,Saïd Benrahma,2023-24
2018-19-player-219,172850,Benjamin Chilwell,2018-19
2019-20-player-161,172850,Benjamin Chilwell,2019-20
2020-21-player-232,172850,Benjamin Chilwell,2020-21
2021-22-player-135,172850,Benjamin Chilwell,2021-22
2022-23-player-139,172850,Ben Chilwell,2022-23
2023-24-player-195,172850,Ben Chilwell,2023-24
2024-25-player-160,172850,Ben Chilwell,2024-25
2023-24-player-709,172912,Sofyan Amrabat,2023-24
2023-24-player-790,173268,Ivo Grbic,2023-24
2022-23-player-623,173271,Duje Caleta-Car,2022-23
2018-19-player-337,17339,Steven Davis,2018-19
2022-23-player-386,173399,Mohamed Dräger,2022-23
2023-24-player-444,173399,Mohamed Dräger,2023-24
2018-19-player-83,17349,Aaron Lennon,2018-19
2019-20-player-430,17349,Aaron Lennon,2019-20
2021-22-player-575,17349,Aaron Lennon,2021-22
2018-19-player-524,173514,Isaac Success Ajayi,2018-19
2019-20-player-365,173514,Isaac Success Ajayi,2019-20
2021-22-player-393,173514,Isaac Success Ajayi,2021-22
2018-19-player-236,173515,Kelechi Iheanacho,2018-19
2019-20-player-167,173515,Kelechi Iheanacho,2019-20
2020-21-player-233,173515,Kelechi Iheanacho,2020-21
2021-22-player-213,173515,Kelechi Iheanacho,2021-22
2022-23-player-262,173515,Kelechi Iheanacho,2022-23
2018-19-player-407,173792,Reece Oxford,2018-19
2018-19-player-169,173807,Tom Davies,2018-19
2019-20-player-154,173807,Tom Davies,2019-20
2020-21-player-163,173807,Tom Davies,2020-21
2021-22-player-176,173807,Tom Davies,2021-22
2022-23-player-190,173807,Tom Davies,2022-23
2023-24-player-666,173807,Tom Davies,2023-24
2020-21-player-420,173809,Jonathan Leko,2020-21
2019-20-player-662,173810,Darnell Johnson,2019-20
2020-21-player-680,173818,Nathan Broadhead,2020-21
2021-22-player-545,173818,Nathan Broadhead,2021-22
2024-25-player-262,173818,Nathan Broadhead,2024-25
2020-21-player-206,173821,Tyler Roberts,2020-21
2021-22-player-193,173821,Tyler Roberts,2021-22
2022-23-player-229,173821,Tyler Roberts,2022-23
2018-19-player-496,173879,Tammy Abraham,2018-19
2019-20-player-460,173879,Tammy Abraham,2019-20
2020-21-player-118,173879,Tammy Abraham,2020-21
2021-22-player-136,173879,Tammy Abraham,2021-22
2025-26-player-808,173879,Tammy Abraham,2025-26
2018-19-player-359,173904,Davinson Sánchez,2018-19
2019-20-player-333,173904,Davinson Sánchez,2019-20
2020-21-player-398,173904,Davinson Sánchez,2020-21
2021-22-player-367,173904,Davinson Sánchez,2021-22
2022-23-player-435,173904,Davinson Sánchez,2022-23
2023-24-player-512,173904,Davinson Sánchez,2023-24
2018-19-player-144,173954,Jairo Riedewald,2018-19
2019-20-player-539,173954,Jairo Riedewald,2019-20
2020-21-player-144,173954,Jairo Riedewald,2020-21
2021-22-player-157,173954,Jairo Riedewald,2021-22
2022-23-player-164,173954,Jairo Riedewald,2022-23
2023-24-player-239,173954,Jairo Riedewald,2023-24
2024-25-player-762,174292,Marco Asensio,2024-25
2023-24-player-314,174310,Elijah Adebayo,2023-24
2019-20-player-663,174590,Jacob Maddox,2019-20
2025-26-player-206,174592,Marcus Edwards,2025-26
2020-21-player-421,174593,Kyle Edwards,2020-21
2025-26-player-365,174594,Lukas Nmecha,2025-26
2023-24-player-327,174595,Admiral Muskwe,2023-24
2019-20-player-32,174597,Andre Green,2019-20
2018-19-player-263,17476,Vincent Kompany,2018-19
2020-21-player-571,174874,Joachim Andersen,2020-21
2021-22-player-488,174874,Joachim Andersen,2021-22
2022-23-player-165,174874,Joachim Andersen,2022-23
2023-24-player-220,174874,Joachim Andersen,2023-24
2024-25-player-191,174874,Joachim Andersen,2024-25
2025-26-player-317,174874,Joachim Andersen,2025-26
2021-22-player-81,174932,Sergi Canós,2021-22
2022-23-player-82,174932,Sergi Canós Tenés,2022-23
2023-24-player-95,174932,Sergi Canós Tenés,2023-24
2018-19-player-601,175351,Demeaco Duhaney,2018-19
2019-20-player-563,175353,Ayotomiwa Dele-Bashiru,2019-20
2021-22-player-394,175353,Ayotomiwa Dele-Bashiru,2021-22
2018-19-player-256,175592,Naby Keita,2018-19
2019-20-player-196,175592,Naby Keita,2019-20
2020-21-player-261,175592,Naby Keita,2020-21
2021-22-player-239,175592,Naby Keita,2021-22
2022-23-player-287,175592,Naby Keita,2022-23
2018-19-player-538,175941,Alfie Whiteman,2018-19
2019-20-player-543,175941,Alfie Whiteman,2019-20
2023-24-player-521,175941,Alfie Whiteman,2023-24
2024-25-player-510,175941,Alfie Whiteman,2024-25
2018-19-player-504,175946,Víctor Camarasa,2018-19
2019-20-player-510,175946,Víctor Camarasa,2019-20
2019-20-player-562,17601,Scott Carson,2019-20
2020-21-player-608,17601,Scott Carson,2020-21
2021-22-player-593,17601,Scott Carson,2021-22
2022-23-player-502,17601,Scott Carson,2022-23
2023-24-player-347,17601,Scott Carson,2023-24
2024-25-player-344,17601,Scott Carson,2024-25
2021-22-player-395,176296,Ashley Fletcher,2021-22
2018-19-player-305,176297,Marcus Rashford,2018-19
2019-20-player-233,176297,Marcus Rashford,2019-20
2020-21-player-306,176297,Marcus Rashford,2020-21
2021-22-player-281,176297,Marcus Rashford,2021-22
2022-23-player-335,176297,Marcus Rashford,2022-23
2023-24-player-396,176297,Marcus Rashford,2023-24
2024-25-player-385,176297,Marcus Rashford,2024-25
2025-26-player-451,176297,Marcus Rashford,2025-26
2019-20-player-431,176413,Christian Pulisic,2019-20
2020-21-player-119,176413,Christian Pulisic,2020-21
2021-22-player-137,176413,Christian Pulisic,2021-22
2022-23-player-140,176413,Christian Pulisic,2022-23
2023-24-player-213,176413,Christian Pulisic,2023-24
2018-19-player-621,176414,Luca De La Torre,2018-19
2020-21-player-422,176420,Darnell Furlong,2020-21
2018-19-player-595,176706,Alfie Jones,2018-19
2018-19-player-213,17745,Kasper Schmeichel,2018-19
2019-20-player-168,17745,Kasper Schmeichel,2019-20
2020-21-player-217,17745,Kasper Schmeichel,2020-21
2021-22-player-200,17745,Kasper Schmeichel,2021-22
2022-23-player-248,17745,Kasper Schmeichel,2022-23
2018-19-player-72,17761,James Tarkowski,2018-19
2019-20-player-84,17761,James Tarkowski,2019-20
2020-21-player-81,17761,James Tarkowski,2020-21
2021-22-player-98,17761,James Tarkowski,2021-22
2022-23-player-199,17761,James Tarkowski,2022-23
2023-24-player-265,17761,James Tarkowski,2023-24
2024-25-player-236,17761,James Tarkowski,2024-25
2025-26-player-291,17761,James Tarkowski,2025-26
2018-19-player-175,177815,Dominic Calvert-Lewin,2018-19
2019-20-player-147,177815,Dominic Calvert-Lewin,2019-20
2020-21-player-164,177815,Dominic Calvert-Lewin,2020-21
2021-22-player-177,177815,Dominic Calvert-Lewin,2021-22
2022-23-player-191,177815,Dominic Calvert-Lewin,2022-23
2023-24-player-246,177815,Dominic Calvert-Lewin,2023-24
2024-25-player-220,177815,Dominic Calvert-Lewin,2024-25
2025-26-player-691,177815,Dominic Calvert-Lewin,2025-26
2019-20-player-43,178173,Matthew Clarke,2019-20
2020-21-player-73,178173,Matthew Clarke,2020-21
2022-23-player-543,178173,Matt Clarke,2022-23
2019-20-player-626,178186,Jarrod Bowen,2019-20
2020-21-player-445,178186,Jarrod Bowen,2020-21
2021-22-player-420,178186,Jarrod Bowen,2021-22
2022-23-player-465,178186,Jarrod Bowen,2022-23
2023-24-player-526,178186,Jarrod Bowen,2023-24
2024-25-player-514,178186,Jarrod Bowen,2024-25
2025-26-player-624,178186,Jarrod Bowen,2025-26
2020-21-player-514,178301,Ollie Watkins,2020-21
2021-22-player-40,178301,Ollie Watkins,2021-22
2022-23-player-40,178301,Ollie Watkins,2022-23
2023-24-player-60,178301,Ollie Watkins,2023-24
2024-25-player-58,178301,Ollie Watkins,2024-25
2025-26-player-64,178301,Ollie Watkins,2025-26
2018-19-player-44,178304,Lys Mousset,2018-19
2019-20-player-70,178304,Lys Mousset,2019-20
2020-21-player-359,178304,Lys Mousset,2020-21
2018-19-player-123,17878,Cesc Fàbregas,2018-19
2019-20-player-473,178876,Jesús Vallejo Lázaro,2019-20
2018-19-player-587,179018,Miguel Almirón,2018-19
2019-20-player-266,179018,Miguel Almirón,2019-20
2020-21-player-339,179018,Miguel Almirón,2020-21
2021-22-player-308,179018,Miguel Almirón,2021-22
2022-23-player-369,179018,Miguel Almirón Rejala,2022-23
2023-24-player-402,179018,Miguel Almirón Rejala,2023-24
2024-25-player-391,179018,Miguel Almirón Rejala,2024-25
2021-22-player-584,179268,Marc Cucurella,2021-22
2022-23-player-112,179268,Marc Cucurella Saseta,2022-23
2023-24-player-198,179268,Marc Cucurella Saseta,2023-24
2024-25-player-163,179268,Marc Cucurella Saseta,2024-25
2025-26-player-224,179268,Marc Cucurella Saseta,2025-26
2021-22-player-581,179276,Mathias Normann,2021-22
2019-20-player-587,179456,Oskar Buur,2019-20
2020-21-player-467,179456,Oskar Buur,2020-21
2023-24-player-608,179458,Jacob Bruun Larsen,2023-24
2025-26-player-202,179458,Jacob Bruun Larsen,2025-26
2022-23-player-536,179519,Orel Mangala,2022-23
2023-24-player-453,179519,Orel Mangala,2023-24
2024-25-player-651,179519,Orel Mangala,2024-25
2019-20-player-279,179587,Dennis Srbeny,2019-20
2018-19-player-539,179830,Grady Diangana,2018-19
2019-20-player-398,179830,Grady Diangana,2019-20
2020-21-player-446,179830,Grady Diangana,2020-21
2018-19-player-75,17997,Phil Bardsley,2018-19
2019-20-player-86,17997,Phil Bardsley,2019-20
2020-21-player-82,17997,Phil Bardsley,2020-21
2021-22-player-99,17997,Phil Bardsley,2021-22
2018-19-player-531,180135,Sean Longstaff,2018-19
2019-20-player-270,180135,Sean Longstaff,2019-20
2020-21-player-480,180135,Sean Longstaff,2020-21
2021-22-player-309,180135,Sean Longstaff,2021-22
2022-23-player-370,180135,Sean Longstaff,2022-23
2023-24-player-421,180135,Sean Longstaff,2023-24
2024-25-player-410,180135,Sean Longstaff,2024-25
2025-26-player-493,180135,Sean Longstaff,2025-26
2018-19-player-173,180151,Nikola Vlasic,2018-19
2021-22-player-582,180151,Nikola Vlasic,2021-22
2022-23-player-466,180151,Nikola Vlasic,2022-23
2023-24-player-543,180151,Nikola Vlašić,2023-24
2020-21-player-495,180184,Donny van de Beek,2020-21
2021-22-player-282,180184,Donny van de Beek,2021-22
2022-23-player-336,180184,Donny van de Beek,2022-23
2023-24-player-400,180184,Donny van de Beek,2023-24
2018-19-player-585,180294,Karlan Grant,2018-19
2020-21-player-582,180294,Karlan Grant,2020-21
2018-19-player-411,18073,Mark Noble,2018-19
2019-20-player-396,18073,Mark Noble,2019-20
2020-21-player-427,18073,Mark Noble,2020-21
2021-22-player-406,18073,Mark Noble,2021-22
2021-22-player-527,180736,Trevoh Chalobah,2021-22
2022-23-player-141,180736,Trevoh Chalobah,2022-23
2023-24-player-194,180736,Trevoh Chalobah,2023-24
2024-25-player-159,180736,Trevoh Chalobah,2024-25
2025-26-player-226,180736,Trevoh Chalobah,2025-26
2019-20-player-481,180804,Axel Tuanzebe,2019-20
2020-21-player-307,180804,Axel Tuanzebe,2020-21
2021-22-player-283,180804,Axel Tuanzebe,2021-22
2024-25-player-282,180804,Axel Tuanzebe,2024-25
2025-26-player-198,180804,Axel Tuanzebe,2025-26
2019-20-player-466,180974,Joelinton Cássio Apolinário de Lira,2019-20
2020-21-player-340,180974,Joelinton Cássio Apolinário de Lira,2020-21
2021-22-player-310,180974,Joelinton Cássio Apolinário de Lira,2021-22
2022-23-player-371,180974,Joelinton Cássio Apolinário de Lira,2022-23
2023-24-player-416,180974,Joelinton Cássio Apolinário de Lira,2023-24
2024-25-player-403,180974,Joelinton Cássio Apolinário de Lira,2024-25
2025-26-player-490,180974,Joelinton Cássio Apolinário de Lira,2025-26
2019-20-player-514,181008,Albian Ajeti,2019-20
2020-21-player-447,181008,Albian Ajeti,2020-21
2022-23-player-579,181284,Gonçalo Manuel Ganchinho Guedes,2022-23
2023-24-player-554,181284,Gonçalo Manuel Ganchinho Guedes,2023-24
2024-25-player-548,181284,Gonçalo Manuel Ganchinho Guedes,2024-25
2025-26-player-647,181284,Gonçalo Manuel Ganchinho Guedes,2025-26
2018-19-player-530,181397,Jamie Sterry,2018-19
2018-19-player-275,182156,Leroy Sané,2018-19
2019-20-player-216,182156,Leroy Sané,2019-20
2020-21-player-696,182436,Ben Woodburn,2020-21
2021-22-player-553,182436,Ben Woodburn,2021-22
2019-20-player-469,182539,Daniel Ceballos Fernández,2019-20
2020-21-player-501,182539,Daniel Ceballos Fernández,2020-21
2020-21-player-499,183015,Cedric Kipre,2020-21
2018-19-player-611,183487,Nathan Holland,2018-19
2019-20-player-568,183487,Nathan Holland,2019-20
2021-22-player-82,183656,Pelenda Joshua Dasilva,2021-22
2022-23-player-83,183656,Josh Dasilva,2022-23
2023-24-player-99,183656,Josh Dasilva,2023-24
2024-25-player-90,183656,Josh Dasilva,2024-25
2025-26-player-748,183656,Josh Dasilva,2025-26
2023-24-player-159,183751,Manuel Benson Hedilazio,2023-24
2025-26-player-201,183751,Manuel Benson Hedilazio,2025-26
2020-21-player-645,184029,Martin Ødegaard,2020-21
2021-22-player-558,184029,Martin Ødegaard,2021-22
2022-23-player-7,184029,Martin Ødegaard,2022-23
2023-24-player-14,184029,Martin Ødegaard,2023-24
2024-25-player-13,184029,Martin Ødegaard,2024-25
2025-26-player-17,184029,Martin Ødegaard,2025-26
2022-23-player-675,184193,Jordan Smith,2022-23
2023-24-player-520,184254,Guglielmo Vicario,2023-24
2024-25-player-508,184254,Guglielmo Vicario,2024-25
2025-26-player-565,184254,Guglielmo Vicario,2025-26
2020-21-player-658,184259,Richard Nartey,2020-21
2019-20-player-463,184341,Mason Mount,2019-20
2020-21-player-120,184341,Mason Mount,2020-21
2021-22-player-138,184341,Mason Mount,2021-22
2022-23-player-142,184341,Mason Mount,2022-23
2023-24-player-209,184341,Mason Mount,2023-24
2024-25-player-382,184341,Mason Mount,2024-25
2025-26-player-455,184341,Mason Mount,2025-26
2018-19-player-184,184349,Ryan Sessegnon,2018-19
2019-20-player-524,184349,Ryan Sessegnon,2019-20
2020-21-player-399,184349,Ryan Sessegnon,2020-21
2021-22-player-368,184349,Ryan Sessegnon,2021-22
2022-23-player-436,184349,Ryan Sessegnon,2022-23
2023-24-player-514,184349,Ryan Sessegnon,2023-24
2024-25-player-579,184349,Ryan Sessegnon,2024-25
2025-26-player-328,184349,Ryan Sessegnon,2025-26
2020-21-player-43,184386,James Bree,2020-21
2022-23-player-716,184386,James Bree,2022-23
2024-25-player-457,184386,James Bree,2024-25
2019-20-player-547,18440,Leon Clarke,2019-20
2018-19-player-292,184667,Victor Lindelöf,2018-19
2019-20-player-225,184667,Victor Lindelöf,2019-20
2020-21-player-308,184667,Victor Lindelöf,2020-21
2021-22-player-284,184667,Victor Lindelöf,2021-22
2022-23-player-337,184667,Victor Lindelöf,2022-23
2023-24-player-386,184667,Victor Lindelöf,2023-24
2024-25-player-376,184667,Victor Lindelöf,2024-25
2025-26-player-719,184667,Victor Lindelöf,2025-26
2019-20-player-491,184704,Marvelous Nakamba,2019-20
2020-21-player-44,184704,Marvelous Nakamba,2020-21
2021-22-player-41,184704,Marvelous Nakamba,2021-22
2022-23-player-41,184704,Marvelous Nakamba,2022-23
2023-24-player-52,184704,Marvelous Nakamba,2023-24
2021-22-player-583,184754,Hee-Chan Hwang,2021-22
2022-23-player-481,184754,Hwang Hee-chan,2022-23
2023-24-player-557,184754,Hwang Hee-chan,2023-24
2024-25-player-550,184754,Hwang Hee-chan,2024-25
2025-26-player-642,184754,Hwang Hee-chan,2025-26
2019-20-player-281,18499,Michael McGovern,2019-20
2021-22-player-313,18499,Michael McGovern,2021-22
2022-23-player-625,18507,Diego Da Silva Costa,2022-23
2022-23-player-681,185253,Gustavo Henrique Furtado Scarpa,2022-23
2023-24-player-462,185253,Gustavo Henrique Furtado Scarpa,2023-24
2018-19-player-442,185478,Jaroslaw Jach,2018-19
2021-22-player-158,185478,Jarosław Jach,2021-22
2018-19-player-373,18656,Heurelho Gomes,2018-19
2019-20-player-513,18656,Heurelho da Silva Gomes,2019-20
2019-20-player-289,18665,Alexander Tettey,2019-20
2018-19-player-25,18726,Artur Boruc,2018-19
2019-20-player-73,18726,Artur Boruc,2019-20
2019-20-player-296,18832,Richard Stearman,2019-20
2019-20-player-298,18867,Billy Sharp,2019-20
2020-21-player-343,18867,Billy Sharp,2020-21
2018-19-player-293,18892,Ashley Young,2018-19
2019-20-player-224,18892,Ashley Young,2019-20
2021-22-player-52,18892,Ashley Young,2021-22
2022-23-player-538,18892,Ashley Young,2022-23
2023-24-player-588,18892,Ashley Young,2023-24
2024-25-player-238,18892,Ashley Young,2024-25
2021-22-player-457,189627,Dimitris Giannoulis,2021-22
2023-24-player-158,189776,Samuel Bastien,2023-24
2018-19-player-489,18987,Robert Snodgrass,2018-19
2019-20-player-393,18987,Robert Snodgrass,2019-20
2020-21-player-428,18987,Robert Snodgrass,2020-21
2018-19-player-159,19159,Ashley Williams,2018-19
2021-22-player-483,191866,Kristoffer Ajer,2021-22
2022-23-player-84,191866,Kristoffer Ajer,2022-23
2023-24-player-90,191866,Kristoffer Ajer,2023-24
2024-25-player-86,191866,Kristoffer Ajer,2024-25
2025-26-player-108,191866,Kristoffer Ajer,2025-26
2018-19-player-139,19188,Scott Dann,2018-19
2019-20-player-127,19188,Scott Dann,2019-20
2020-21-player-486,19188,Scott Dann,2020-21
2019-20-player-553,19194,David Martin,2019-20
2020-21-player-429,19194,David Martin,2020-21
2018-19-player-146,19197,Jason Puncheon,2018-19
2021-22-player-585,192290,Connor Roberts,2021-22
2023-24-player-176,192290,Connor Roberts,2023-24
2025-26-player-186,192290,Connor Roberts,2025-26
2018-19-player-522,192301,Jon Gorenc Stankovic,2018-19
2019-20-player-275,192303,Christoph Zimmermann,2019-20
2021-22-player-324,192303,Christoph Zimmermann,2021-22
2018-19-player-421,19236,John Ruddy,2018-19
2019-20-player-412,19236,John Ruddy,2019-20
2020-21-player-453,19236,John Ruddy,2020-21
2021-22-player-452,19236,John Ruddy,2021-22
2024-25-player-414,19236,John Ruddy,2024-25
2025-26-player-753,19236,John Ruddy,2025-26
2019-20-player-515,192895,Kieran Tierney,2019-20
2020-21-player-17,192895,Kieran Tierney,2020-21
2021-22-player-16,192895,Kieran Tierney,2021-22
2022-23-player-8,192895,Kieran Tierney,2022-23
2023-24-player-24,192895,Kieran Tierney,2023-24
2024-25-player-21,192895,Kieran Tierney,2024-25
2018-19-player-570,193109,Callum Slattery,2018-19
2019-20-player-327,193109,Callum Slattery,2019-20
2019-20-player-287,193111,Todd Cantwell,2019-20
2021-22-player-325,193111,Todd Cantwell,2021-22
2023-24-player-319,193195,Allan Campbell,2023-24
2022-23-player-512,193204,Joe Ayodele-Aribo,2022-23
2024-25-player-452,193204,Joe Aribo,2024-25
2019-20-player-30,193488,Anwar El Ghazi,2019-20
2020-21-player-45,193488,Anwar El Ghazi,2020-21
2021-22-player-42,193488,Anwar El Ghazi,2021-22
2022-23-player-51,193488,Anwar El Ghazi,2022-23
2020-21-player-491,193645,Robin Koch,2020-21
2021-22-player-194,193645,Robin Koch,2021-22
2022-23-player-230,193645,Robin Koch,2022-23
2021-22-player-83,194010,Rico Henry,2021-22
2022-23-player-85,194010,Rico Henry,2022-23
2023-24-player-103,194010,Rico Henry,2023-24
2024-25-player-92,194010,Rico Henry,2024-25
2025-26-player-109,194010,Rico Henry,2025-26
2019-20-player-521,194126,Michael Verrips,2019-20
2020-21-player-580,194126,Michael Verrips,2020-21
2018-19-player-160,194164,Mason Holgate,2018-19
2019-20-player-478,194164,Mason Holgate,2019-20
2020-21-player-165,194164,Mason Holgate,2020-21
2021-22-player-178,194164,Mason Holgate,2021-22
2022-23-player-192,194164,Mason Holgate,2022-23
2023-24-player-255,194164,Mason Holgate,2023-24
2024-25-player-225,194164,Mason Holgate,2024-25
2018-19-player-114,19419,Gary Cahill,2018-19
2019-20-player-503,19419,Gary Cahill,2019-20
2020-21-player-125,19419,Gary Cahill,2020-21
2022-23-player-727,194190,Harry Souttar,2022-23
2024-25-player-303,194190,Harry Souttar,2024-25
2019-20-player-615,194252,Steven Bergwijn,2019-20
2020-21-player-400,194252,Steven Bergwijn,2020-21
2021-22-player-369,194252,Steven Bergwijn,2021-22
2022-23-player-437,194252,Steven Bergwijn,2022-23
2018-19-player-554,194401,Adalberto Peñaranda,2018-19
2019-20-player-648,194401,Adalberto Peñaranda,2019-20
2018-19-player-432,194634,Diogo Jota,2018-19
2019-20-player-410,194634,Diogo Jota,2019-20
2020-21-player-468,194634,Diogo Jota,2020-21
2021-22-player-240,194634,Diogo Jota,2021-22
2022-23-player-288,194634,Diogo Teixeira da Silva,2022-23
2023-24-player-294,194634,Diogo Teixeira da Silva,2023-24
2024-25-player-317,194634,Diogo Teixeira da Silva,2024-25
2019-20-player-529,194794,Fikayo Tomori,2019-20
2020-21-player-121,194794,Fikayo Tomori,2020-21
2019-20-player-559,194798,Bernard Ashley-Seal,2019-20
2019-20-player-276,194799,Jamal Lewis,2019-20
2020-21-player-513,194799,Jamal Lewis,2020-21
2021-22-player-311,194799,Jamal Lewis,2021-22
2022-23-player-372,194799,Jamal Lewis,2022-23
2023-24-player-420,194799,Jamal Lewis,2023-24
2024-25-player-408,194799,Jamal Lewis,2024-25
2019-20-player-571,195064,Mace Goodridge,2019-20
2020-21-player-551,195064,Mace Goodridge,2020-21
2018-19-player-575,19520,Ryan Babel,2018-19
2018-19-player-91,19523,Sol Bamba,2018-19
2018-19-player-322,195384,Mikel Merino,2018-19
2024-25-player-633,195384,Mikel Merino,2024-25
2025-26-player-22,195384,Mikel Merino Zazón,2025-26
2018-19-player-615,195471,Anthony Driscoll-Glennon,2018-19
2019-20-player-572,195471,Anthony Driscoll-Glennon,2019-20
2020-21-player-536,195471,Anthony Driscoll-Glennon,2020-21
2019-20-player-464,195473,Rhian Brewster,2019-20
2020-21-player-262,195473,Rhian Brewster,2020-21
2023-24-player-477,195473,Rhian Brewster,2023-24
2020-21-player-665,195480,Josh Maja,2020-21
2019-20-player-283,195546,Emiliano Buendía,2019-20
2021-22-player-43,195546,Emiliano Buendía Stati,2021-22
2022-23-player-42,195546,Emiliano Buendía Stati,2022-23
2023-24-player-35,195546,Emiliano Buendía Stati,2023-24
2024-25-player-31,195546,Emiliano Buendía Stati,2024-25
2025-26-player-50,195546,Emiliano Buendía Stati,2025-26
2021-22-player-589,195728,Alex Kral,2021-22
2019-20-player-488,195735,Nicolas Pépé,2019-20
2020-21-player-18,195735,Nicolas Pépé,2020-21
2021-22-player-17,195735,Nicolas Pépé,2021-22
2022-23-player-9,195735,Nicolas Pépé,2022-23
2023-24-player-16,195735,Nicolas Pépé,2023-24
2019-20-player-605,195774,Gedson Carvalho Fernandes,2019-20
2020-21-player-401,195774,Gedson Carvalho Fernandes,2020-21
2018-19-player-303,195851,Scott McTominay,2018-19
2019-20-player-248,195851,Scott McTominay,2019-20
2020-21-player-309,195851,Scott McTominay,2020-21
2021-22-player-285,195851,Scott McTominay,2021-22
2022-23-player-338,195851,Scott McTominay,2022-23
2023-24-player-392,195851,Scott McTominay,2023-24
2024-25-player-381,195851,Scott McTominay,2024-25
2018-19-player-174,195855,Beni Baningime,2018-19
2019-20-player-557,195855,Beni Baningime,2019-20
2018-19-player-547,195860,Joe Powell,2018-19
2020-21-player-423,195864,Sam Field,2020-21
2022-23-player-529,195899,Gianluca Scamacca,2022-23
2023-24-player-541,195899,Gianluca Scamacca,2023-24
2023-24-player-663,196100,Gustavo Hamer,2023-24
2018-19-player-488,196118,Yoshinori Muto,2018-19
2019-20-player-260,196118,Yoshinori Muto,2019-20
2020-21-player-341,196118,Yoshinori Muto,2020-21
2018-19-player-475,19624,João Filipe Iria Santos Moutinho,2018-19
2019-20-player-415,19624,João Filipe Iria Santos Moutinho,2019-20
2020-21-player-454,19624,João Filipe Iria Santos Moutinho,2020-21
2021-22-player-426,19624,João Filipe Iria Santos Moutinho,2021-22
2022-23-player-503,19624,João Filipe Iria Santos Moutinho,2022-23
2024-25-player-265,196411,Conor Chaplin,2024-25
2024-25-player-588,197024,Guido Rodríguez,2024-25
2025-26-player-618,197024,Guido Rodríguez,2025-26
2018-19-player-189,197030,Aboubakar Kamara,2018-19
2020-21-player-190,197030,Aboubakar Kamara,2020-21
2018-19-player-291,197365,Eric Bailly,2018-19
2019-20-player-228,197365,Eric Bailly,2019-20
2020-21-player-310,197365,Eric Bailly,2020-21
2021-22-player-286,197365,Eric Bailly,2021-22
2022-23-player-339,197365,Eric Bailly,2022-23
2023-24-player-375,197365,Eric Bailly,2023-24
2019-20-player-589,197464,Nathaniel Phillips,2019-20
2020-21-player-589,197464,Nathaniel Phillips,2020-21
2021-22-player-241,197464,Nathaniel Phillips,2021-22
2022-23-player-501,197464,Nathaniel Phillips,2022-23
2023-24-player-306,197464,Nathaniel Phillips,2023-24
2024-25-player-332,197464,Nathaniel Phillips,2024-25
2018-19-player-230,197469,Hamza Choudhury,2018-19
2019-20-player-180,197469,Hamza Choudhury,2019-20
2020-21-player-234,197469,Hamza Choudhury,2020-21
2021-22-player-214,197469,Hamza Choudhury,2021-22
2022-23-player-263,197469,Hamza Choudhury,2022-23
2024-25-player-287,197469,Hamza Choudhury,2024-25
2018-19-player-371,19760,Fernando Llorente,2018-19
2020-21-player-424,197937,Oliver Burke,2020-21
2019-20-player-548,198044,Harry Lewis,2019-20
2020-21-player-625,198044,Harry Lewis,2020-21
2021-22-player-637,198044,Harry Lewis,2021-22
2018-19-player-307,19838,Robert Elliot,2018-19
2019-20-player-573,19838,Robert Elliot,2019-20
2021-22-player-574,19838,Robert Elliot,2021-22
2018-19-player-578,198504,Kazaiah Sterling,2018-19
2019-20-player-273,198826,Ben Godfrey,2019-20
2020-21-player-566,198826,Ben Godfrey,2020-21
2021-22-player-179,198826,Ben Godfrey,2021-22
2022-23-player-193,198826,Ben Godfrey,2022-23
2023-24-player-252,198826,Ben Godfrey,2023-24
2024-25-player-715,198826,Ben Godfrey,2024-25
2022-23-player-567,198842,Connor Ronan,2022-23
2018-19-player-436,198847,Bright Enobakhare,2018-19
2018-19-player-450,198849,Lucas Torreira,2018-19
2019-20-player-19,198849,Lucas Torreira,2019-20
2020-21-player-19,198849,Lucas Torreira,2020-21
2021-22-player-18,198849,Lucas Torreira,2021-22
2022-23-player-22,198849,Lucas Torreira di Pascua,2022-23
2018-19-player-559,198869,Ben White,2018-19
2020-21-player-74,198869,Ben White,2020-21
2021-22-player-67,198869,Ben White,2021-22
2022-23-player-10,198869,Benjamin White,2022-23
2023-24-player-29,198869,Benjamin White,2023-24
2024-25-player-24,198869,Benjamin White,2024-25
2025-26-player-11,198869,Benjamin White,2025-26
2023-24-player-330,199056,Gabriel Osho,2023-24
2022-23-player-507,199170,Moussa Niakhaté,2022-23
2023-24-player-457,199170,Moussa Niakhaté,2023-24
2020-21-player-542,199249,Sergio Reguilón,2020-21
2021-22-player-370,199249,Sergio Reguilón,2021-22
2022-23-player-438,199249,Sergio Reguilón,2022-23
2023-24-player-508,199249,Sergio Reguilón,2023-24
2024-25-player-496,199249,Sergio Reguilón,2024-25
2019-20-player-583,199584,Japhet Tanganga,2019-20
2020-21-player-402,199584,Japhet Tanganga,2020-21
2021-22-player-371,199584,Japhet Tanganga,2021-22
2022-23-player-439,199584,Japhet Tanganga,2022-23
2023-24-player-518,199584,Japhet Tanganga,2023-24
2018-19-player-130,199598,Ethan Ampadu,2018-19
2019-20-player-121,199598,Ethan Ampadu,2019-20
2020-21-player-509,199598,Ethan Ampadu,2020-21
2021-22-player-139,199598,Ethan Ampadu,2021-22
2022-23-player-151,199598,Ethan Ampadu,2022-23
2023-24-player-185,199598,Ethan Ampadu,2023-24
2025-26-player-354,199598,Ethan Ampadu,2025-26
2021-22-player-586,199670,Odsonne Edouard,2021-22
2022-23-player-166,199670,Odsonne Edouard,2022-23
2023-24-player-225,199670,Odsonne Edouard,2023-24
2024-25-player-198,199670,Odsonne Edouard,2024-25
2025-26-player-285,199670,Odsonne Édouard,2025-26
2020-21-player-496,199796,Matthew Cash,2020-21
2021-22-player-44,199796,Matthew Cash,2021-22
2022-23-player-43,199796,Matty Cash,2022-23
2023-24-player-36,199796,Matty Cash,2023-24
2024-25-player-32,199796,Matty Cash,2024-25
2025-26-player-36,199796,Matty Cash,2025-26
2019-20-player-452,199798,Ezri Konsa Ngoyo,2019-20
2020-21-player-46,199798,Ezri Konsa Ngoyo,2020-21
2021-22-player-45,199798,Ezri Konsa Ngoyo,2021-22
2022-23-player-44,199798,Ezri Konsa Ngoyo,2022-23
2023-24-player-48,199798,Ezri Konsa Ngoyo,2023-24
2024-25-player-44,199798,Ezri Konsa Ngoyo,2024-25
2025-26-player-38,199798,Ezri Konsa Ngoyo,2025-26
2019-20-player-535,200088,Daniel N'Lundulu,2019-20
2020-21-player-590,200088,Daniel N'Lundulu,2020-21
2021-22-player-344,200088,Daniel N'Lundulu,2021-22
2018-19-player-566,200089,Joseph Willock,2018-19
2019-20-player-490,200089,Joseph Willock,2019-20
2020-21-player-20,200089,Joseph Willock,2020-21
2021-22-player-19,200089,Joseph Willock,2021-22
2022-23-player-373,200089,Joe Willock,2022-23
2023-24-player-432,200089,Joe Willock,2023-24
2024-25-player-420,200089,Joe Willock,2024-25
2025-26-player-494,200089,Joe Willock,2025-26
2018-19-player-34,20037,Marc Pugh,2018-19
2018-19-player-620,200370,Matt Butcher,2018-19
2020-21-player-546,200402,Nélson Cabral Semedo,2020-21
2021-22-player-437,200402,Nélson Cabral Semedo,2021-22
2022-23-player-482,200402,Nélson Cabral Semedo,2022-23
2023-24-player-572,200402,Nélson Cabral Semedo,2023-24
2024-25-player-559,200402,Nélson Cabral Semedo,2024-25
2022-23-player-421,200428,Mateusz Lis,2022-23
2024-25-player-465,200428,Mateusz Lis,2024-25
2019-20-player-437,200439,Che Adams,2019-20
2020-21-player-377,200439,Che Adams,2020-21
2021-22-player-345,200439,Che Adams,2021-22
2022-23-player-411,200439,Che Adams,2022-23
2018-19-player-397,20046,Stefano Okaka,2018-19
2019-20-player-619,200600,Daniel Castelo Podence,2019-20
2020-21-player-469,200600,Daniel Castelo Podence,2020-21
2021-22-player-438,200600,Daniel Castelo Podence,2021-22
2022-23-player-483,200600,Daniel Castelo Podence,2022-23
2023-24-player-568,200600,Daniel Castelo Podence,2023-24
2024-25-player-562,200600,Daniel Castelo Podence,2024-25
2019-20-player-243,200617,Daniel James,2019-20
2020-21-player-311,200617,Daniel James,2020-21
2021-22-player-287,200617,Daniel James,2021-22
2022-23-player-231,200617,Daniel James,2022-23
2025-26-player-353,200617,Daniel James,2025-26
2018-19-player-19,200641,Reiss Nelson,2018-19
2019-20-player-489,200641,Reiss Nelson,2019-20
2020-21-player-21,200641,Reiss Nelson,2020-21
2021-22-player-531,200641,Reiss Nelson,2021-22
2022-23-player-23,200641,Reiss Nelson,2022-23
2023-24-player-578,200641,Reiss Nelson,2023-24
2024-25-player-10,200641,Reiss Nelson,2024-25
2025-26-player-27,200641,Reiss Nelson,2025-26
2018-19-player-135,20066,Wayne Hennessey,2018-19
2019-20-player-132,20066,Wayne Hennessey,2019-20
2020-21-player-126,20066,Wayne Hennessey,2020-21
2021-22-player-480,20066,Wayne Hennessey,2021-22
2022-23-player-518,20066,Wayne Hennessey,2022-23
2023-24-player-448,20066,Wayne Hennessey,2023-24
2024-25-player-721,20066,Wayne Hennessey,2024-25
2019-20-player-531,200720,Caoimhin Kelleher,2019-20
2020-21-player-560,200720,Caoimhin Kelleher,2020-21
2021-22-player-242,200720,Caoimhin Kelleher,2021-22
2022-23-player-289,200720,Caoimhin Kelleher,2022-23
2023-24-player-301,200720,Caoimhin Kelleher,2023-24
2024-25-player-325,200720,Caoimhin Kelleher,2024-25
2025-26-player-101,200720,Caoimhín Kelleher,2025-26
2022-23-player-506,200785,Tyler Adams,2022-23
2023-24-player-673,200785,Tyler Adams,2023-24
2024-25-player-60,200785,Tyler Adams,2024-25
2025-26-player-85,200785,Tyler Adams,2025-26
2019-20-player-523,200826,Giovani Lo Celso,2019-20
2020-21-player-403,200826,Giovani Lo Celso,2020-21
2021-22-player-372,200826,Giovani Lo Celso,2021-22
2023-24-player-503,200826,Giovani Lo Celso,2023-24
2024-25-player-493,200826,Giovani Lo Celso,2024-25
2025-26-player-694,200834,Nordi Mukiele,2025-26
2020-21-player-555,200878,Filip Krovinovic,2020-21
2022-23-player-588,201057,Thilo Kehrer,2022-23
2023-24-player-537,201057,Thilo Kehrer,2023-24
2018-19-player-511,201084,Timothy Fosu-Mensah,2018-19
2019-20-player-658,201084,Timothy Fosu-Mensah,2019-20
2020-21-player-312,201084,Timothy Fosu-Mensah,2020-21
2023-24-player-27,201410,Auston Trusty,2023-24
2023-24-player-466,201440,Hwang Ui-jo,2023-24
2024-25-player-446,201440,Hwang Ui-jo,2024-25
2018-19-player-382,20145,Adrian Mariappa,2018-19
2019-20-player-356,20145,Adrian Mariappa,2019-20
2018-19-player-584,201595,Lucas Perri,2018-19
2025-26-player-665,201595,Lucas Estella Perri,2025-26
2022-23-player-535,201658,Marcus Tavernier,2022-23
2023-24-player-86,201658,Marcus Tavernier,2023-24
2024-25-player-83,201658,Marcus Tavernier,2024-25
2025-26-player-84,201658,Marcus Tavernier,2025-26
2018-19-player-571,201666,Harvey Barnes,2018-19
2019-20-player-172,201666,Harvey Barnes,2019-20
2020-21-player-235,201666,Harvey Barnes,2020-21
2021-22-player-215,201666,Harvey Barnes,2021-22
2022-23-player-264,201666,Harvey Barnes,2022-23
2023-24-player-603,201666,Harvey Barnes,2023-24
2024-25-player-392,201666,Harvey Barnes,2024-25
2025-26-player-487,201666,Harvey Barnes,2025-26
2018-19-player-558,201667,Josh Knight,2018-19
2025-26-player-683,201895,Omar Alderete,2025-26
2023-24-player-597,202641,André Onana,2023-24
2024-25-player-383,202641,André Onana,2024-25
2025-26-player-432,202641,André Onana,2025-26
2021-22-player-702,202993,Rodrigo Bentancur,2021-22
2022-23-player-440,202993,Rodrigo Bentancur,2022-23
2023-24-player-492,202993,Rodrigo Bentancur,2023-24
2024-25-player-480,202993,Rodrigo Bentancur,2024-25
2025-26-player-585,202993,Rodrigo Bentancur,2025-26
2018-19-player-112,20310,Willy Caballero,2018-19
2019-20-player-112,20310,Willy Caballero,2019-20
2020-21-player-101,20310,Willy Caballero,2020-21
2021-22-player-641,20310,Willy Caballero,2021-22
2022-23-player-424,20310,Willy Caballero,2022-23
2018-19-player-512,203325,André-Frank Zambo Anguissa,2018-19
2020-21-player-191,203325,André-Frank Zambo Anguissa,2020-21
2018-19-player-227,203341,Wilfred Ndidi,2018-19
2019-20-player-176,203341,Wilfred Ndidi,2019-20
2020-21-player-236,203341,Wilfred Ndidi,2020-21
2021-22-player-216,203341,Wilfred Ndidi,2021-22
2022-23-player-265,203341,Wilfred Ndidi,2022-23
2024-25-player-300,203341,Wilfred Ndidi,2024-25
2019-20-player-458,203368,Frédéric Guilbert,2019-20
2020-21-player-47,203368,Frédéric Guilbert,2020-21
2021-22-player-46,203368,Frédéric Guilbert,2021-22
2022-23-player-56,203368,Frédéric Guilbert,2022-23
2019-20-player-633,203389,Nathan Tella,2019-20
2020-21-player-524,203389,Nathan Tella,2020-21
2021-22-player-346,203389,Nathan Tella,2021-22
2022-23-player-412,203389,Nathan Tella,2022-23
2022-23-player-620,204043,Arthur Henrique Ramos de Oliveira Melo,2022-23
2025-26-player-143,204120,Olivier Boscagli,2025-26
2022-23-player-586,204214,Pervis Estupiñán,2022-23
2023-24-player-131,204214,Pervis Estupiñán,2023-24
2024-25-player-122,204214,Pervis Estupiñán,2024-25
2025-26-player-147,204214,Pervis Estupiñán Tenorio,2025-26
2018-19-player-208,204380,Juninho Bacuna,2018-19
2018-19-player-514,204454,Isaac Mbenza,2018-19
2018-19-player-406,204480,Declan Rice,2018-19
2019-20-player-395,204480,Declan Rice,2019-20
2020-21-player-448,204480,Declan Rice,2020-21
2021-22-player-421,204480,Declan Rice,2021-22
2022-23-player-467,204480,Declan Rice,2022-23
2023-24-player-540,204480,Declan Rice,2023-24
2024-25-player-16,204480,Declan Rice,2024-25
2025-26-player-21,204480,Declan Rice,2025-26
2018-19-player-562,204481,Tyreke Johnson,2018-19
2019-20-player-326,204481,Tyreke Johnson,2019-20
2018-19-player-347,20452,Shane Long,2018-19
2019-20-player-315,20452,Shane Long,2019-20
2020-21-player-361,20452,Shane Long,2020-21
2021-22-player-519,20452,Shane Long,2021-22
2021-22-player-84,204580,Vitaly Janelt,2021-22
2022-23-player-86,204580,Vitaly Janelt,2022-23
2023-24-player-105,204580,Vitaly Janelt,2023-24
2024-25-player-94,204580,Vitaly Janelt,2024-25
2025-26-player-125,204580,Vitaly Janelt,2025-26
2020-21-player-207,204642,Jay-Roy Grot,2020-21
2024-25-player-725,204646,Donyell Malen,2024-25
2025-26-player-53,204646,Donyell Malen,2025-26
2018-19-player-164,20467,Theo Walcott,2018-19
2019-20-player-153,20467,Theo Walcott,2019-20
2020-21-player-148,20467,Theo Walcott,2020-21
2021-22-player-332,20467,Theo Walcott,2021-22
2022-23-player-400,20467,Theo Walcott,2022-23
2020-21-player-574,204676,Andi Zeqiri,2020-21
2021-22-player-535,204676,Andi Zeqiri,2021-22
2023-24-player-155,204676,Andi Zeqiri,2023-24
2021-22-player-243,204716,Ibrahima Konaté,2021-22
2022-23-player-290,204716,Ibrahima Konaté,2022-23
2023-24-player-302,204716,Ibrahima Konaté,2023-24
2024-25-player-326,204716,Ibrahima Konaté,2024-25
2025-26-player-374,204716,Ibrahima Konaté,2025-26
2021-22-player-501,204727,Malang Sarr,2021-22
2022-23-player-143,204727,Malang Sarr,2022-23
2023-24-player-214,204727,Malang Sarr,2023-24
2024-25-player-176,204727,Malang Sarr,2024-25
2019-20-player-280,20480,Tim Krul,2019-20
2021-22-player-314,20480,Tim Krul,2021-22
2023-24-player-665,20480,Tim Krul,2023-24
2023-24-player-775,204814,Ben Brereton,2023-24
2024-25-player-584,204814,Ben Brereton Díaz,2024-25
2018-19-player-612,204820,George Marsh,2018-19
2022-23-player-511,204822,Omar Richards,2022-23
2023-24-player-461,204822,Omar Richards,2023-24
2024-25-player-438,204822,Omar Richards,2024-25
2025-26-player-512,204822,Omar Richards,2025-26
2024-25-player-467,204863,Ryan Manning,2024-25
2025-26-player-736,204936,Gianluigi Donnarumma,2025-26
2022-23-player-387,204968,Ryan Yates,2022-23
2023-24-player-470,204968,Ryan Yates,2023-24
2024-25-player-449,204968,Ryan Yates,2024-25
2025-26-player-522,204968,Ryan Yates,2025-26
2018-19-player-207,205102,Ramadan Sobhi,2018-19
2018-19-player-62,20529,Glenn Murray,2018-19
2019-20-player-44,20529,Glenn Murray,2019-20
2020-21-player-53,20529,Glenn Murray,2020-21
2018-19-player-552,205533,Edward Nketiah,2018-19
2019-20-player-13,205533,Edward Nketiah,2019-20
2020-21-player-22,205533,Edward Nketiah,2020-21
2021-22-player-20,205533,Edward Nketiah,2021-22
2022-23-player-11,205533,Eddie Nketiah,2022-23
2023-24-player-13,205533,Eddie Nketiah,2023-24
2024-25-player-11,205533,Eddie Nketiah,2024-25
2025-26-player-284,205533,Eddie Nketiah,2025-26
2018-19-player-281,205651,Gabriel Fernando de Jesus,2018-19
2019-20-player-211,205651,Gabriel Fernando de Jesus,2019-20
2020-21-player-282,205651,Gabriel Fernando de Jesus,2020-21
2021-22-player-263,205651,Gabriel Fernando de Jesus,2021-22
2022-23-player-28,205651,Gabriel Fernando de Jesus,2022-23
2023-24-player-8,205651,Gabriel Fernando de Jesus,2023-24
2024-25-player-2,205651,Gabriel Fernando de Jesus,2024-25
2025-26-player-31,205651,Gabriel Fernando de Jesus,2025-26
2021-22-player-85,205836,Saman Ghoddos,2021-22
2022-23-player-87,205836,Saman Ghoddos,2022-23
2023-24-player-701,205836,Saman Ghoddos,2023-24
2018-19-player-279,206325,Oleksandr Zinchenko,2018-19
2019-20-player-206,206325,Oleksandr Zinchenko,2019-20
2020-21-player-283,206325,Oleksandr Zinchenko,2020-21
2021-22-player-264,206325,Oleksandr Zinchenko,2021-22
2022-23-player-313,206325,Oleksandr Zinchenko,2022-23
2023-24-player-31,206325,Oleksandr Zinchenko,2023-24
2024-25-player-25,206325,Oleksandr Zinchenko,2024-25
2025-26-player-12,206325,Oleksandr Zinchenko,2025-26
2018-19-player-405,20658,Pablo Zabaleta,2018-19
2019-20-player-379,20658,Pablo Zabaleta,2019-20
2018-19-player-271,20664,David Silva,2018-19
2019-20-player-219,20664,David Silva,2019-20
2018-19-player-374,206882,Pontus Dahlberg,2018-19
2019-20-player-367,206882,Pontus Dahlberg,2019-20
2018-19-player-597,206915,Curtis Jones,2018-19
2019-20-player-569,206915,Curtis Jones,2019-20
2020-21-player-263,206915,Curtis Jones,2020-21
2021-22-player-244,206915,Curtis Jones,2021-22
2022-23-player-291,206915,Curtis Jones,2022-23
2023-24-player-300,206915,Curtis Jones,2023-24
2024-25-player-324,206915,Curtis Jones,2024-25
2025-26-player-388,206915,Curtis Jones,2025-26
2018-19-player-288,20695,Antonio Valencia,2018-19
2019-20-player-621,207189,Sander Berge,2019-20
2020-21-player-360,207189,Sander Berge,2020-21
2023-24-player-475,207189,Sander Berge,2023-24
2024-25-player-622,207189,Sander Berge,2024-25
2025-26-player-330,207189,Sander Berge,2025-26
2022-23-player-548,207270,Daniel Iversen,2022-23
2024-25-player-294,207270,Daniel Iversen,2024-25
2021-22-player-86,207283,Mathias Jensen,2021-22
2022-23-player-88,207283,Mathias Jensen,2022-23
2023-24-player-106,207283,Mathias Jensen,2023-24
2024-25-player-95,207283,Mathias Jensen,2024-25
2025-26-player-126,207283,Mathias Jensen,2025-26
2019-20-player-574,207300,Mihai-Alexandru Dobre,2019-20
2023-24-player-338,207722,Jack Walton,2023-24
2021-22-player-697,208706,Bruno Guimarães Rodriguez Moura,2021-22
2022-23-player-374,208706,Bruno Guimarães Rodriguez Moura,2022-23
2023-24-player-406,208706,Bruno Guimarães Rodriguez Moura,2023-24
2024-25-player-394,208706,Bruno Guimarães Rodriguez Moura,2024-25
2025-26-player-488,208706,Bruno Guimarães Rodriguez Moura,2025-26
2023-24-player-315,208904,Mads Juel Andersen,2023-24
2022-23-player-388,208912,Joe Worrall,2022-23
2023-24-player-469,208912,Joe Worrall,2023-24
2024-25-player-448,208912,Joe Worrall,2024-25
2025-26-player-199,208912,Joe Worrall,2025-26
2021-22-player-396,208973,Francisco Sierralta,2021-22
2018-19-player-541,208998,Zeze Steven Sessegnon,2018-19
2020-21-player-192,208998,Zeze Steven Sessegnon,2020-21
2022-23-player-389,209035,Jonathan Panzo,2022-23
2023-24-player-460,209035,Jonathan Panzo,2023-24
2024-25-player-441,209035,Jonathan Panzo,2024-25
2018-19-player-624,209036,Addji Keaninkin Marc-Israel Guehi,2018-19
2019-20-player-545,209036,Addji Keaninkin Marc-Israel Guehi,2019-20
2021-22-player-477,209036,Marc Guéhi,2021-22
2022-23-player-167,209036,Marc Guéhi,2022-23
2023-24-player-228,209036,Marc Guéhi,2023-24
2024-25-player-200,209036,Marc Guéhi,2024-25
2025-26-player-260,209036,Marc Guéhi,2025-26
2018-19-player-546,209037,Zech Medley,2018-19
2019-20-player-636,209037,Zech Medley,2019-20
2018-19-player-561,209040,Timothy Eyoma,2018-19
2018-19-player-568,209041,Angel Gomes,2018-19
2019-20-player-245,209041,Angel Gomes,2019-20
2025-26-player-816,209041,Angel Gomes,2025-26
2018-19-player-540,209042,Oliver Skipp,2018-19
2019-20-player-352,209042,Oliver Skipp,2019-20
2020-21-player-404,209042,Oliver Skipp,2020-21
2021-22-player-373,209042,Oliver Skipp,2021-22
2022-23-player-441,209042,Oliver Skipp,2022-23
2023-24-player-515,209042,Oliver Skipp,2023-24
2024-25-player-501,209042,Oliver Skipp,2024-25
2019-20-player-588,209043,Nya Kirby,2019-20
2021-22-player-537,209045,Taylor Richards,2021-22
2022-23-player-121,209045,Taylor Richards,2022-23
2018-19-player-131,209046,Callum Hudson-Odoi,2018-19
2019-20-player-116,209046,Callum Hudson-Odoi,2019-20
2020-21-player-122,209046,Callum Hudson-Odoi,2020-21
2021-22-player-140,209046,Callum Hudson-Odoi,2021-22
2022-23-player-144,209046,Callum Hudson-Odoi,2022-23
2023-24-player-205,209046,Callum Hudson-Odoi,2023-24
2024-25-player-434,209046,Callum Hudson-Odoi,2024-25
2025-26-player-516,209046,Callum Hudson-Odoi,2025-26
2021-22-player-485,209243,Jadon Sancho,2021-22
2022-23-player-340,209243,Jadon Sancho,2022-23
2023-24-player-397,209243,Jadon Sancho,2023-24
2024-25-player-386,209243,Jadon Sancho,2024-25
2025-26-player-456,209243,Jadon Sancho,2025-26
2018-19-player-277,209244,Phil Foden,2018-19
2019-20-player-220,209244,Phil Foden,2019-20
2020-21-player-284,209244,Phil Foden,2020-21
2021-22-player-265,209244,Phil Foden,2021-22
2022-23-player-314,209244,Phil Foden,2022-23
2023-24-player-353,209244,Phil Foden,2023-24
2024-25-player-348,209244,Phil Foden,2024-25
2025-26-player-414,209244,Phil Foden,2025-26
2020-21-player-662,209288,Thomas McGill,2020-21
2021-22-player-688,209288,Thomas McGill,2021-22
2022-23-player-756,209288,Tom McGill,2022-23
2023-24-player-141,209288,Tom McGill,2023-24
2025-26-player-140,209288,Tom McGill,2025-26
2018-19-player-545,209289,Emile Smith-Rowe,2018-19
2019-20-player-576,209289,Emile Smith Rowe,2019-20
2020-21-player-23,209289,Emile Smith Rowe,2020-21
2021-22-player-21,209289,Emile Smith Rowe,2021-22
2022-23-player-12,209289,Emile Smith Rowe,2022-23
2023-24-player-22,209289,Emile Smith Rowe,2023-24
2024-25-player-19,209289,Emile Smith Rowe,2024-25
2025-26-player-325,209289,Emile Smith Rowe,2025-26
2023-24-player-798,209293,Daiki Hashioka,2023-24
2019-20-player-487,209353,Patrick Cutrone,2019-20
2020-21-player-626,209353,Patrick Cutrone,2020-21
2021-22-player-523,209353,Patrick Cutrone,2021-22
2018-19-player-440,209362,Bernardo Fernandes da Silva Junior,2018-19
2019-20-player-39,209362,Bernardo Fernandes da Silva Junior,2019-20
2020-21-player-75,209362,Bernardo Fernandes da Silva Junior,2020-21
2021-22-player-68,209362,Bernardo Fernandes Da Silva Junior,2021-22
2024-25-player-593,209365,Matthijs de Ligt,2024-25
2025-26-player-436,209365,Matthijs de Ligt,2025-26
2024-25-player-205,209400,Daichi Kamada,2024-25
2025-26-player-271,209400,Daichi Kamada,2025-26
2018-19-player-576,209411,Joe Tupper,2018-19
2021-22-player-598,209418,Tobi Omole,2021-22
2018-19-player-560,209925,Alexandre Nascimento Costa Silva,2018-19
2019-20-player-387,209925,Alexandre Nascimento Costa Silva,2019-20
2022-23-player-390,209925,Xande Nascimento da Costa Silva,2022-23
2022-23-player-397,210156,Taiwo Awoniyi,2022-23
2023-24-player-437,210156,Taiwo Awoniyi,2023-24
2024-25-player-424,210156,Taiwo Awoniyi,2024-25
2025-26-player-527,210156,Taiwo Awoniyi,2025-26
2018-19-player-232,210207,Fousseni Diabaté,2018-19
2020-21-player-481,210407,Matheus Pereira,2020-21
2023-24-player-713,210462,Ibrahim Sangaré,2023-24
2024-25-player-442,210462,Ibrahim Sangaré,2024-25
2025-26-player-521,210462,Ibrahim Sangaré,2025-26
2022-23-player-472,210494,Nayef Aguerd,2022-23
2023-24-player-522,210494,Nayef Aguerd,2023-24
2024-25-player-529,210494,Nayef Aguerd,2024-25
2025-26-player-607,210494,Nayef Aguerd,2025-26
2022-23-player-610,211975,Manuel Akanji,2022-23
2023-24-player-341,211975,Manuel Akanji,2023-24
2024-25-player-340,211975,Manuel Akanji,2024-25
2025-26-player-404,211975,Manuel Akanji,2025-26
2018-19-player-67,21205,Tom Heaton,2018-19
2019-20-player-94,21205,Tom Heaton,2019-20
2020-21-player-28,21205,Tom Heaton,2020-21
2021-22-player-509,21205,Tom Heaton,2021-22
2022-23-player-348,21205,Tom Heaton,2022-23
2023-24-player-384,21205,Tom Heaton,2023-24
2024-25-player-374,21205,Tom Heaton,2024-25
2025-26-player-434,21205,Tom Heaton,2025-26
2022-23-player-726,212314,Sasa Lukic,2022-23
2023-24-player-276,212314,Saša Lukić,2023-24
2024-25-player-249,212314,Saša Lukić,2024-25
2025-26-player-332,212314,Saša Lukić,2025-26
2018-19-player-393,212319,Richarlison de Andrade,2018-19
2019-20-player-150,212319,Richarlison de Andrade,2019-20
2020-21-player-166,212319,Richarlison de Andrade,2020-21
2021-22-player-180,212319,Richarlison de Andrade,2021-22
2022-23-player-454,212319,Richarlison de Andrade,2022-23
2023-24-player-509,212319,Richarlison de Andrade,2023-24
2024-25-player-497,212319,Richarlison de Andrade,2024-25
2025-26-player-597,212319,Richarlison de Andrade,2025-26
2021-22-player-471,212325,Pierre Lees-Melou,2021-22
2022-23-player-616,212701,Denis Zakaria,2022-23
2021-22-player-567,212721,Lyanco Evangelista Silveira Neves Vojnovic,2021-22
2022-23-player-413,212721,Lyanco Silveira Neves Vojnovic,2022-23
2021-22-player-449,212723,Milot Rashica,2021-22
2019-20-player-536,213056,Tudor Baluta,2019-20
2023-24-player-212,213198,Christopher Nkunku,2023-24
2024-25-player-181,213198,Christopher Nkunku,2024-25
2025-26-player-240,213198,Christopher Nkunku,2025-26
2019-20-player-299,213280,Jake Eastwood,2019-20
2019-20-player-428,213345,Wesley Moraes,2019-20
2020-21-player-48,213345,Wesley Moraes,2020-21
2021-22-player-47,213345,Wesley Moraes,2021-22
2023-24-player-61,213345,Wesley Moraes Ferreira da Silva,2023-24
2018-19-player-501,213405,Filip Benkovic,2018-19
2019-20-player-597,213405,Filip Benkovic,2019-20
2020-21-player-237,213405,Filip Benkovic,2020-21
2018-19-player-556,213482,Yan Valery,2018-19
2019-20-player-306,213482,Yan Valery,2019-20
2020-21-player-378,213482,Yan Valery,2020-21
2021-22-player-546,213482,Yan Valery,2021-22
2022-23-player-414,213482,Yan Valery,2022-23
2021-22-player-87,213687,Charlie Goode,2021-22
2022-23-player-96,213687,Charlie Goode,2022-23
2023-24-player-102,213687,Charlie Goode,2023-24
2023-24-player-642,213999,Edson Álvarez Velázquez,2023-24
2024-25-player-511,213999,Edson Álvarez Velázquez,2024-25
2025-26-player-616,213999,Edson Álvarez Velázquez,2025-26
2018-19-player-567,214048,Max Kilman,2018-19
2019-20-player-408,214048,Max Kilman,2019-20
2020-21-player-470,214048,Max Kilman,2020-21
2021-22-player-439,214048,Max Kilman,2021-22
2022-23-player-484,214048,Max Kilman,2022-23
2023-24-player-563,214048,Max Kilman,2023-24
2024-25-player-524,214048,Max Kilman,2024-25
2025-26-player-605,214048,Maximilian Kilman,2025-26
2020-21-player-584,214225,Joe Rodon,2020-21
2021-22-player-374,214225,Joe Rodon,2021-22
2022-23-player-442,214225,Joe Rodon,2022-23
2023-24-player-510,214225,Joe Rodon,2023-24
2025-26-player-348,214225,Joe Rodon,2025-26
2020-21-player-242,214285,Konstantinos Tsimikas,2020-21
2021-22-player-245,214285,Konstantinos Tsimikas,2021-22
2022-23-player-292,214285,Konstantinos Tsimikas,2022-23
2023-24-player-311,214285,Konstantinos Tsimikas,2023-24
2024-25-player-337,214285,Konstantinos Tsimikas,2024-25
2025-26-player-377,214285,Konstantinos Tsimikas,2025-26
2019-20-player-584,214466,William Smallbone,2019-20
2020-21-player-379,214466,William Smallbone,2020-21
2021-22-player-347,214466,William Smallbone,2021-22
2022-23-player-415,214466,Will Smallbone,2022-23
2024-25-player-471,214466,Will Smallbone,2024-25
2019-20-player-645,214470,Jake Vokins,2019-20
2020-21-player-380,214470,Jake Vokins,2020-21
2019-20-player-558,214572,Brandon Austin,2019-20
2021-22-player-659,214572,Brandon Austin,2021-22
2022-23-player-451,214572,Brandon Austin,2022-23
2023-24-player-491,214572,Brandon Austin,2023-24
2024-25-player-479,214572,Brandon Austin,2024-25
2025-26-player-566,214572,Brandon Austin,2025-26
2018-19-player-145,214590,Aaron Wan-Bissaka,2018-19
2019-20-player-122,214590,Aaron Wan-Bissaka,2019-20
2020-21-player-313,214590,Aaron Wan-Bissaka,2020-21
2021-22-player-288,214590,Aaron Wan-Bissaka,2021-22
2022-23-player-341,214590,Aaron Wan-Bissaka,2022-23
2023-24-player-401,214590,Aaron Wan-Bissaka,2023-24
2024-25-player-388,214590,Aaron Wan-Bissaka,2024-25
2025-26-player-610,214590,Aaron Wan-Bissaka,2025-26
2024-25-player-269,214964,George Edmundson,2024-25
2020-21-player-208,214987,Kamil Miazek,2020-21
2020-21-player-597,215059,Robert Sánchez,2020-21
2021-22-player-69,215059,Robert Sánchez,2021-22
2022-23-player-113,215059,Robert Sánchez,2022-23
2023-24-player-145,215059,Robert Sánchez,2023-24
2024-25-player-185,215059,Robert Sánchez,2024-25
2025-26-player-220,215059,Robert Lynch Sánchez,2025-26
2018-19-player-572,215062,Max Sanders,2018-19
2020-21-player-632,215062,Max Sanders,2020-21
2019-20-player-666,215066,Alex Cochrane,2019-20
2019-20-player-575,215136,Neco Williams,2019-20
2020-21-player-264,215136,Neco Williams,2020-21
2021-22-player-246,215136,Neco Williams,2021-22
2022-23-player-295,215136,Neco Williams,2022-23
2023-24-player-467,215136,Neco Williams,2023-24
2024-25-player-437,215136,Neco Williams,2024-25
2025-26-player-508,215136,Neco Williams,2025-26
2020-21-player-602,215379,Elliot Anderson,2020-21
2021-22-player-609,215379,Elliot Anderson,2021-22
2022-23-player-552,215379,Elliot Anderson,2022-23
2023-24-player-403,215379,Elliot Anderson,2023-24
2024-25-player-423,215379,Elliot Anderson,2024-25
2025-26-player-517,215379,Elliot Anderson,2025-26
2019-20-player-651,215407,Alfie Lewis,2019-20
2018-19-player-596,215409,Cameron John,2018-19
2021-22-player-505,215413,Kiernan Dewsbury-Hall,2021-22
2022-23-player-266,215413,Kiernan Dewsbury-Hall,2022-23
2024-25-player-166,215413,Kiernan Dewsbury-Hall,2024-25
2025-26-player-242,215413,Kiernan Dewsbury-Hall,2025-26
2019-20-player-616,215439,Tomas Soucek,2019-20
2020-21-player-449,215439,Tomas Soucek,2020-21
2021-22-player-422,215439,Tomas Soucek,2021-22
2022-23-player-468,215439,Tomas Soucek,2022-23
2023-24-player-542,215439,Tomáš Souček,2023-24
2024-25-player-530,215439,Tomáš Souček,2024-25
2025-26-player-613,215439,Tomáš Souček,2025-26
2020-21-player-209,215460,Ian Carlo Poveda-Ocampo,2020-21
2021-22-player-195,215460,Ian Carlo Poveda-Ocampo,2021-22
2025-26-player-550,215460,Ian Poveda-Ocampo,2025-26
2021-22-player-516,215476,Joshua Sargent,2021-22
2023-24-player-607,215531,Ionuț Radu,2023-24
2021-22-player-724,215610,Marcel Lavinier,2021-22
2021-22-player-492,215711,Leon Bailey,2021-22
2022-23-player-45,215711,Leon Bailey,2022-23
2023-24-player-34,215711,Leon Bailey,2023-24
2024-25-player-28,215711,Leon Bailey,2024-25
2025-26-player-49,215711,Leon Bailey,2025-26
2018-19-player-294,216051,José Diogo Dalot Teixeira,2018-19
2019-20-player-229,216051,José Diogo Dalot Teixeira,2019-20
2020-21-player-314,216051,José Diogo Dalot Teixeira,2020-21
2021-22-player-510,216051,José Diogo Dalot Teixeira,2021-22
2022-23-player-342,216051,Diogo Dalot Teixeira,2022-23
2023-24-player-377,216051,Diogo Dalot Teixeira,2023-24
2024-25-player-369,216051,Diogo Dalot Teixeira,2024-25
2025-26-player-440,216051,Diogo Dalot Teixeira,2025-26
2018-19-player-431,216054,Rúben Gonçalo Silva Nascimento Vinagre,2018-19
2019-20-player-406,216054,Rúben Gonçalo Silva Nascimento Vinagre,2019-20
2020-21-player-471,216054,Rúben Gonçalo Silva Nascimento Vinagre,2020-21
2022-23-player-531,216054,Rúben Nascimento Vinagre,2022-23
2025-26-player-722,216055,Florentino Ibrain Morris Luís,2025-26
2018-19-player-517,216058,Domingos Quina,2018-19
2019-20-player-375,216058,Domingos Quina,2019-20
2021-22-player-397,216058,Domingos Quina,2021-22
2025-26-player-370,216094,Jeremie Frimpong,2025-26
2018-19-player-278,216183,Brahim Diaz,2018-19
2020-21-player-472,216208,Matija Sarkic,2020-21
2022-23-player-492,216208,Matija Šarkić,2022-23
2023-24-player-571,216208,Matija Šarkić,2023-24
2020-21-player-425,216616,Dara O'Shea,2020-21
2023-24-player-173,216616,Dara O'Shea,2023-24
2024-25-player-630,216616,Dara O'Shea,2024-25
2021-22-player-88,216620,Marcus Forss,2021-22
2022-23-player-97,216620,Marcus Forss,2022-23
2021-22-player-524,216646,Yoane Wissa,2021-22
2022-23-player-89,216646,Yoane Wissa,2022-23
2023-24-player-119,216646,Yoane Wissa,2023-24
2024-25-player-110,216646,Yoane Wissa,2024-25
2025-26-player-135,216646,Yoane Wissa,2025-26
2018-19-player-599,217331,Sam Surridge,2018-19
2019-20-player-71,217331,Sam Surridge,2019-20
2022-23-player-391,217331,Sam Surridge,2022-23
2023-24-player-464,217331,Sam Surridge,2023-24
2018-19-player-583,217401,Josh Benson,2018-19
2019-20-player-653,217401,Josh Benson,2019-20
2020-21-player-535,217401,Josh Benson,2020-21
2021-22-player-116,217401,Josh Benson,2021-22
2019-20-player-613,217487,Mbwana Samatta,2019-20
2020-21-player-49,217487,Mbwana Samatta,2020-21
2021-22-player-48,217487,Mbwana Ally Samatta,2021-22
2019-20-player-399,217593,Pablo Fornals,2019-20
2020-21-player-450,217593,Pablo Fornals,2020-21
2021-22-player-423,217593,Pablo Fornals,2021-22
2022-23-player-469,217593,Pablo Fornals Malla,2022-23
2023-24-player-534,217593,Pablo Fornals Malla,2023-24
2018-19-player-557,217989,Rafael Camacho,2018-19
2019-20-player-201,217989,Rafael Camacho,2019-20
2019-20-player-638,218023,Jimmy Dunne,2019-20
2020-21-player-519,218023,Jimmy Dunne,2020-21
2018-19-player-515,218031,Çaglar Söyüncü,2018-19
2019-20-player-164,218031,Çaglar Söyüncü,2019-20
2020-21-player-238,218031,Çaglar Söyüncü,2020-21
2021-22-player-217,218031,Çaglar Söyüncü,2021-22
2022-23-player-267,218031,Çaglar Söyüncü,2022-23
2022-23-player-612,218218,Wout Faes,2022-23
2024-25-player-291,218218,Wout Faes,2024-25
2025-26-player-727,218328,Samuel Chukwueze,2025-26
2025-26-player-259,218364,Borna Sosa,2025-26
2023-24-player-679,218430,Gonzalo Montiel,2023-24
2019-20-player-667,218997,Ellis Simms,2019-20
2020-21-player-596,218997,Ellis Simms,2020-21
2021-22-player-602,218997,Ellis Simms,2021-22
2022-23-player-686,218997,Ellis Simms,2022-23
2023-24-player-264,218997,Ellis Simms,2023-24
2022-23-player-594,219168,Alexander Isak,2022-23
2023-24-player-415,219168,Alexander Isak,2023-24
2024-25-player-401,219168,Alexander Isak,2024-25
2025-26-player-499,219168,Alexander Isak,2025-26
2024-25-player-629,219249,Matt O'Riley,2024-25
2025-26-player-164,219249,Matt O'Riley,2025-26
2020-21-player-609,219265,Felix Nmecha,2020-21
2024-25-player-474,219279,Sugawara Yukinari,2024-25
2020-21-player-659,219291,Claudio Gomes,2020-21
2022-23-player-599,219291,Claudio Gomes,2022-23
2018-19-player-170,219352,Ademola Lookman,2018-19
2019-20-player-155,219352,Ademola Lookman,2019-20
2020-21-player-557,219352,Ademola Lookman,2020-21
2021-22-player-587,219352,Ademola Lookman,2021-22
2020-21-player-500,219847,Kai Havertz,2020-21
2021-22-player-141,219847,Kai Havertz,2021-22
2022-23-player-145,219847,Kai Havertz,2022-23
2023-24-player-6,219847,Kai Havertz,2023-24
2024-25-player-4,219847,Kai Havertz,2024-25
2025-26-player-30,219847,Kai Havertz,2025-26
2018-19-player-409,219924,Issa Diop,2018-19
2019-20-player-381,219924,Issa Diop,2019-20
2020-21-player-451,219924,Issa Diop,2020-21
2021-22-player-424,219924,Issa Diop,2021-22
2022-23-player-470,219924,Issa Diop,2022-23
2023-24-player-271,219924,Issa Diop,2023-24
2024-25-player-245,219924,Issa Diop,2024-25
2025-26-player-320,219924,Issa Diop,2025-26
2018-19-player-449,219929,Rafa Mir,2018-19
2020-21-player-594,219937,Rhys Williams,2020-21
2021-22-player-247,219937,Rhys Williams,2021-22
2022-23-player-498,219937,Rhys Williams,2022-23
2024-25-player-334,219937,Rhys Williams,2024-25
2025-26-player-379,219937,Rhys Williams,2025-26
2020-21-player-570,219961,Raphael Dias Belloli,2020-21
2021-22-player-196,219961,Raphael Dias Belloli,2021-22
2022-23-player-232,219961,Raphael Dias Belloli,2022-23
2019-20-player-495,220037,Bailey Peacock-Farrell,2019-20
2020-21-player-99,220037,Bailey Peacock-Farrell,2020-21
2021-22-player-117,220037,Bailey Peacock-Farrell,2021-22
2023-24-player-175,220037,Bailey Peacock-Farrell,2023-24
2022-23-player-691,220087,Maximilian Wöber,2022-23
2018-19-player-385,220166,Marc Navarro,2018-19
2019-20-player-360,220166,Marc Navarro,2019-20
2021-22-player-398,220166,Marc Navarro,2021-22
2022-23-player-377,220237,Sven Botman,2022-23
2023-24-player-405,220237,Sven Botman,2023-24
2024-25-player-393,220237,Sven Botman,2024-25
2025-26-player-475,220237,Sven Botman,2025-26
2019-20-player-492,220307,Arnaut Danjuma Groeneveld,2019-20
2022-23-player-713,220307,Arnaut Danjuma,2022-23
2023-24-player-601,220307,Arnaut Danjuma Groeneveld,2023-24
2023-24-player-611,220362,Axel Disasi,2023-24
2024-25-player-167,220362,Axel Disasi,2024-25
2025-26-player-815,220362,Axel Disasi,2025-26
2019-20-player-644,220394,Tommy Doyle,2019-20
2020-21-player-285,220394,Tommy Doyle,2020-21
2021-22-player-566,220394,Tommy Doyle,2021-22
2023-24-player-351,220394,Tommy Doyle,2023-24
2024-25-player-544,220394,Tommy Doyle,2024-25
2019-20-player-443,220566,Rodrigo Hernandez,2019-20
2020-21-player-286,220566,Rodrigo Hernandez,2020-21
2021-22-player-266,220566,Rodrigo Hernandez,2021-22
2022-23-player-315,220566,Rodrigo Hernandez,2022-23
2023-24-player-365,220566,Rodrigo Hernandez,2023-24
2024-25-player-360,220566,Rodrigo 'Rodri' Hernandez,2024-25
2025-26-player-421,220566,Rodrigo 'Rodri' Hernandez Cascante,2025-26
2024-25-player-284,220583,Luke Woolfenden,2024-25
2022-23-player-509,220585,Flynn Downes,2022-23
2023-24-player-531,220585,Flynn Downes,2023-24
2024-25-player-518,220585,Flynn Downes,2024-25
2018-19-player-550,220598,Michael Obafemi,2018-19
2019-20-player-314,220598,Michael Obafemi,2019-20
2020-21-player-381,220598,Michael Obafemi,2020-21
2021-22-player-348,220598,Michael Obafemi,2021-22
2023-24-player-174,220598,Michael Obafemi,2023-24
2025-26-player-219,220598,Michael Obafemi,2025-26
2019-20-player-433,220627,James Justin,2019-20
2020-21-player-239,220627,James Justin,2020-21
2021-22-player-218,220627,James Justin,2021-22
2022-23-player-268,220627,James Justin,2022-23
2024-25-player-295,220627,James Justin,2024-25
2025-26-player-706,220627,James Justin,2025-26
2021-22-player-572,220682,Arthur Okonkwo,2021-22
2021-22-player-644,220684,Ajibola Alese,2021-22
2025-26-player-533,220684,Aji Alese,2025-26
2021-22-player-515,220686,Bali Mumba,2021-22
2018-19-player-608,220688,Mason Greenwood,2018-19
2019-20-player-234,220688,Mason Greenwood,2019-20
2020-21-player-315,220688,Mason Greenwood,2020-21
2021-22-player-289,220688,Mason Greenwood,2021-22
2021-22-player-614,220695,Paris Maghoma,2021-22
2024-25-player-674,220695,Paris Maghoma,2024-25
2025-26-player-132,220695,Paris Maghoma,2025-26
2018-19-player-617,220738,Jayson Molumby,2018-19
2020-21-player-550,220738,Jayson Molumby,2020-21
2019-20-player-34,221239,Keinan Davis,2019-20
2020-21-player-50,221239,Keinan Davis,2020-21
2021-22-player-49,221239,Keinan Davis,2021-22
2022-23-player-52,221239,Keinan Davis,2022-23
2023-24-player-39,221239,Keinan Davis,2023-24
2018-19-player-609,221272,Sam Woods,2018-19
2019-20-player-578,221272,Sam Woods,2019-20
2020-21-player-522,221272,Sam Woods,2020-21
2018-19-player-618,221275,Luke Dreher,2018-19
2019-20-player-140,221275,Luke Dreher,2019-20
2025-26-player-715,221389,John Victor Maciel Furtado,2025-26
2020-21-player-203,221399,Jack Harrison,2020-21
2021-22-player-267,221399,Jack Harrison,2021-22
2022-23-player-233,221399,Jack Harrison,2022-23
2023-24-player-661,221399,Jack Harrison,2023-24
2024-25-player-224,221399,Jack Harrison,2024-25
2025-26-player-352,221399,Jack Harrison,2025-26
2022-23-player-392,221403,Richie Laryea,2022-23
2023-24-player-452,221403,Richie Laryea,2023-24
2022-23-player-576,221466,Marcos Senesi,2022-23
2023-24-player-83,221466,Marcos Senesi,2023-24
2024-25-player-79,221466,Marcos Senesi,2024-25
2025-26-player-72,221466,Marcos Senesi Barón,2025-26
2020-21-player-210,221610,Jamie Shackleton,2020-21
2021-22-player-197,221610,Jamie Shackleton,2021-22
2022-23-player-234,221610,Jamie Shackleton,2022-23
2021-22-player-494,221632,Cristian Romero,2021-22
2022-23-player-443,221632,Cristian Romero,2022-23
2023-24-player-511,221632,Cristian Romero,2023-24
2024-25-player-498,221632,Cristian Romero,2024-25
2025-26-player-569,221632,Cristian Romero,2025-26
2022-23-player-533,221820,Lisandro Martínez,2022-23
2023-24-player-391,221820,Lisandro Martínez,2023-24
2024-25-player-380,221820,Lisandro Martínez,2024-25
2025-26-player-437,221820,Lisandro Martínez,2025-26
2018-19-player-548,222017,Conor Coventry,2018-19
2019-20-player-664,222017,Conor Coventry,2019-20
2020-21-player-668,222017,Conor Coventry,2020-21
2021-22-player-522,222017,Conor Coventry,2021-22
2022-23-player-556,222017,Conor Coventry,2022-23
2023-24-player-529,222017,Conor Coventry,2023-24
2018-19-player-605,222018,Ben Johnson,2018-19
2019-20-player-384,222018,Ben Johnson,2019-20
2020-21-player-452,222018,Ben Johnson,2020-21
2021-22-player-425,222018,Ben Johnson,2021-22
2022-23-player-471,222018,Ben Johnson,2022-23
2023-24-player-536,222018,Ben Johnson,2023-24
2024-25-player-275,222018,Ben Johnson,2024-25
2018-19-player-32,222434,Jack Simpson,2018-19
2019-20-player-66,222434,Jack Simpson,2019-20
2018-19-player-448,222531,Morgan Gibbs-White,2018-19
2019-20-player-416,222531,Morgan Gibbs-White,2019-20
2020-21-player-473,222531,Morgan Gibbs-White,2020-21
2021-22-player-440,222531,Morgan Gibbs-White,2021-22
2022-23-player-493,222531,Morgan Gibbs-White,2022-23
2023-24-player-447,222531,Morgan Gibbs-White,2023-24
2024-25-player-433,222531,Morgan Gibbs-White,2024-25
2025-26-player-515,222531,Morgan Gibbs-White,2025-26
2021-22-player-461,222564,Francisco Machado Mota de Castro Trincão,2021-22
2019-20-player-661,222625,George Hirst,2019-20
2024-25-player-272,222625,George Hirst,2024-25
2019-20-player-629,222627,João Manuel Neves Virgínia,2019-20
2020-21-player-167,222627,João Virgínia,2020-21
2021-22-player-181,222627,João Virgínia,2021-22
2023-24-player-266,222627,João Neves Virgínia,2023-24
2024-25-player-227,222627,João Neves Virgínia,2024-25
2018-19-player-603,222677,Tahith Chong,2018-19
2019-20-player-249,222677,Tahith Chong,2019-20
2020-21-player-316,222677,Tahith Chong,2020-21
2023-24-player-586,222677,Tahith Chong,2023-24
2023-24-player-72,222683,Justin Kluivert,2023-24
2024-25-player-71,222683,Justin Kluivert,2024-25
2025-26-player-81,222683,Justin Kluivert,2025-26
2022-23-player-504,222690,Tyrell Malacia,2022-23
2023-24-player-389,222690,Tyrell Malacia,2023-24
2024-25-player-379,222690,Tyrell Malacia,2024-25
2025-26-player-448,222690,Tyrell Malacia,2025-26
2020-21-player-211,222694,Pascal Struijk,2020-21
2021-22-player-198,222694,Pascal Struijk,2021-22
2022-23-player-235,222694,Pascal Struijk,2022-23
2025-26-player-343,222694,Pascal Struijk,2025-26
2019-20-player-625,222786,Panagiotis Retsos,2019-20
2021-22-player-490,223081,Kristoffer Klaesson,2021-22
2022-23-player-236,223081,Kristoffer Klaesson,2022-23
2022-23-player-318,223094,Erling Haaland,2022-23
2023-24-player-355,223094,Erling Haaland,2023-24
2024-25-player-351,223094,Erling Haaland,2024-25
2025-26-player-430,223094,Erling Haaland,2025-26
2019-20-player-540,223175,Matthew Longstaff,2019-20
2020-21-player-487,223175,Matthew Longstaff,2020-21
2021-22-player-312,223175,Matthew Longstaff,2021-22
2019-20-player-630,223332,Faustino Anjorin,2019-20
2020-21-player-605,223332,Faustino Anjorin,2020-21
2023-24-player-339,223333,Louie Watson,2023-24
2020-21-player-707,223335,Sylvester Jasper,2020-21
2025-26-player-549,223336,Dan Neil,2025-26
2021-22-player-717,223337,Jamie Bowden,2021-22
2018-19-player-563,223340,Bukayo Saka,2018-19
2019-20-player-541,223340,Bukayo Saka,2019-20
2020-21-player-24,223340,Bukayo Saka,2020-21
2021-22-player-22,223340,Bukayo Saka,2021-22
2022-23-player-13,223340,Bukayo Saka,2022-23
2023-24-player-19,223340,Bukayo Saka,2023-24
2024-25-player-17,223340,Bukayo Saka,2024-25
2025-26-player-16,223340,Bukayo Saka,2025-26
2019-20-player-600,223349,Indiana Vassilev,2019-20
2020-21-player-51,223349,Indiana Vassilev,2020-21
2023-24-player-606,223434,Igor Julio dos Santos de Paulo,2023-24
2024-25-player-128,223434,Igor Julio dos Santos de Paulo,2024-25
2025-26-player-149,223434,Igor Julio dos Santos de Paulo,2025-26
2024-25-player-636,223541,Federico Chiesa,2024-25
2025-26-player-385,223541,Federico Chiesa,2025-26
2021-22-player-590,223723,Takehiro Tomiyasu,2021-22
2022-23-player-14,223723,Takehiro Tomiyasu,2022-23
2023-24-player-25,223723,Takehiro Tomiyasu,2023-24
2024-25-player-22,223723,Tomiyasu Takehiro,2024-25
2020-21-player-675,223824,Reece Hannam,2020-21
2021-22-player-540,223824,Reece Hannam,2021-22
2025-26-player-531,223827,Daniel Ballard,2025-26
2018-19-player-580,223911,Chris Mepham,2018-19
2019-20-player-61,223911,Chris Mepham,2019-20
2022-23-player-71,223911,Chris Mepham,2022-23
2023-24-player-75,223911,Chris Mepham,2023-24
2024-25-player-72,223911,Chris Mepham,2024-25
2025-26-player-79,223911,Chris Mepham,2025-26
2022-23-player-603,224024,Lucas Tolentino Coelho de Lima,2022-23
2023-24-player-539,224024,Lucas Tolentino Coelho de Lima,2023-24
2024-25-player-527,224024,Lucas Tolentino Coelho de Lima,2024-25
2025-26-player-612,224024,Lucas Tolentino Coelho de Lima,2025-26
2022-23-player-24,224068,Matt Turner,2022-23
2023-24-player-28,224068,Matt Turner,2023-24
2024-25-player-445,224068,Matt Turner,2024-25
2025-26-player-504,224068,Matt Turner,2025-26
2018-19-player-551,224117,Viktor Gyokeres,2018-19
2025-26-player-666,224117,Viktor Gyökeres,2025-26
2022-23-player-244,224209,Rasmus Kristensen,2022-23
2020-21-player-287,224444,Ferran Torres,2020-21
2021-22-player-268,224444,Ferran Torres,2021-22
2024-25-player-654,224860,Carlos Soler,2024-25
2021-22-player-675,224967,Vitalii Mykolenko,2021-22
2022-23-player-194,224967,Vitalii Mykolenko,2022-23
2023-24-player-260,224967,Vitalii Mykolenko,2023-24
2024-25-player-231,224967,Vitalii Mykolenko,2024-25
2025-26-player-292,224967,Vitalii Mykolenko,2025-26
2022-23-player-508,224995,Luis Sinisterra Lucumí,2022-23
2023-24-player-705,224995,Luis Sinisterra,2023-24
2024-25-player-80,224995,Luis Sinisterra,2024-25
2025-26-player-91,224995,Luis Sinisterra Lucumí,2025-26
2021-22-player-686,225000,Dion Sanderson,2021-22
2022-23-player-715,225295,Mateus Cardoso Lemos Martins,2022-23
2019-20-player-494,225321,Aaron Ramsdale,2019-20
2020-21-player-483,225321,Aaron Ramsdale,2020-21
2021-22-player-559,225321,Aaron Ramsdale,2021-22
2022-23-player-15,225321,Aaron Ramsdale,2022-23
2023-24-player-17,225321,Aaron Ramsdale,2023-24
2024-25-player-14,225321,Aaron Ramsdale,2024-25
2025-26-player-674,225321,Aaron Ramsdale,2025-26
2020-21-player-553,225368,Meritan Shabani,2020-21
2021-22-player-698,225702,Samuel Kalu,2021-22
2019-20-player-506,225796,Reece James,2019-20
2020-21-player-123,225796,Reece James,2020-21
2021-22-player-142,225796,Reece James,2021-22
2022-23-player-146,225796,Reece James,2022-23
2023-24-player-206,225796,Reece James,2023-24
2024-25-player-172,225796,Reece James,2024-25
2025-26-player-225,225796,Reece James,2025-26
2023-24-player-707,225897,Fodé Ballo-Touré,2023-24
2021-22-player-458,225902,Boubakary Soumaré,2021-22
2022-23-player-269,225902,Boubakary Soumaré,2022-23
2024-25-player-285,225902,Boubakary Soumaré,2024-25
2020-21-player-510,226182,Jayden Bogle,2020-21
2023-24-player-476,226182,Jayden Bogle,2023-24
2025-26-player-342,226182,Jayden Bogle,2025-26
2023-24-player-180,226473,Scott Twine,2023-24
2020-21-player-494,226597,Gabriel Magalhães,2020-21
2021-22-player-23,226597,Gabriel Magalhães,2021-22
2022-23-player-16,226597,Gabriel dos Santos Magalhães,2022-23
2023-24-player-5,226597,Gabriel dos Santos Magalhães,2023-24
2024-25-player-3,226597,Gabriel dos Santos Magalhães,2024-25
2025-26-player-5,226597,Gabriel dos Santos Magalhães,2025-26
2022-23-player-53,226944,Boubacar Kamara,2022-23
2023-24-player-47,226944,Boubacar Kamara,2023-24
2024-25-player-42,226944,Boubacar Kamara,2024-25
2025-26-player-58,226944,Boubacar Kamara,2025-26
2021-22-player-89,226956,Mads Roerslev Rasmussen,2021-22
2022-23-player-90,226956,Mads Roerslev Rasmussen,2022-23
2023-24-player-114,226956,Mads Roerslev Rasmussen,2023-24
2024-25-player-105,226956,Mads Roerslev Rasmussen,2024-25
2025-26-player-112,226956,Mads Roerslev Rasmussen,2025-26
2018-19-player-466,227127,Yves Bissouma,2018-19
2019-20-player-53,227127,Yves Bissouma,2019-20
2020-21-player-76,227127,Yves Bissouma,2020-21
2021-22-player-70,227127,Yves Bissouma,2021-22
2022-23-player-444,227127,Yves Bissouma,2022-23
2023-24-player-493,227127,Yves Bissouma,2023-24
2024-25-player-482,227127,Yves Bissouma,2024-25
2025-26-player-587,227127,Yves Bissouma,2025-26
2024-25-player-573,227444,Nikola Milenković,2024-25
2025-26-player-505,227444,Nikola Milenković,2025-26
2021-22-player-467,227560,Oghenekaro Peter Etebo,2021-22
2021-22-player-90,228044,Mads Bech Sørensen,2021-22
2022-23-player-91,228044,Mads Bech Sørensen,2022-23
2023-24-player-93,228044,Mads Bech Sørensen,2023-24
2020-21-player-548,228286,Edouard Mendy,2020-21
2021-22-player-143,228286,Edouard Mendy,2021-22
2022-23-player-147,228286,Edouard Mendy,2022-23
2020-21-player-541,228798,Cengiz Ünder,2020-21
2023-24-player-328,229164,Chiedozie Ogbene,2023-24
2024-25-player-632,229164,Chiedozie Ogbene,2024-25
2024-25-player-576,229384,Andy Irving,2024-25
2025-26-player-621,229384,Andy Irving,2025-26
2021-22-player-666,229415,Jon McCracken,2021-22
2018-19-player-616,229600,Mark Travers,2018-19
2019-20-player-74,229600,Mark Travers,2019-20
2022-23-player-72,229600,Mark Travers,2022-23
2023-24-player-88,229600,Mark Travers,2023-24
2024-25-player-84,229600,Mark Travers,2024-25
2025-26-player-288,229600,Mark Travers,2025-26
2024-25-player-594,230001,Noussair Mazraoui,2024-25
2025-26-player-438,230001,Noussair Mazraoui,2025-26
2019-20-player-470,230046,Douglas Luiz Soares de Paulo,2019-20
2020-21-player-52,230046,Douglas Luiz Soares de Paulo,2020-21
2021-22-player-50,230046,Douglas Luiz Soares de Paulo,2021-22
2022-23-player-46,230046,Douglas Luiz Soares de Paulo,2022-23
2023-24-player-43,230046,Douglas Luiz Soares de Paulo,2023-24
2025-26-player-699,230046,Douglas Luiz Soares de Paulo,2025-26
2020-21-player-627,230127,Percy Tau,2020-21
2021-22-player-450,230251,Emmanuel Dennis,2021-22
2022-23-player-585,230251,Emmanuel Dennis,2022-23
2023-24-player-443,230251,Emmanuel Dennis,2023-24
2024-25-player-430,230251,Emmanuel Dennis,2024-25
2024-25-player-473,230348,Ross Stewart,2024-25
2025-26-player-663,230376,Jhon Arias,2025-26
2018-19-player-604,230428,Philippe Sandler,2018-19
2023-24-player-715,231057,Jean-Ricner Bellegarde,2023-24
2024-25-player-535,231057,Jean-Ricner Bellegarde,2024-25
2025-26-player-644,231057,Jean-Ricner Bellegarde,2025-26
2021-22-player-91,231065,Ethan Pinnock,2021-22
2022-23-player-92,231065,Ethan Pinnock,2022-23
2023-24-player-112,231065,Ethan Pinnock,2023-24
2024-25-player-104,231065,Ethan Pinnock,2024-25
2025-26-player-111,231065,Ethan Pinnock,2025-26
2019-20-player-442,231372,Tanguy Ndombele,2019-20
2020-21-player-405,231372,Tanguy Ndombele,2020-21
2021-22-player-375,231372,Tanguy Ndombele,2021-22
2023-24-player-505,231372,Tanguy Ndombélé Alvaro,2023-24
2024-25-player-628,231416,Ferdi Kadioglu,2024-25
2025-26-player-148,231416,Ferdi Kadıoğlu,2025-26
2023-24-player-697,231480,Santiago Bueno,2023-24
2024-25-player-564,231480,Santiago Bueno,2024-25
2025-26-player-636,231480,Santiago Ignacio Bueno,2025-26
2020-21-player-641,231747,Jean-Philippe Mateta,2020-21
2021-22-player-159,231747,Jean-Philippe Mateta,2021-22
2022-23-player-168,231747,Jean-Philippe Mateta,2022-23
2023-24-player-232,231747,Jean-Philippe Mateta,2023-24
2024-25-player-207,231747,Jean-Philippe Mateta,2024-25
2025-26-player-283,231747,Jean-Philippe Mateta,2025-26
2024-25-player-281,231899,Jack Taylor,2024-25
2024-25-player-652,232112,Manuel Ugarte,2024-25
2025-26-player-459,232112,Manuel Ugarte Ribeiro,2025-26
2019-20-player-525,232185,Ismaïla Sarr,2019-20
2021-22-player-399,232185,Ismaila Sarr,2021-22
2024-25-player-585,232185,Ismaïla Sarr,2024-25
2025-26-player-267,232185,Ismaïla Sarr,2025-26
2021-22-player-530,232223,Folarin Balogun,2021-22
2023-24-player-1,232223,Folarin Balogun,2023-24
2024-25-player-266,232228,Harry Clarke,2024-25
2020-21-player-660,232229,Vontae Daley-Campbell,2020-21
2021-22-player-639,232229,Vontae Daley-Campbell,2021-22
2019-20-player-585,232233,Tyreece John-Jules,2019-20
2019-20-player-647,232241,Matthew Smith,2019-20
2022-23-player-607,232241,Matthew Smith,2022-23
2021-22-player-711,232245,Zak Swanson,2021-22
2021-22-player-498,232247,Dominic Thompson,2021-22
2022-23-player-98,232247,Dominic Thompson,2022-23
2018-19-player-555,232351,Ryan John Giles,2018-19
2019-20-player-607,232351,Ryan Giles,2019-20
2021-22-player-687,232351,Ryan Giles,2021-22
2023-24-player-553,232351,Ryan Giles,2023-24
2025-26-player-774,232356,Jenson Jones,2025-26
2019-20-player-560,232361,Taylor Perry,2019-20
2020-21-player-611,232361,Taylor Perry,2020-21
2019-20-player-593,232391,Jeremy Ngakia,2019-20
2021-22-player-400,232391,Jeremy Ngakia,2021-22
2020-21-player-674,232398,Nathan Trott,2020-21
2020-21-player-489,232413,Eberechi Eze,2020-21
2021-22-player-160,232413,Eberechi Eze,2021-22
2022-23-player-169,232413,Eberechi Eze,2022-23
2023-24-player-226,232413,Eberechi Eze,2023-24
2024-25-player-199,232413,Eberechi Eze,2024-25
2025-26-player-266,232413,Eberechi Eze,2025-26
2020-21-player-145,232423,Nathan Ferguson,2020-21
2021-22-player-161,232423,Nathan Ferguson,2021-22
2022-23-player-174,232423,Nathan Ferguson,2022-23
2020-21-player-426,232427,Rekeem Harper,2020-21
2021-22-player-597,232456,Dilan Markanday,2021-22
2023-24-player-337,232477,Elliot Thorpe,2023-24
2025-26-player-528,232571,Anthony Patterson,2025-26
2021-22-player-646,232620,Lewis Brunt,2021-22
2022-23-player-273,232620,Lewis Brunt,2022-23
2020-21-player-554,232653,Jacob Ramsey,2020-21
2021-22-player-51,232653,Jacob Ramsey,2021-22
2022-23-player-47,232653,Jacob Ramsey,2022-23
2023-24-player-55,232653,Jacob Ramsey,2023-24
2024-25-player-53,232653,Jacob Ramsey,2024-25
2025-26-player-52,232653,Jacob Ramsey,2025-26
2019-20-player-552,232667,Akin Famewo,2019-20
2020-21-player-544,232787,Conor Gallagher,2020-21
2021-22-player-144,232787,Conor Gallagher,2021-22
2022-23-player-148,232787,Conor Gallagher,2022-23
2023-24-player-202,232787,Conor Gallagher,2023-24
2024-25-player-169,232787,Conor Gallagher,2024-25
2025-26-player-796,232787,Conor Gallagher,2025-26
2019-20-player-586,232792,Tariq Lamptey,2019-20
2020-21-player-77,232792,Tariq Lamptey,2020-21
2021-22-player-71,232792,Tariq Lamptey,2021-22
2022-23-player-114,232792,Tariq Lamptey,2022-23
2023-24-player-139,232792,Tariq Lamptey,2023-24
2024-25-player-131,232792,Tariq Lamptey,2024-25
2025-26-player-150,232792,Tariq Lamptey,2025-26
2018-19-player-565,232797,Kayne Ramsay,2018-19
2019-20-player-311,232797,Kayne Ramsay,2019-20
2020-21-player-598,232797,Kayne Ramsay,2020-21
2025-26-player-534,232820,Joe Anderson,2025-26
2019-20-player-561,232826,Anthony Gordon,2019-20
2020-21-player-168,232826,Anthony Gordon,2020-21
2021-22-player-503,232826,Anthony Gordon,2021-22
2022-23-player-195,232826,Anthony Gordon,2022-23
2023-24-player-412,232826,Anthony Gordon,2023-24
2024-25-player-398,232826,Anthony Gordon,2024-25
2025-26-player-485,232826,Anthony Gordon,2025-26
2020-21-player-679,232829,Kyle John,2020-21
2022-23-player-637,232829,Kyle John,2022-23
2022-23-player-522,232859,Djed Spence,2022-23
2023-24-player-517,232859,Djed Spence,2023-24
2024-25-player-504,232859,Djed Spence,2024-25
2025-26-player-573,232859,Djed Spence,2025-26
2020-21-player-661,232881,Thakgalo Leshabela,2020-21
2023-24-player-610,232892,Calvin Bassey,2023-24
2024-25-player-241,232892,Calvin Bassey,2024-25
2025-26-player-318,232892,Calvin Bassey,2025-26
2018-19-player-529,232917,Arijanet Muric,2018-19
2023-24-player-172,232917,Arijanet Muric,2023-24
2024-25-player-568,232917,Arijanet Muric,2024-25
2018-19-player-602,232928,James Garner,2018-19
2019-20-player-250,232928,James Garner,2019-20
2020-21-player-317,232928,James Garner,2020-21
2022-23-player-570,232928,James Garner,2022-23
2023-24-player-250,232928,James Garner,2023-24
2024-25-player-223,232928,James Garner,2024-25
2025-26-player-303,232928,James Garner,2025-26
2019-20-player-549,232937,Brandon Williams,2019-20
2020-21-player-318,232937,Brandon Williams,2020-21
2021-22-player-290,232937,Brandon Williams,2021-22
2022-23-player-343,232937,Brandon Williams,2022-23
2023-24-player-374,232937,Brandon Williams,2023-24
2019-20-player-598,232957,Thomas Allan,2019-20
2018-19-player-623,232960,Lewis Cass,2018-19
2019-20-player-477,232964,Lewis Gibson,2019-20
2018-19-player-622,232977,Kelland Watts,2018-19
2019-20-player-599,232977,Kelland Watts,2019-20
2020-21-player-342,232977,Kelland Watts,2020-21
2023-24-player-431,232977,Kell Watts,2023-24
2019-20-player-656,232979,Jack Young,2019-20
2019-20-player-274,232980,Maximillian Aarons,2019-20
2021-22-player-326,232980,Max Aarons,2021-22
2023-24-player-643,232980,Max Aarons,2023-24
2024-25-player-59,232980,Max Aarons,2024-25
2022-23-player-602,233420,Renan Augusto Lodi dos Santos,2022-23
2019-20-player-534,233425,Aaron Connolly,2019-20
2020-21-player-78,233425,Aaron Connolly,2020-21
2021-22-player-72,233425,Aaron Connolly,2021-22
2023-24-player-127,233425,Aaron Connolly,2023-24
2020-21-player-601,233489,Leighton Clarkson,2020-21
2018-19-player-471,233497,Adama Diakhaby,2018-19
2023-24-player-471,233821,Anel Ahmedhodžić,2023-24
2019-20-player-551,233849,Archie Mair,2019-20
2018-19-player-10,233963,Konstantinos Mavropanos,2018-19
2019-20-player-8,233963,Konstantinos Mavropanos,2019-20
2021-22-player-24,233963,Konstantinos Mavropanos,2021-22
2023-24-player-676,233963,Konstantinos Mavropanos,2023-24
2024-25-player-528,233963,Konstantinos Mavropanos,2024-25
2025-26-player-606,233963,Konstantinos Mavropanos,2025-26
2022-23-player-245,234370,Marc Roca Junqué,2022-23
2019-20-player-608,234720,Giovanni McGregor,2019-20
2018-19-player-549,234908,Juan Foyth,2018-19
2019-20-player-335,234908,Juan Foyth,2019-20
2020-21-player-406,234908,Juan Foyth,2020-21
2019-20-player-537,235382,Steven Alzate,2019-20
2020-21-player-79,235382,Steven Alzate,2020-21
2021-22-player-73,235382,Steven Alzate,2021-22
2022-23-player-115,235382,Steven Alzate,2022-23
2023-24-player-123,235382,Steven Alzate,2023-24
2021-22-player-92,235448,Ellery Balcombe,2021-22
2022-23-player-100,235448,Ellery Balcombe,2022-23
2023-24-player-91,235448,Ellery Balcombe,2023-24
2025-26-player-102,235448,Ellery Balcombe,2025-26
2022-23-player-747,235449,George Wickens,2022-23
2019-20-player-64,235530,Lloyd Kelly,2019-20
2022-23-player-73,235530,Lloyd Kelly,2022-23
2023-24-player-70,235530,Lloyd Kelly,2023-24
2024-25-player-404,235530,Lloyd Kelly,2024-25
2021-22-player-327,235546,Jacob Sørensen,2021-22
2018-19-player-619,235599,Nikola Tavares,2018-19
2019-20-player-635,235599,Nikola Tavares,2019-20
2020-21-player-704,235640,Harry Boyes,2020-21
2022-23-player-562,235674,Manor Solomon,2022-23
2023-24-player-583,235674,Manor Solomon,2023-24
2024-25-player-502,235674,Manor Solomon,2024-25
2025-26-player-589,235674,Manor Solomon,2025-26
2025-26-player-362,235826,Joël Piroe,2025-26
2020-21-player-565,240143,Ibrahima Diallo,2020-21
2021-22-player-349,240143,Ibrahima Diallo,2021-22
2022-23-player-416,240143,Ibrahima Diallo,2022-23
2022-23-player-566,240299,Joseph Hodge,2022-23
2023-24-player-555,240299,Joe Hodge,2023-24
2024-25-player-551,240299,Joe Hodge,2024-25
2025-26-player-653,240299,Joe Hodge,2025-26
2021-22-player-476,240514,Kjell Scherpen,2021-22
2022-23-player-542,240514,Kjell Scherpen,2022-23
2023-24-player-147,240514,Kjell Scherpen,2023-24
2025-26-player-142,240514,Kjell Scherpen,2025-26
2021-22-player-556,240796,Álvaro Fernández,2021-22
2021-22-player-588,241157,Emerson Aparecido Leite de Souza Junior,2021-22
2022-23-player-445,241157,Emerson Leite de Souza Junior,2022-23
2023-24-player-497,241157,Emerson Leite de Souza Junior,2023-24
2024-25-player-487,241157,Emerson Leite de Souza Junior,2024-25
2023-24-player-160,241231,Jordan Beyer,2023-24
2025-26-player-194,241231,Jordan Beyer,2025-26
2018-19-player-544,241289,Ben Wilmot,2018-19
2021-22-player-401,241289,Ben Wilmot,2021-22
2022-23-player-720,241519,Weston McKennie,2022-23
2018-19-player-533,241791,Ryan Schofield,2018-19
2019-20-player-496,242058,Moise Kean,2019-20
2020-21-player-169,242058,Moise Kean,2020-21
2021-22-player-564,242058,Moise Kean,2021-22
2018-19-player-451,242166,Matteo Guendouzi,2018-19
2019-20-player-21,242166,Matteo Guendouzi,2019-20
2020-21-player-25,242166,Matteo Guendouzi,2020-21
2021-22-player-25,242166,Mattéo Guendouzi,2021-22
2021-22-player-633,242183,James Morris,2021-22
2023-24-player-631,242453,Jacob Brown,2023-24
2023-24-player-336,242500,Joe Taylor,2023-24
2021-22-player-611,242510,Louie Moulden,2021-22
2022-23-player-689,242880,Benoît Badiashile,2022-23
2023-24-player-191,242880,Benoît Badiashile,2023-24
2024-25-player-153,242880,Benoît Badiashile,2024-25
2025-26-player-229,242880,Benoît Badiashile Mukinayi,2025-26
2025-26-player-685,242882,Bafodé Diakité,2025-26
2022-23-player-393,242885,Loïc Mbe Soh,2022-23
2023-24-player-454,242885,Loïc Mbe Soh,2023-24
2022-23-player-394,242898,Brennan Johnson,2022-23
2023-24-player-450,242898,Brennan Johnson,2023-24
2024-25-player-491,242898,Brennan Johnson,2024-25
2025-26-player-580,242898,Brennan Johnson,2025-26
2019-20-player-627,243016,Alexis Mac Allister,2019-20
2020-21-player-80,243016,Alexis Mac Allister,2020-21
2021-22-player-74,243016,Alexis Mac Allister,2021-22
2022-23-player-116,243016,Alexis Mac Allister,2022-23
2023-24-player-304,243016,Alexis Mac Allister,2023-24
2024-25-player-329,243016,Alexis Mac Allister,2024-25
2025-26-player-386,243016,Alexis Mac Allister,2025-26
2022-23-player-680,243298,Cody Gakpo,2022-23
2023-24-player-297,243298,Cody Gakpo,2023-24
2024-25-player-321,243298,Cody Gakpo,2024-25
2025-26-player-384,243298,Cody Gakpo,2025-26
2020-21-player-607,243343,Jake Cain,2020-21
2022-23-player-524,243345,Lewis O'Brien,2022-23
2023-24-player-458,243345,Lewis O'Brien,2023-24
2024-25-player-439,243345,Lewis O'Brien,2024-25
2025-26-player-520,243345,Lewis O'Brien,2025-26
2020-21-player-628,243505,Jakub Moder,2020-21
2021-22-player-75,243505,Jakub Moder,2021-22
2022-23-player-117,243505,Jakub Moder,2022-23
2023-24-player-144,243505,Jakub Moder,2023-24
2024-25-player-137,243505,Jakub Moder,2024-25
2025-26-player-347,243526,Gabriel Gudmundsson,2025-26
2023-24-player-332,243532,Dion Pereira,2023-24
2023-24-player-599,243557,Moussa Diaby,2023-24
2024-25-player-34,243557,Moussa Diaby,2024-25
2019-20-player-533,243568,Billy Gilmour,2019-20
2020-21-player-124,243568,Billy Gilmour,2020-21
2021-22-player-145,243568,Billy Gilmour,2021-22
2022-23-player-149,243568,Billy Gilmour,2022-23
2023-24-player-133,243568,Billy Gilmour,2023-24
2024-25-player-124,243568,Billy Gilmour,2024-25
2021-22-player-469,243569,Adedapo Awokoya-Mebude,2021-22
2021-22-player-674,243571,Nathan Patterson,2021-22
2022-23-player-197,243571,Nathan Patterson,2022-23
2023-24-player-262,243571,Nathan Patterson,2023-24
2024-25-player-234,243571,Nathan Patterson,2024-25
2025-26-player-296,243571,Nathan Patterson,2025-26
2019-20-player-595,243710,Bernardo Costa Da Rosa,2019-20
2022-23-player-218,244042,Rodrigo Muniz Carvalho,2022-23
2023-24-player-279,244042,Rodrigo Muniz Carvalho,2023-24
2024-25-player-251,244042,Rodrigo Muniz Carvalho,2024-25
2025-26-player-338,244042,Rodrigo Muniz Carvalho,2025-26
2022-23-player-74,244085,Siriki Dembélé,2022-23
2023-24-player-67,244085,Siriki Dembélé,2023-24
2023-24-player-321,244262,Alfie Doughty,2023-24
2021-22-player-460,244560,Romain Perraud,2021-22
2022-23-player-417,244560,Romain Perraud,2022-23
2019-20-player-660,244619,Luke Thomas,2019-20
2020-21-player-240,244619,Luke Thomas,2020-21
2021-22-player-219,244619,Luke Thomas,2021-22
2022-23-player-270,244619,Luke Thomas,2022-23
2023-24-player-693,244619,Luke Thomas,2023-24
2024-25-player-305,244619,Luke Thomas,2024-25
2022-23-player-718,244704,Matías Viña,2022-23
2021-22-player-472,244716,Juan Camilo Hernández Suárez,2021-22
2019-20-player-579,244723,Tyrick Mitchell,2019-20
2020-21-player-146,244723,Tyrick Mitchell,2020-21
2021-22-player-162,244723,Tyrick Mitchell,2021-22
2022-23-player-170,244723,Tyrick Mitchell,2022-23
2023-24-player-234,244723,Tyrick Mitchell,2023-24
2024-25-player-210,244723,Tyrick Mitchell,2024-25
2025-26-player-258,244723,Tyrick Mitchell,2025-26
2021-22-player-696,244731,Luis Díaz,2021-22
2022-23-player-293,244731,Luis Díaz,2022-23
2023-24-player-303,244731,Luis Díaz,2023-24
2024-25-player-327,244731,Luis Díaz,2024-25
2025-26-player-383,244731,Luis Díaz Marulanda,2025-26
2024-25-player-477,244845,Nathan Wood-Gordon,2024-25
2020-21-player-631,244848,Teddy Jenks,2020-21
2023-24-player-803,244850,Morgan Rogers,2023-24
2024-25-player-54,244850,Morgan Rogers,2024-25
2025-26-player-47,244850,Morgan Rogers,2025-26
2019-20-player-643,244851,Cole Palmer,2019-20
2020-21-player-552,244851,Cole Palmer,2020-21
2021-22-player-507,244851,Cole Palmer,2021-22
2022-23-player-316,244851,Cole Palmer,2022-23
2023-24-player-362,244851,Cole Palmer,2023-24
2024-25-player-182,244851,Cole Palmer,2024-25
2025-26-player-235,244851,Cole Palmer,2025-26
2020-21-player-319,244856,Teden Mengi,2020-21
2023-24-player-393,244856,Teden Mengi,2023-24
2020-21-player-695,244858,Fabio Carvalho,2020-21
2022-23-player-296,244858,Fábio Freitas Gouveia Carvalho,2022-23
2024-25-player-314,244858,Fábio Freitas Gouveia Carvalho,2024-25
2025-26-player-123,244858,Fábio Freitas Gouveia Carvalho,2025-26
2021-22-player-402,244890,Joseph Hungbo,2021-22
2022-23-player-395,244930,Alex Mighten,2022-23
2023-24-player-456,244930,Alex Mighten,2023-24
2024-25-player-435,244930,Alex Mighten,2024-25
2022-23-player-600,244932,Ben Knight,2022-23
2023-24-player-584,244954,Pau Torres,2023-24
2024-25-player-52,244954,Pau Torres,2024-25
2025-26-player-41,244954,Pau Torres,2025-26
2023-24-player-672,245414,Nicolò Zaniolo,2023-24
2021-22-player-455,245419,Patson Daka,2021-22
2022-23-player-271,245419,Patson Daka,2022-23
2024-25-player-289,245419,Patson Daka,2024-25
2019-20-player-642,245719,Taylor Harwood-Bellis,2019-20
2020-21-player-623,245719,Taylor Harwood-Bellis,2020-21
2024-25-player-461,245719,Taylor Harwood-Bellis,2024-25
2020-21-player-564,245824,Carlos Vinicius Alves Morais,2020-21
2022-23-player-618,245824,Carlos Vinícius Alves Morais,2022-23
2023-24-player-287,245824,Carlos Vinícius Alves Morais,2023-24
2024-25-player-258,245824,Carlos Vinícius Alves Morais,2024-25
2023-24-player-440,245830,Josh Bowler,2023-24
2024-25-player-426,245830,Josh Bowler,2024-25
2019-20-player-567,245923,Luke Cundle,2019-20
2020-21-player-614,245923,Luke Cundle,2020-21
2021-22-player-547,245923,Luke Cundle,2021-22
2022-23-player-485,245923,Luke Cundle,2022-23
2023-24-player-550,245923,Luke Cundle,2023-24
2024-25-player-540,245923,Luke Cundle,2024-25
2024-25-player-279,246265,Corrie Ndaba,2024-25
2024-25-player-586,246301,Jorge Cuenca Barreno,2024-25
2025-26-player-321,246301,Jorge Cuenca Barreno,2025-26
2022-23-player-557,246799,Jackson Smith,2022-23
2018-19-player-205,246878,Abdelhamid Sabiri,2018-19
2023-24-player-674,247245,Hannes Delcroix,2023-24
2025-26-player-188,247245,Hannes Delcroix,2025-26
2023-24-player-792,247348,Daniel Muñoz,2023-24
2024-25-player-211,247348,Daniel Muñoz,2024-25
2025-26-player-256,247348,Daniel Muñoz Mejía,2025-26
2024-25-player-566,247412,Jørgen Strand Larsen,2024-25
2025-26-player-654,247412,Jørgen Strand Larsen,2025-26
2019-20-player-528,247632,Pedro Lomba Neto,2019-20
2020-21-player-474,247632,Pedro Lomba Neto,2020-21
2021-22-player-441,247632,Pedro Lomba Neto,2021-22
2022-23-player-486,247632,Pedro Lomba Neto,2022-23
2023-24-player-567,247632,Pedro Lomba Neto,2023-24
2024-25-player-560,247632,Pedro Lomba Neto,2024-25
2025-26-player-236,247632,Pedro Lomba Neto,2025-26
2022-23-player-591,247664,Terry Ablade,2022-23
2025-26-player-791,247670,Valentín Castellanos,2025-26
2025-26-player-726,247693,Randal Kolo Muani,2025-26
2025-26-player-724,247955,Lutsharel Geertruida,2025-26
2025-26-player-358,248056,Tanaka Ao,2025-26
2021-22-player-596,248164,Viljami Sinisalo,2021-22
2022-23-player-707,248164,Viljami Sinisalo,2022-23
2023-24-player-57,248164,Viljami Sinisalo,2023-24
2024-25-player-55,248164,Viljami Sinisalo,2024-25
2021-22-player-665,248853,Dynel Simeu,2021-22
2023-24-player-723,248854,Josh Brooking,2023-24
2022-23-player-708,248857,Noni Madueke,2022-23
2023-24-player-208,248857,Noni Madueke,2023-24
2024-25-player-177,248857,Noni Madueke,2024-25
2025-26-player-18,248857,Noni Madueke,2025-26
2023-24-player-738,248859,Amadou Diallo,2023-24
2021-22-player-652,248865,Armstrong Oko-Flex,2021-22
2022-23-player-572,248865,Armstrong Oko-Flex,2022-23
2023-24-player-678,248875,Jérémy Doku,2023-24
2024-25-player-346,248875,Jérémy Doku,2024-25
2025-26-player-418,248875,Jérémy Doku,2025-26
2020-21-player-692,248937,Sam Greenwood,2020-21
2021-22-player-550,248937,Sam Greenwood,2021-22
2022-23-player-237,248937,Sam Greenwood,2022-23
2025-26-player-355,248937,Sam Greenwood,2025-26
2022-23-player-515,249231,Keane Lewis-Potter,2022-23
2023-24-player-107,249231,Keane Lewis-Potter,2023-24
2024-25-player-98,249231,Keane Lewis-Potter,2024-25
2025-26-player-107,249231,Keane Lewis-Potter,2025-26
2023-24-player-712,250199,Nicolás Domínguez,2023-24
2024-25-player-431,250199,Nicolás Domínguez,2024-25
2025-26-player-519,250199,Nicolás Domínguez,2025-26
2020-21-player-686,250370,Nathan Bishop,2020-21
2022-23-player-656,250370,Nathan Bishop,2022-23
2019-20-player-566,250604,Owen Otasowie,2019-20
2020-21-player-581,250604,Owen Otasowie,2020-21
2021-22-player-442,250604,Owen Otasowie,2021-22
2023-24-player-162,250735,Darko Churlinov,2023-24
2025-26-player-204,250735,Darko Churlinov,2025-26
2018-19-player-469,26901,Kevin Mirallas,2018-19
2018-19-player-11,27335,Stephan Lichtsteiner,2018-19
2019-20-player-303,27436,David McGoldrick,2019-20
2020-21-player-344,27436,David McGoldrick,2020-21
2018-19-player-93,27698,Matthew Connolly,2018-19
2019-20-player-33,27770,Birkir Bjarnason,2019-20
2018-19-player-272,27789,Fernando Luiz Rosa,2018-19
2019-20-player-221,27789,Fernando Luiz Rosa,2019-20
2020-21-player-266,27789,Fernando Luiz Rosa,2020-21
2021-22-player-453,27789,Fernando Luiz Rosa,2021-22
2019-20-player-449,28082,Ralf Fahrmann,2019-20
2018-19-player-319,28147,Mohamed Diamé,2018-19
2022-23-player-729,28411,Keylor Navas,2022-23
2018-19-player-64,28462,Sam Baldock,2018-19
2018-19-player-569,28554,Samir Nasri,2018-19
2020-21-player-193,28690,Pablo Hernández Domínguez,2020-21
2021-22-player-182,28690,Pablo Hernández Domínguez,2021-22
2019-20-player-606,32259,Darren Randolph,2019-20
2020-21-player-430,32259,Darren Randolph,2020-21
2021-22-player-407,32259,Darren Randolph,2021-22
2022-23-player-571,32259,Darren Randolph,2022-23
2023-24-player-80,32259,Darren Randolph,2023-24
2018-19-player-261,33148,Claudio Bravo,2018-19
2019-20-player-213,33148,Claudio Bravo,2019-20
2020-21-player-267,33148,Claudio Bravo,2020-21
2018-19-player-244,33871,Ragnar Klavan,2018-19
2020-21-player-543,36903,Gareth Bale,2020-21
2018-19-player-400,37096,Lukasz Fabianski,2018-19
2019-20-player-388,37096,Lukasz Fabianski,2019-20
2020-21-player-431,37096,Lukasz Fabianski,2020-21
2021-22-player-408,37096,Lukasz Fabianski,2021-22
2022-23-player-455,37096,Lukasz Fabianski,2022-23
2023-24-player-533,37096,Lukasz Fabianski,2023-24
2024-25-player-521,37096,Łukasz Fabiański,2024-25
2025-26-player-738,37096,Lukasz Fabianski,2025-26
2018-19-player-295,37265,Alexis Sánchez,2018-19
2019-20-player-240,37265,Alexis Sánchez,2019-20
2019-20-player-22,37339,Ahmed El Mohamady,2019-20
2020-21-player-29,37339,Ahmed El Mohamady,2020-21
2018-19-player-216,37402,Christian Fuchs,2018-19
2019-20-player-163,37402,Christian Fuchs,2019-20
2020-21-player-218,37402,Christian Fuchs,2020-21
2018-19-player-280,37572,Sergio Agüero,2018-19
2019-20-player-210,37572,Sergio Agüero,2019-20
2020-21-player-268,37572,Sergio Agüero,2020-21
2018-19-player-13,37605,Mesut Özil,2018-19
2019-20-player-15,37605,Mesut Özil,2019-20
2020-21-player-1,37605,Mesut Özil,2020-21
2019-20-player-282,37614,Mario Vrancic,2019-20
2018-19-player-222,37642,Jonny Evans,2018-19
2019-20-player-162,37642,Jonny Evans,2019-20
2020-21-player-219,37642,Jonny Evans,2020-21
2021-22-player-201,37642,Jonny Evans,2021-22
2022-23-player-249,37642,Jonny Evans,2022-23
2023-24-player-703,37642,Jonny Evans,2023-24
2024-25-player-371,37642,Jonny Evans,2024-25
2018-19-player-590,3773,Peter Crouch,2018-19
2018-19-player-375,37742,Younes Kaboul,2018-19
2018-19-player-351,37915,Hugo Lloris,2018-19
2019-20-player-340,37915,Hugo Lloris,2019-20
2020-21-player-383,37915,Hugo Lloris,2020-21
2021-22-player-353,37915,Hugo Lloris,2021-22
2022-23-player-425,37915,Hugo Lloris,2022-23
2023-24-player-502,37915,Hugo Lloris,2023-24
2018-19-player-190,38038,Ben Hamer,2018-19
2018-19-player-354,38290,Danny Rose,2018-19
2019-20-player-332,38290,Danny Rose,2019-20
2020-21-player-384,38290,Danny Rose,2020-21
2021-22-player-377,38290,Danny Rose,2021-22
2018-19-player-5,38411,Nacho Monreal,2018-19
2019-20-player-6,38411,Nacho Monreal,2019-20
2018-19-player-389,38439,Etienne Capoue,2018-19
2019-20-player-373,38439,Etienne Capoue,2019-20
2018-19-player-239,38454,Dejan Lovren,2018-19
2019-20-player-186,38454,Dejan Lovren,2019-20
2018-19-player-57,38490,Beram Kayal,2018-19
2019-20-player-56,38490,Beram Kayal,2019-20
2018-19-player-63,38499,Tomer Hemed,2018-19
2018-19-player-454,38533,Rui Pedro dos Santos Patrício,2018-19
2019-20-player-411,38533,Rui Pedro dos Santos Patrício,2019-20
2020-21-player-455,38533,Rui Pedro dos Santos Patrício,2020-21
2021-22-player-427,38533,Rui Pedro dos Santos Patrício,2021-22
2020-21-player-685,38588,Gaetano Berardi,2020-21
2018-19-player-95,38716,Lee Peltier,2018-19
2020-21-player-600,38716,Lee Peltier,2020-21
2018-19-player-362,39104,Mousa Dembélé,2018-19
2018-19-player-250,39155,Adam Lallana,2018-19
2019-20-player-195,39155,Adam Lallana,2019-20
2020-21-player-54,39155,Adam Lallana,2020-21
2021-22-player-53,39155,Adam Lallana,2021-22
2022-23-player-101,39155,Adam Lallana,2022-23
2023-24-player-138,39155,Adam Lallana,2023-24
2024-25-player-463,39155,Adam Lallana,2024-25
2018-19-player-355,39194,Jan Vertonghen,2018-19
2019-20-player-330,39194,Jan Vertonghen,2019-20
2018-19-player-352,39215,Michel Vorm,2018-19
2019-20-player-555,39215,Michel Vorm,2019-20
2018-19-player-12,39476,Sokratis Papastathopoulos,2018-19
2019-20-player-5,39476,Sokratis Papastathopoulos,2019-20
2020-21-player-2,39476,Sokratis Papastathopoulos,2020-21
2019-20-player-447,39487,Erik Pieters,2019-20
2020-21-player-83,39487,Erik Pieters,2020-21
2021-22-player-100,39487,Erik Pieters,2021-22
2018-19-player-485,39725,Anders Lindegaard,2018-19
2020-21-player-194,39790,Francisco Casilla Cortés,2020-21
2021-22-player-183,39790,Francisco Casilla Cortés,2021-22
2018-19-player-77,39847,Steven Defour,2018-19
2019-20-player-99,39847,Steven Defour,2019-20
2018-19-player-289,40002,Matteo Darmian,2018-19
2019-20-player-230,40002,Matteo Darmian,2019-20
2018-19-player-418,40142,Andy Carroll,2018-19
2019-20-player-520,40142,Andy Carroll,2019-20
2020-21-player-320,40142,Andy Carroll,2020-21
2018-19-player-82,40145,Jack Cork,2018-19
2019-20-player-102,40145,Jack Cork,2019-20
2020-21-player-84,40145,Jack Cork,2020-21
2021-22-player-101,40145,Jack Cork,2021-22
2023-24-player-163,40145,Jack Cork,2023-24
2018-19-player-330,40146,Ryan Bertrand,2018-19
2019-20-player-305,40146,Ryan Bertrand,2019-20
2020-21-player-362,40146,Ryan Bertrand,2020-21
2021-22-player-473,40146,Ryan Bertrand,2021-22
2022-23-player-250,40146,Ryan Bertrand,2022-23
2018-19-player-579,40232,Gonzalo Higuaín,2018-19
2018-19-player-24,40349,Asmir Begovic,2018-19
2019-20-player-72,40349,Asmir Begovic,2019-20
2021-22-player-481,40349,Asmir Begović,2021-22
2022-23-player-176,40349,Asmir Begović,2022-23
2024-25-player-624,40349,Asmir Begovic,2024-25
2018-19-player-329,40383,Fraser Forster,2018-19
2019-20-player-317,40383,Fraser Forster,2019-20
2020-21-player-523,40383,Fraser Forster,2020-21
2021-22-player-333,40383,Fraser Forster,2021-22
2022-23-player-426,40383,Fraser Forster,2022-23
2023-24-player-498,40383,Fraser Forster,2023-24
2024-25-player-488,40383,Fraser Forster,2024-25
2025-26-player-782,40383,Fraser Forster,2025-26
2019-20-player-423,40386,Chris Basham,2019-20
2020-21-player-345,40386,Chris Basham,2020-21
2023-24-player-474,40386,Chris Basham,2023-24
2018-19-player-37,40387,Dan Gosling,2018-19
2019-20-player-81,40387,Dan Gosling,2019-20
2021-22-player-378,40387,Dan Gosling,2021-22
2018-19-player-84,40399,Sam Vokes,2018-19
2018-19-player-103,40451,Anthony Pilkington,2018-19
2018-19-player-474,40559,Fabricio Agosto Ramírez,2018-19
2020-21-player-171,40559,Fabricio Agosto Ramírez,2020-21
2019-20-player-35,40564,Henri Lansbury,2019-20
2020-21-player-30,40564,Henri Lansbury,2020-21
2018-19-player-71,40616,Stephen Ward,2018-19
2018-19-player-403,40669,Angelo Ogbonna,2018-19
2019-20-player-377,40669,Angelo Ogbonna,2019-20
2020-21-player-432,40669,Angelo Ogbonna,2020-21
2021-22-player-409,40669,Angelo Ogbonna,2021-22
2022-23-player-456,40669,Angelo Ogbonna,2022-23
2023-24-player-577,40669,Angelo Ogbonna,2023-24
2019-20-player-450,40694,Roberto Jimenez Gago,2019-20
2020-21-player-433,40694,Roberto Jimenez Gago,2020-21
2020-21-player-569,40720,Edinson Cavani,2020-21
2021-22-player-269,40720,Edinson Cavani,2021-22
2018-19-player-217,40725,Danny Simpson,2018-19
2018-19-player-472,40755,Daniel Sturridge,2018-19
2018-19-player-143,40784,Mamadou Sakho,2018-19
2019-20-player-125,40784,Mamadou Sakho,2019-20
2020-21-player-127,40784,Mamadou Sakho,2020-21
2018-19-player-137,40836,Vicente Guaita,2018-19
2019-20-player-131,40836,Vicente Guaita,2019-20
2020-21-player-128,40836,Vicente Guaita,2020-21
2021-22-player-146,40836,Vicente Guaita,2021-22
2022-23-player-152,40836,Vicente Guaita,2022-23
2023-24-player-227,40836,Vicente Guaita,2023-24
2018-19-player-56,40845,Dale Stephens,2018-19
2019-20-player-57,40845,Dale Stephens,2019-20
2020-21-player-55,40845,Dale Stephens,2020-21
2021-22-player-102,40845,Dale Stephens,2021-22
2018-19-player-378,40868,José Holebas,2018-19
2019-20-player-353,40868,José Holebas,2019-20
2020-21-player-530,41135,Branislav Ivanovic,2020-21
2018-19-player-298,41184,Marouane Fellaini,2018-19
2018-19-player-116,41270,David Luiz Moreira Marinho,2018-19
2019-20-player-106,41270,David Luiz Moreira Marinho,2019-20
2020-21-player-3,41270,David Luiz Moreira Marinho,2020-21
2018-19-player-28,41320,Charlie Daniels,2018-19
2019-20-player-60,41320,Charlie Daniels,2019-20
2018-19-player-218,41321,Yohan Benalouane,2018-19
2018-19-player-113,41328,César Azpilicueta,2018-19
2019-20-player-105,41328,César Azpilicueta,2019-20
2020-21-player-102,41328,César Azpilicueta,2020-21
2021-22-player-119,41328,César Azpilicueta,2021-22
2022-23-player-127,41328,César Azpilicueta,2022-23
2023-24-player-189,41328,César Azpilicueta,2023-24
2018-19-player-376,41338,Craig Cathcart,2018-19
2019-20-player-358,41338,Craig Cathcart,2019-20
2021-22-player-379,41338,Craig Cathcart,2021-22
2018-19-player-417,41464,Marko Arnautovic,2018-19
2019-20-player-385,41464,Marko Arnautovic,2019-20
2018-19-player-73,41674,Kevin Long,2018-19
2019-20-player-88,41674,Kevin Long,2019-20
2020-21-player-85,41674,Kevin Long,2020-21
2021-22-player-103,41674,Kevin Long,2021-22
2018-19-player-396,41725,Troy Deeney,2018-19
2019-20-player-362,41725,Troy Deeney,2019-20
2021-22-player-380,41725,Troy Deeney,2021-22
2018-19-player-427,41727,Ryan Bennett,2018-19
2019-20-player-404,41727,Ryan Bennett,2019-20
2020-21-player-456,41727,Ryan Bennett,2020-21
2018-19-player-252,41733,Georginio Wijnaldum,2018-19
2019-20-player-199,41733,Georginio Wijnaldum,2019-20
2020-21-player-243,41733,Georginio Wijnaldum,2020-21
2018-19-player-14,41792,Aaron Ramsey,2018-19
2018-19-player-269,41823,Fabian Delph,2018-19
2019-20-player-205,41823,Fabian Delph,2019-20
2020-21-player-149,41823,Fabian Delph,2020-21
2021-22-player-163,41823,Fabian Delph,2021-22
2018-19-player-377,41945,Sebastian Prödl,2018-19
2019-20-player-361,41945,Sebastian Prödl,2019-20
2021-22-player-93,420922,Jan Zamburek,2021-22
2020-21-player-676,421796,Sidnei Tavares,2020-21
2022-23-player-642,422287,Kofi Balmer,2022-23
2023-24-player-324,422303,John McAtee,2023-24
2019-20-player-654,422306,Will Ferry,2019-20
2020-21-player-634,422306,Will Ferry,2020-21
2020-21-player-681,422612,Ryan Astley,2020-21
2021-22-player-462,423649,Enock Mwepu,2021-22
2022-23-player-118,423649,Enock Mwepu,2022-23
2023-24-player-638,424001,Vini de Souza Costa,2023-24
2022-23-player-723,424044,Hamed Traorè,2022-23
2023-24-player-87,424044,Hamed Traorè,2023-24
2024-25-player-67,424044,Hamed Traorè,2024-25
2025-26-player-93,424044,Hamed Traorè,2025-26
2020-21-player-407,42427,Kieran Gibbs,2020-21
2023-24-player-309,424876,Dominik Szoboszlai,2023-24
2024-25-player-336,424876,Dominik Szoboszlai,2024-25
2025-26-player-387,424876,Dominik Szoboszlai,2025-26
2019-20-player-556,42525,Stephen Henderson,2019-20
2020-21-player-578,42525,Stephen Henderson,2020-21
2023-24-player-801,427420,Giovanni Reyna,2023-24
2018-19-player-51,42748,Gaëtan Bong,2018-19
2019-20-player-41,42748,Gaëtan Bong,2019-20
2022-23-player-530,427623,Chris Richards,2022-23
2023-24-player-238,427623,Chris Richards,2023-24
2024-25-player-194,427623,Chris Richards,2024-25
2025-26-player-261,427623,Chris Richards,2025-26
2022-23-player-246,427637,Brenden Aaronson,2022-23
2025-26-player-350,427637,Brenden Aaronson,2025-26
2018-19-player-167,42774,Morgan Schneiderlin,2018-19
2019-20-player-158,42774,Morgan Schneiderlin,2019-20
2018-19-player-122,42786,Eden Hazard,2018-19
2018-19-player-518,42824,Carlos Sánchez,2018-19
2019-20-player-397,42824,Carlos Sánchez,2019-20
2022-23-player-690,428399,João Félix Sequeira,2022-23
2024-25-player-621,428399,João Félix Sequeira,2024-25
2021-22-player-479,428580,Frank Onyeka,2021-22
2022-23-player-93,428580,Frank Onyeka,2022-23
2023-24-player-111,428580,Frank Onyeka,2023-24
2024-25-player-102,428580,Frank Onyeka,2024-25
2025-26-player-128,428580,Frank Onyeka,2025-26
2019-20-player-609,428610,Bruno André Cavaco Jordao,2019-20
2020-21-player-475,428610,Bruno André Cavaco Jordao,2020-21
2021-22-player-661,428610,Bruno André Cavaco Jordão,2021-22
2023-24-player-561,428610,Bruno Cavaco Jordão,2023-24
2021-22-player-328,428626,Przemyslaw Placheta,2021-22
2023-24-player-692,428971,Steven Benda,2023-24
2024-25-player-242,428971,Steven Benda,2024-25
2025-26-player-315,428971,Steven Benda,2025-26
2018-19-player-283,42899,Sergio Romero,2018-19
2019-20-player-236,42899,Sergio Romero,2019-20
2020-21-player-289,42899,Sergio Romero,2020-21
2022-23-player-608,429414,Sasa Kalajdzic,2022-23
2023-24-player-562,429414,Sasa Kalajdzic,2023-24
2024-25-player-555,429414,Saša Kalajdžić,2024-25
2025-26-player-656,429414,Saša Kalajdžić,2025-26
2018-19-player-419,43020,Javier Hernández Balcázar,2018-19
2019-20-player-386,43020,Javier Hernández Balcázar,2019-20
2019-20-player-665,430367,Joel Mumbongo,2019-20
2020-21-player-613,430367,Joel Mumbongo,2020-21
2022-23-player-682,430871,Matheus Santos Carneiro Da Cunha,2022-23
2023-24-player-590,430871,Matheus Santos Carneiro Da Cunha,2023-24
2024-25-player-541,430871,Matheus Santos Carneiro Da Cunha,2024-25
2025-26-player-450,430871,Matheus Santos Carneiro da Cunha,2025-26
2021-22-player-627,430992,Owen Beck,2021-22
2023-24-player-782,430992,Owen Beck,2023-24
2020-21-player-593,431019,Karlo Ziger,2020-21
2019-20-player-438,431131,Moussa Djenepo,2019-20
2020-21-player-382,431131,Moussa Djenepo,2020-21
2021-22-player-350,431131,Moussa Djenepo,2021-22
2022-23-player-418,431131,Moussa Djenepo,2022-23
2025-26-player-709,431248,Ladislav Krejcí,2025-26
2025-26-player-215,431639,Zian Flemming,2025-26
2018-19-player-600,431774,Kyle Taylor,2018-19
2019-20-player-669,431924,Daniel Adshead,2019-20
2023-24-player-547,431960,Bendegúz Bolla,2023-24
2021-22-player-499,432160,Shandon Baptiste,2021-22
2022-23-player-94,432160,Shandon Baptiste,2022-23
2023-24-player-92,432160,Shandon Baptiste,2023-24
2023-24-player-429,432422,Sandro Tonali,2023-24
2024-25-player-417,432422,Sandro Tonali,2024-25
2025-26-player-491,432422,Sandro Tonali,2025-26
2018-19-player-388,43250,Tom Cleverley,2018-19
2019-20-player-371,43250,Tom Cleverley,2019-20
2021-22-player-381,43250,Tom Cleverley,2021-22
2019-20-player-23,43252,James Chester,2019-20
2019-20-player-544,432656,Eric Garcia,2019-20
2020-21-player-288,432656,Eric Garcia,2020-21
2019-20-player-581,432705,James Daly,2019-20
2021-22-player-651,432711,Conrad Egan-Riley,2021-22
2023-24-player-166,432711,CJ Egan-Riley,2023-24
2023-24-player-769,432712,Owen Hesketh,2023-24
2021-22-player-629,432714,James McAtee,2021-22
2022-23-player-317,432714,James McAtee,2022-23
2023-24-player-360,432714,James McAtee,2023-24
2024-25-player-357,432714,James McAtee,2024-25
2025-26-player-426,432714,James McAtee,2025-26
2020-21-player-595,432720,James Trafford,2020-21
2023-24-player-596,432720,James Trafford,2023-24
2025-26-player-182,432720,James Trafford,2025-26
2019-20-player-538,432735,Adam Idah,2019-20
2021-22-player-329,432735,Adam Idah,2021-22
2018-19-player-564,432793,Abd-Al-Ali Morakinyo Olaposi Koiki,2018-19
2019-20-player-596,432793,Abd-Al-Ali Morakinyo Olaposi Koiki,2019-20
2021-22-player-451,432830,Nathan Collins,2021-22
2022-23-player-516,432830,Nathan Collins,2022-23
2023-24-player-96,432830,Nathan Collins,2023-24
2024-25-player-88,432830,Nathan Collins,2024-25
2025-26-player-106,432830,Nathan Collins,2025-26
2020-21-player-606,432927,Daniel Langley,2020-21
2020-21-player-708,432931,Tyrese Francois,2020-21
2022-23-player-521,432931,Tyrese Francois,2022-23
2023-24-player-272,432931,Tyrese Francois,2023-24
2024-25-player-660,432987,Vítezslav Jaros,2024-25
2023-24-player-592,432990,Yasser Larouci,2023-24
2020-21-player-677,433019,Liam Hughes,2020-21
2025-26-player-427,433036,Tijjani Reijnders,2025-26
2021-22-player-654,433138,Marc Leonard,2021-22
2018-19-player-534,433154,Dwight McNeil,2018-19
2019-20-player-97,433154,Dwight McNeil,2019-20
2020-21-player-100,433154,Dwight McNeil,2020-21
2021-22-player-118,433154,Dwight McNeil,2021-22
2022-23-player-534,433154,Dwight McNeil,2022-23
2023-24-player-259,433154,Dwight McNeil,2023-24
2024-25-player-230,433154,Dwight McNeil,2024-25
2025-26-player-300,433154,Dwight McNeil,2025-26
2024-25-player-770,433312,Marshall Munetsi,2024-25
2025-26-player-648,433312,Marshall Munetsi,2025-26
2021-22-player-560,433589,Haydon Roberts,2021-22
2022-23-player-122,433589,Haydon Roberts,2022-23
2020-21-player-694,433590,Cody Drameh,2020-21
2021-22-player-562,433590,Cody Drameh,2021-22
2022-23-player-547,433590,Cody Drameh,2022-23
2025-26-player-357,433952,Largie Ramazani,2025-26
2021-22-player-568,433979,Cameron Archer,2021-22
2022-23-player-54,433979,Cameron Archer,2022-23
2023-24-player-33,433979,Cameron Archer,2023-24
2024-25-player-27,433979,Cameron Archer,2024-25
2021-22-player-94,434024,Patrik Gunnarsson,2021-22
2022-23-player-772,434043,Alex Robertson,2022-23
2021-22-player-615,434044,Cieran Slicker,2021-22
2024-25-player-280,434044,Cieran Slicker,2024-25
2020-21-player-212,434138,Jordan Stevens,2020-21
2025-26-player-541,434399,Reinildo Mandava,2025-26
2021-22-player-95,434662,Halil Dervişoğlu,2021-22
2022-23-player-541,434662,Halil Dervişoğlu,2022-23
2023-24-player-100,434662,Halil Dervişoğlu,2023-24
2025-26-player-344,434752,Jaka Bijol,2025-26
2023-24-player-168,435973,Lyle Foster,2023-24
2025-26-player-217,435973,Lyle Foster,2025-26
2025-26-player-698,435997,Noah Okafor,2025-26
2021-22-player-487,436234,Bryan Gil Salvatierra,2021-22
2022-23-player-554,436234,Bryan Gil Salvatierra,2022-23
2023-24-player-494,436234,Bryan Gil Salvatierra,2023-24
2024-25-player-483,436234,Bryan Gil Salvatierra,2024-25
2025-26-player-590,436234,Bryan Gil Salvatierra,2025-26
2018-19-player-593,43626,Håvard Nordtveit,2018-19
2025-26-player-806,436416,Christos Mandas,2025-26
2024-25-player-304,436680,Jakub Stolarczyk,2024-25
2018-19-player-297,43670,Juan Mata,2018-19
2019-20-player-242,43670,Juan Mata,2019-20
2020-21-player-290,43670,Juan Mata,2020-21
2021-22-player-459,43670,Juan Mata,2021-22
2024-25-player-592,436893,Julián Araujo Zúñiga,2024-25
2025-26-player-78,436893,Julián Araujo Zúñiga,2025-26
2022-23-player-587,437468,Sergio Gómez,2022-23
2023-24-player-366,437468,Sergio Gómez,2023-24
2022-23-player-396,437476,Braian Ojeda Rodríguez,2022-23
2023-24-player-459,437476,Braian Ojeda Rodríguez,2023-24
2020-21-player-213,437495,Illan Meslier,2020-21
2021-22-player-199,437495,Illan Meslier,2021-22
2022-23-player-238,437495,Illan Meslier,2022-23
2025-26-player-339,437495,Illan Meslier,2025-26
2024-25-player-650,437499,Maxence Lacroix,2024-25
2025-26-player-257,437499,Maxence Lacroix,2025-26
2025-26-player-560,437505,Wilson Isidor,2025-26
2021-22-player-466,437626,Nuno Varela Tavares,2021-22
2022-23-player-17,437626,Nuno Varela Tavares,2022-23
2023-24-player-23,437626,Nuno Varela Tavares,2023-24
2020-21-player-615,437688,Lewis Richards,2020-21
2022-23-player-714,437730,Antoine Semenyo,2022-23
2023-24-player-82,437730,Antoine Semenyo,2023-24
2024-25-player-78,437730,Antoine Semenyo,2024-25
2025-26-player-82,437730,Antoine Semenyo,2025-26
2025-26-player-345,437738,Sebastiaan Bornauw,2025-26
2021-22-player-478,437742,Albert Sambi Lokonga,2021-22
2022-23-player-18,437742,Albert Sambi Lokonga,2022-23
2023-24-player-21,437742,Albert Sambi Lokonga,2023-24
2025-26-player-29,437742,Albert Sambi Lokonga,2025-26
2023-24-player-706,437748,Mike Trésor,2023-24
2025-26-player-214,437748,Mike Trésor Ndayishimiye,2025-26
2022-23-player-399,437753,Giulian Biancone,2022-23
2023-24-player-438,437753,Giulian Biancone,2023-24
2023-24-player-694,437757,Han-Noah Massengo,2023-24
2020-21-player-515,437858,Vitor Ferreira,2020-21
2018-19-player-52,43808,Markus Suttner,2018-19
2022-23-player-25,438098,Fábio Ferreira Vieira,2022-23
2023-24-player-4,438098,Fábio Ferreira Vieira,2023-24
2024-25-player-1,438098,Fábio Ferreira Vieira,2024-25
2025-26-player-23,438098,Fábio Ferreira Vieira,2025-26
2024-25-player-755,438234,Omar Marmoush,2024-25
2025-26-player-413,438234,Omar Marmoush,2025-26
2020-21-player-652,438277,Ozan Kabak,2020-21
2021-22-player-580,438277,Ozan Kabak,2021-22
2023-24-player-863,438405,Billy Crellin,2023-24
2022-23-player-514,438464,Cheick Doucouré,2022-23
2023-24-player-223,438464,Cheick Doucouré,2023-24
2024-25-player-193,438464,Cheick Doucouré,2024-25
2025-26-player-268,438464,Cheick Doucouré,2025-26
2024-25-player-763,439135,Eiran Cashin,2024-25
2025-26-player-154,439135,Eiran Cashin,2025-26
2020-21-player-701,439242,Taylor Gardner-Hickman,2020-21
2020-21-player-689,439482,Miguel Azeez,2020-21
2021-22-player-721,439482,Miguel Azeez,2021-22
2024-25-player-783,439483,Hubert Graczyk,2024-25
2019-20-player-632,439485,Josh Martin,2019-20
2021-22-player-330,439485,Josh Martin,2021-22
2021-22-player-528,439509,Christos Tzolis,2021-22
2020-21-player-622,439510,Luke Mbete,2020-21
2021-22-player-603,439510,Luke Mbete,2021-22
2022-23-player-320,439510,Luke Mbete-Tabu,2022-23
2022-23-player-580,440089,Mikkel Damsgaard,2022-23
2023-24-player-98,440089,Mikkel Damsgaard,2023-24
2024-25-player-89,440089,Mikkel Damsgaard,2024-25
2025-26-player-121,440089,Mikkel Damsgaard,2025-26
2018-19-player-607,440113,Aaron Rowe,2018-19
2021-22-player-710,440120,Daniel Chesters,2021-22
2022-23-player-652,440123,James Furlong,2022-23
2021-22-player-620,440148,Tyler Morton,2021-22
2024-25-player-331,440148,Tyler Morton,2024-25
2025-26-player-395,440148,Tyler Morton,2025-26
2020-21-player-633,440241,Jensen Weir,2020-21
2019-20-player-631,440323,Armando Broja,2019-20
2021-22-player-518,440323,Armando Broja,2021-22
2022-23-player-150,440323,Armando Broja,2022-23
2023-24-player-193,440323,Armando Broja,2023-24
2024-25-player-156,440323,Armando Broja,2024-25
2025-26-player-680,440323,Armando Broja,2025-26
2022-23-player-710,440854,Jakub Kiwior,2022-23
2023-24-player-10,440854,Jakub Kiwior,2023-24
2024-25-player-8,440854,Jakub Kiwior,2024-25
2025-26-player-9,440854,Jakub Kiwior,2025-26
2025-26-player-564,440955,Nazarii Rusyn,2025-26
2020-21-player-656,440993,Iliman Ndiaye,2020-21
2023-24-player-486,440993,Iliman Ndiaye,2023-24
2024-25-player-232,440993,Iliman Ndiaye,2024-25
2025-26-player-299,440993,Iliman Ndiaye,2025-26
2021-22-player-617,441024,Harrison Ashby,2021-22
2022-23-player-555,441024,Harrison Ashby,2022-23
2023-24-player-404,441024,Harrison Ashby,2023-24
2025-26-player-482,441024,Harrison Ashby,2025-26
2022-23-player-733,441164,Pedro Porro,2022-23
2023-24-player-506,441164,Pedro Porro,2023-24
2024-25-player-495,441164,Pedro Porro,2024-25
2025-26-player-568,441164,Pedro Porro Sauceda,2025-26
2020-21-player-698,441191,Valentino Livramento,2020-21
2021-22-player-491,441191,Tino Livramento,2021-22
2022-23-player-419,441191,Tino Livramento,2022-23
2023-24-player-633,441191,Tino Livramento,2023-24
2024-25-player-409,441191,Tino Livramento,2024-25
2025-26-player-477,441191,Tino Livramento,2025-26
2021-22-player-612,441192,Jeremy Sarmiento,2021-22
2022-23-player-119,441192,Jeremy Sarmiento Morante,2022-23
2023-24-player-146,441192,Jeremy Sarmiento Morante,2023-24
2024-25-player-141,441192,Jeremy Sarmiento Morante,2024-25
2025-26-player-171,441192,Jeremy Sarmiento Morante,2025-26
2023-24-player-799,441240,Romain Faivre,2023-24
2024-25-player-66,441240,Romain Faivre,2024-25
2025-26-player-92,441240,Romain Faivre,2025-26
2025-26-player-730,441264,Brian Brobbey,2025-26
2023-24-player-708,441266,Ryan Gravenberch,2023-24
2024-25-player-323,441266,Ryan Gravenberch,2024-25
2025-26-player-390,441266,Ryan Gravenberch,2025-26
2019-20-player-628,441271,Ki-Jana Hoever,2019-20
2020-21-player-545,441271,Ki-Jana Hoever,2020-21
2021-22-player-443,441271,Ki-Jana Hoever,2021-22
2023-24-player-556,441271,Ki-Jana Hoever,2023-24
2024-25-player-552,441271,Ki-Jana Hoever,2024-25
2025-26-player-638,441271,Ki-Jana Hoever,2025-26
2023-24-player-609,441302,Ian Maatsen,2023-24
2024-25-player-45,441302,Ian Maatsen,2024-25
2025-26-player-39,441302,Ian Maatsen,2025-26
2021-22-player-660,441428,Jarell Quansah,2021-22
2023-24-player-626,441428,Jarell Quansah,2023-24
2024-25-player-333,441428,Jarell Quansah,2024-25
2023-24-player-182,441455,Victor da Silva,2023-24
2020-21-player-663,442229,Michal Karbownik,2020-21
2021-22-player-536,442229,Michal Karbownik,2021-22
2023-24-player-136,442229,Michał Karbownik,2023-24
2021-22-player-679,442335,Edo Kayembe,2021-22
2023-24-player-487,443211,Rhys Norrington-Davies,2023-24
2024-25-player-631,443261,Jack Clarke,2024-25
2020-21-player-610,443296,Theo Corbeanu,2020-21
2018-19-player-148,44343,Bakary Sako,2018-19
2018-19-player-133,44346,Olivier Giroud,2018-19
2019-20-player-110,44346,Olivier Giroud,2019-20
2020-21-player-103,44346,Olivier Giroud,2020-21
2021-22-player-120,44346,Olivier Giroud,2021-22
2021-22-player-656,443629,Marcelo de Araújo Pitaluga Filho,2021-22
2023-24-player-756,443629,Marcelo de Araújo Pitaluga Filho,2023-24
2021-22-player-464,443661,Michael Olise,2021-22
2022-23-player-171,443661,Michael Olise,2022-23
2023-24-player-236,443661,Michael Olise,2023-24
2021-22-player-463,443967,Héctor Junior Firpo Adames,2021-22
2022-23-player-239,443967,Junior Firpo Adames,2022-23
2024-25-player-617,444102,Francisco Evanilson de Lima Barbosa,2024-25
2025-26-player-97,444102,Francisco Evanilson de Lima Barbosa,2025-26
2019-20-player-504,444145,Gabriel Teodoro Martinelli Silva,2019-20
2020-21-player-26,444145,Gabriel Teodoro Martinelli Silva,2020-21
2021-22-player-26,444145,Gabriel Teodoro Martinelli Silva,2021-22
2022-23-player-19,444145,Gabriel Martinelli Silva,2022-23
2023-24-player-12,444145,Gabriel Martinelli Silva,2023-24
2024-25-player-9,444145,Gabriel Martinelli Silva,2024-25
2025-26-player-19,444145,Gabriel Martinelli Silva,2025-26
2022-23-player-77,444172,Will Dennis,2022-23
2024-25-player-599,444172,Will Dennis,2024-25
2025-26-player-68,444172,Will Dennis,2025-26
2022-23-player-75,444180,Jaidon Anthony,2022-23
2023-24-player-62,444180,Jaidon Anthony,2023-24
2024-25-player-61,444180,Jaidon Anthony,2024-25
2025-26-player-200,444180,Jaidon Anthony,2025-26
2018-19-player-613,444181,Nnamdi Ofoborh,2018-19
2019-20-player-565,444183,Gavin Kilkenny,2019-20
2023-24-player-71,444183,Gavin Kilkenny,2023-24
2019-20-player-650,444253,Jordan Thomas,2019-20
2020-21-player-561,444463,Wesley Fofana,2020-21
2021-22-player-220,444463,Wesley Fofana,2021-22
2022-23-player-272,444463,Wesley Fofana,2022-23
2023-24-player-201,444463,Wesley Fofana,2023-24
2024-25-player-189,444463,Wesley Fofana,2024-25
2025-26-player-230,444463,Wesley Fofana,2025-26
2020-21-player-706,444575,Toby King,2020-21
2022-23-player-500,444765,Sepp van den Berg,2022-23
2023-24-player-312,444765,Sepp van den Berg,2023-24
2024-25-player-338,444765,Sepp van den Berg,2024-25
2025-26-player-113,444765,Sepp van den Berg,2025-26
2021-22-player-694,444880,Mika Biereth,2021-22
2018-19-player-610,444884,Harvey Elliott,2018-19
2019-20-player-550,444884,Harvey Elliott,2019-20
2020-21-player-265,444884,Harvey Elliott,2020-21
2021-22-player-506,444884,Harvey Elliott,2021-22
2022-23-player-294,444884,Harvey Elliott,2022-23
2023-24-player-295,444884,Harvey Elliott,2023-24
2024-25-player-319,444884,Harvey Elliott,2024-25
2025-26-player-389,444884,Harvey Elliott,2025-26
2021-22-player-701,445044,Dejan Kulusevski,2021-22
2022-23-player-446,445044,Dejan Kulusevski,2022-23
2023-24-player-501,445044,Dejan Kulusevski,2023-24
2024-25-player-492,445044,Dejan Kulusevski,2024-25
2025-26-player-583,445044,Dejan Kulusevski,2025-26
2023-24-player-585,445122,Jurriën Timber,2023-24
2024-25-player-6,445122,Jurriën Timber,2024-25
2025-26-player-8,445122,Jurriën Timber,2025-26
2021-22-player-712,445548,Odeluga Offiah,2021-22
2022-23-player-736,445548,Odeluga Offiah,2022-23
2023-24-player-845,445548,Odeluga Offiah,2023-24
2024-25-player-139,445548,Odeluga Offiah,2024-25
2021-22-player-649,445550,Thomas Dickson-Peters,2021-22
2020-21-player-624,445896,Kgaogelo Chauke,2020-21
2021-22-player-680,445896,Kgaogelo Chauke,2021-22
2021-22-player-96,446008,Bryan Mbeumo,2021-22
2022-23-player-95,446008,Bryan Mbeumo,2022-23
2023-24-player-108,446008,Bryan Mbeumo,2023-24
2024-25-player-99,446008,Bryan Mbeumo,2024-25
2025-26-player-119,446008,Bryan Mbeumo,2025-26
2022-23-player-615,446189,Matej Kovár,2022-23
2021-22-player-716,446281,Tony Springett,2021-22
2019-20-player-451,44683,Jay Rodriguez,2019-20
2020-21-player-86,44683,Jay Rodriguez,2020-21
2021-22-player-104,44683,Jay Rodriguez,2021-22
2023-24-player-177,44683,Jay Rodriguez,2023-24
2018-19-player-85,44699,Ashley Barnes,2018-19
2019-20-player-90,44699,Ashley Barnes,2019-20
2020-21-player-87,44699,Ashley Barnes,2020-21
2021-22-player-105,44699,Ashley Barnes,2021-22
2025-26-player-218,44699,Ashley Barnes,2025-26
2020-21-player-635,447093,Allan Tchaptchet,2020-21
2022-23-player-771,447107,Ethan Wady,2022-23
2022-23-player-297,447203,Darwin Núñez Ribeiro,2022-23
2023-24-player-293,447203,Darwin Núñez Ribeiro,2023-24
2024-25-player-316,447203,Darwin Núñez Ribeiro,2024-25
2025-26-player-397,447203,Darwin Núñez Ribeiro,2025-26
2019-20-player-509,447235,Troy Parrott,2019-20
2022-23-player-453,447235,Troy Parrott,2022-23
2023-24-player-719,447261,Mackenzie Hunt,2023-24
2020-21-player-682,447325,Harry Tyrer,2020-21
2021-22-player-616,447325,Harry Tyrer,2021-22
2025-26-player-289,447325,Harry Tyrer,2025-26
2020-21-player-655,447372,Ryan Finnigan,2020-21
2022-23-player-648,447372,Ryan Finnigan,2022-23
2020-21-player-684,447373,Shane Flynn,2020-21
2021-22-player-496,447715,Aaron Ramsey,2021-22
2023-24-player-675,447715,Aaron Ramsey,2023-24
2025-26-player-211,447715,Aaron Ramsey,2025-26
2022-23-player-765,447720,Imari Samuels,2022-23
2024-25-player-663,447720,Imari Samuels,2024-25
2019-20-player-582,447879,Joseph Anang,2019-20
2022-23-player-739,447879,Joseph Anang,2022-23
2023-24-player-647,447879,Joseph Anang,2023-24
2021-22-player-604,447880,Joshua Wilson-Esbrand,2021-22
2022-23-player-322,447880,Josh Wilson-Esbrand,2022-23
2024-25-player-675,447880,Josh Wilson-Esbrand,2024-25
2022-23-player-76,447932,Jordan Zemura,2022-23
2022-23-player-724,448047,Enzo Fernández,2022-23
2023-24-player-199,448047,Enzo Fernández,2023-24
2024-25-player-168,448047,Enzo Fernández,2024-25
2025-26-player-237,448047,Enzo Fernández,2025-26
2022-23-player-721,448089,João Victor Gomes da Silva,2022-23
2023-24-player-559,448089,João Victor Gomes da Silva,2023-24
2024-25-player-553,448089,João Victor Gomes da Silva,2024-25
2025-26-player-646,448089,João Victor Gomes da Silva,2025-26
2025-26-player-725,448104,Piero Hincapié,2025-26
2021-22-player-542,448482,Robert Street,2021-22
2020-21-player-617,448487,Andreas Söndergaard,2020-21
2021-22-player-444,448487,Andreas Söndergaard,2021-22
2021-22-player-653,448496,Ed Turns,2021-22
2022-23-player-640,448496,Ed Turns,2022-23
2020-21-player-563,448514,Rayan Ait Nouri,2020-21
2021-22-player-470,448514,Rayan Ait Nouri,2021-22
2022-23-player-487,448514,Rayan Aït-Nouri,2022-23
2023-24-player-545,448514,Rayan Aït-Nouri,2023-24
2024-25-player-533,448514,Rayan Aït-Nouri,2024-25
2025-26-player-402,448514,Rayan Aït-Nouri,2025-26
2019-20-player-634,448791,Harvey White,2019-20
2021-22-player-668,448791,Harvey White,2021-22
2022-23-player-449,448791,Harvey White,2022-23
2025-26-player-367,449027,Giorgi Mamardashvili,2025-26
2022-23-player-658,449133,Harvey Griffiths,2022-23
2023-24-player-787,449133,Harvey Griffiths,2023-24
2024-25-player-270,449429,Jacob Greaves,2024-25
2020-21-player-702,449434,Anthony Elanga,2020-21
2021-22-player-512,449434,Anthony Elanga,2021-22
2022-23-player-344,449434,Anthony Elanga,2022-23
2023-24-player-378,449434,Anthony Elanga,2023-24
2024-25-player-432,449434,Anthony Elanga,2024-25
2025-26-player-486,449434,Anthony Elanga,2025-26
2021-22-player-719,449444,Mazeed Ogungbo,2021-22
2019-20-player-649,449781,Alexandre Jankewitz,2019-20
2020-21-player-643,449781,Alexandre Jankewitz,2020-21
2022-23-player-577,449871,Amadou Onana,2022-23
2023-24-player-261,449871,Amadou Onana,2023-24
2024-25-player-233,449871,Amadou Onana,2024-25
2025-26-player-59,449871,Amadou Onana,2025-26
2020-21-player-537,449926,Adrián Bernabé,2020-21
2019-20-player-641,449974,Lukas Jensen,2019-20
2020-21-player-504,449988,Fabio Silva,2020-21
2021-22-player-445,449988,Fabio Silva,2021-22
2022-23-player-488,449988,Fabio Silva,2022-23
2023-24-player-552,449988,Fábio Silva,2023-24
2024-25-player-545,449988,Fábio Silva,2024-25
2025-26-player-655,449988,Fábio Soares Silva,2025-26
2020-21-player-693,450070,Crysencio Summerville,2020-21
2021-22-player-551,450070,Crysencio Summerville,2021-22
2022-23-player-240,450070,Crysencio Summerville,2022-23
2024-25-player-587,450070,Crysencio Summerville,2024-25
2025-26-player-615,450070,Crysencio Summerville,2025-26
2025-26-player-196,450072,Shurandy Sambo,2025-26
2022-23-player-749,450197,George Shelvey,2022-23
2023-24-player-636,450197,George Shelvey,2023-24
2018-19-player-606,450314,Matthew Daly,2018-19
2022-23-player-448,45034,Ivan Perišić,2022-23
2023-24-player-507,45034,Ivan Perišić,2023-24
2022-23-player-123,450434,Deniz Undav,2022-23
2023-24-player-149,450434,Deniz Undav,2023-24
2024-25-player-143,450434,Deniz Undav,2024-25
2020-21-player-479,450527,Mohammed Salisu,2020-21
2021-22-player-351,450527,Mohammed Salisu,2021-22
2022-23-player-420,450527,Mohammed Salisu,2022-23
2019-20-player-657,450529,Lewis Bate,2019-20
2021-22-player-624,450529,Lewis Bate,2021-22
2022-23-player-241,450529,Lewis Bate,2022-23
2022-23-player-173,450535,Malcolm Ebiowei,2022-23
2023-24-player-224,450535,Malcolm Ebiowei,2023-24
2024-25-player-197,450535,Malcolm Ebiowei,2024-25
2025-26-player-277,450535,Malcolm Ebiowei,2025-26
2021-22-player-662,450539,Myles Peart-Harris,2021-22
2023-24-player-744,450539,Myles Peart-Harris,2023-24
2024-25-player-103,450539,Myles Peart-Harris,2024-25
2025-26-player-133,450539,Myles Peart-Harris,2025-26
2022-23-player-496,450541,Luke Plange,2022-23
2023-24-player-237,450541,Luke Plange,2023-24
2020-21-player-688,450542,Jesurun Rak-Sakyi,2020-21
2021-22-player-541,450542,Jesurun Rak-Sakyi,2021-22
2022-23-player-172,450542,Jesurun Rak-Sakyi,2022-23
2023-24-player-657,450542,Jesurun Rak-Sakyi,2023-24
2024-25-player-213,450542,Jesurun Rak-Sakyi,2024-25
2025-26-player-278,450542,Jesurun Rak-Sakyi,2025-26
2021-22-player-664,450544,Charlie Patino,2021-22
2021-22-player-569,450550,Finley Stevens,2021-22
2022-23-player-540,450550,Fin Stevens,2022-23
2021-22-player-730,450553,Alex Kirk,2021-22
2022-23-player-734,45124,André Ayew,2022-23
2023-24-player-695,451302,Altay Bayindir,2023-24
2024-25-player-367,451302,Altay Bayindir,2024-25
2025-26-player-431,451302,Altay Bayındır,2025-26
2021-22-player-643,451310,Jonathan Tomkinson,2021-22
2022-23-player-124,451340,Kaoru Mitoma,2022-23
2023-24-player-143,451340,Kaoru Mitoma,2023-24
2024-25-player-136,451340,Mitoma Kaoru,2024-25
2025-26-player-157,451340,Mitoma Kaoru,2025-26
2025-26-player-509,451432,David Mota Veiga Teixeira do Carmo,2025-26
2018-19-player-109,45196,Gary Madine,2018-19
2018-19-player-89,45220,Alex Smithies,2018-19
2022-23-player-581,45220,Alex Smithies,2022-23
2018-19-player-369,45268,Moussa Sissoko,2018-19
2019-20-player-349,45268,Moussa Sissoko,2019-20
2020-21-player-385,45268,Moussa Sissoko,2020-21
2021-22-player-354,45268,Moussa Sissoko,2021-22
2023-24-player-325,453537,Carlos Mendes Gomes,2023-24
2024-25-player-619,454667,Jens Cajuste,2024-25
2020-21-player-214,455084,Leif Davis,2020-21
2024-25-player-267,455084,Leif Davis,2024-25
2022-23-player-422,456350,Gavin Bazunu,2022-23
2024-25-player-454,456350,Gavin Bazunu,2024-25
2025-26-player-669,456512,Dan Ndoye,2025-26
2020-21-player-636,456966,Caleb Watts,2020-21
2023-24-player-687,457569,Đorđe Petrović,2023-24
2024-25-player-183,457569,Đorđe Petrović,2024-25
2025-26-player-67,457569,Đorđe Petrović,2025-26
2024-25-player-389,458249,Joshua Zirkzee,2024-25
2025-26-player-466,458249,Joshua Zirkzee,2025-26
2021-22-player-682,458297,Pierre Ekwah,2021-22
2025-26-player-556,458297,Pierre Ekwah Elimby,2025-26
2019-20-player-594,459373,Gonçalo Bento Soares Cardoso,2019-20
2022-23-player-559,460028,Levi Colwill,2022-23
2023-24-player-197,460028,Levi Colwill,2023-24
2024-25-player-162,460028,Levi Colwill,2024-25
2025-26-player-227,460028,Levi Samuels Colwill,2025-26
2021-22-player-640,460029,Nathan Young-Coombes,2021-22
2023-24-player-689,460842,Mohammed Kudus,2023-24
2024-25-player-525,460842,Mohammed Kudus,2024-25
2025-26-player-582,460842,Mohammed Kudus,2025-26
2022-23-player-649,461012,Cameron Plain,2022-23
2022-23-player-706,461013,Euan Pollock,2022-23
2019-20-player-564,461017,Christian Saydee,2019-20
2022-23-player-597,461017,Christian Saydee,2022-23
2021-22-player-695,461023,Ryan Alebiosu,2021-22
2022-23-player-685,461025,Nathan Butler-Oyedeji,2022-23
2024-25-player-665,461025,Nathan Butler-Oyedeji,2024-25
2021-22-player-548,461026,Chem Campbell,2021-22
2022-23-player-568,461026,Chem Campbell,2022-23
2021-22-player-735,461080,Joseph McGlynn,2021-22
2020-21-player-592,461096,Lewis Richardson,2020-21
2021-22-player-533,461096,Lewis Richardson,2021-22
2019-20-player-639,461102,Bobby Thomas,2019-20
2020-21-player-520,461102,Bobby Thomas,2020-21
2021-22-player-534,461102,Bobby Thomas,2021-22
2023-24-player-179,461102,Bobby Thomas,2023-24
2022-23-player-673,461188,Bashir Humphreys,2022-23
2023-24-player-671,461188,Bashir Humphreys,2023-24
2025-26-player-193,461188,Bashir Humphreys,2025-26
2019-20-player-655,461195,Dennis Cirkin,2019-20
2025-26-player-535,461195,Dennis Cirkin,2025-26
2022-23-player-748,461199,Romaine Mundle,2022-23
2025-26-player-548,461199,Romaine Mundle,2025-26
2021-22-player-729,461201,Matthew Craig,2021-22
2022-23-player-764,461201,Matthew Craig,2022-23
2020-21-player-710,461212,Nile John,2020-21
2022-23-player-319,461358,Julián Álvarez,2022-23
2023-24-player-343,461358,Julián Álvarez,2023-24
2024-25-player-352,461358,Julián Álvarez,2024-25
2019-20-player-668,461382,John-Kymani Gordon,2019-20
2022-23-player-634,461382,John-Kymani Gordon,2022-23
2023-24-player-658,461382,John-Kymani Gordon,2023-24
2022-23-player-662,461416,Thomas Cannon,2022-23
2023-24-player-649,461416,Thomas Cannon,2023-24
2024-25-player-286,461416,Tom Cannon,2024-25
2021-22-player-607,461421,Lewis Dobbin,2021-22
2023-24-player-624,461421,Lewis Dobbin,2023-24
2024-25-player-37,461421,Lewis Dobbin,2024-25
2025-26-player-57,461421,Lewis Dobbin,2025-26
2020-21-player-644,461446,Tyler Onyango,2020-21
2021-22-player-630,461446,Tyler Onyango,2021-22
2023-24-player-650,461446,Tyler Onyango,2023-24
2025-26-player-704,461446,Tyler Onyango,2025-26
2019-20-player-640,461450,Max Thompson,2019-20
2020-21-player-591,461450,Max Thompson,2020-21
2022-23-player-561,461453,Lewis Warrington,2022-23
2023-24-player-841,461453,Lewis Warrington,2023-24
2021-22-player-599,461484,Joe White,2021-22
2023-24-player-794,461484,Joe White,2023-24
2024-25-player-419,461484,Joe White,2024-25
2025-26-player-498,461484,Joe White,2025-26
2021-22-player-707,461508,Lucas De Bolle,2021-22
2021-22-player-737,461529,Charlie Savage,2021-22
2020-21-player-638,461533,Ademipo Odubeko,2020-21
2023-24-player-835,461537,Dermot Mee,2023-24
2024-25-player-788,461537,Dermot Mee,2024-25
2025-26-player-435,461537,Dermot Mee,2025-26
2022-23-player-551,461548,Zidane Iqbal,2022-23
2021-22-player-628,461558,Maxwell Haygarth,2021-22
2020-21-player-713,461566,William Fish,2020-21
2021-22-player-565,461567,Owen Dodgson,2021-22
2023-24-player-622,461567,Owen Dodgson,2023-24
2025-26-player-189,461567,Owen Dodgson,2025-26
2022-23-player-735,461584,Wanya Marçal-Madivadua,2022-23
2024-25-player-297,461584,Wanya Marçal-Madivádua,2024-25
2020-21-player-703,461585,Tawanda Maswanhise,2020-21
2021-22-player-647,461587,Kasey McAteer,2021-22
2022-23-player-687,461587,Kasey McAteer,2022-23
2024-25-player-299,461587,Kasey McAteer,2024-25
2023-24-player-434,461682,Brandon Aguilera Zamora,2023-24
2024-25-player-591,462116,Jean-Clair Todibo,2024-25
2025-26-player-609,462116,Jean-Clair Todibo,2025-26
2021-22-player-650,462381,Filip Marschall,2021-22
2022-23-player-670,462381,Filip Marschall,2022-23
2023-24-player-670,462381,Filip Marschall,2023-24
2024-25-player-46,462381,Filip Marschall,2024-25
2025-26-player-35,462381,Filip Marschall,2025-26
2020-21-player-669,462384,Jamal Baptiste,2020-21
2021-22-player-554,462384,Jamal Baptiste,2021-22
2024-25-player-260,462387,Ali Al-Hamadi,2024-25
2020-21-player-27,462424,William Saliba,2020-21
2021-22-player-27,462424,William Saliba,2021-22
2022-23-player-26,462424,William Saliba,2022-23
2023-24-player-20,462424,William Saliba,2023-24
2024-25-player-18,462424,William Saliba,2024-25
2025-26-player-6,462424,William Saliba,2025-26
2023-24-player-771,462438,Micah Hamilton,2023-24
2022-23-player-563,462491,Luke Chambers,2022-23
2023-24-player-726,462491,Luke Chambers,2023-24
2023-24-player-818,462492,Joe Gauci,2023-24
2024-25-player-39,462492,Joe Gauci,2024-25
2025-26-player-34,462492,Joe Gauci,2025-26
2020-21-player-667,462635,Joe Gelhardt,2020-21
2021-22-player-577,462635,Joe Gelhardt,2021-22
2022-23-player-242,462635,Joe Gelhardt,2022-23
2025-26-player-360,462635,Joe Gelhardt,2025-26
2021-22-player-543,462831,Scott Banks,2021-22
2020-21-player-539,463034,Liam Delap,2020-21
2021-22-player-704,463034,Liam Delap,2021-22
2022-23-player-323,463034,Liam Delap,2022-23
2024-25-player-268,463034,Liam Delap,2024-25
2025-26-player-250,463034,Liam Delap,2025-26
2022-23-player-700,463067,Georginio Rutter,2022-23
2024-25-player-618,463067,Georginio Rutter,2024-25
2025-26-player-158,463067,Georginio Rutter,2025-26
2022-23-player-773,463210,Shea Charles,2022-23
2023-24-player-348,463210,Shea Charles,2023-24
2024-25-player-458,463210,Shea Charles,2024-25
2024-25-player-655,463212,Carlos Roberto Forbs Borges,2024-25
2021-22-player-532,463748,Karl Hein,2021-22
2022-23-player-655,463748,Karl Hein,2022-23
2023-24-player-646,463748,Karl Hein,2023-24
2024-25-player-5,463748,Karl Hein,2024-25
2025-26-player-3,463748,Karl Hein,2025-26
2024-25-player-577,463903,Jesper Lindstrøm,2024-25
2020-21-player-532,463912,Elia Caprile,2020-21
2025-26-player-239,463936,Jamie Bynoe-Gittens,2025-26
2022-23-player-539,463981,James Hill,2022-23
2023-24-player-69,463981,James Hill,2023-24
2024-25-player-68,463981,James Hill,2024-25
2025-26-player-77,463981,James Hill,2025-26
2022-23-player-592,464353,Harvey Davies,2022-23
2024-25-player-669,464353,Harvey Davies,2024-25
2021-22-player-576,464618,Liam McCarron,2021-22
2018-19-player-231,46483,Adrien Sebastian Perruchet Silva,2018-19
2020-21-player-220,46483,Adrien Silva,2020-21
2025-26-player-733,465247,Senne Lammens,2025-26
2020-21-player-612,465299,Anthony Mancini,2020-21
2021-22-player-736,465299,Anthony Mancini,2021-22
2022-23-player-589,465351,Matheus Luiz Nunes,2022-23
2023-24-player-566,465351,Matheus Luiz Nunes,2023-24
2024-25-player-356,465351,Matheus Luiz Nunes,2024-25
2025-26-player-407,465351,Matheus Nunes,2025-26
2020-21-player-671,465390,Kaine Hayden,2020-21
2021-22-player-684,465390,Kaine Hayden,2021-22
2023-24-player-793,465390,Kaine Kesler-Hayden,2023-24
2024-25-player-43,465390,Kaine Kesler-Hayden,2024-25
2020-21-player-712,465527,Hannibal Mejbri,2020-21
2021-22-player-706,465527,Hannibal Mejbri,2021-22
2023-24-player-383,465527,Hannibal Mejbri,2023-24
2024-25-player-373,465527,Hannibal Mejbri,2024-25
2025-26-player-207,465527,Hannibal Mejbri,2025-26
2020-21-player-629,465551,Nigel Lonwijk,2020-21
2020-21-player-630,465572,Reda Khadra,2020-21
2023-24-player-700,465607,Anssumane Fati Vieira,2023-24
2025-26-player-684,465642,Malick Thiaw,2025-26
2025-26-player-696,465680,Arnaud Kalimuendo,2025-26
2024-25-player-765,465694,Nico González,2024-25
2025-26-player-423,465694,Nico González Iglesias,2025-26
2025-26-player-540,465702,Timothée Pembélé,2025-26
2025-26-player-145,465730,Maxim De Cuyper,2025-26
2022-23-player-699,465920,Mykhailo Mudryk,2022-23
2023-24-player-210,465920,Mykhailo Mudryk,2023-24
2024-25-player-179,465920,Mykhailo Mudryk,2024-25
2025-26-player-245,465920,Mykhailo Mudryk,2025-26
2025-26-player-417,466052,Rayan Cherki,2025-26
2024-25-player-578,466075,Riccardo Calafiori,2024-25
2025-26-player-7,466075,Riccardo Calafiori,2025-26
2022-23-player-725,466117,Naouirou Ahamada,2022-23
2023-24-player-219,466117,Naouirou Ahamada,2023-24
2024-25-player-190,466117,Naouirou Ahamada,2024-25
2025-26-player-275,466117,Naouirou Ahamada,2025-26
2021-22-player-331,466404,Andrew Omobamidele,2021-22
2023-24-player-711,466404,Andrew Omobamidele,2023-24
2024-25-player-440,466404,Andrew Omobamidele,2024-25
2025-26-player-660,466525,Anton Stach,2025-26
2019-20-player-580,466955,Brandon Pierrick,2019-20
2020-21-player-147,466955,Brandon Pierrick,2020-21
2020-21-player-215,467114,Oliver Casey,2020-21
2022-23-player-609,467169,Antony Matheus dos Santos,2022-23
2023-24-player-372,467169,Antony Matheus dos Santos,2023-24
2024-25-player-365,467169,Antony Matheus dos Santos,2024-25
2025-26-player-454,467169,Antony dos Santos,2025-26
2024-25-player-293,467189,Mads Hermansen,2024-25
2025-26-player-679,467189,Mads Hermansen,2025-26
2021-22-player-454,467311,Matthew Pollock,2021-22
2024-25-player-149,467779,Mats Wieffer,2024-25
2025-26-player-173,467779,Mats Wieffer,2025-26
2021-22-player-669,468243,Kamil Conteh,2021-22
2025-26-player-805,469130,Lorenzo Lucca,2025-26
2022-23-player-544,469142,Jan Paul van Hecke,2022-23
2023-24-player-150,469142,Jan Paul van Hecke,2023-24
2024-25-player-144,469142,Jan Paul van Hecke,2024-25
2025-26-player-151,469142,Jan Paul van Hecke,2025-26
2024-25-player-41,469247,Samuel Iling-Junior,2024-25
2025-26-player-51,469247,Samuel Iling-Junior,2025-26
2021-22-player-600,469249,Nohan Kenneh,2021-22
2025-26-player-210,469272,Loum Tchaouna,2025-26
2020-21-player-700,470255,Caleb Taylor,2020-21
2022-23-player-247,470294,Darko Gyabi,2022-23
2025-26-player-361,470294,Darko Gyabi,2025-26
2022-23-player-742,470296,Jeremiah Chilokoa-Mullen,2022-23
2025-26-player-714,470313,Nick Woltemade,2025-26
2025-26-player-814,470315,Luca Netz,2025-26
2021-22-player-403,471471,Imrân Louza,2021-22
2023-24-player-215,471798,Gabriel Słonina,2023-24
2025-26-player-223,471798,Gabriel Słonina,2025-26
2020-21-player-705,471848,Femi Seriki,2020-21
2023-24-player-653,471848,Femi Seriki,2023-24
2020-21-player-673,472464,Shola Shoretire,2020-21
2021-22-player-727,472464,Shola Shoretire,2021-22
2022-23-player-660,472464,Shola Shoretire,2022-23
2023-24-player-399,472464,Shola Shoretire,2023-24
2019-20-player-301,47247,John Fleck,2019-20
2020-21-player-346,47247,John Fleck,2020-21
2023-24-player-481,47247,John Fleck,2023-24
2022-23-player-510,472713,Aaron Hickey,2022-23
2023-24-player-104,472713,Aaron Hickey,2023-24
2024-25-player-93,472713,Aaron Hickey,2024-25
2025-26-player-116,472713,Aaron Hickey,2025-26
2024-25-player-615,472739,Carl Rushworth,2024-25
2025-26-player-141,472739,Carl Rushworth,2025-26
2022-23-player-774,472769,Nico O'Reilly,2022-23
2024-25-player-607,472769,Nico O'Reilly,2024-25
2025-26-player-411,472769,Nico O'Reilly,2025-26
2024-25-player-301,473341,Caleb Okoli,2024-25
2021-22-player-601,473342,Stuart McKinstry,2021-22
2019-20-player-24,47390,Neil Taylor,2019-20
2020-21-player-31,47390,Neil Taylor,2020-21
2019-20-player-652,474003,Leonardo Campana,2019-20
2020-21-player-476,474003,Leonardo Campana,2020-21
2022-23-player-125,474120,Julio Enciso,2022-23
2023-24-player-130,474120,Julio Enciso,2023-24
2024-25-player-121,474120,Julio Enciso,2024-25
2025-26-player-161,474120,Julio Enciso Espínola,2025-26
2018-19-player-124,47431,Willian Borges Da Silva,2018-19
2019-20-player-113,47431,Willian Borges Da Silva,2019-20
2020-21-player-478,47431,Willian Borges Da Silva,2020-21
2021-22-player-3,47431,Willian Borges Da Silva,2021-22
2022-23-player-614,47431,Willian Borges da Silva,2022-23
2023-24-player-591,47431,Willian Borges da Silva,2023-24
2024-25-player-772,47431,Willian Borges da Silva,2024-25
2022-23-player-737,474772,Ben Greenwood,2022-23
2023-24-player-619,474772,Ben Greenwood,2023-24
2023-24-player-680,474803,Eddie Beach,2023-24
2020-21-player-690,474907,Reece Welch,2020-21
2021-22-player-623,474907,Reece Welch,2021-22
2022-23-player-605,474907,Reece Welch,2022-23
2024-25-player-803,474907,Reece Welch,2024-25
2025-26-player-298,474907,Reece Welch,2025-26
2023-24-player-724,474908,Jadan Raymond,2023-24
2024-25-player-427,475123,Carlos Miguel dos Santos Pereira,2024-25
2025-26-player-503,475123,Carlos Miguel dos Santos Pereira,2025-26
2019-20-player-592,475168,João Pedro Junqueira de Jesus,2019-20
2021-22-player-404,475168,João Pedro Junqueira de Jesus,2021-22
2023-24-player-135,475168,João Pedro Junqueira de Jesus,2023-24
2024-25-player-129,475168,João Pedro Junqueira de Jesus,2024-25
2025-26-player-249,475168,João Pedro Junqueira de Jesus,2025-26
2023-24-player-742,475480,Benicio Baker-Boaitey,2023-24
2024-25-player-114,475480,Benicio Baker-Boaitey,2024-25
2022-23-player-553,475492,Oliver Hammond,2022-23
2022-23-player-647,476161,Lewis Payne,2022-23
2022-23-player-711,476344,Jhon Durán,2022-23
2023-24-player-44,476344,Jhon Durán,2023-24
2024-25-player-38,476344,Jhon Durán,2024-25
2023-24-player-602,476369,Issa Kaboré,2023-24
2024-25-player-626,476369,Issa Kaboré,2024-25
2022-23-player-629,476502,Boubacar Traoré,2022-23
2023-24-player-574,476502,Boubacar Traoré,2023-24
2024-25-player-534,476502,Boubacar Traoré,2024-25
2025-26-player-649,476502,Boubacar Traoré,2025-26
2025-26-player-734,476887,Dilane Bakwa,2025-26
2022-23-player-528,476888,Sékou Mara,2022-23
2024-25-player-468,476888,Sékou Mara,2024-25
2023-24-player-478,476938,Ismaila Coulibaly,2023-24
2022-23-player-573,477064,Rico Lewis,2022-23
2023-24-player-358,477064,Rico Lewis,2023-24
2024-25-player-355,477064,Rico Lewis,2024-25
2025-26-player-410,477064,Rico Lewis,2025-26
2022-23-player-423,477386,Armel Bella-Kotchap,2022-23
2024-25-player-456,477386,Armel Bella-Kotchap,2024-25
2023-24-player-616,477424,Joško Gvardiol,2023-24
2024-25-player-350,477424,Joško Gvardiol,2024-25
2025-26-player-403,477424,Joško Gvardiol,2025-26
2021-22-player-608,477547,Leo Fuhr Hjelde,2021-22
2022-23-player-243,477547,Leo Fuhr Hjelde,2022-23
2025-26-player-536,477547,Leo Fuhr Hjelde,2025-26
2023-24-player-345,477555,Oscar Bobb,2023-24
2024-25-player-343,477555,Oscar Bobb,2024-25
2025-26-player-424,477555,Oscar Bobb,2025-26
2022-23-player-722,477580,Illia Zabarnyi,2022-23
2023-24-player-89,477580,Illia Zabarnyi,2023-24
2024-25-player-85,477580,Illia Zabarnyi,2024-25
2025-26-player-71,477580,Illia Zabarnyi,2025-26
2023-24-player-806,477717,Maxime Esteve,2023-24
2025-26-player-191,477717,Maxime Estève,2025-26
2023-24-player-669,477733,Radek Vítek,2023-24
2025-26-player-554,477851,Abdoullah Ba,2025-26
2021-22-player-663,478028,Kayky da Silva Chagas,2021-22
2022-23-player-636,478227,Stefan Parkes,2022-23
2020-21-player-646,478449,Kyron Gordon,2020-21
2020-21-player-672,478912,Carney Chukwuemeka,2020-21
2021-22-player-526,478912,Carney Chukwuemeka,2021-22
2022-23-player-48,478912,Carney Chukwuemeka,2022-23
2023-24-player-196,478912,Carney Chukwuemeka,2023-24
2024-25-player-161,478912,Carney Chukwuemeka,2024-25
2023-24-player-167,478969,Hjalmar Ekdal,2023-24
2025-26-player-190,478969,Hjalmar Ekdal,2025-26
2022-23-player-754,479641,Sebastian Revan,2022-23
2022-23-player-27,479683,Marcus Oliveira Alencar,2022-23
2023-24-player-11,479683,Marcus Oliveira Alencar,2023-24
2020-21-player-533,480216,Mateusz Bogusz,2020-21
2019-20-player-637,480455,Jarrad Branthwaite,2019-20
2020-21-player-170,480455,Jarrad Branthwaite,2020-21
2021-22-player-544,480455,Jarrad Branthwaite,2021-22
2022-23-player-196,480455,Jarrad Branthwaite,2022-23
2023-24-player-245,480455,Jarrad Branthwaite,2023-24
2024-25-player-219,480455,Jarrad Branthwaite,2024-25
2025-26-player-290,480455,Jarrad Branthwaite,2025-26
2020-21-player-697,480818,Billy Koumetio,2020-21
2022-23-player-753,481283,James Wright,2022-23
2023-24-player-778,481283,James Wright,2023-24
2025-26-player-688,481283,James Wright,2025-26
2020-21-player-657,481371,Zak Brunt,2020-21
2021-22-player-97,481405,Mads Bidstrup,2021-22
2022-23-player-99,481405,Mads Bidstrup,2022-23
2023-24-player-94,481405,Mads Bidstrup,2023-24
2022-23-player-709,481510,Victor Kristiansen,2022-23
2024-25-player-296,481510,Victor Kristiansen,2024-25
2020-21-player-683,481624,Jaden Philogene-Bidace,2020-21
2021-22-player-497,481624,Jaden Philogene-Bidace,2021-22
2022-23-player-55,481624,Jaden Philogene-Bidace,2022-23
2023-24-player-54,481624,Jaden Philogene-Bidace,2023-24
2024-25-player-569,481624,Jaden Philogene,2024-25
2020-21-player-616,481626,Christian Marques,2020-21
2021-22-player-549,481626,Christian Marques,2021-22
2025-26-player-26,481655,Martín Zubimendi Ibáñez,2025-26
2023-24-player-659,482158,Lucas Bergström,2023-24
2024-25-player-154,482158,Lucas Bergström,2024-25
2022-23-player-450,482442,Pape Matar Sarr,2022-23
2023-24-player-513,482442,Pape Matar Sarr,2023-24
2024-25-player-499,482442,Pape Matar Sarr,2024-25
2025-26-player-593,482442,Pape Matar Sarr,2025-26
2023-24-player-203,482609,Malo Gusto,2023-24
2024-25-player-171,482609,Malo Gusto,2024-25
2025-26-player-228,482609,Malo Gusto,2025-26
2022-23-player-712,482769,Máximo Perrone,2022-23
2023-24-player-363,482769,Máximo Perrone,2023-24
2025-26-player-526,482973,Igor Jesus Maciel da Cruz,2025-26
2024-25-player-563,483081,Rodrigo Martins Gomes,2024-25
2025-26-player-635,483081,Rodrigo Martins Gomes,2025-26
2022-23-player-740,483364,Krisztián Hegyi,2022-23
2025-26-player-602,483364,Krisztián Hegyi,2025-26
2021-22-player-648,483365,Jonathan Rowe,2021-22
2023-24-player-171,483391,Luke McNally,2023-24
2023-24-player-749,483398,Matthew Whittingham,2023-24
2025-26-player-547,484420,Enzo Le Fée,2025-26
2022-23-player-126,484658,Kacper Kozłowski,2022-23
2023-24-player-137,484658,Kacper Kozłowski,2023-24
2024-25-player-130,484658,Kacper Kozłowski,2024-25
2024-25-player-653,485047,Felipe Rodrigues da Silva,2024-25
2025-26-player-511,485047,Felipe Rodrigues da Silva,2025-26
2024-25-player-716,485055,Antonín Kinsky,2024-25
2025-26-player-567,485055,Antonín Kinský,2025-26
2025-26-player-677,485337,Evann Guessand,2025-26
2025-26-player-681,485711,Benjamin Sesko,2025-26
2018-19-player-33,48615,Harry Arter,2018-19
2022-23-player-378,48615,Harry Arter,2022-23
2023-24-player-435,48615,Harry Arter,2023-24
2023-24-player-691,486385,Norberto Bercique Gomes Betuncal,2023-24
2024-25-player-218,486385,Norberto Bercique Gomes Betuncal,2024-25
2025-26-player-311,486385,Norberto Bercique Gomes Betuncal,2025-26
2025-26-player-356,486520,Ilia Gruev,2025-26
2022-23-player-768,486623,Sean McAllister,2022-23
2020-21-player-664,486672,Moisés Caicedo,2020-21
2021-22-player-538,486672,Moisés Caicedo,2021-22
2022-23-player-120,486672,Moisés Caicedo Corozo,2022-23
2023-24-player-126,486672,Moisés Caicedo Corozo,2023-24
2024-25-player-157,486672,Moisés Caicedo Corozo,2024-25
2025-26-player-241,486672,Moisés Caicedo Corozo,2025-26
2020-21-player-637,486870,Frederik Alves,2020-21
2021-22-player-521,486870,Frederik Alves,2021-22
2023-24-player-519,487053,Destiny Udogie,2023-24
2024-25-player-505,487053,Destiny Udogie,2024-25
2025-26-player-574,487053,Destiny Udogie,2025-26
2021-22-player-655,487117,Evan Ferguson,2021-22
2022-23-player-596,487117,Evan Ferguson,2022-23
2023-24-player-132,487117,Evan Ferguson,2023-24
2024-25-player-123,487117,Evan Ferguson,2024-25
2025-26-player-179,487117,Evan Ferguson,2025-26
2018-19-player-401,48717,Winston Reid,2018-19
2019-20-player-383,48717,Winston Reid,2019-20
2021-22-player-410,48717,Winston Reid,2021-22
2018-19-player-195,48760,Mathias Jorgensen,2018-19
2021-22-player-594,48760,Mathias Jorgensen,2021-22
2022-23-player-595,48760,Mathias Jorgensen,2022-23
2023-24-player-121,48760,Mathias Jorgensen,2023-24
2024-25-player-112,48760,Mathias Jorgensen,2024-25
2025-26-player-532,487676,Trai Hume,2025-26
2023-24-player-732,487693,Devan Tanton,2023-24
2023-24-player-605,487702,Luca Koleosho,2023-24
2025-26-player-208,487702,Luca Koleosho,2025-26
2022-23-player-590,487818,Joseph Whitworth,2022-23
2023-24-player-243,487818,Joe Whitworth,2023-24
2023-24-player-632,487828,Omari Forson,2023-24
2021-22-player-703,487835,Benjamin Chrisene,2021-22
2020-21-player-618,487836,Antwoine Hackford,2020-21
2023-24-player-656,487836,Antwoine Hackford,2023-24
2022-23-player-669,487837,Divin Mubama,2022-23
2023-24-player-538,487837,Divin Mubama,2023-24
2024-25-player-698,487837,Divin Mubama,2024-25
2021-22-player-671,487838,Lewis Hall,2021-22
2022-23-player-661,487838,Lewis Hall,2022-23
2023-24-player-204,487838,Lewis Hall,2023-24
2024-25-player-399,487838,Lewis Hall,2024-25
2025-26-player-473,487838,Lewis Hall,2025-26
2023-24-player-157,487968,Ameen Al-Dakhil,2023-24
2025-26-player-712,488024,Yéremy Pino Santos,2025-26
2025-26-player-720,488213,Tolu Arokodare,2025-26
2020-21-player-575,488404,Facundo Pellistri,2020-21
2022-23-player-347,488404,Facundo Pellistri Rebollo,2022-23
2023-24-player-394,488404,Facundo Pellistri Rebollo,2023-24
2024-25-player-384,488404,Facundo Pellistri Rebollo,2024-25
2024-25-player-726,488439,Woyo Coulibaly,2024-25
2024-25-player-575,488464,Caleb Wiley,2024-25
2025-26-player-184,489571,Etienne Green,2025-26
2022-23-player-298,489580,Calvin Ramsay,2022-23
2025-26-player-380,489580,Calvin Ramsay,2025-26
2023-24-player-152,489639,Bart Verbruggen,2023-24
2024-25-player-146,489639,Bart Verbruggen,2024-25
2025-26-player-139,489639,Bart Verbruggen,2025-26
2024-25-player-645,489706,Justin Devenny,2024-25
2025-26-player-276,489706,Justin Devenny,2025-26
2025-26-player-697,489888,Amine Adli,2025-26
2025-26-player-530,490000,Blondy Nna Noukeu,2025-26
2020-21-player-709,490094,Tim Iroegbunam,2020-21
2021-22-player-638,490094,Tim Iroegbunam,2021-22
2022-23-player-49,490094,Tim Iroegbunam,2022-23
2023-24-player-46,490094,Tim Iroegbunam,2023-24
2024-25-player-226,490094,Tim Iroegbunam,2024-25
2025-26-player-304,490094,Tim Iroegbunam,2025-26
2023-24-player-770,490095,Ty Barnett,2023-24
2019-20-player-659,490098,Kaine Hayden,2019-20
2018-19-player-117,49013,Victor Moses,2018-19
2020-21-player-678,490138,Jakub Ojrzynski,2020-21
2025-26-player-623,490142,Freddie Potts,2025-26
2020-21-player-666,490145,Dane Scarlett,2020-21
2021-22-player-520,490145,Dane Scarlett,2021-22
2022-23-player-447,490145,Dane Scarlett,2022-23
2023-24-player-640,490145,Dane Scarlett,2023-24
2024-25-player-500,490145,Dane Scarlett,2024-25
2025-26-player-599,490145,Dane Scarlett,2025-26
2022-23-player-219,490146,Jay Stansfield,2022-23
2023-24-player-651,490146,Jay Stansfield,2023-24
2024-25-player-256,490146,Jay Stansfield,2024-25
2023-24-player-745,490150,Michael Ndiweni,2023-24
2021-22-player-715,490161,Abu Kamara,2021-22
2023-24-player-331,490180,Aribim Pepple,2023-24
2021-22-player-508,490503,Samuel Edozie,2021-22
2022-23-player-624,490503,Samuel Edozie,2022-23
2024-25-player-459,490503,Samuel Edozie,2024-25
2020-21-player-649,490721,Hugo Bueno,2020-21
2021-22-player-635,490721,Hugo Bueno,2021-22
2022-23-player-558,490721,Hugo Bueno López,2022-23
2023-24-player-548,490721,Hugo Bueno López,2023-24
2024-25-player-549,490721,Hugo Bueno López,2024-25
2025-26-player-633,490721,Hugo Bueno López,2025-26
2019-20-player-441,49083,Luke Freeman,2019-20
2020-21-player-477,49083,Luke Freeman,2020-21
2023-24-player-322,49083,Luke Freeman,2023-24
2023-24-player-826,490881,Toby Collyer,2023-24
2024-25-player-613,490881,Toby Collyer,2024-25
2025-26-player-460,490881,Toby Collyer,2025-26
2023-24-player-829,490885,George Earthy,2023-24
2024-25-player-519,490885,George Earthy,2024-25
2025-26-player-620,490885,George Earthy,2025-26
2021-22-player-705,490887,Zach Awe,2021-22
2025-26-player-247,491007,Dário Luís Essugo,2025-26
2022-23-player-743,491008,Diogo Pinheiro Monteiro,2022-23
2023-24-player-681,491011,Diego Manuel Jadon da Silva Moreira,2023-24
2023-24-player-645,491012,Youssef Ramalho Chermiti,2023-24
2024-25-player-237,491012,Youssef Ramalho Chermiti,2024-25
2025-26-player-312,491012,Youssef Ramalho Chermiti,2025-26
2023-24-player-639,491279,Micky van de Ven,2023-24
2024-25-player-506,491279,Micky van de Ven,2024-25
2025-26-player-575,491279,Micky van de Ven,2025-26
2024-25-player-30,491287,Enzo Barrenechea,2024-25
2025-26-player-56,491287,Enzo Barrenechea,2025-26
2025-26-player-828,491460,Alfie Brooks,2025-26
2023-24-player-629,491501,James McConnell,2023-24
2024-25-player-330,491501,James McConnell,2024-25
2025-26-player-394,491501,James McConnell,2025-26
2021-22-player-667,491551,Thierry Small,2021-22
2021-22-player-613,491556,Charlie Whitaker,2021-22
2023-24-player-760,491557,Jenson Metcalfe,2023-24
2024-25-player-614,491557,Jenson Metcalfe,2024-25
2025-26-player-309,491557,Jenson Metcalfe,2025-26
2020-21-player-691,491559,Isaac Price,2020-21
2021-22-player-718,491559,Isaac Price,2021-22
2022-23-player-678,491559,Isaac Price,2022-23
2022-23-player-762,491598,Cameron Peupion,2022-23
2023-24-player-786,491598,Cameron Peupion,2023-24
2024-25-player-140,491598,Cameron Peupion,2024-25
2023-24-player-761,491745,Elijah Campbell,2023-24
2025-26-player-705,491745,Elijah Campbell,2025-26
2021-22-player-672,491785,Harvey Vale,2021-22
2022-23-player-606,491785,Harvey Vale,2022-23
2022-23-player-584,491970,Bobby Clark,2022-23
2023-24-player-627,491970,Bobby Clark,2023-24
2024-25-player-315,491970,Bobby Clark,2024-25
2020-21-player-619,492066,Niall Huggins,2020-21
2025-26-player-537,492066,Niall Huggins,2025-26
2025-26-player-349,492368,Isaac Schmidt,2025-26
2020-21-player-620,492373,Charlie Cresswell,2020-21
2021-22-player-563,492373,Charlie Cresswell,2021-22
2020-21-player-599,492374,Jack Jenkins,2020-21
2021-22-player-631,492374,Jack Jenkins,2021-22
2018-19-player-439,49262,Jason Steele,2018-19
2020-21-player-528,49262,Jason Steele,2020-21
2021-22-player-54,49262,Jason Steele,2021-22
2022-23-player-102,49262,Jason Steele,2022-23
2023-24-player-148,49262,Jason Steele,2023-24
2024-25-player-142,49262,Jason Steele,2024-25
2025-26-player-138,49262,Jason Steele,2025-26
2022-23-player-664,492776,Dexter Lembikisa,2022-23
2021-22-player-626,492777,Conor Bradley,2021-22
2023-24-player-757,492777,Conor Bradley,2023-24
2024-25-player-313,492777,Conor Bradley,2024-25
2025-26-player-375,492777,Conor Bradley,2025-26
2022-23-player-777,492779,Yago de Santiago Alonso,2022-23
2023-24-player-754,492779,Yago de Santiago Alonso,2023-24
2023-24-player-594,492831,Zeki Amdouni,2023-24
2025-26-player-216,492831,Zeki Amdouni,2025-26
2022-23-player-619,492859,Wilfried Gnonto,2022-23
2025-26-player-351,492859,Wilfried Gnonto,2025-26
2021-22-player-723,493105,Alejandro Garnacho Ferreyra,2021-22
2022-23-player-569,493105,Alejandro Garnacho,2022-23
2023-24-player-382,493105,Alejandro Garnacho,2023-24
2024-25-player-372,493105,Alejandro Garnacho,2024-25
2025-26-player-453,493105,Alejandro Garnacho Ferreyra,2025-26
2023-24-player-842,493121,Roshaun Mathurin,2023-24
2023-24-player-777,493125,Radu Dragusin,2023-24
2024-25-player-486,493125,Radu Drăgușin,2024-25
2025-26-player-572,493125,Radu Drăgușin,2025-26
2020-21-player-640,493250,Amad Diallo,2020-21
2021-22-player-636,493250,Amad Diallo,2021-22
2022-23-player-550,493250,Amad Diallo,2022-23
2023-24-player-371,493250,Amad Diallo,2023-24
2024-25-player-364,493250,Amad Diallo,2024-25
2025-26-player-452,493250,Amad Diallo,2025-26
2023-24-player-169,493347,Denis Franchi,2023-24
2025-26-player-717,493362,Xavi Simons,2025-26
2022-23-player-671,493736,Jimmy Morgan,2022-23
2018-19-player-92,49382,Bruno Ecuele Manga,2018-19
2025-26-player-558,493837,Jay Matete,2025-26
2019-20-player-591,49384,Jack Rodwell,2019-20
2021-22-player-720,493928,Marcelo Flores,2021-22
2021-22-player-405,493934,Kwadwo Baah,2021-22
2023-24-player-684,494041,Ethan Brierley,2023-24
2024-25-player-87,494041,Ethan Brierley,2024-25
2018-19-player-138,49413,James Tomkins,2018-19
2019-20-player-124,49413,James Tomkins,2019-20
2020-21-player-129,49413,James Tomkins,2020-21
2021-22-player-147,49413,James Tomkins,2021-22
2022-23-player-153,49413,James Tomkins,2022-23
2023-24-player-241,49413,James Tomkins,2023-24
2024-25-player-703,494307,Max Alleyne,2024-25
2025-26-player-794,494307,Max Alleyne,2025-26
2020-21-player-408,49440,Hal Robson-Kanu,2020-21
2025-26-player-74,494521,Adrien Truffert,2025-26
2022-23-player-769,494541,Kamari Doyle,2022-23
2022-23-player-770,494543,Dominic Ballard,2022-23
2024-25-player-804,494551,Jayden Moore,2024-25
2025-26-player-819,494556,Ollie Shield,2025-26
2025-26-player-382,494595,Florian Wirtz,2025-26
2024-25-player-734,494779,Albert Grønbæk,2024-25
2025-26-player-192,494960,Quilindschy Hartman,2025-26
2024-25-player-798,495024,Jay Robinson,2024-25
2024-25-player-75,495145,Alex Paulsen,2024-25
2025-26-player-70,495145,Alex Paulsen,2025-26
2025-26-player-524,495161,Marko Stamenić,2025-26
2020-21-player-559,495542,Niels Nkounkou,2020-21
2021-22-player-570,495542,Niels Nkounkou,2021-22
2022-23-player-198,495542,Niels Nkounkou,2022-23
2018-19-player-125,49579,Pedro Rodríguez Ledesma,2018-19
2019-20-player-114,49579,Pedro Rodríguez Ledesma,2019-20
2024-25-player-627,496178,Roman Dixon,2024-25
2025-26-player-297,496178,Roman Dixon,2025-26
2020-21-player-650,496179,Alfie Devine,2020-21
2021-22-player-714,496179,Alfie Devine,2021-22
2022-23-player-452,496179,Alfie Devine,2022-23
2024-25-player-485,496179,Alfie Devine,2024-25
2021-22-player-625,496185,Kaide Gordon,2021-22
2023-24-player-783,496185,Kaide Gordon,2023-24
2022-23-player-665,496208,Ben Doak,2022-23
2023-24-player-628,496208,Ben Doak,2023-24
2024-25-player-318,496208,Ben Doak,2024-25
2025-26-player-391,496208,Ben Gannon-Doak,2025-26
2023-24-player-807,496221,Adam Wharton,2023-24
2024-25-player-216,496221,Adam Wharton,2024-25
2025-26-player-273,496221,Adam Wharton,2025-26
2023-24-player-859,496222,Zak Sturge,2023-24
2021-22-player-634,496228,Sonny Perkins,2021-22
2022-23-player-663,496228,Sonny Perkins,2022-23
2024-25-player-773,496279,Isaac Heath,2024-25
2025-26-player-308,496279,Isaac Heath,2025-26
2023-24-player-762,496283,Mahamadou Susoho,2023-24
2021-22-player-731,496661,Tyler Dibling,2021-22
2024-25-player-608,496661,Tyler Dibling,2024-25
2025-26-player-707,496661,Tyler Dibling,2025-26
2022-23-player-738,496683,Max Kinsey-Wellings,2022-23
2023-24-player-802,496683,Max Kinsey,2023-24
2024-25-player-680,496683,Max Kinsey,2024-25
2021-22-player-683,497605,Liam Gibbs,2021-22
2023-24-player-750,497606,Tawanda Chirewa,2023-24
2024-25-player-538,497606,Tawanda Chirewa,2024-25
2025-26-player-650,497606,Tawanda Chirewa,2025-26
2023-24-player-617,497894,Rasmus Højlund,2023-24
2024-25-player-375,497894,Rasmus Højlund,2024-25
2025-26-player-465,497894,Rasmus Højlund,2025-26
2025-26-player-682,497949,David Møller Wolfe,2025-26
2025-26-player-670,498016,Robin Roefs,2025-26
2021-22-player-693,498046,Salah-Eddine Oulad M'hand,2021-22
2024-25-player-638,498046,Salah-Eddine Oulad M'hand,2024-25
2018-19-player-99,49806,David Junior Hoilett,2018-19
2018-19-player-102,49845,Aron Gunnarsson,2018-19
2024-25-player-662,499167,Josh Nichols,2024-25
2025-26-player-15,499167,Josh Nichols,2025-26
2023-24-player-764,499169,Myles Lewis-Skelly,2023-24
2024-25-player-597,499169,Myles Lewis-Skelly,2024-25
2025-26-player-10,499169,Myles Lewis-Skelly,2025-26
2022-23-player-630,499175,Ethan Nwaneri,2022-23
2023-24-player-772,499175,Ethan Nwaneri,2023-24
2024-25-player-12,499175,Ethan Nwaneri,2024-25
2025-26-player-25,499175,Ethan Nwaneri,2025-26
2025-26-player-667,499300,Adam Aznou,2025-26
2024-25-player-178,499309,Marc Guiu Paz,2024-25
2025-26-player-252,499309,Marc Guiu Paz,2025-26
2020-21-player-409,49944,Jake Livermore,2020-21
2020-21-player-410,49957,Kamil Grosicki,2020-21
2025-26-player-807,499604,Rayan Vitor Simplício Rocha,2025-26
2025-26-player-750,499716,James Rowswell,2025-26
2024-25-player-649,499717,Jayden Meghoma,2024-25
2025-26-player-118,499717,Jayden Meghoma,2025-26
2023-24-player-860,499721,Mikey Moore,2023-24
2024-25-player-610,499721,Mikey Moore,2024-25
2025-26-player-592,499721,Mikey Moore,2025-26
2022-23-player-778,499724,Samuel Amo-Ameyaw,2022-23
2024-25-player-451,499724,Samuel Amo-Ameyaw,2024-25
2024-25-player-683,499726,Callum Olusesi,2024-25
2025-26-player-595,499726,Callum Olusesi,2025-26
2018-19-player-90,49982,Sean Morrison,2018-19
2023-24-player-847,499857,Teddy Sharman-Lowe,2023-24
2025-26-player-803,499857,Teddy Sharman-Lowe,2025-26
2024-25-player-718,500016,Welington Damascena Santos,2024-25
2025-26-player-662,500040,Cristhian Mosquera,2025-26
2023-24-player-755,500052,Luca Barrington,2023-24
2023-24-player-824,500058,Jayden Danns,2023-24
2024-25-player-709,500058,Jayden Danns,2024-25
2025-26-player-398,500058,Jayden Danns,2025-26
2025-26-player-716,500151,Nicolò Savona,2025-26
2022-23-player-621,500267,Loïc Badé,2022-23
2025-26-player-559,500696,Nectarios Triantis,2025-26
2024-25-player-460,500926,Ronnie Edwards,2024-25
2018-19-player-179,50093,David Button,2018-19
2019-20-player-48,50093,David Button,2019-20
2020-21-player-56,50093,David Button,2020-21
2022-23-player-752,501284,Michael Olakigbe,2022-23
2023-24-player-620,501284,Michael Olakigbe,2023-24
2021-22-player-709,501468,Tayo Adaramola,2021-22
2022-23-player-766,501468,Tayo Adaramola,2022-23
2023-24-player-763,501468,Tayo Adaramola,2023-24
2024-25-player-760,501620,Dante Cassanova,2024-25
2018-19-player-21,50175,Danny Welbeck,2018-19
2019-20-player-512,50175,Danny Welbeck,2019-20
2020-21-player-588,50175,Danny Welbeck,2020-21
2021-22-player-447,50175,Danny Welbeck,2021-22
2022-23-player-103,50175,Danny Welbeck,2022-23
2023-24-player-154,50175,Danny Welbeck,2023-24
2024-25-player-148,50175,Danny Welbeck,2024-25
2025-26-player-178,50175,Danny Welbeck,2025-26
2021-22-player-645,501770,Ben Nelson,2021-22
2024-25-player-616,501770,Ben Nelson,2024-25
2021-22-player-446,501837,Yerson Mosquera Valdelamar,2021-22
2022-23-player-494,501837,Yerson Mosquera Valdelamar,2022-23
2023-24-player-788,501837,Yerson Mosquera,2023-24
2024-25-player-558,501837,Yerson Mosquera,2024-25
2025-26-player-634,501837,Yerson Mosquera Valdelamar,2025-26
2024-25-player-620,502222,Ramón Sosa,2024-25
2020-21-player-411,50229,Matt Phillips,2020-21
2018-19-player-318,50232,Jonjo Shelvey,2018-19
2019-20-player-269,50232,Jonjo Shelvey,2019-20
2020-21-player-321,50232,Jonjo Shelvey,2020-21
2021-22-player-291,50232,Jonjo Shelvey,2021-22
2022-23-player-349,50232,Jonjo Shelvey,2022-23
2023-24-player-463,50232,Jonjo Shelvey,2023-24
2024-25-player-107,502500,Igor Thiago Nascimento Rodrigues,2024-25
2025-26-player-136,502500,Igor Thiago Nascimento Rodrigues,2025-26
2022-23-player-693,502697,Carlos Alcaraz,2022-23
2024-25-player-450,502697,Carlos Alcaraz Durán,2024-25
2025-26-player-301,502697,Carlos Alcaraz Durán,2025-26
2025-26-player-798,502988,Danny Imray,2025-26
2023-24-player-644,503139,Alex Scott,2023-24
2024-25-player-77,503139,Alex Scott,2024-25
2025-26-player-90,503139,Alex Scott,2025-26
2021-22-player-619,503300,Matthew Cox,2021-22
2022-23-player-633,503300,Matthew Cox,2022-23
2023-24-player-97,503300,Matthew Cox,2023-24
2025-26-player-103,503300,Matthew Cox,2025-26
2021-22-player-692,503301,Omari Hutchinson,2021-22
2022-23-player-653,503301,Omari Hutchinson,2022-23
2024-25-player-274,503301,Omari Giraud-Hutchinson,2024-25
2025-26-player-693,503301,Omari Hutchinson,2025-26
2023-24-player-817,503308,James Sweet,2023-24
2023-24-player-613,503714,Lesley Ugochukwu,2023-24
2024-25-player-188,503714,Lesley Ugochukwu,2024-25
2025-26-player-676,503714,Lesley Ugochukwu,2025-26
2023-24-player-805,503724,Lorenz Assignon,2023-24
2023-24-player-587,504198,Anis Slimane,2023-24
2024-25-player-775,504296,Coby Ebere,2024-25
2025-26-player-307,504296,Coby Ebere,2025-26
2023-24-player-685,504598,Daniel Gore,2023-24
2018-19-player-147,50471,James McArthur,2018-19
2019-20-player-138,50471,James McArthur,2019-20
2020-21-player-130,50471,James McArthur,2020-21
2021-22-player-148,50471,James McArthur,2021-22
2022-23-player-154,50471,James McArthur,2022-23
2018-19-player-166,50472,James McCarthy,2018-19
2019-20-player-157,50472,James McCarthy,2019-20
2020-21-player-131,50472,James McCarthy,2020-21
2023-24-player-751,504750,Justin Hubner,2023-24
2022-23-player-767,504751,Mauro Bandeira,2022-23
2023-24-player-815,504751,Mauro Bandeira,2023-24
2022-23-player-731,504783,Kamaldeen Sulemana,2022-23
2024-25-player-462,504783,Kamaldeen Sulemana,2024-25
2025-26-player-786,505079,Alfie McNally,2025-26
2023-24-player-791,505187,Cesare Casadei,2023-24
2024-25-player-158,505187,Cesare Casadei,2024-25
2020-21-player-621,505265,Cheikh Diaby,2020-21
2023-24-player-789,507433,Hákon Valdimarsson,2023-24
2024-25-player-109,507433,Hákon Valdimarsson,2024-25
2025-26-player-105,507433,Hákon Rafn Valdimarsson,2025-26
2023-24-player-120,508395,Yegor Yarmoliuk,2023-24
2024-25-player-111,508395,Yehor Yarmoliuk,2024-25
2025-26-player-129,508395,Yehor Yarmoliuk,2025-26
2024-25-player-581,508479,Filip Jørgensen,2024-25
2025-26-player-221,508479,Filip Jörgensen,2025-26
2024-25-player-642,509291,André Trindade da Costa Neto,2024-25
2025-26-player-643,509291,André Trindade da Costa Neto,2025-26
2022-23-player-719,509416,Yasin Ayari,2022-23
2023-24-player-124,509416,Yasin Ayari,2023-24
2024-25-player-600,509416,Yasin Ayari,2024-25
2025-26-player-166,509416,Yasin Ayari,2025-26
2024-25-player-571,510281,Sávio 'Savinho' Moreira de Oliveira,2024-25
2025-26-player-415,510281,Sávio Moreira de Oliveira,2025-26
2022-23-player-560,510328,Stanley Mills,2022-23
2021-22-player-685,510362,Toti António Gomes,2021-22
2022-23-player-489,510362,Toti António Gomes,2022-23
2023-24-player-573,510362,Toti António Gomes,2023-24
2024-25-player-567,510362,Toti António Gomes,2024-25
2025-26-player-637,510362,Toti Gomes,2025-26
2021-22-player-689,510363,Francisco Jorge Tomás Oliveira,2021-22
2022-23-player-490,510363,Francisco Jorge Tomás Oliveira,2022-23
2023-24-player-549,510363,Francisco Jorge Tomás Oliveira,2023-24
2024-25-player-537,510363,Francisco Jorge Tomás Oliveira,2024-25
2024-25-player-596,510500,João Pedro Ferreira Silva,2024-25
2025-26-player-518,510500,João Pedro Ferreira da Silva,2025-26
2025-26-player-661,510663,Hugo Ekitiké,2025-26
2020-21-player-490,51090,Thiago Thiago,2020-21
2021-22-player-121,51090,Thiago Emiliano da Silva,2021-22
2022-23-player-128,51090,Thiago Emiliano da Silva,2022-23
2023-24-player-217,51090,Thiago Emiliano da Silva,2023-24
2024-25-player-768,511499,Mathys Tel,2024-25
2025-26-player-584,511499,Mathys Tel,2025-26
2022-23-player-667,511504,Kristian Sekularac,2022-23
2023-24-player-796,511504,Kristian Sekularac,2023-24
2023-24-player-184,511783,Anass Zaroury,2023-24
2023-24-player-235,512462,Jake O'Brien,2023-24
2024-25-player-582,512462,Jake O'Brien,2024-25
2025-26-player-293,512462,Jake O'Brien,2025-26
2022-23-player-703,513046,Danilo dos Santos de Oliveira,2022-23
2023-24-player-442,513046,Danilo dos Santos de Oliveira,2023-24
2024-25-player-429,513046,Danilo dos Santos de Oliveira,2024-25
2022-23-player-688,513418,Kevin Schade,2022-23
2023-24-player-115,513418,Kevin Schade,2023-24
2024-25-player-106,513418,Kevin Schade,2024-25
2025-26-player-120,513418,Kevin Schade,2025-26
2024-25-player-595,513433,Brajan Gruda,2024-25
2025-26-player-162,513433,Brajan Gruda,2025-26
2018-19-player-200,51344,Rajiv van La Parra,2018-19
2025-26-player-728,513466,Merlin Röhl,2025-26
2024-25-player-635,513527,Bilal El Khannouss,2024-25
2023-24-player-722,513588,Jamie Donley,2023-24
2020-21-player-687,513789,Thanawat Suengchitthawon,2020-21
2022-23-player-651,513834,Andrew Moran,2022-23
2024-25-player-601,513834,Andrew Moran,2024-25
2025-26-player-177,513834,Andrew Moran,2025-26
2023-24-player-753,513836,Leigh Kavanagh,2023-24
2023-24-player-843,513840,Samy Chouchane,2023-24
2021-22-player-657,513852,Kris Moore,2021-22
2023-24-player-746,514154,Ben Jackson,2023-24
2021-22-player-708,514229,Sam Waller,2021-22
2024-25-player-714,514254,Diego Gómez,2024-25
2025-26-player-169,514254,Diego Gómez Amarilla,2025-26
2023-24-player-830,514277,Jimi Tauriainen,2023-24
2022-23-player-775,514280,Alfie Gilchrist,2022-23
2023-24-player-716,514280,Alfie Gilchrist,2023-24
2024-25-player-170,514280,Alfie Gilchrist,2024-25
2022-23-player-645,514284,Joe Wormleighton,2022-23
2022-23-player-744,514287,Sil Swinkels,2022-23
2024-25-player-640,514287,Sil Swinkels,2024-25
2024-25-player-793,514307,Jack Henry-Francis,2024-25
2022-23-player-631,514315,Lino Sousa,2022-23
2024-25-player-56,514315,Lino da Cruz Sousa,2024-25
2025-26-player-45,514315,Lino da Cruz Sousa,2025-26
2021-22-player-605,514356,Romeo Lavia,2021-22
2022-23-player-321,514356,Roméo Lavia,2022-23
2023-24-player-667,514356,Roméo Lavia,2023-24
2024-25-player-174,514356,Roméo Lavia,2024-25
2025-26-player-244,514356,Roméo Lavia,2025-26
2023-24-player-853,514362,Temple Ojinnaka,2023-24
2025-26-player-777,514362,Temple Ojinnaka,2025-26
2023-24-player-812,514514,Lewis Koumas,2023-24
2025-26-player-538,514613,Zak Johnson,2025-26
2022-23-player-763,515023,Matthew Dibley-Dias,2022-23
2023-24-player-652,515023,Matthew Dibley-Dias,2023-24
2022-23-player-546,515024,Luke Harris,2022-23
2023-24-player-683,515024,Luke Harris,2023-24
2024-25-player-246,515024,Luke Harris,2024-25
2025-26-player-334,515024,Luke Harris,2025-26
2025-26-player-812,515046,Melker Ellborg,2025-26
2018-19-player-3,51507,Laurent Koscielny,2018-19
2019-20-player-7,51507,Laurent Koscielny,2019-20
2022-23-player-644,515496,Owen Goodman,2022-23
2022-23-player-674,515500,Rhys Bennett,2022-23
2023-24-player-768,515500,Rhys Bennett,2023-24
2021-22-player-728,515501,Álvaro Fernández,2021-22
2023-24-player-380,515501,Álvaro Fernández Carreras,2023-24
2022-23-player-654,515503,Jack Wells-Morrison,2022-23
2023-24-player-748,515504,Joe Hugill,2023-24
2022-23-player-622,515571,Juan Larios López,2022-23
2024-25-player-464,515571,Juan Larios López,2024-25
2021-22-player-610,515597,Lamare Bogarde,2021-22
2022-23-player-638,515597,Lamare Bogarde,2022-23
2024-25-player-598,515597,Lamare Bogarde,2024-25
2025-26-player-44,515597,Lamare Bogarde,2025-26
2021-22-player-713,515599,Tommi O'Reilly,2021-22
2022-23-player-761,515599,Tommi O'Reilly,2022-23
2023-24-player-767,515599,Tommi O'Reilly,2023-24
2024-25-player-195,515621,Chadi Riad Dnanou,2024-25
2025-26-player-262,515621,Chadi Riad Dnanou,2025-26
2022-23-player-745,516159,Oliwier Zych,2022-23
2023-24-player-686,516159,Oliwier Zych,2023-24
2024-25-player-641,516159,Oliwier Zych,2024-25
2025-26-player-165,516211,Abdallah Sima,2025-26
2025-26-player-763,516234,Charlie Gray,2025-26
2023-24-player-814,516250,Jacob Wright,2023-24
2024-25-player-671,516250,Jacob Wright,2024-25
2023-24-player-733,516432,Valintino Adedokun,2023-24
2023-24-player-735,516874,Charles Sagoe,2023-24
2025-26-player-757,516875,Ronnie Hollingshead,2025-26
2022-23-player-643,516895,Kobbie Mainoo,2022-23
2023-24-player-388,516895,Kobbie Mainoo,2023-24
2024-25-player-378,516895,Kobbie Mainoo,2024-25
2025-26-player-458,516895,Kobbie Mainoo,2025-26
2024-25-player-720,516939,Emmanuel Agbadou,2024-25
2025-26-player-631,516939,Emmanuel Agbadou,2025-26
2023-24-player-211,517052,Nicolas Jackson,2023-24
2024-25-player-180,517052,Nicolas Jackson,2024-25
2025-26-player-251,517052,Nicolas Jackson,2025-26
2024-25-player-261,517178,Elkan Baggott,2024-25
2024-25-player-664,517179,Alfie Pond,2024-25
2025-26-player-641,517179,Alfie Pond,2025-26
2023-24-player-758,517995,Leo Castledine,2023-24
2023-24-player-717,517996,Ronnie Stutter,2023-24
2025-26-player-183,518030,Max Weiß,2025-26
2023-24-player-813,518199,Fabian Mrozek,2023-24
2025-26-player-789,518335,Max Merrick,2025-26
2022-23-player-746,518438,Kaelan Casey,2022-23
2023-24-player-774,518438,Kaelan Casey,2023-24
2024-25-player-643,518438,Kaelan Casey,2024-25
2025-26-player-611,518438,Kaelan Casey,2025-26
2023-24-player-773,518442,Lewis Orford,2023-24
2024-25-player-701,518442,Lewis Orford,2024-25
2025-26-player-622,518442,Lewis Orford,2025-26
2023-24-player-766,518466,Willy Kambwala,2023-24
2022-23-player-759,518467,Marc Jurado Gomez,2022-23
2021-22-player-621,518504,James Storer,2021-22
2023-24-player-589,518620,Ângelo Gabriel Borges Damaceno,2023-24
2024-25-player-151,518620,Ângelo Gabriel Borges Damaceno,2024-25
2023-24-player-858,518892,Ted Curd,2023-24
2022-23-player-598,518906,Owen Bevan,2022-23
2025-26-player-76,518906,Owen Bevan,2025-26
2023-24-player-718,519198,Alex Matos,2023-24
2022-23-player-639,519223,Sammy Braybrooke,2022-23
2024-25-player-802,519223,Sammy Braybrooke,2024-25
2018-19-player-70,51927,Ben Mee,2018-19
2019-20-player-83,51927,Ben Mee,2019-20
2020-21-player-88,51927,Ben Mee,2020-21
2021-22-player-106,51927,Ben Mee,2021-22
2022-23-player-526,51927,Ben Mee,2022-23
2023-24-player-109,51927,Ben Mee,2023-24
2024-25-player-100,51927,Ben Mee,2024-25
2023-24-player-740,519321,Alfie Dorrington,2023-24
2024-25-player-699,519321,Alfie Dorrington,2024-25
2022-23-player-668,519324,Amario Cozier-Duberry,2022-23
2024-25-player-118,519324,Amario Cozier-Duberry,2024-25
2023-24-player-833,519325,Habeeb Ogunneye,2023-24
2022-23-player-758,519327,George Abbott,2022-23
2023-24-player-728,519328,Callum Scanlon,2023-24
2018-19-player-224,51938,Marc Albrighton,2018-19
2019-20-player-174,51938,Marc Albrighton,2019-20
2020-21-player-221,51938,Marc Albrighton,2020-21
2021-22-player-202,51938,Marc Albrighton,2021-22
2022-23-player-251,51938,Marc Albrighton,2022-23
2018-19-player-282,51940,David de Gea,2018-19
2019-20-player-235,51940,David de Gea,2019-20
2020-21-player-291,51940,David de Gea,2020-21
2021-22-player-270,51940,David de Gea,2021-22
2022-23-player-327,51940,David De Gea Quintana,2022-23
2025-26-player-185,51943,Václav Hladký,2025-26
2025-26-player-760,519440,Wellity Lucky,2025-26
2025-26-player-542,519634,Jenson Seelt,2025-26
2025-26-player-197,519895,Oliver Sonne,2025-26
2025-26-player-771,519913,Tyler Fletcher,2025-26
2022-23-player-684,520295,David Datro Fofana,2022-23
2023-24-player-200,520295,David Datro Fofana,2023-24
2024-25-player-164,520295,David Datro Fofana,2024-25
2018-19-player-379,52153,Miguel Britos,2018-19
2023-24-player-854,521966,Finley Munroe,2023-24
2020-21-player-699,523700,Daniel Jebbison,2020-21
2023-24-player-483,523700,Daniel Jebbison,2023-24
2024-25-player-69,523700,Daniel Jebbison,2024-25
2025-26-player-695,523705,Jackson Tchatchoua,2025-26
2023-24-player-593,523957,Bénie Traoré,2023-24
2022-23-player-666,524069,Dale Taylor,2022-23
2023-24-player-779,524070,Jamie McDonnell,2023-24
2024-25-player-273,524180,Cameron Humphreys,2024-25
2021-22-player-725,524196,Shaqai Forde,2021-22
2018-19-player-54,52484,Leon Balogun,2018-19
2019-20-player-40,52484,Leon Balogun,2019-20
2021-22-player-618,52775,Nicolas Nkoulou,2021-22
2018-19-player-381,52940,Daryl Janmaat,2018-19
2019-20-player-359,52940,Daryl Janmaat,2019-20
2023-24-player-856,530117,Louis Jackson,2023-24
2024-25-player-728,530121,Zain Silcott-Duberry,2024-25
2025-26-player-95,530121,Zain Silcott-Duberry,2025-26
2022-23-player-601,530318,Kaden Rodney,2022-23
2023-24-player-825,530318,Kaden Rodney,2023-24
2024-25-player-647,530318,Kaden Rodney,2024-25
2025-26-player-281,530318,Kaden Rodney,2025-26
2025-26-player-785,530335,Pablo Felipe Pereira de Jesus,2025-26
2021-22-player-726,530873,Dara Costelloe,2021-22
2023-24-player-164,530873,Dara Costelloe,2023-24
2020-21-player-670,531076,Frankie Maguire,2020-21
2024-25-player-769,531170,Nasser Djiga,2024-25
2022-23-player-657,531363,Nathan Fraser,2022-23
2023-24-player-704,531363,Nathan Fraser,2023-24
2024-25-player-546,531363,Nathan Fraser,2024-25
2025-26-player-658,531363,Nathan Fraser,2025-26
2024-25-player-570,531442,Abdul Fatawu,2024-25
2022-23-player-676,531989,David Ozoh,2022-23
2023-24-player-721,531989,David Ozoh,2023-24
2024-25-player-212,531989,David Ozoh,2024-25
2025-26-player-280,531989,David Ozoh,2025-26
2023-24-player-720,531993,Ademola Ola-Adebomi,2023-24
2024-25-player-694,531997,Henry Cartwright,2024-25
2022-23-player-604,532135,Killian Phillips,2022-23
2023-24-player-823,532372,Oliver Arblaster,2023-24
2023-24-player-654,532377,Louie Marsh,2023-24
2023-24-player-747,532528,Joshua Duffus,2023-24
2022-23-player-677,532529,Jack Hinshelwood,2022-23
2023-24-player-621,532529,Jack Hinshelwood,2023-24
2024-25-player-126,532529,Jack Hinshelwood,2024-25
2025-26-player-163,532529,Jack Hinshelwood,2025-26
2024-25-player-606,532534,Will Alves,2024-25
2024-25-player-708,532535,Thomas Wilson-Brown,2024-25
2022-23-player-702,532605,Andrey Nascimento dos Santos,2022-23
2023-24-player-186,532605,Andrey Nascimento dos Santos,2023-24
2024-25-player-150,532605,Andrey Nascimento dos Santos,2024-25
2025-26-player-246,532605,Andrey Nascimento dos Santos,2025-26
2022-23-player-705,533463,Dango Ouattara,2022-23
2023-24-player-78,533463,Dango Ouattara,2023-24
2024-25-player-74,533463,Dango Ouattara,2024-25
2025-26-player-83,533463,Dango Ouattara,2025-26
2024-25-player-780,533710,Iwan Morgan,2024-25
2025-26-player-137,533710,Iwan Morgan,2025-26
2021-22-player-733,533719,Adrian Blake,2021-22
2023-24-player-623,534392,Mason Burstow,2023-24
2022-23-player-755,534836,Travis Patterson,2022-23
2025-26-player-710,534836,Travis Patterson,2025-26
2024-25-player-759,535017,Julian Eyestone,2024-25
2025-26-player-104,535017,Julian Eyestone,2025-26
2022-23-player-751,535262,Reuell Walters,2022-23
2023-24-player-736,535262,Reuell Walters,2023-24
2023-24-player-737,535264,Bradley Ibrahim,2023-24
2023-24-player-690,535301,Carlos Baleba,2023-24
2024-25-player-115,535301,Carlos Baleba,2024-25
2025-26-player-167,535301,Carlos Baleba,2025-26
2021-22-player-732,535339,Tiago Çukur,2021-22
2023-24-player-122,535818,Simon Adingra,2023-24
2024-25-player-113,535818,Simon Adingra,2024-25
2025-26-player-543,535818,Simon Adingra,2025-26
2022-23-player-564,535928,Stefan Bajcetic,2022-23
2023-24-player-292,535928,Stefan Bajcetic,2023-24
2024-25-player-312,535928,Stefan Bajčetić Maquieira,2024-25
2025-26-player-393,535928,Stefan Bajčetić Maquieira,2025-26
2023-24-player-784,536109,Oliver Scarles,2023-24
2024-25-player-677,536109,Ollie Scarles,2024-25
2025-26-player-608,536109,Ollie Scarles,2025-26
2021-22-player-670,536110,Josh Feeney,2021-22
2025-26-player-359,536119,Charlie Crew,2025-26
2025-26-player-811,536134,Rio Kyerematen,2025-26
2022-23-player-757,536238,Ishé Samuels-Smith,2022-23
2023-24-player-819,536238,Ishé Samuels-Smith,2023-24
2024-25-player-782,536238,Ishé Samuels-Smith,2024-25
2024-25-player-724,536241,Martin Sherif,2024-25
2025-26-player-313,536241,Martin Sherif,2025-26
2025-26-player-813,536661,Nilson Angulo,2025-26
2023-24-player-780,536677,Detlef Esapa Osong,2023-24
2023-24-player-781,536681,Joe Gardner,2023-24
2023-24-player-615,536694,Matheus França de Oliveira,2023-24
2024-25-player-208,536694,Matheus França de Oliveira,2024-25
2025-26-player-279,536694,Matheus França de Oliveira,2025-26
2023-24-player-641,536908,Alejo Véliz,2023-24
2024-25-player-507,536908,Alejo Véliz,2024-25
2022-23-player-679,536916,Facundo Buonanotte,2022-23
2023-24-player-125,536916,Facundo Buonanotte,2023-24
2024-25-player-117,536916,Facundo Buonanotte,2024-25
2025-26-player-168,536916,Facundo Buonanotte,2025-26
2022-23-player-537,537043,Kaine Kesler Hayden,2022-23
2022-23-player-672,537403,Kadan Young,2022-23
2023-24-player-865,537403,Kadan Young,2023-24
2024-25-player-656,537403,Kadan Young,2024-25
2025-26-player-63,537403,Kadan Young,2025-26
2024-25-player-790,538182,Jimi Gower,2024-25
2023-24-player-472,538206,Jordan Amissah,2023-24
2020-21-player-711,538207,William Osula,2020-21
2023-24-player-490,538207,William Osula,2023-24
2024-25-player-590,538207,William Osula,2024-25
2025-26-player-500,538207,William Osula,2025-26
2023-24-player-655,538210,Andre Brooks,2023-24
2024-25-player-681,539721,Ruairi McConville,2024-25
2018-19-player-447,54102,Jack Wilshere,2018-19
2019-20-player-394,54102,Jack Wilshere,2019-20
2020-21-player-434,54102,Jack Wilshere,2020-21
2024-25-player-712,541462,Matai Akinmboni,2024-25
2025-26-player-75,541462,Matai Akinmboni,2025-26
2018-19-player-193,54284,Chris Löwe,2018-19
2023-24-player-816,543158,Valentín Barco,2023-24
2024-25-player-116,543158,Valentín Barco,2024-25
2025-26-player-122,543295,Antoni Milambo,2025-26
2018-19-player-186,54421,Floyd Ayité,2018-19
2018-19-player-29,54469,Adam Smith,2018-19
2019-20-player-63,54469,Adam Smith,2019-20
2022-23-player-57,54469,Adam Smith,2022-23
2023-24-player-84,54469,Adam Smith,2023-24
2024-25-player-81,54469,Adam Smith,2024-25
2025-26-player-73,54469,Adam Smith,2025-26
2018-19-player-383,54484,Francisco Femenía Far,2018-19
2019-20-player-357,54484,Francisco Femenía Far,2019-20
2021-22-player-382,54484,Francisco Femenía Far,2021-22
2023-24-player-595,544877,Milos Kerkez,2023-24
2024-25-player-70,544877,Milos Kerkez,2024-25
2025-26-player-371,544877,Milos Kerkez,2025-26
2018-19-player-228,54513,Vicente Iborra,2018-19
2018-19-player-104,54527,Loïc Damour,2018-19
2023-24-player-634,545477,Alex Murphy,2023-24
2024-25-player-390,545477,Alex Murphy,2024-25
2025-26-player-481,545477,Alex Murphy,2025-26
2024-25-player-693,545508,Joseph O'Brien-Whitmarsh,2024-25
2018-19-player-23,54694,Pierre-Emerick Aubameyang,2018-19
2019-20-player-11,54694,Pierre-Emerick Aubameyang,2019-20
2020-21-player-4,54694,Pierre-Emerick Aubameyang,2020-21
2021-22-player-4,54694,Pierre-Emerick Aubameyang,2021-22
2022-23-player-617,54694,Pierre-Emerick Aubameyang,2022-23
2023-24-player-188,54694,Pierre-Emerick Aubameyang,2023-24
2025-26-player-544,547027,Habib Diarra,2025-26
2024-25-player-667,547037,Jack Fletcher,2024-25
2025-26-player-462,547037,Jack Fletcher,2025-26
2023-24-player-614,54738,Thomas Kaminski,2023-24
2025-26-player-557,547410,Harrison Jones,2025-26
2018-19-player-366,54756,Victor Wanyama,2018-19
2019-20-player-348,54756,Victor Wanyama,2019-20
2019-20-player-26,54764,Jonathan Kodjia,2019-20
2023-24-player-637,547659,Josh Powell,2023-24
2023-24-player-831,547668,Axel Piesold,2023-24
2025-26-player-826,547671,Riley Owen,2025-26
2022-23-player-750,547673,Charlie Robinson,2022-23
2024-25-player-777,547676,Tyler Fredricson,2024-25
2025-26-player-446,547676,Tyler Fredricson,2025-26
2023-24-player-625,547686,Luc De Fougerolles,2023-24
2024-25-player-695,547692,Samuel Rak-Sakyi,2024-25
2024-25-player-799,547693,Somto Boniface,2024-25
2021-22-player-658,547701,Archie Gray,2021-22
2022-23-player-565,547701,Archie Gray,2022-23
2024-25-player-489,547701,Archie Gray,2024-25
2025-26-player-591,547701,Archie Gray,2025-26
2023-24-player-739,547716,Ben Parkinson,2023-24
2022-23-player-741,547719,Lewis Miley,2022-23
2023-24-player-635,547719,Lewis Miley,2023-24
2024-25-player-411,547719,Lewis Miley,2024-25
2025-26-player-497,547719,Lewis Miley,2025-26
2024-25-player-791,547720,Charlie Tasker,2024-25
2025-26-player-156,547720,Charlie Tasker,2025-26
2024-25-player-678,547801,Callum Bates,2024-25
2025-26-player-306,547801,Callum Bates,2025-26
2023-24-player-702,548308,Ashley Phillips,2023-24
2024-25-player-478,548308,Ashley Phillips,2024-25
2025-26-player-576,548308,Ashley Phillips,2025-26
2018-19-player-152,54861,Christian Benteke,2018-19
2019-20-player-129,54861,Christian Benteke,2019-20
2020-21-player-132,54861,Christian Benteke,2020-21
2021-22-player-149,54861,Christian Benteke,2021-22
2022-23-player-155,54861,Christian Benteke,2022-23
2023-24-player-861,549014,Noël Atom,2023-24
2024-25-player-706,549067,Zach Abbott,2024-25
2025-26-player-513,549067,Zach Abbott,2025-26
2023-24-player-618,549068,Omari Kellyman,2023-24
2024-25-player-173,549068,Omari Kellyman,2024-25
2025-26-player-172,549074,Tom Watson,2025-26
2025-26-player-195,549329,Lucas Pires Silva,2025-26
2023-24-player-828,549344,Sam Curtis,2023-24
2024-25-player-292,549640,Michael Golding,2024-25
2025-26-player-553,549912,Chemsdine Talbi,2025-26
2025-26-player-222,549939,Mike Penders,2025-26
2025-26-player-144,550090,Diego Coppola,2025-26
2024-25-player-133,550141,Adrian Mazilu,2024-25
2025-26-player-176,550141,Adrian Mazilu,2025-26
2018-19-player-412,55037,Cheikhou Kouyaté,2018-19
2019-20-player-139,55037,Cheikhou Kouyaté,2019-20
2020-21-player-133,55037,Cheikhou Kouyaté,2020-21
2021-22-player-150,55037,Cheikhou Kouyaté,2021-22
2022-23-player-583,55037,Cheikhou Kouyaté,2022-23
2023-24-player-451,55037,Cheikhou Kouyaté,2023-24
2018-19-player-183,55038,Kevin McDonald,2018-19
2020-21-player-172,55038,Kevin McDonald,2020-21
2022-23-player-697,550596,Dominic Sadi,2022-23
2023-24-player-811,550596,Dominic Sadi,2023-24
2024-25-player-723,550596,Dominic Sadi,2024-25
2025-26-player-94,550596,Dominic Sadi,2025-26
2023-24-player-851,550615,Tyrique George,2023-24
2024-25-player-696,550615,Tyrique George,2024-25
2025-26-player-243,550615,Tyrique George,2025-26
2023-24-player-800,550833,Noha Lemina,2023-24
2023-24-player-660,550839,Wilson Odobert,2023-24
2024-25-player-612,550839,Wilson Odobert,2024-25
2025-26-player-588,550839,Wilson Odobert,2025-26
2024-25-player-572,550864,Leny Yoro,2024-25
2025-26-player-444,550864,Leny Yoro,2025-26
2025-26-player-563,551153,Luís Hemir Silva Semedo,2025-26
2025-26-player-213,551206,Jaydon Banel,2025-26
2025-26-player-672,551210,Jorrel Hato,2025-26
2024-25-player-639,551221,Tommy Setford,2024-25
2025-26-player-4,551221,Tommy Setford,2025-26
2024-25-player-623,551226,Mateus Gonçalo Espanha Fernandes,2024-25
2025-26-player-708,551226,Mateus Gonçalo Espanha Fernandes,2025-26
2024-25-player-184,551230,Renato Palma Veiga,2024-25
2023-24-player-809,551232,Rodrigo Duarte Ribeiro,2023-24
2025-26-player-713,551483,Álex Jiménez Sánchez,2025-26
2023-24-player-848,551995,Taylan Harris,2023-24
2023-24-player-648,552030,Aidan Francis-Clarke,2023-24
2023-24-player-759,552425,Sydie Peck,2023-24
2024-25-player-609,552427,Will Lankshear,2024-25
2025-26-player-598,552427,Will Lankshear,2025-26
2025-26-player-577,553299,Takai Kōta,2025-26
2025-26-player-825,553742,Finlay Herrick,2025-26
2025-26-player-765,553746,Leo Shahar,2025-26
2024-25-player-672,554194,Jahmai Simpson-Pusey,2024-25
2025-26-player-551,554197,Chris Rigg,2025-26
2018-19-player-172,55422,Gylfi Sigurdsson,2018-19
2019-20-player-151,55422,Gylfi Sigurdsson,2019-20
2020-21-player-150,55422,Gylfi Sigurdsson,2020-21
2021-22-player-164,55422,Gylfi Sigurdsson,2021-22
2018-19-player-165,55452,Yannick Bolasie,2018-19
2018-19-player-402,55459,Aaron Cresswell,2018-19
2019-20-player-376,55459,Aaron Cresswell,2019-20
2020-21-player-435,55459,Aaron Cresswell,2020-21
2021-22-player-411,55459,Aaron Cresswell,2021-22
2022-23-player-457,55459,Aaron Cresswell,2022-23
2023-24-player-530,55459,Aaron Cresswell,2023-24
2024-25-player-517,55459,Aaron Cresswell,2024-25
2024-25-player-580,554605,Dean Huijsen,2024-25
2018-19-player-441,55494,Joel Ward,2018-19
2019-20-player-126,55494,Joel Ward,2019-20
2020-21-player-134,55494,Joel Ward,2020-21
2021-22-player-474,55494,Joel Ward,2021-22
2022-23-player-156,55494,Joel Ward,2022-23
2023-24-player-242,55494,Joel Ward,2023-24
2024-25-player-215,55494,Joel Ward,2024-25
2018-19-player-353,55605,Toby Alderweireld,2018-19
2019-20-player-331,55605,Toby Alderweireld,2019-20
2020-21-player-386,55605,Toby Alderweireld,2020-21
2021-22-player-355,55605,Toby Alderweireld,2021-22
2025-26-player-744,556637,Nehemiah Oriola,2025-26
2024-25-player-673,556639,Jayce Fitzgerald,2024-25
2025-26-player-461,556639,Jayce Fitzgerald,2025-26
2018-19-player-284,55909,Chris Smalling,2018-19
2019-20-player-223,55909,Chris Smalling,2019-20
2020-21-player-292,55909,Chris Smalling,2020-21
2020-21-player-195,55914,Liam Cooper,2020-21
2021-22-player-184,55914,Liam Cooper,2021-22
2022-23-player-221,55914,Liam Cooper,2022-23
2025-26-player-810,559610,Luka Bentt,2025-26
2024-25-player-778,559684,Jack Moorhouse,2024-25
2025-26-player-464,559684,Jack Moorhouse,2025-26
2024-25-player-710,559962,Jamaldeen Jimoh,2024-25
2025-26-player-62,559962,Jamaldeen Jimoh-Aloba,2025-26
2023-24-player-852,559963,Kiano Dyer,2023-24
2024-25-player-637,560248,Bastien Meupiyou,2024-25
2025-26-player-639,560248,Bastien Meupiyou Menadjou,2025-26
2025-26-player-100,560262,Junior Kroupi,2025-26
2025-26-player-729,560441,Luis Eduardo Soares da Silva,2025-26
2025-26-player-731,560552,Kevin Santos Lopes de Macedo,2025-26
2018-19-player-163,56192,Cuco Martina,2018-19
2019-20-player-577,56192,Rhu-endly Martina,2019-20
2024-25-player-801,563324,Brayden Clarke,2024-25
2025-26-player-13,563324,Brayden Clarke,2025-26
2018-19-player-453,56377,Andriy Yarmolenko,2018-19
2019-20-player-392,56377,Andriy Yarmolenko,2019-20
2020-21-player-436,56377,Andriy Yarmolenko,2020-21
2021-22-player-412,56377,Andriy Yarmolenko,2021-22
2021-22-player-642,563883,Vincent Angelini,2021-22
2023-24-player-752,563883,Vincent Angelini,2023-24
2023-24-player-862,563934,Tyrese Hall,2023-24
2025-26-player-561,564406,Eliezer Mayenda Dossou,2025-26
2023-24-player-765,564505,Sam Proctor,2023-24
2025-26-player-703,564505,Sam Proctor,2025-26
2022-23-player-683,564510,Garang Kuol,2022-23
2023-24-player-418,564510,Garang Kuol,2023-24
2024-25-player-406,564510,Garang Kuol,2024-25
2025-26-player-496,564510,Garang Kuol,2025-26
2025-26-player-718,564940,Soungoutou Magassa,2025-26
2022-23-player-659,565297,Mateo Joseph Fernández,2022-23
2025-26-player-364,565297,Mateo Joseph Fernández-Regatillo,2025-26
2023-24-player-785,565431,Callum Marshall,2023-24
2025-26-player-626,565431,Callum Marshall,2025-26
2024-25-player-668,565858,Killian Cahill,2024-25
2025-26-player-787,565863,Sam Chambers,2025-26
2025-26-player-428,566164,Sverre Nypan,2025-26
2025-26-player-740,566213,Stephen Mfuni,2025-26
2024-25-player-781,567119,Shumaira Mheuka,2024-25
2025-26-player-840,567119,Shumaira Mheuka,2025-26
2024-25-player-758,567121,Joe Knight,2024-25
2025-26-player-175,567121,Joe Knight,2025-26
2025-26-player-835,568159,Archie Whitehall,2025-26
2018-19-player-36,56872,Junior Stanislas,2018-19
2019-20-player-77,56872,Junior Stanislas,2019-20
2022-23-player-58,56872,Junior Stanislas,2022-23
2023-24-player-855,568791,Callan McKenna,2023-24
2024-25-player-727,568791,Callan McKenna,2024-25
2025-26-player-69,568791,Callan McKenna,2025-26
2024-25-player-428,569014,Eric da Silva Moreira,2024-25
2025-26-player-523,569014,Eric da Silva Moreira,2025-26
2018-19-player-27,56917,Steve Cook,2018-19
2019-20-player-58,56917,Steve Cook,2019-20
2022-23-player-379,56917,Steve Cook,2022-23
2023-24-player-441,56917,Steve Cook,2023-24
2025-26-player-701,569577,Triston Rowe,2025-26
2018-19-player-249,56979,Jordan Henderson,2018-19
2019-20-player-198,56979,Jordan Henderson,2019-20
2020-21-player-244,56979,Jordan Henderson,2020-21
2021-22-player-222,56979,Jordan Henderson,2021-22
2022-23-player-275,56979,Jordan Henderson,2022-23
2023-24-player-299,56979,Jordan Henderson,2023-24
2025-26-player-124,56979,Jordan Henderson,2025-26
2018-19-player-94,56981,Joe Bennett,2018-19
2018-19-player-317,56983,Matt Ritchie,2018-19
2019-20-player-251,56983,Matt Ritchie,2019-20
2020-21-player-322,56983,Matt Ritchie,2020-21
2021-22-player-292,56983,Matt Ritchie,2021-22
2022-23-player-350,56983,Matt Ritchie,2022-23
2023-24-player-425,56983,Matt Ritchie,2023-24
2023-24-player-725,570241,Ji-Soo Kim,2023-24
2024-25-player-96,570241,Kim Ji-soo,2024-25
2025-26-player-117,570241,Kim Ji-soo,2025-26
2024-25-player-481,570526,Lucas Bergvall,2024-25
2025-26-player-586,570526,Lucas Bergvall,2025-26
2025-26-player-821,570929,Jack Whittaker,2025-26
2025-26-player-822,571087,Jaydon Jones,2025-26
2019-20-player-278,57127,Teemu Pukki,2019-20
2021-22-player-315,57127,Teemu Pukki,2021-22
2018-19-player-493,57134,Salomón Rondón,2018-19
2021-22-player-591,57134,Salomón Rondón,2021-22
2022-23-player-177,57134,Salomón Rondón,2022-23
2018-19-player-516,57145,Federico Fernández,2018-19
2019-20-player-254,57145,Federico Fernández,2019-20
2020-21-player-323,57145,Federico Fernández,2020-21
2021-22-player-465,57145,Federico Fernández,2021-22
2022-23-player-351,57145,Federico Fernández,2022-23
2018-19-player-18,57249,Henrikh Mkhitaryan,2018-19
2019-20-player-16,57249,Henrikh Mkhitaryan,2019-20
2025-26-player-802,572702,Keiber Lamadrid,2025-26
2022-23-player-641,573062,Martial Godo,2022-23
2024-25-player-605,573062,Martial Godo,2024-25
2025-26-player-333,573062,Martial Godo,2025-26
2018-19-player-241,57328,Nathaniel Clyne,2018-19
2020-21-player-577,57328,Nathaniel Clyne,2020-21
2021-22-player-493,57328,Nathaniel Clyne,2021-22
2022-23-player-157,57328,Nathaniel Clyne,2022-23
2023-24-player-222,57328,Nathaniel Clyne,2023-24
2024-25-player-196,57328,Nathaniel Clyne,2024-25
2025-26-player-263,57328,Nathaniel Clyne,2025-26
2021-22-player-734,573808,Jack Grieves,2021-22
2018-19-player-264,57410,Nicolás Otamendi,2018-19
2019-20-player-208,57410,Nicolás Otamendi,2019-20
2020-21-player-269,57410,Nicolás Otamendi,2020-21
2023-24-player-821,574398,Franco Umeh-Chibueze,2023-24
2024-25-player-644,574398,Franco Umeh-Chibueze,2024-25
2025-26-player-282,574398,Franco Umeh-Chibueze,2025-26
2023-24-player-741,574402,Mark O’Mahony,2023-24
2024-25-player-138,574402,Mark O’Mahony,2024-25
2025-26-player-231,574458,Mamadou Sarr,2025-26
2024-25-player-729,574799,Damola Ajayi,2024-25
2023-24-player-850,575034,Ethan Wheatley,2023-24
2024-25-player-648,575034,Ethan Wheatley,2024-25
2025-26-player-468,575034,Ethan Wheatley,2025-26
2018-19-player-191,57513,Jonas Lössl,2018-19
2019-20-player-479,57513,Jonas Lössl,2019-20
2020-21-player-151,57513,Jonas Lössl,2020-21
2021-22-player-673,57513,Jonas Lössl,2021-22
2024-25-player-785,575204,Claudio Echeverri,2024-25
2025-26-player-425,575204,Claudio Echeverri,2025-26
2018-19-player-415,57531,Michail Antonio,2018-19
2019-20-player-389,57531,Michail Antonio,2019-20
2020-21-player-437,57531,Michail Antonio,2020-21
2021-22-player-413,57531,Michail Antonio,2021-22
2022-23-player-458,57531,Michail Antonio,2022-23
2023-24-player-523,57531,Michail Antonio,2023-24
2024-25-player-512,57531,Michail Antonio,2024-25
2025-26-player-510,575458,Jair Paula da Cunha Filho,2025-26
2023-24-player-696,575476,Murillo Santiago Costa dos Santos,2023-24
2024-25-player-436,575476,Murillo Santiago Costa dos Santos,2024-25
2025-26-player-506,575476,Murillo Costa dos Santos,2025-26
2024-25-player-713,575901,Julio Soler,2024-25
2025-26-player-80,575901,Julio Soler Barreto,2025-26
2025-26-player-212,576323,Oluwaseun Adewumi,2025-26
2022-23-player-380,57647,Lyle Taylor,2022-23
2025-26-player-769,576620,Bendito Mantato,2025-26
2025-26-player-755,576628,Shea Lacey,2025-26
2025-26-player-827,576634,Jim Thwaites,2025-26
2024-25-player-691,576637,Godwill Kukonki,2024-25
2025-26-player-788,576637,Godwill Kukonki,2025-26
2025-26-player-65,576756,Zépiqueno Redmond,2025-26
2024-25-player-676,576980,Zach Marsh,2024-25
2025-26-player-286,576980,Zach Marsh,2025-26
2023-24-player-838,577016,Josh Acheampong,2023-24
2024-25-player-697,577016,Josh Acheampong,2024-25
2025-26-player-233,577016,Josh Acheampong,2025-26
2024-25-player-526,577114,Luis Guilherme Lira dos Santos,2024-25
2025-26-player-619,577114,Luis Guilherme Lira dos Santos,2025-26
2025-26-player-754,577285,George Hemmings,2025-26
2025-26-player-552,577669,Noah Sadiki,2025-26
2023-24-player-810,577725,Joshua King,2023-24
2024-25-player-604,577725,Josh King,2024-25
2025-26-player-335,577725,Josh King,2025-26
2024-25-player-679,577731,Ben Broggio,2024-25
2025-26-player-60,577731,Ben Broggio,2025-26
2023-24-player-846,577974,Harry Amass,2023-24
2024-25-player-670,577974,Harry Amass,2024-25
2025-26-player-445,577974,Harry Amass,2025-26
2025-26-player-838,577978,Rhys Chadwick,2025-26
2024-25-player-732,578153,Abdukodir Khusanov,2024-25
2025-26-player-406,578153,Abdukodir Khusanov,2025-26
2024-25-player-574,578512,Miodrag Pivaš,2024-25
2025-26-player-483,578512,Miodrag Pivaš,2025-26
2024-25-player-50,578545,Kosta Nedeljković,2024-25
2023-24-player-156,578614,Enock Agyei,2023-24
2025-26-player-203,578614,Enock Agyei,2025-26
2024-25-player-646,579075,Asher Agbinone,2024-25
2025-26-player-274,579075,Asher Agbinone,2025-26
2018-19-player-424,57913,Barry Douglas,2018-19
2020-21-player-196,57913,Barry Douglas,2020-21
2025-26-player-764,580921,Reigan Heskey,2025-26
2018-19-player-328,58376,Alex McCarthy,2018-19
2019-20-player-318,58376,Alex McCarthy,2019-20
2020-21-player-363,58376,Alex McCarthy,2020-21
2021-22-player-334,58376,Alex McCarthy,2021-22
2022-23-player-401,58376,Alex McCarthy,2022-23
2024-25-player-469,58376,Alex McCarthy,2024-25
2018-19-player-188,58476,Rui Pedro da Rocha Fonte,2018-19
2019-20-player-624,58498,Odion Ighalo,2019-20
2020-21-player-293,58498,Odion Ighalo,2020-21
2023-24-player-730,585472,Ryan Oné,2023-24
2018-19-player-265,58621,Kyle Walker,2018-19
2019-20-player-203,58621,Kyle Walker,2019-20
2020-21-player-270,58621,Kyle Walker,2020-21
2021-22-player-249,58621,Kyle Walker,2021-22
2022-23-player-299,58621,Kyle Walker,2022-23
2023-24-player-369,58621,Kyle Walker,2023-24
2024-25-player-363,58621,Kyle Walker,2024-25
2025-26-player-187,58621,Kyle Walker,2025-26
2025-26-player-368,586268,Ármin Pécsi,2025-26
2025-26-player-310,586309,Thierno Barry,2025-26
2025-26-player-46,587178,Yasin Özcan,2025-26
2025-26-player-824,587433,Conor McManus,2025-26
2019-20-player-482,58771,Jack Colback,2019-20
2022-23-player-381,58771,Jack Colback,2022-23
2018-19-player-140,58786,Martin Kelly,2018-19
2019-20-player-128,58786,Martin Kelly,2019-20
2020-21-player-135,58786,Martin Kelly,2020-21
2021-22-player-151,58786,Martin Kelly,2021-22
2018-19-player-332,58822,Cédric Soares,2018-19
2019-20-player-486,58822,Cédric Soares,2019-20
2020-21-player-5,58822,Cédric Soares,2020-21
2021-22-player-5,58822,Cédric Soares,2021-22
2022-23-player-1,58822,Cédric Alves Soares,2022-23
2023-24-player-2,58822,Cédric Alves Soares,2023-24
2018-19-player-311,58845,Ciaran Clark,2018-19
2019-20-player-259,58845,Ciaran Clark,2019-20
2020-21-player-324,58845,Ciaran Clark,2020-21
2021-22-player-293,58845,Ciaran Clark,2021-22
2022-23-player-352,58845,Ciaran Clark,2022-23
2024-25-player-761,588555,Elyh Harrison,2024-25
2025-26-player-433,588555,Elyh Harrison,2025-26
2018-19-player-290,58877,Daley Blind,2018-19
2024-25-player-657,588793,Maldini Kacurri,2024-25
2025-26-player-14,588793,Maldini Kacurri,2025-26
2024-25-player-659,588796,Ismeal Kabia,2024-25
2025-26-player-28,588796,Ismeal Kabia,2025-26
2018-19-player-287,58893,Marcos Rojo,2018-19
2019-20-player-227,58893,Marcos Rojo,2019-20
2020-21-player-294,58893,Marcos Rojo,2020-21
2024-25-player-685,589100,Jacob Slater,2024-25
2025-26-player-155,589100,Jacob Slater,2025-26
2023-24-player-734,589114,Zack Nelson,2023-24
2025-26-player-778,589121,Ethan Sutherland,2025-26
2023-24-player-836,589507,Leon Chiwome,2023-24
2024-25-player-539,589507,Leon Chiwome,2024-25
2025-26-player-657,589507,Leon Chiwome,2025-26
2024-25-player-666,590012,Caleb Kporha,2024-25
2025-26-player-265,590012,Caleb Kporha,2025-26
2025-26-player-690,590014,Rio Cardines,2025-26
2025-26-player-751,590035,Yusuf Akhamrich,2025-26
2025-26-player-739,590039,Divine Mukasa,2025-26
2025-26-player-836,590040,Jimmy Sinclair,2025-26
2022-23-player-695,590760,Daniel Adu-Adjei,2022-23
2024-25-player-722,590760,Daniel Adu-Adjei,2024-25
2025-26-player-99,590760,Daniel Adu-Adjei,2025-26
2018-19-player-444,59125,Connor Wickham,2018-19
2019-20-player-130,59125,Connor Wickham,2019-20
2020-21-player-136,59125,Connor Wickham,2020-21
2022-23-player-632,591357,Ryan Trevitt,2022-23
2023-24-player-118,591357,Ryan Trevitt,2023-24
2024-25-player-602,591357,Ryan Trevitt,2024-25
2025-26-player-134,591357,Ryan Trevitt,2025-26
2024-25-player-787,591382,Genesis Antwi,2024-25
2025-26-player-793,591384,George King,2025-26
2024-25-player-690,591385,Samuel Amissah,2024-25
2025-26-player-323,591385,Samuel Amissah,2025-26
2023-24-player-743,591386,Treymaurice Nyoni,2023-24
2024-25-player-688,591386,Treymaurice Nyoni,2024-25
2025-26-player-396,591386,Trey Nyoni,2025-26
2023-24-player-857,591538,Owen Hampson,2023-24
2023-24-player-822,591539,Billy Blacker,2023-24
2024-25-player-135,592031,Yankuba Minteh,2024-25
2025-26-player-160,592031,Yankuba Minteh,2025-26
2023-24-player-795,592436,Travis Hernes,2023-24
2022-23-player-646,592661,Tristan Crama,2022-23
2024-25-player-661,592662,Tony Yogane,2024-25
2024-25-player-800,592712,Tom Taylor,2024-25
2024-25-player-700,592736,Maeson King,2024-25
2025-26-player-839,592740,Alfie Cresswell,2025-26
2023-24-player-698,593001,Enso González,2023-24
2024-25-player-547,593001,Enso González,2024-25
2025-26-player-652,593001,Enso González Medina,2025-26
2025-26-player-797,593174,Kaye Furo,2025-26
2025-26-player-746,596042,Kieran Morrison,2025-26
2024-25-player-776,596047,Chido Obi-Martin,2024-25
2025-26-player-467,596047,Chido Obi,2025-26
2024-25-player-682,596054,Tom Edozie,2024-25
2025-26-player-651,596054,Tom Edozie,2025-26
2019-20-player-300,59614,Mark Duffy,2019-20
2022-23-player-696,596572,Michael Dacosta Gonzalez,2022-23
2023-24-player-849,596572,Michael Dacosta Gonzalez,2023-24
2024-25-player-766,596777,Patrick Dorgu,2024-25
2025-26-player-441,596777,Patrick Dorgu,2025-26
2024-25-player-795,597320,Harry Howell,2024-25
2025-26-player-795,597320,Harry Howell,2025-26
2018-19-player-308,59735,Karl Darlow,2018-19
2019-20-player-263,59735,Karl Darlow,2019-20
2020-21-player-325,59735,Karl Darlow,2020-21
2021-22-player-294,59735,Karl Darlow,2021-22
2022-23-player-353,59735,Karl Darlow,2022-23
2023-24-player-408,59735,Karl Darlow,2023-24
2025-26-player-341,59735,Karl Darlow,2025-26
2018-19-player-413,59779,Pedro Obiang,2018-19
2019-20-player-400,59779,Pedro Obiang,2019-20
2023-24-player-820,597983,Ollie Harrison,2023-24
2018-19-player-299,59846,Ander Herrera,2018-19
2018-19-player-274,59859,Ilkay Gündogan,2018-19
2019-20-player-222,59859,Ilkay Gündogan,2019-20
2020-21-player-271,59859,Ilkay Gündogan,2020-21
2021-22-player-250,59859,Ilkay Gündogan,2021-22
2022-23-player-300,59859,Ilkay Gündogan,2022-23
2024-25-player-625,59859,Ilkay Gündogan,2024-25
2025-26-player-420,59859,İlkay Gündoğan,2025-26
2024-25-player-789,599303,Sean Neave,2024-25
2025-26-player-501,599303,Sean Neave,2025-26
2020-21-player-412,59940,Kyle Bartley,2020-21
2018-19-player-157,59949,Seamus Coleman,2018-19
2019-20-player-144,59949,Seamus Coleman,2019-20
2020-21-player-152,59949,Seamus Coleman,2020-21
2021-22-player-165,59949,Seamus Coleman,2021-22
2022-23-player-178,59949,Seamus Coleman,2022-23
2023-24-player-247,59949,Seamus Coleman,2023-24
2024-25-player-221,59949,Séamus Coleman,2024-25
2025-26-player-294,59949,Séamus Coleman,2025-26
2018-19-player-22,59966,Alexandre Lacazette,2018-19
2019-20-player-12,59966,Alexandre Lacazette,2019-20
2020-21-player-6,59966,Alexandre Lacazette,2020-21
2021-22-player-6,59966,Alexandre Lacazette,2021-22
2020-21-player-508,60025,James Rodríguez,2020-21
2021-22-player-166,60025,James Rodríguez,2021-22
2025-26-player-741,600882,Harry Gray,2025-26
2023-24-player-731,601496,Jili Buyabu,2023-24
2025-26-player-766,601956,Saheed Olagunju,2025-26
2022-23-player-650,601975,Yegor Yarmolyuk,2022-23
2019-20-player-439,60232,Craig Dawson,2019-20
2020-21-player-576,60232,Craig Dawson,2020-21
2021-22-player-414,60232,Craig Dawson,2021-22
2022-23-player-459,60232,Craig Dawson,2022-23
2023-24-player-551,60232,Craig Dawson,2023-24
2024-25-player-542,60232,Craig Dawson,2024-25
2018-19-player-149,60252,Andros Townsend,2018-19
2019-20-player-135,60252,Andros Townsend,2019-20
2020-21-player-137,60252,Andros Townsend,2020-21
2021-22-player-482,60252,Andros Townsend,2021-22
2022-23-player-179,60252,Andros Townsend,2022-23
2023-24-player-727,60252,Andros Townsend,2023-24
2024-25-player-686,602903,Ezra Mayers,2024-25
2025-26-player-747,602903,Ezra Mayers,2025-26
2023-24-player-840,602934,Fletcher Holman,2023-24
2018-19-player-59,60307,Pascal Groß,2018-19
2019-20-player-49,60307,Pascal Groß,2019-20
2020-21-player-57,60307,Pascal Groß,2020-21
2021-22-player-55,60307,Pascal Groß,2021-22
2022-23-player-104,60307,Pascal Groß,2022-23
2023-24-player-134,60307,Pascal Groß,2023-24
2024-25-player-125,60307,Pascal Groß,2024-25
2025-26-player-783,60307,Pascal Groß,2025-26
2025-26-player-775,604211,Tymur Tutierov,2025-26
2024-25-player-794,604988,Freddie Simmonds,2024-25
2025-26-player-761,604988,Freddie Simmonds,2025-26
2025-26-player-767,605319,Luke Rawlings,2025-26
2018-19-player-80,60551,Ashley Westwood,2018-19
2019-20-player-101,60551,Ashley Westwood,2019-20
2020-21-player-89,60551,Ashley Westwood,2020-21
2021-22-player-107,60551,Ashley Westwood,2021-22
2018-19-player-76,60586,Johann Berg Gudmundsson,2018-19
2019-20-player-96,60586,Johann Berg Gudmundsson,2019-20
2020-21-player-90,60586,Johann Berg Gudmundsson,2020-21
2021-22-player-108,60586,Johann Berg Gudmundsson,2021-22
2023-24-player-170,60586,Jóhann Berg Gudmundsson,2023-24
2025-26-player-130,606689,Romelle Donovan,2025-26
2024-25-player-658,606745,Ayden Heaven,2024-25
2025-26-player-447,606745,Ayden Heaven,2025-26
2024-25-player-707,606774,Remy Rees-Dottin,2024-25
2025-26-player-687,606774,Remy Rees-Dottin,2025-26
2024-25-player-687,606775,Ben Winterburn,2024-25
2025-26-player-96,606775,Ben Winterburn,2025-26
2024-25-player-731,606798,Andrés García,2024-25
2025-26-player-42,606798,Andrés García,2025-26
2018-19-player-87,60689,Chris Wood,2018-19
2019-20-player-91,60689,Chris Wood,2019-20
2020-21-player-91,60689,Chris Wood,2020-21
2021-22-player-109,60689,Chris Wood,2021-22
2022-23-player-354,60689,Chris Wood,2022-23
2023-24-player-468,60689,Chris Wood,2023-24
2024-25-player-447,60689,Chris Wood,2024-25
2025-26-player-525,60689,Chris Wood,2025-26
2024-25-player-730,606921,Romain Esse,2024-25
2025-26-player-269,606921,Romain Esse,2025-26
2018-19-player-399,60706,Adrián San Miguel del Castillo,2018-19
2019-20-player-526,60706,Adrián San Miguel del Castillo,2019-20
2020-21-player-245,60706,Adrián San Miguel del Castillo,2020-21
2021-22-player-223,60706,Adrián San Miguel del Castillo,2021-22
2022-23-player-497,60706,Adrián San Miguel del Castillo,2022-23
2023-24-player-289,60706,Adrián San Miguel del Castillo,2023-24
2024-25-player-757,607464,Michael Kayode,2024-25
2025-26-player-110,607464,Michael Kayode,2025-26
2018-19-player-111,60772,Thibaut Courtois,2018-19
2023-24-player-729,608060,Jayden Luker,2023-24
2025-26-player-180,608181,Stefanos Tzimas,2025-26
2018-19-player-243,60914,Joel Matip,2018-19
2019-20-player-185,60914,Joel Matip,2019-20
2020-21-player-246,60914,Joel Matip,2020-21
2021-22-player-224,60914,Joel Matip,2021-22
2022-23-player-276,60914,Joel Matip,2022-23
2023-24-player-305,60914,Joel Matip,2023-24
2024-25-player-771,609640,Mathis Amougou,2024-25
2024-25-player-603,609873,Harrison Armstrong,2024-25
2025-26-player-305,609873,Harrison Armstrong,2025-26
2025-26-player-578,610799,Luka Vušković,2025-26
2023-24-player-682,611011,Joseph Johnson,2023-24
2025-26-player-248,611134,Kendry Páez Andrade,2025-26
2025-26-player-174,611695,Malick Yalcouyé,2025-26
2025-26-player-743,611912,Landon Emenalo,2025-26
2024-25-player-689,611917,Luca Williams-Barnett,2024-25
2025-26-player-790,611917,Lucá Williams-Barnett,2025-26
2024-25-player-684,611920,Malachi Hardy,2024-25
2025-26-player-686,611922,Rio Ngumoha,2025-26
2023-24-player-837,611926,Amara Nallo,2023-24
2024-25-player-692,611926,Amara Nallo,2024-25
2025-26-player-378,611926,Amara Nallo,2025-26
2025-26-player-562,611975,Ahmed Abdullahi,2025-26
2023-24-player-797,612534,Benjamin Fredrick,2023-24
2024-25-player-786,612534,Benjamin Fredrick,2024-25
2025-26-player-115,612534,Benjamin Fredrick,2025-26
2022-23-player-593,61256,Carlos Henrique Casimiro,2022-23
2023-24-player-376,61256,Carlos Henrique Casimiro,2023-24
2024-25-player-368,61256,Carlos Henrique Casimiro,2024-25
2025-26-player-457,61256,Carlos Henrique Casimiro,2025-26
2024-25-player-127,612855,Ibrahim Osman,2024-25
2024-25-player-704,613120,Spike Brits,2024-25
2018-19-player-327,61316,Jose Luis Mato Sanmartín,2018-19
2019-20-player-261,61316,Jose Luis Mato Sanmartín,2019-20
2025-26-player-818,613232,James Wilson,2025-26
2023-24-player-832,613467,Wesley Okoduwa,2023-24
2024-25-player-711,613467,Wes Okoduwa,2024-25
2018-19-player-273,61366,Kevin De Bruyne,2018-19
2019-20-player-215,61366,Kevin De Bruyne,2019-20
2020-21-player-272,61366,Kevin De Bruyne,2020-21
2021-22-player-251,61366,Kevin De Bruyne,2021-22
2022-23-player-301,61366,Kevin De Bruyne,2022-23
2023-24-player-349,61366,Kevin De Bruyne,2023-24
2024-25-player-345,61366,Kevin De Bruyne,2024-25
2025-26-player-603,613804,El Hadji Malick Diouf,2025-26
2025-26-player-801,614574,Alex Tóth,2025-26
2018-19-player-349,61548,Manolo Gabbiadini,2018-19
2020-21-player-531,61558,Thiago Alcántara do Nascimento,2020-21
2021-22-player-225,61558,Thiago Alcántara do Nascimento,2021-22
2022-23-player-277,61558,Thiago Alcántara do Nascimento,2022-23
2023-24-player-310,61558,Thiago Alcántara do Nascimento,2023-24
2018-19-player-391,61566,Roberto Pereyra,2018-19
2019-20-player-369,61566,Roberto Pereyra,2019-20
2020-21-player-413,61600,Romaine Sawyers,2020-21
2018-19-player-128,61603,Daniel Drinkwater,2018-19
2019-20-player-120,61603,Daniel Drinkwater,2019-20
2018-19-player-229,61604,Matty James,2018-19
2019-20-player-177,61604,Matty James,2019-20
2020-21-player-222,61604,Matty James,2020-21
2024-25-player-756,616059,Jack Porter,2024-25
2025-26-player-759,616065,Marli Salmon,2025-26
2025-26-player-700,616077,Max Dowman,2025-26
2023-24-player-827,616094,Dovydas Sasnauskas,2023-24
2025-26-player-804,616221,João Victor de Souza Menezes,2025-26
2024-25-player-733,616222,Vitor de Oliveira Nunes dos Reis,2024-25
2025-26-player-412,616222,Vitor de Oliveira Nunes dos Reis,2025-26
2025-26-player-834,616286,Ryan Kavuma-McQueen,2025-26
2025-26-player-742,616288,Ryan McAidoo,2025-26
2023-24-player-677,617054,Deivid Washington de Souza Eugênio,2023-24
2024-25-player-165,617054,Deivid Washington de Souza Eugênio,2024-25
2018-19-player-455,61739,Maxime Le Marchand,2018-19
2020-21-player-173,61739,Maxime Le Marchand,2020-21
2025-26-player-781,618027,TJ Carroll,2025-26
2021-22-player-76,61810,Pontus Jansson,2021-22
2022-23-player-78,61810,Pontus Jansson,2022-23
2024-25-player-779,618873,Sékou Koné,2024-25
2025-26-player-463,618873,Sékou Koné,2025-26
2024-25-player-796,619146,Olabade Aluko,2024-25
2018-19-player-185,61916,Stefan Johansen,2018-19
2020-21-player-174,61916,Stefan Johansen,2020-21
2018-19-player-49,61933,Shane Duffy,2018-19
2019-20-player-37,61933,Shane Duffy,2019-20
2020-21-player-58,61933,Shane Duffy,2020-21
2021-22-player-56,61933,Shane Duffy,2021-22
2022-23-player-105,61933,Shane Duffy,2022-23
2025-26-player-770,619536,Seth Ridgeon,2025-26
2025-26-player-829,619734,Jesse Derry,2025-26
2024-25-player-719,620408,Joachim Kayi-Sanda,2024-25
2025-26-player-721,620487,Veljko Milosavljevic,2025-26
2023-24-player-834,622536,Benjamin Arthur,2023-24
2024-25-player-705,622536,Benjamin Arthur,2024-25
2025-26-player-114,622536,Benjamin Arthur,2025-26
2024-25-player-774,622758,Aaron Anselmino,2024-25
2025-26-player-234,622758,Aarón Anselmino,2025-26
2024-25-player-717,623095,Min-Hyeok Yang,2024-25
2025-26-player-594,623095,Yang Min-hyeok,2025-26
2025-26-player-689,623110,Seung-Soo Park,2025-26
2018-19-player-296,62398,Nemanja Matic,2018-19
2019-20-player-247,62398,Nemanja Matic,2019-20
2020-21-player-295,62398,Nemanja Matic,2020-21
2021-22-player-271,62398,Nemanja Matic,2021-22
2025-26-player-238,624773,Estêvão Almeida de Oliveira Gonçalves,2025-26
2024-25-player-634,626464,Gustavo Nunes Fernandes Gomes,2024-25
2025-26-player-127,626464,Gustavo Nunes Fernandes Gomes,2025-26
2025-26-player-546,626844,Milan Aleksić,2025-26
2025-26-player-831,627888,Josh Gracey,2025-26
2023-24-player-864,628204,Yunus Konak,2023-24
2024-25-player-97,628204,Yunus Emre Konak,2024-25
2025-26-player-131,628204,Yunus Emre Konak,2025-26
2025-26-player-779,629068,Braiden Graham,2025-26
2018-19-player-363,62974,Erik Lamela,2018-19
2019-20-player-346,62974,Erik Lamela,2019-20
2020-21-player-387,62974,Erik Lamela,2020-21
2021-22-player-356,62974,Erik Lamela,2021-22
2024-25-player-797,630664,Jake Evans,2024-25
2025-26-player-758,630699,Mohamadou Kanté,2025-26
2025-26-player-780,631106,Ben Casey,2025-26
2025-26-player-737,631786,Jonah Kusi-Asare,2025-26
2024-25-player-702,632822,Archie Harris,2024-25
2019-20-player-291,63426,Enda Stevens,2019-20
2020-21-player-347,63426,Enda Stevens,2020-21
2023-24-player-844,634640,Christian Chigozie,2023-24
2025-26-player-492,640108,Antoñito Cordero Campillo,2025-26
2025-26-player-745,640419,Jun'ai Byfield,2025-26
2024-25-player-561,641221,Pedro Cardoso de Lima,2024-25
2025-26-player-640,641221,Pedro Cardoso de Lima,2025-26
2025-26-player-645,643135,Fer López González,2025-26
2025-26-player-773,643426,Dean Benamar,2025-26
2025-26-player-752,643473,Airidas Golambeckis,2025-26
2025-26-player-837,643970,Jayden Lienou,2025-26
2025-26-player-820,644593,Kian McMahon-Brown,2025-26
2025-26-player-702,645618,Bradley Burrowes,2025-26
2025-26-player-711,646243,Andre Harriman-Annous,2025-26
2023-24-player-866,646754,Lander Emery,2023-24
2023-24-player-839,647597,Dominic Dos Santos Martins,2023-24
2024-25-player-784,647671,Mateus Mané,2024-25
2025-26-player-749,647671,Mateus Mané,2025-26
2025-26-player-692,647681,Giovanni Leoni,2025-26
2025-26-player-181,647850,Charalampos Kostoulas,2025-26
2025-26-player-776,647960,Oliver Pimlott,2025-26
2024-25-player-792,649208,Jeremy Monga,2024-25
2025-26-player-823,649240,Joshua Stephenson,2025-26
2025-26-player-723,651426,Jaydee Canvot,2025-26
2025-26-player-792,653481,Alysson Edward Franco da Rocha dos Santos,2025-26
2025-26-player-799,658013,Charlie Stevens,2025-26
2025-26-player-732,660392,Christantus Uche,2025-26
2025-26-player-439,661712,Diego León Blanco,2025-26
2018-19-player-60,66242,Davy Pröpper,2018-19
2019-20-player-54,66242,Davy Pröpper,2019-20
2020-21-player-59,66242,Davy Pröpper,2020-21
2021-22-player-57,66242,Davy Pröpper,2021-22
2018-19-player-384,66247,Marvin Zeegelaar,2018-19
2025-26-player-768,664015,Leon Routh,2025-26
2020-21-player-197,66588,Luke Ayling,2020-21
2021-22-player-185,66588,Luke Ayling,2021-22
2022-23-player-222,66588,Luke Ayling,2022-23
2025-26-player-772,666607,Sam Alabi,2025-26
2018-19-player-306,66749,Romelu Lukaku,2018-19
2019-20-player-232,66749,Romelu Lukaku,2019-20
2021-22-player-529,66749,Romelu Lukaku,2021-22
2023-24-player-207,66749,Romelu Lukaku Bolingoli,2023-24
2024-25-player-175,66749,Romelu Lukaku Bolingoli,2024-25
2018-19-player-237,66797,Simon Mignolet,2018-19
2019-20-player-190,66797,Simon Mignolet,2019-20
2018-19-player-177,66838,Cenk Tosun,2018-19
2019-20-player-146,66838,Cenk Tosun,2019-20
2020-21-player-153,66838,Cenk Tosun,2020-21
2021-22-player-622,66838,Cenk Tosun,2021-22
2018-19-player-478,66842,André Schürrle,2018-19
2018-19-player-150,66975,Luka Milivojevic,2018-19
2019-20-player-134,66975,Luka Milivojevic,2019-20
2020-21-player-138,66975,Luka Milivojevic,2020-21
2021-22-player-152,66975,Luka Milivojevic,2021-22
2022-23-player-158,66975,Luka Milivojevic,2022-23
2018-19-player-309,67089,Martin Dubravka,2018-19
2019-20-player-262,67089,Martin Dubravka,2019-20
2020-21-player-326,67089,Martin Dubravka,2020-21
2021-22-player-295,67089,Martin Dubravka,2021-22
2022-23-player-355,67089,Martin Dubravka,2022-23
2023-24-player-409,67089,Martin Dubravka,2023-24
2024-25-player-396,67089,Martin Dúbravka,2024-25
2025-26-player-470,67089,Martin Dúbravka,2025-26
2025-26-player-833,671606,Mathis Eboué,2025-26
2018-19-player-429,67184,Roderick Jefferson Gonçalves Miranda,2018-19
2025-26-player-762,672492,Joél Drakes-Thomas,2025-26
2018-19-player-520,6744,Lee Grant,2018-19
2019-20-player-237,6744,Lee Grant,2019-20
2020-21-player-604,6744,Lee Grant,2020-21
2025-26-player-830,677945,Will Wright,2025-26
2025-26-player-756,678552,Malcom DaCosta,2025-26
2018-19-player-462,68312,Xherdan Shaqiri,2018-19
2019-20-player-194,68312,Xherdan Shaqiri,2019-20
2020-21-player-247,68312,Xherdan Shaqiri,2020-21
2021-22-player-226,68312,Xherdan Shaqiri,2021-22
2025-26-player-809,685628,Jerome Abbey,2025-26
2025-26-player-841,687076,Lamin Sillah,2025-26
2018-19-player-69,68983,Matthew Lowton,2018-19
2019-20-player-85,68983,Matthew Lowton,2019-20
2020-21-player-92,68983,Matthew Lowton,2020-21
2021-22-player-110,68983,Matthew Lowton,2021-22
2018-19-player-7,69140,Shkodran Mustafi,2018-19
2019-20-player-1,69140,Shkodran Mustafi,2019-20
2020-21-player-7,69140,Shkodran Mustafi,2020-21
2021-22-player-495,69143,Juraj Kucka,2021-22
2022-23-player-574,69752,Norberto Murara Neto,2022-23
2023-24-player-77,69752,Norberto Murara Neto,2023-24
2024-25-player-73,69752,Norberto Murara Neto,2024-25
2025-26-player-66,69752,Norberto Murara Neto,2025-26
2025-26-player-800,699989,Djiamgone Jocelin Ta Bi,2025-26
2025-26-player-784,704232,George Brierley,2025-26
2019-20-player-285,71738,Marco Stiepermann,2019-20
2021-22-player-316,71738,Marco Stiepermann,2021-22
2025-26-player-832,718875,Talla Ndiaye,2025-26
2025-26-player-33,72147,Marco Bizot,2025-26
2020-21-player-198,72222,Mateusz Klich,2020-21
2021-22-player-186,72222,Mateusz Klich,2021-22
2022-23-player-223,72222,Mateusz Klich,2022-23
2018-19-player-181,72681,Denis Odoi,2018-19
2020-21-player-525,72681,Denis Odoi,2020-21
2020-21-player-642,73314,Willian José Da Silva,2020-21
2018-19-player-395,73426,Andre Gray,2018-19
2019-20-player-364,73426,Andre Gray,2019-20
2021-22-player-383,73426,Andre Gray,2021-22
2018-19-player-96,73459,Ashley Darel Jazz Richards,2018-19
2018-19-player-302,74208,Paul Pogba,2018-19
2019-20-player-238,74208,Paul Pogba,2019-20
2020-21-player-296,74208,Paul Pogba,2020-21
2021-22-player-272,74208,Paul Pogba,2021-22
2018-19-player-142,74230,Patrick van Aanholt,2018-19
2019-20-player-123,74230,Patrick van Aanholt,2019-20
2020-21-player-139,74230,Patrick van Aanholt,2020-21
2018-19-player-589,74297,Leandro Bacuna,2018-19
2018-19-player-53,74375,Ezequiel Schelotto,2018-19
2019-20-player-546,74375,Ezequiel Schelotto,2019-20
2018-19-player-199,74471,Aaron Mooy,2018-19
2019-20-player-516,74471,Aaron Mooy,2019-20
2020-21-player-60,74471,Aaron Mooy,2020-21
2019-20-player-436,74854,Simon Moore,2019-20
2020-21-player-348,74854,Simon Moore,2020-21
2025-26-player-529,74854,Simon Moore,2025-26
2024-25-player-278,74944,Sam Morsy,2024-25
2018-19-player-43,75115,Callum Wilson,2018-19
2019-20-player-67,75115,Callum Wilson,2019-20
2020-21-player-506,75115,Callum Wilson,2020-21
2021-22-player-296,75115,Callum Wilson,2021-22
2022-23-player-356,75115,Callum Wilson,2022-23
2023-24-player-433,75115,Callum Wilson,2023-24
2024-25-player-421,75115,Callum Wilson,2024-25
2025-26-player-671,75115,Callum Wilson,2025-26
2018-19-player-105,75826,Danny Ward,2018-19
2019-20-player-602,76306,Lukas Rupp,2019-20
2021-22-player-317,76306,Lukas Rupp,2021-22
2018-19-player-182,76357,Tom Cairney,2018-19
2020-21-player-175,76357,Tom Cairney,2020-21
2022-23-player-200,76357,Tom Cairney,2022-23
2023-24-player-268,76357,Tom Cairney,2023-24
2024-25-player-243,76357,Tom Cairney,2024-25
2025-26-player-331,76357,Tom Cairney,2025-26
2018-19-player-285,76359,Phil Jones,2018-19
2019-20-player-231,76359,Phil Jones,2019-20
2020-21-player-297,76359,Phil Jones,2020-21
2021-22-player-632,76359,Phil Jones,2021-22
2022-23-player-328,76359,Phil Jones,2022-23
2018-19-player-100,76360,Nathaniel Mendez-Laing,2018-19
2018-19-player-158,7645,Phil Jagielka,2018-19
2019-20-player-444,7645,Phil Jagielka,2019-20
2020-21-player-529,7645,Phil Jagielka,2020-21
2018-19-player-324,76542,Sung-yueng Ki,2018-19
2019-20-player-268,76542,Sung-yueng Ki,2019-20
2018-19-player-314,77359,Florian Lejeune,2018-19
2019-20-player-257,77359,Florian Lejeune,2019-20
2020-21-player-327,77359,Florian Lejeune,2020-21
2018-19-player-428,77610,Danny Batth,2018-19
2020-21-player-414,77777,Ahmed El-Sayed Hegazy,2020-21
2018-19-player-357,77794,Kieran Trippier,2018-19
2019-20-player-334,77794,Kieran Trippier,2019-20
2021-22-player-678,77794,Kieran Trippier,2021-22
2022-23-player-357,77794,Kieran Trippier,2022-23
2023-24-player-430,77794,Kieran Trippier,2023-24
2024-25-player-418,77794,Kieran Trippier,2024-25
2025-26-player-478,77794,Kieran Trippier,2025-26
2023-24-player-335,77818,James Shea,2023-24
2018-19-player-45,78007,Joshua King,2018-19
2019-20-player-68,78007,Joshua King,2019-20
2020-21-player-651,78007,Joshua King,2020-21
2021-22-player-468,78007,Joshua King,2021-22
2018-19-player-339,78056,Oriol Romeu Vidal,2018-19
2019-20-player-328,78056,Oriol Romeu Vidal,2019-20
2020-21-player-364,78056,Oriol Romeu Vidal,2020-21
2021-22-player-335,78056,Oriol Romeu Vidal,2021-22
2022-23-player-402,78056,Oriol Romeu Vidal,2022-23
2022-23-player-578,78315,Joel Robles,2022-23
2018-19-player-348,78356,Charlie Austin,2018-19
2019-20-player-312,78356,Charlie Austin,2019-20
2020-21-player-415,78356,Charlie Austin,2020-21
2018-19-player-235,78412,Shinji Okazaki,2018-19
2019-20-player-286,78607,Kenny McLean,2019-20
2021-22-player-318,78607,Kenny McLean,2021-22
2018-19-player-372,78830,Harry Kane,2018-19
2019-20-player-338,78830,Harry Kane,2019-20
2020-21-player-388,78830,Harry Kane,2020-21
2021-22-player-357,78830,Harry Kane,2021-22
2022-23-player-427,78830,Harry Kane,2022-23
2023-24-player-500,78830,Harry Kane,2023-24
2018-19-player-535,78911,Kadeem Harris,2018-19
2018-19-player-582,78916,Dan Burn,2018-19
2019-20-player-475,78916,Dan Burn,2019-20
2020-21-player-61,78916,Dan Burn,2020-21
2021-22-player-58,78916,Dan Burn,2021-22
2022-23-player-358,78916,Dan Burn,2022-23
2023-24-player-407,78916,Dan Burn,2023-24
2024-25-player-395,78916,Dan Burn,2024-25
2025-26-player-476,78916,Dan Burn,2025-26
2018-19-player-443,79228,Pape Souaré,2018-19
2018-19-player-46,7958,Jermain Defoe,2018-19
2022-23-player-717,79602,Daniel Bentley,2022-23
2023-24-player-546,79602,Daniel Bentley,2023-24
2024-25-player-536,79602,Daniel Bentley,2024-25
2025-26-player-629,79602,Daniel Bentley,2025-26
2018-19-player-201,79619,Jonathan Hogg,2018-19
2018-19-player-196,79733,Scott Malone,2018-19
2019-20-player-429,79852,Jed Steer,2019-20
2020-21-player-32,79852,Jed Steer,2020-21
2021-22-player-28,79852,Jed Steer,2021-22
2019-20-player-302,79934,Oliver Norwood,2019-20
2020-21-player-349,79934,Oliver Norwood,2020-21
2023-24-player-488,79934,Oliver Norwood,2023-24
2018-19-player-505,80146,Jordan Ayew,2018-19
2019-20-player-468,80146,Jordan Ayew,2019-20
2020-21-player-140,80146,Jordan Ayew,2020-21
2021-22-player-153,80146,Jordan Ayew,2021-22
2022-23-player-159,80146,Jordan Ayew,2022-23
2023-24-player-221,80146,Jordan Ayew,2023-24
2024-25-player-192,80146,Jordan Ayew,2024-25
2020-21-player-199,80179,Adam Forshaw,2020-21
2021-22-player-552,80179,Adam Forshaw,2021-22
2022-23-player-224,80179,Adam Forshaw,2022-23
2018-19-player-2,80201,Bernd Leno,2018-19
2019-20-player-14,80201,Bernd Leno,2019-20
2020-21-player-8,80201,Bernd Leno,2020-21
2021-22-player-1,80201,Bernd Leno,2021-22
2022-23-player-2,80201,Bernd Leno,2022-23
2023-24-player-275,80201,Bernd Leno,2023-24
2024-25-player-248,80201,Bernd Leno,2024-25
2025-26-player-314,80201,Bernd Leno,2025-26
2018-19-player-360,80226,Serge Aurier,2018-19
2019-20-player-336,80226,Serge Aurier,2019-20
2020-21-player-389,80226,Serge Aurier,2020-21
2021-22-player-358,80226,Serge Aurier,2021-22
2022-23-player-628,80226,Serge Aurier,2022-23
2023-24-player-436,80226,Serge Aurier,2023-24
2018-19-player-581,80254,Carl Jenkinson,2018-19
2019-20-player-9,80254,Carl Jenkinson,2019-20
2018-19-player-331,80447,Maya Yoshida,2018-19
2019-20-player-310,80447,Maya Yoshida,2019-20
2018-19-player-364,80607,Christian Eriksen,2018-19
2019-20-player-343,80607,Christian Eriksen,2019-20
2021-22-player-699,80607,Christian Eriksen,2021-22
2022-23-player-519,80607,Christian Eriksen,2022-23
2023-24-player-379,80607,Christian Eriksen,2023-24
2024-25-player-370,80607,Christian Eriksen,2024-25
2018-19-player-204,80755,Danny Williams,2018-19
2018-19-player-467,80792,Greg Cunninghamm,2018-19
2018-19-player-168,80801,Idrissa Gueye,2018-19
2019-20-player-156,80801,Idrissa Gueye,2019-20
2022-23-player-611,80801,Idrissa Gueye,2022-23
2023-24-player-254,80801,Idrissa Gueye,2023-24
2024-25-player-222,80801,Idrissa Gueye,2024-25
2025-26-player-302,80801,Idrissa Gana Gueye,2025-26
2020-21-player-492,80954,Rodrigo Moreno,2020-21
2021-22-player-187,80954,Rodrigo Moreno,2021-22
2022-23-player-225,80954,Rodrigo Moreno,2022-23
2018-19-player-408,81012,Ryan Fredericks,2018-19
2019-20-player-380,81012,Ryan Fredericks,2019-20
2020-21-player-438,81012,Ryan Fredericks,2020-21
2021-22-player-415,81012,Ryan Fredericks,2021-22
2022-23-player-59,81012,Ryan Fredericks,2022-23
2023-24-player-68,81012,Ryan Fredericks,2023-24
2019-20-player-434,81048,Josip Drmic,2019-20
2018-19-player-495,81183,Matej Vydra,2018-19
2019-20-player-92,81183,Matej Vydra,2019-20
2020-21-player-93,81183,Matej Vydra,2020-21
2021-22-player-111,81183,Matej Vydra,2021-22
2022-23-player-692,81205,Mislav Orsic,2022-23
2020-21-player-488,81441,Mark Gillespie,2020-21
2021-22-player-514,81441,Mark Gillespie,2021-22
2022-23-player-776,81441,Mark Gillespie,2022-23
2023-24-player-411,81441,Mark Gillespie,2023-24
2025-26-player-471,81441,Mark Gillespie,2025-26
2018-19-player-248,81880,Alex Oxlade-Chamberlain,2018-19
2019-20-player-193,81880,Alex Oxlade-Chamberlain,2019-20
2020-21-player-248,81880,Alex Oxlade-Chamberlain,2020-21
2021-22-player-227,81880,Alex Oxlade-Chamberlain,2021-22
2022-23-player-278,81880,Alex Oxlade-Chamberlain,2022-23
2018-19-player-107,82078,Kenneth Zohore,2018-19
2020-21-player-416,82078,Kenneth Zohore,2020-21
2020-21-player-350,82143,Wes Foderingham,2020-21
2023-24-player-482,82143,Wes Foderingham,2023-24
2024-25-player-522,82143,Wes Foderingham,2024-25
2025-26-player-601,82143,Wes Foderingham,2025-26
2018-19-player-115,82263,Marcos Alonso,2018-19
2019-20-player-103,82263,Marcos Alonso,2019-20
2020-21-player-104,82263,Marcos Alonso,2020-21
2021-22-player-122,82263,Marcos Alonso,2021-22
2022-23-player-129,82263,Marcos Alonso,2022-23
2018-19-player-151,82403,Wilfried Zaha,2018-19
2019-20-player-133,82403,Wilfried Zaha,2019-20
2020-21-player-141,82403,Wilfried Zaha,2020-21
2021-22-player-154,82403,Wilfried Zaha,2021-22
2022-23-player-160,82403,Wilfried Zaha,2022-23
2018-19-player-180,82514,Tim Ream,2018-19
2020-21-player-176,82514,Tim Ream,2020-21
2022-23-player-201,82514,Tim Ream,2022-23
2023-24-player-281,82514,Tim Ream,2023-24
2024-25-player-253,82514,Tim Ream,2024-25
2019-20-player-294,82691,George Baldock,2019-20
2020-21-player-351,82691,George Baldock,2020-21
2023-24-player-473,82691,George Baldock,2023-24
2023-24-player-317,82738,Luke Berry,2023-24
2019-20-player-623,83091,Borja González Tomás,2019-20
2018-19-player-343,83283,Nathan Redmond,2018-19
2019-20-player-320,83283,Nathan Redmond,2019-20
2020-21-player-365,83283,Nathan Redmond,2020-21
2021-22-player-336,83283,Nathan Redmond,2021-22
2022-23-player-403,83283,Nathan Redmond,2022-23
2023-24-player-600,83283,Nathan Redmond,2023-24
2018-19-player-48,83299,Lewis Dunk,2018-19
2019-20-player-42,83299,Lewis Dunk,2019-20
2020-21-player-62,83299,Lewis Dunk,2020-21
2021-22-player-59,83299,Lewis Dunk,2021-22
2022-23-player-106,83299,Lewis Dunk,2022-23
2023-24-player-129,83299,Lewis Dunk,2023-24
2024-25-player-120,83299,Lewis Dunk,2024-25
2025-26-player-146,83299,Lewis Dunk,2025-26
2018-19-player-491,83312,Ben Gibson,2018-19
2019-20-player-89,83312,Ben Gibson,2019-20
2020-21-player-94,83312,Ben Gibson,2020-21
2021-22-player-456,83312,Ben Gibson,2021-22
2018-19-player-78,83314,Jeff Hendrick,2018-19
2019-20-player-100,83314,Jeff Hendrick,2019-20
2020-21-player-485,83314,Jeff Hendrick,2020-21
2021-22-player-297,83314,Jeff Hendrick,2021-22
2022-23-player-375,83314,Jeff Hendrick,2022-23
2023-24-player-414,83314,Jeff Hendrick,2023-24
2019-20-player-611,83427,Jack Robinson,2019-20
2020-21-player-352,83427,Jack Robinson,2020-21
2023-24-player-576,83427,Jack Robinson,2023-24
2019-20-player-277,83428,Grant Hanley,2019-20
2021-22-player-319,83428,Grant Hanley,2021-22
2018-19-player-55,83543,Anthony Knockaert,2018-19
2019-20-player-52,83543,Anthony Knockaert,2019-20
2020-21-player-177,83543,Anthony Knockaert,2020-21
2022-23-player-202,83543,Anthony Knockaert,2022-23
2023-24-player-273,83543,Anthony Knockaert,2023-24
2018-19-player-209,84112,Collin Quaner,2018-19
2020-21-player-516,84182,Alphonse Areola,2020-21
2021-22-player-489,84182,Alphonse Areola,2021-22
2022-23-player-473,84182,Alphonse Areola,2022-23
2023-24-player-524,84182,Alphonse Areola,2023-24
2024-25-player-513,84182,Alphonse Areola,2024-25
2025-26-player-600,84182,Alphonse Areola,2025-26
2019-20-player-603,8432,José Reina,2019-20
2019-20-player-272,84384,Timm Klose,2019-20
2018-19-player-17,84450,Granit Xhaka,2018-19
2019-20-player-18,84450,Granit Xhaka,2019-20
2020-21-player-9,84450,Granit Xhaka,2020-21
2021-22-player-7,84450,Granit Xhaka,2021-22
2022-23-player-3,84450,Granit Xhaka,2022-23
2023-24-player-30,84450,Granit Xhaka,2023-24
2025-26-player-668,84450,Granit Xhaka,2025-26
2021-22-player-681,84583,Philippe Coutinho Correia,2021-22
2022-23-player-29,84583,Philippe Coutinho Correia,2022-23
2023-24-player-38,84583,Philippe Coutinho Correia,2023-24
2020-21-player-178,84915,Michael Hector,2020-21
2018-19-player-258,84939,Danny Ings,2018-19
2019-20-player-313,84939,Danny Ings,2019-20
2020-21-player-366,84939,Danny Ings,2020-21
2021-22-player-337,84939,Danny Ings,2021-22
2022-23-player-30,84939,Danny Ings,2022-23
2023-24-player-535,84939,Danny Ings,2023-24
2024-25-player-523,84939,Danny Ings,2024-25
2019-20-player-28,85242,Conor Hourihane,2019-20
2020-21-player-33,85242,Conor Hourihane,2020-21
2021-22-player-29,85242,Conor Hourihane,2021-22
2018-19-player-192,85368,Christopher Schindler,2018-19
2018-19-player-380,85624,Christian Kabasele,2018-19
2019-20-player-354,85624,Christian Kabasele,2019-20
2021-22-player-384,85624,Christian Kabasele,2021-22
2023-24-player-808,85633,Matz Sels,2023-24
2024-25-player-443,85633,Matz Sels,2024-25
2025-26-player-502,85633,Matz Sels,2025-26
2018-19-player-459,85955,Jorge Luiz Frello Filho,2018-19
2019-20-player-118,85955,Jorge Luiz Frello Filho,2019-20
2020-21-player-105,85955,Jorge Luiz Frello Filho,2020-21
2021-22-player-123,85955,Jorge Luiz Frello Filho,2021-22
2022-23-player-130,85955,Jorge Luiz Frello Filho,2022-23
2023-24-player-9,85955,Jorge Luiz Frello Filho,2023-24
2024-25-player-7,85955,Jorge Luiz Frello Filho,2024-25
2018-19-player-367,85971,Heung-Min Son,2018-19
2019-20-player-342,85971,Heung-Min Son,2019-20
2020-21-player-390,85971,Heung-Min Son,2020-21
2021-22-player-359,85971,Heung-Min Son,2021-22
2022-23-player-428,85971,Son Heung-min,2022-23
2023-24-player-516,85971,Son Heung-min,2023-24
2024-25-player-503,85971,Son Heung-min,2024-25
2025-26-player-579,85971,Son Heung-min,2025-26
2022-23-player-520,86129,Kalidou Koulibaly,2022-23
2018-19-player-503,86153,Martín Montoya,2018-19
2019-20-player-38,86153,Martín Montoya,2019-20
2020-21-player-63,86153,Martín Montoya,2020-21
2018-19-player-203,86176,Tom Ince,2018-19
2018-19-player-141,86417,Jeffrey Schlupp,2018-19
2019-20-player-137,86417,Jeffrey Schlupp,2019-20
2020-21-player-142,86417,Jeffrey Schlupp,2020-21
2021-22-player-155,86417,Jeffrey Schlupp,2021-22
2022-23-player-161,86417,Jeffrey Schlupp,2022-23
2023-24-player-240,86417,Jeffrey Schlupp,2023-24
2024-25-player-214,86417,Jeffrey Schlupp,2024-25
2025-26-player-664,86873,Benjamin Lecomte,2025-26
2018-19-player-527,86881,Nampalys Mendy,2018-19
2019-20-player-179,86881,Nampalys Mendy,2019-20
2020-21-player-518,86881,Nampalys Mendy,2020-21
2021-22-player-203,86881,Nampalys Mendy,2021-22
2022-23-player-252,86881,Nampalys Mendy,2022-23
2018-19-player-414,86934,Manuel Lanzini,2018-19
2019-20-player-391,86934,Manuel Lanzini,2019-20
2020-21-player-439,86934,Manuel Lanzini,2020-21
2021-22-player-416,86934,Manuel Lanzini,2021-22
2022-23-player-460,86934,Manuel Lanzini,2022-23
2018-19-player-460,87107,Cyrus Christie,2018-19
2020-21-player-179,87107,Cyrus Christie,2020-21
2019-20-player-292,87121,Kieron Freeman,2019-20
2019-20-player-288,87396,Moritz Leitner,2019-20
2018-19-player-212,87428,Elias Kachunga,2018-19
2019-20-player-522,87447,Muhamed Bešić,2019-20
2018-19-player-425,87835,Matt Doherty,2018-19
2019-20-player-401,87835,Matt Doherty,2019-20
2020-21-player-457,87835,Matt Doherty,2020-21
2021-22-player-360,87835,Matt Doherty,2021-22
2022-23-player-429,87835,Matt Doherty,2022-23
2023-24-player-598,87835,Matt Doherty,2023-24
2024-25-player-543,87835,Matt Doherty,2024-25
2025-26-player-632,87835,Matt Doherty,2025-26
2020-21-player-200,87873,Stuart Dallas,2020-21
2021-22-player-188,87873,Stuart Dallas,2021-22
2022-23-player-226,87873,Stuart Dallas,2022-23
2019-20-player-474,88175,Lovre Kalinic,2019-20
2022-23-player-324,88248,Stefan Ortega Moreno,2022-23
2023-24-player-361,88248,Stefan Ortega Moreno,2023-24
2024-25-player-358,88248,Stefan Ortega Moreno,2024-25
2025-26-player-400,88248,Stefan Ortega Moreno,2025-26
2018-19-player-134,88482,Álvaro Morata,2018-19
2022-23-player-704,88484,Pablo Sarabia,2022-23
2023-24-player-570,88484,Pablo Sarabia,2023-24
2024-25-player-565,88484,Pablo Sarabia,2024-25
2018-19-player-88,88734,Neil Etheridge,2018-19
2018-19-player-127,88894,Ross Barkley,2018-19
2019-20-player-117,88894,Ross Barkley,2019-20
2020-21-player-106,88894,Ross Barkley,2020-21
2021-22-player-124,88894,Ross Barkley,2021-22
2022-23-player-131,88894,Ross Barkley,2022-23
2023-24-player-630,88894,Ross Barkley,2023-24
2024-25-player-29,88894,Ross Barkley,2024-25
2025-26-player-55,88894,Ross Barkley,2025-26
2018-19-player-333,88900,Jack Stephens,2018-19
2019-20-player-308,88900,Jack Stephens,2019-20
2020-21-player-367,88900,Jack Stephens,2020-21
2021-22-player-338,88900,Jack Stephens,2021-22
2022-23-player-404,88900,Jack Stephens,2022-23
2024-25-player-472,88900,Jack Stephens,2024-25
2022-23-player-613,89068,Layvin Kurzawa,2022-23
2022-23-player-582,89076,Remo Freuler,2022-23
2023-24-player-446,89076,Remo Freuler,2023-24
2018-19-player-387,89085,Nathaniel Chalobah,2018-19
2019-20-player-374,89085,Nathaniel Chalobah,2019-20
2021-22-player-385,89085,Nathaniel Chalobah,2021-22
2022-23-player-203,89085,Nathaniel Chalobah,2022-23
2019-20-player-36,89274,José Ignacio Peleteiro Romallo,2019-20
2020-21-player-34,89274,José Ignacio Peleteiro Romallo,2020-21
2021-22-player-592,89335,Saúl Ñíguez,2021-22
2019-20-player-284,89470,Onel Hernández,2019-20
2021-22-player-320,89470,Onel Hernández,2021-22
2018-19-player-586,89572,Denis Suárez,2018-19
2018-19-player-40,90105,Ryan Fraser,2018-19
2019-20-player-75,90105,Ryan Fraser,2019-20
2020-21-player-507,90105,Ryan Fraser,2020-21
2021-22-player-298,90105,Ryan Fraser,2021-22
2022-23-player-359,90105,Ryan Fraser,2022-23
2023-24-player-410,90105,Ryan Fraser,2023-24
2024-25-player-397,90105,Ryan Fraser,2024-25
2021-22-player-555,90152,Raphaël Varane,2021-22
2022-23-player-329,90152,Raphaël Varane,2022-23
2023-24-player-395,90152,Raphaël Varane,2023-24
2019-20-player-290,90440,Tom Trybull,2019-20
2018-19-player-79,90517,Robbie Brady,2018-19
2019-20-player-98,90517,Robbie Brady,2019-20
2020-21-player-95,90517,Robbie Brady,2020-21
2019-20-player-456,90518,Ravel Morrison,2019-20
2018-19-player-423,90585,Willy Boly,2018-19
2019-20-player-405,90585,Willy Boly,2019-20
2020-21-player-458,90585,Willy Boly,2020-21
2021-22-player-428,90585,Willy Boly,2021-22
2022-23-player-474,90585,Willy Boly,2022-23
2023-24-player-439,90585,Willy Boly,2023-24
2024-25-player-425,90585,Willy Boly,2024-25
2025-26-player-514,90585,Willy Boly,2025-26
2018-19-player-445,9089,Ben Foster,2018-19
2019-20-player-366,9089,Ben Foster,2019-20
2021-22-player-376,9089,Ben Foster,2021-22
2023-24-player-340,91046,Cauley Woodrow,2023-24
2018-19-player-345,91047,Stuart Armstrong,2018-19
2019-20-player-323,91047,Stuart Armstrong,2019-20
2020-21-player-368,91047,Stuart Armstrong,2020-21
2021-22-player-339,91047,Stuart Armstrong,2021-22
2022-23-player-405,91047,Stuart Armstrong,2022-23
2018-19-player-499,91651,Mateo Kovacic,2018-19
2019-20-player-432,91651,Mateo Kovacic,2019-20
2020-21-player-107,91651,Mateo Kovacic,2020-21
2021-22-player-125,91651,Mateo Kovacic,2021-22
2022-23-player-132,91651,Mateo Kovacic,2022-23
2023-24-player-356,91651,Mateo Kovačić,2023-24
2024-25-player-354,91651,Mateo Kovačić,2024-25
2025-26-player-422,91651,Mateo Kovačić,2025-26
2024-25-player-589,91889,Niclas Füllkrug,2024-25
2025-26-player-625,91889,Niclas Füllkrug,2025-26
2019-20-player-498,92159,Jetro Willems,2019-20
2018-19-player-257,92217,Roberto Firmino,2018-19
2019-20-player-187,92217,Roberto Firmino,2019-20
2020-21-player-249,92217,Roberto Firmino,2020-21
2021-22-player-228,92217,Roberto Firmino,2021-22
2022-23-player-279,92217,Roberto Firmino,2022-23
2018-19-player-187,92259,Neeskens Kebano,2018-19
2020-21-player-180,92259,Neeskens Kebano,2020-21
2022-23-player-204,92259,Neeskens Kebano,2022-23
2019-20-player-617,92371,Pablo Marí,2019-20
2020-21-player-10,92371,Pablo Marí,2020-21
2021-22-player-8,92371,Pablo Marí,2021-22
2022-23-player-20,92371,Pablo Marí Villar,2022-23
2018-19-player-86,92383,Nahki Wells,2018-19
2018-19-player-463,93100,Jannik Vestergaard,2018-19
2019-20-player-304,93100,Jannik Vestergaard,2019-20
2020-21-player-369,93100,Jannik Vestergaard,2020-21
2021-22-player-340,93100,Jannik Vestergaard,2021-22
2022-23-player-253,93100,Jannik Vestergaard,2022-23
2024-25-player-307,93100,Jannik Vestergaard,2024-25
2018-19-player-361,93264,Eric Dier,2018-19
2019-20-player-350,93264,Eric Dier,2019-20
2020-21-player-391,93264,Eric Dier,2020-21
2021-22-player-361,93264,Eric Dier,2021-22
2022-23-player-430,93264,Eric Dier,2022-23
2023-24-player-496,93264,Eric Dier,2023-24
2018-19-player-66,93284,Florin Andone,2018-19
2019-20-player-46,93284,Florin Andone,2019-20
2020-21-player-64,93284,Florin Andone,2020-21
2021-22-player-500,93284,Florin Andone,2021-22
2018-19-player-430,94147,Conor Coady,2018-19
2019-20-player-403,94147,Conor Coady,2019-20
2020-21-player-459,94147,Conor Coady,2020-21
2021-22-player-429,94147,Conor Coady,2021-22
2022-23-player-475,94147,Conor Coady,2022-23
2024-25-player-288,94147,Conor Coady,2024-25
2018-19-player-592,94245,Michy Batshuayi,2018-19
2019-20-player-461,94245,Michy Batshuayi,2019-20
2020-21-player-108,94245,Michy Batshuayi,2020-21
2021-22-player-126,94245,Michy Batshuayi,2021-22
2018-19-player-509,94248,Sergio Rico,2018-19
2018-19-player-394,94924,Gerard Deulofeu,2018-19
2019-20-player-363,94924,Gerard Deulofeu,2019-20
2024-25-player-276,94926,Freddie Ladapo,2024-25
2018-19-player-457,95463,Danny Ward,2018-19
2019-20-player-170,95463,Danny Ward,2019-20
2020-21-player-223,95463,Danny Ward,2020-21
2021-22-player-204,95463,Danny Ward,2021-22
2022-23-player-254,95463,Danny Ward,2022-23
2024-25-player-308,95463,Danny Ward,2024-25
2018-19-player-220,95658,Harry Maguire,2018-19
2019-20-player-160,95658,Harry Maguire,2019-20
2020-21-player-298,95658,Harry Maguire,2020-21
2021-22-player-273,95658,Harry Maguire,2021-22
2022-23-player-330,95658,Harry Maguire,2022-23
2023-24-player-387,95658,Harry Maguire,2023-24
2024-25-player-377,95658,Harry Maguire,2024-25
2025-26-player-442,95658,Harry Maguire,2025-26
2018-19-player-370,95715,Lucas Rodrigues Moura da Silva,2018-19
2019-20-player-345,95715,Lucas Rodrigues Moura da Silva,2019-20
2020-21-player-392,95715,Lucas Rodrigues Moura da Silva,2020-21
2021-22-player-362,95715,Lucas Rodrigues Moura da Silva,2021-22
2022-23-player-431,95715,Lucas Rodrigues Moura da Silva,2022-23
2019-20-player-542,96767,Dimitri Foulquier,2019-20
2023-24-player-320,96784,Jordan Clark,2023-24
2018-19-player-346,96787,Mohamed Elyounoussi,2018-19
2019-20-player-322,96787,Mohamed Elyounoussi,2019-20
2021-22-player-517,96787,Mohamed Elyounoussi,2021-22
2022-23-player-406,96787,Mohamed Elyounoussi,2022-23
2018-19-player-110,96994,Bobby Reid,2018-19
2020-21-player-181,96994,Bobby Decordova-Reid,2020-21
2022-23-player-205,96994,Bobby De Cordova-Reid,2022-23
2023-24-player-270,96994,Bobby De Cordova-Reid,2023-24
2024-25-player-290,96994,Bobby De Cordova-Reid,2024-25
2018-19-player-246,97032,Virgil van Dijk,2018-19
2019-20-player-183,97032,Virgil van Dijk,2019-20
2020-21-player-250,97032,Virgil van Dijk,2020-21
2021-22-player-229,97032,Virgil van Dijk,2021-22
2022-23-player-280,97032,Virgil van Dijk,2022-23
2023-24-player-313,97032,Virgil van Dijk,2023-24
2024-25-player-339,97032,Virgil van Dijk,2024-25
2025-26-player-373,97032,Virgil van Dijk,2025-26
2018-19-player-262,97299,John Stones,2018-19
2019-20-player-207,97299,John Stones,2019-20
2020-21-player-273,97299,John Stones,2020-21
2021-22-player-252,97299,John Stones,2021-22
2022-23-player-302,97299,John Stones,2022-23
2023-24-player-368,97299,John Stones,2023-24
2024-25-player-362,97299,John Stones,2024-25
2025-26-player-409,97299,John Stones,2025-26
2025-26-player-340,97846,Alex Cairns,2025-26
2018-19-player-4,98745,Héctor Bellerín,2018-19
2019-20-player-2,98745,Héctor Bellerín,2019-20
2020-21-player-11,98745,Héctor Bellerín,2020-21
2021-22-player-9,98745,Héctor Bellerín,2021-22
2018-19-player-68,98747,Nick Pope,2018-19
2019-20-player-93,98747,Nick Pope,2019-20
2020-21-player-96,98747,Nick Pope,2020-21
2021-22-player-112,98747,Nick Pope,2021-22
2022-23-player-376,98747,Nick Pope,2022-23
2023-24-player-424,98747,Nick Pope,2023-24
2024-25-player-413,98747,Nick Pope,2024-25
2025-26-player-469,98747,Nick Pope,2025-26
2019-20-player-27,98770,Ørjan Nyland,2019-20
2020-21-player-35,98770,Ørjan Nyland,2020-21
2018-19-player-350,98914,Guido Carrillo,2018-19
2018-19-player-542,98980,Emiliano Martínez,2018-19
2019-20-player-427,98980,Emiliano Martínez,2019-20
2020-21-player-12,98980,Emiliano Martínez,2020-21
2021-22-player-30,98980,Emiliano Martínez,2021-22
2022-23-player-31,98980,Emiliano Martínez Romero,2022-23
2023-24-player-49,98980,Emiliano Martínez Romero,2023-24
2024-25-player-47,98980,Emiliano Martínez Romero,2024-25
2025-26-player-32,98980,Emiliano Martínez Romero,2025-26
2018-19-player-594,99323,Lazar Markovic,2018-19
